kommun,year,mean_kvinna
0114,2005,0.506
0114,2006,0.505
0114,2007,0.502
0114,2008,0.503
0114,2009,0.503
0114,2010,0.503
0114,2011,0.504
0114,2012,0.505
0114,2013,0.504
0114,2014,0.503
0114,2015,0.503
0114,2016,0.501
0114,2017,0.5
0114,2018,0.501
0114,2019,0.502
0114,2020,0.501
0114,2021,0.502
0115,2005,0.502
0115,2006,0.502
0115,2007,0.5
0115,2008,0.501
0115,2009,0.501
0115,2010,0.501
0115,2011,0.5
0115,2012,0.5
0115,2013,0.501
0115,2014,0.502
0115,2015,0.502
0115,2016,0.501
0115,2017,0.5
0115,2018,0.499
0115,2019,0.498
0115,2020,0.498
0115,2021,0.498
0117,2005,0.498
0117,2006,0.499
0117,2007,0.502
0117,2008,0.501
0117,2009,0.501
0117,2010,0.5
0117,2011,0.5
0117,2012,0.499
0117,2013,0.498
0117,2014,0.498
0117,2015,0.498
0117,2016,0.496
0117,2017,0.494
0117,2018,0.494
0117,2019,0.494
0117,2020,0.495
0117,2021,0.495
0120,2005,0.496
0120,2006,0.496
0120,2007,0.494
0120,2008,0.495
0120,2009,0.495
0120,2010,0.494
0120,2011,0.497
0120,2012,0.495
0120,2013,0.495
0120,2014,0.495
0120,2015,0.496
0120,2016,0.495
0120,2017,0.496
0120,2018,0.495
0120,2019,0.496
0120,2020,0.497
0120,2021,0.497
0123,2005,0.505
0123,2006,0.504
0123,2007,0.503
0123,2008,0.504
0123,2009,0.505
0123,2010,0.503
0123,2011,0.503
0123,2012,0.503
0123,2013,0.503
0123,2014,0.502
0123,2015,0.501
0123,2016,0.5
0123,2017,0.498
0123,2018,0.498
0123,2019,0.497
0123,2020,0.497
0123,2021,0.496
0125,2005,0.502
0125,2006,0.501
0125,2007,0.502
0125,2008,0.502
0125,2009,0.502
0125,2010,0.502
0125,2011,0.502
0125,2012,0.501
0125,2013,0.499
0125,2014,0.498
0125,2015,0.498
0125,2016,0.497
0125,2017,0.496
0125,2018,0.496
0125,2019,0.494
0125,2020,0.495
0125,2021,0.495
0126,2005,0.504
0126,2006,0.504
0126,2007,0.503
0126,2008,0.503
0126,2009,0.503
0126,2010,0.501
0126,2011,0.5
0126,2012,0.499
0126,2013,0.5
0126,2014,0.5
0126,2015,0.499
0126,2016,0.498
0126,2017,0.498
0126,2018,0.497
0126,2019,0.498
0126,2020,0.498
0126,2021,0.497
0127,2005,0.501
0127,2006,0.501
0127,2007,0.5
0127,2008,0.499
0127,2009,0.499
0127,2010,0.498
0127,2011,0.497
0127,2012,0.497
0127,2013,0.497
0127,2014,0.497
0127,2015,0.496
0127,2016,0.496
0127,2017,0.496
0127,2018,0.496
0127,2019,0.496
0127,2020,0.496
0127,2021,0.497
0128,2005,0.508
0128,2006,0.507
0128,2007,0.507
0128,2008,0.508
0128,2009,0.507
0128,2010,0.506
0128,2011,0.508
0128,2012,0.507
0128,2013,0.507
0128,2014,0.505
0128,2015,0.507
0128,2016,0.506
0128,2017,0.507
0128,2018,0.506
0128,2019,0.506
0128,2020,0.506
0128,2021,0.504
0136,2005,0.502
0136,2006,0.501
0136,2007,0.501
0136,2008,0.5
0136,2009,0.5
0136,2010,0.5
0136,2011,0.5
0136,2012,0.499
0136,2013,0.498
0136,2014,0.498
0136,2015,0.497
0136,2016,0.497
0136,2017,0.496
0136,2018,0.497
0136,2019,0.496
0136,2020,0.496
0136,2021,0.495
0138,2005,0.503
0138,2006,0.504
0138,2007,0.504
0138,2008,0.503
0138,2009,0.502
0138,2010,0.502
0138,2011,0.502
0138,2012,0.502
0138,2013,0.502
0138,2014,0.502
0138,2015,0.501
0138,2016,0.501
0138,2017,0.501
0138,2018,0.5
0138,2019,0.5
0138,2020,0.503
0138,2021,0.503
0139,2005,0.504
0139,2006,0.506
0139,2007,0.503
0139,2008,0.503
0139,2009,0.501
0139,2010,0.501
0139,2011,0.5
0139,2012,0.499
0139,2013,0.5
0139,2014,0.5
0139,2015,0.5
0139,2016,0.498
0139,2017,0.496
0139,2018,0.496
0139,2019,0.495
0139,2020,0.495
0139,2021,0.494
0140,2005,0.492
0140,2006,0.49
0140,2007,0.492
0140,2008,0.491
0140,2009,0.492
0140,2010,0.49
0140,2011,0.491
0140,2012,0.491
0140,2013,0.489
0140,2014,0.49
0140,2015,0.488
0140,2016,0.488
0140,2017,0.49
0140,2018,0.491
0140,2019,0.49
0140,2020,0.49
0140,2021,0.492
0160,2005,0.508
0160,2006,0.508
0160,2007,0.508
0160,2008,0.509
0160,2009,0.507
0160,2010,0.508
0160,2011,0.507
0160,2012,0.506
0160,2013,0.506
0160,2014,0.507
0160,2015,0.505
0160,2016,0.505
0160,2017,0.504
0160,2018,0.504
0160,2019,0.504
0160,2020,0.503
0160,2021,0.504
0162,2005,0.516
0162,2006,0.516
0162,2007,0.517
0162,2008,0.518
0162,2009,0.518
0162,2010,0.517
0162,2011,0.518
0162,2012,0.517
0162,2013,0.516
0162,2014,0.514
0162,2015,0.512
0162,2016,0.511
0162,2017,0.509
0162,2018,0.509
0162,2019,0.508
0162,2020,0.509
0162,2021,0.511
0163,2005,0.506
0163,2006,0.506
0163,2007,0.505
0163,2008,0.504
0163,2009,0.503
0163,2010,0.503
0163,2011,0.504
0163,2012,0.503
0163,2013,0.504
0163,2014,0.504
0163,2015,0.504
0163,2016,0.503
0163,2017,0.502
0163,2018,0.5
0163,2019,0.5
0163,2020,0.499
0163,2021,0.5
0180,2005,0.516
0180,2006,0.515
0180,2007,0.514
0180,2008,0.513
0180,2009,0.513
0180,2010,0.512
0180,2011,0.511
0180,2012,0.511
0180,2013,0.511
0180,2014,0.51
0180,2015,0.51
0180,2016,0.509
0180,2017,0.508
0180,2018,0.508
0180,2019,0.508
0180,2020,0.508
0180,2021,0.508
0181,2005,0.5
0181,2006,0.5
0181,2007,0.499
0181,2008,0.499
0181,2009,0.499
0181,2010,0.498
0181,2011,0.499
0181,2012,0.499
0181,2013,0.498
0181,2014,0.498
0181,2015,0.497
0181,2016,0.496
0181,2017,0.496
0181,2018,0.495
0181,2019,0.495
0181,2020,0.495
0181,2021,0.495
0182,2005,0.51
0182,2006,0.509
0182,2007,0.51
0182,2008,0.509
0182,2009,0.508
0182,2010,0.508
0182,2011,0.508
0182,2012,0.508
0182,2013,0.508
0182,2014,0.507
0182,2015,0.507
0182,2016,0.506
0182,2017,0.506
0182,2018,0.506
0182,2019,0.505
0182,2020,0.505
0182,2021,0.505
0183,2005,0.509
0183,2006,0.509
0183,2007,0.508
0183,2008,0.505
0183,2009,0.506
0183,2010,0.505
0183,2011,0.504
0183,2012,0.506
0183,2013,0.506
0183,2014,0.503
0183,2015,0.501
0183,2016,0.499
0183,2017,0.499
0183,2018,0.499
0183,2019,0.499
0183,2020,0.5
0183,2021,0.501
0184,2005,0.515
0184,2006,0.514
0184,2007,0.514
0184,2008,0.511
0184,2009,0.51
0184,2010,0.508
0184,2011,0.506
0184,2012,0.507
0184,2013,0.506
0184,2014,0.506
0184,2015,0.504
0184,2016,0.503
0184,2017,0.502
0184,2018,0.502
0184,2019,0.502
0184,2020,0.5
0184,2021,0.499
0186,2005,0.523
0186,2006,0.521
0186,2007,0.522
0186,2008,0.521
0186,2009,0.52
0186,2010,0.519
0186,2011,0.518
0186,2012,0.517
0186,2013,0.517
0186,2014,0.516
0186,2015,0.515
0186,2016,0.513
0186,2017,0.513
0186,2018,0.512
0186,2019,0.512
0186,2020,0.512
0186,2021,0.512
0187,2005,0.506
0187,2006,0.509
0187,2007,0.507
0187,2008,0.505
0187,2009,0.506
0187,2010,0.506
0187,2011,0.506
0187,2012,0.504
0187,2013,0.504
0187,2014,0.505
0187,2015,0.506
0187,2016,0.505
0187,2017,0.504
0187,2018,0.505
0187,2019,0.506
0187,2020,0.506
0187,2021,0.505
0188,2005,0.499
0188,2006,0.5
0188,2007,0.5
0188,2008,0.501
0188,2009,0.502
0188,2010,0.501
0188,2011,0.5
0188,2012,0.5
0188,2013,0.499
0188,2014,0.498
0188,2015,0.498
0188,2016,0.497
0188,2017,0.497
0188,2018,0.496
0188,2019,0.495
0188,2020,0.496
0188,2021,0.496
0191,2005,0.503
0191,2006,0.503
0191,2007,0.503
0191,2008,0.503
0191,2009,0.502
0191,2010,0.502
0191,2011,0.502
0191,2012,0.502
0191,2013,0.501
0191,2014,0.501
0191,2015,0.499
0191,2016,0.497
0191,2017,0.496
0191,2018,0.496
0191,2019,0.496
0191,2020,0.498
0191,2021,0.497
0192,2005,0.499
0192,2006,0.499
0192,2007,0.497
0192,2008,0.497
0192,2009,0.497
0192,2010,0.496
0192,2011,0.495
0192,2012,0.494
0192,2013,0.495
0192,2014,0.495
0192,2015,0.497
0192,2016,0.496
0192,2017,0.494
0192,2018,0.494
0192,2019,0.495
0192,2020,0.495
0192,2021,0.495
0305,2005,0.495
0305,2006,0.496
0305,2007,0.495
0305,2008,0.494
0305,2009,0.494
0305,2010,0.494
0305,2011,0.494
0305,2012,0.495
0305,2013,0.495
0305,2014,0.495
0305,2015,0.495
0305,2016,0.495
0305,2017,0.493
0305,2018,0.494
0305,2019,0.495
0305,2020,0.495
0305,2021,0.495
0319,2005,0.495
0319,2006,0.494
0319,2007,0.494
0319,2008,0.492
0319,2009,0.491
0319,2010,0.49
0319,2011,0.489
0319,2012,0.49
0319,2013,0.49
0319,2014,0.489
0319,2015,0.489
0319,2016,0.49
0319,2017,0.49
0319,2018,0.491
0319,2019,0.49
0319,2020,0.488
0319,2021,0.49
0330,2005,0.501
0330,2006,0.5
0330,2007,0.499
0330,2008,0.498
0330,2009,0.498
0330,2010,0.497
0330,2011,0.496
0330,2012,0.496
0330,2013,0.498
0330,2014,0.496
0330,2015,0.496
0330,2016,0.494
0330,2017,0.495
0330,2018,0.494
0330,2019,0.493
0330,2020,0.493
0330,2021,0.492
0331,2005,0.489
0331,2006,0.488
0331,2007,0.488
0331,2008,0.488
0331,2009,0.489
0331,2010,0.488
0331,2011,0.488
0331,2012,0.489
0331,2013,0.49
0331,2014,0.488
0331,2015,0.489
0331,2016,0.492
0331,2017,0.49
0331,2018,0.491
0331,2019,0.492
0331,2020,0.492
0331,2021,0.492
0360,2005,0.498
0360,2006,0.497
0360,2007,0.496
0360,2008,0.495
0360,2009,0.495
0360,2010,0.495
0360,2011,0.494
0360,2012,0.495
0360,2013,0.494
0360,2014,0.496
0360,2015,0.496
0360,2016,0.496
0360,2017,0.493
0360,2018,0.493
0360,2019,0.491
0360,2020,0.492
0360,2021,0.493
0380,2005,0.513
0380,2006,0.512
0380,2007,0.511
0380,2008,0.511
0380,2009,0.51
0380,2010,0.509
0380,2011,0.509
0380,2012,0.509
0380,2013,0.509
0380,2014,0.508
0380,2015,0.508
0380,2016,0.508
0380,2017,0.508
0380,2018,0.507
0380,2019,0.507
0380,2020,0.507
0380,2021,0.508
0381,2005,0.503
0381,2006,0.503
0381,2007,0.502
0381,2008,0.502
0381,2009,0.501
0381,2010,0.501
0381,2011,0.501
0381,2012,0.499
0381,2013,0.498
0381,2014,0.499
0381,2015,0.497
0381,2016,0.495
0381,2017,0.496
0381,2018,0.495
0381,2019,0.494
0381,2020,0.493
0381,2021,0.493
0382,2005,0.49
0382,2006,0.491
0382,2007,0.49
0382,2008,0.49
0382,2009,0.49
0382,2010,0.488
0382,2011,0.488
0382,2012,0.487
0382,2013,0.488
0382,2014,0.487
0382,2015,0.487
0382,2016,0.487
0382,2017,0.487
0382,2018,0.486
0382,2019,0.487
0382,2020,0.489
0382,2021,0.488
0428,2005,0.496
0428,2006,0.495
0428,2007,0.494
0428,2008,0.493
0428,2009,0.493
0428,2010,0.494
0428,2011,0.493
0428,2012,0.491
0428,2013,0.493
0428,2014,0.491
0428,2015,0.489
0428,2016,0.488
0428,2017,0.49
0428,2018,0.49
0428,2019,0.489
0428,2020,0.489
0428,2021,0.487
0461,2005,0.499
0461,2006,0.498
0461,2007,0.5
0461,2008,0.501
0461,2009,0.503
0461,2010,0.504
0461,2011,0.503
0461,2012,0.498
0461,2013,0.5
0461,2014,0.501
0461,2015,0.497
0461,2016,0.496
0461,2017,0.498
0461,2018,0.498
0461,2019,0.498
0461,2020,0.497
0461,2021,0.497
0480,2005,0.509
0480,2006,0.509
0480,2007,0.509
0480,2008,0.509
0480,2009,0.509
0480,2010,0.508
0480,2011,0.508
0480,2012,0.509
0480,2013,0.507
0480,2014,0.506
0480,2015,0.507
0480,2016,0.506
0480,2017,0.505
0480,2018,0.505
0480,2019,0.504
0480,2020,0.505
0480,2021,0.505
0481,2005,0.493
0481,2006,0.493
0481,2007,0.493
0481,2008,0.493
0481,2009,0.493
0481,2010,0.494
0481,2011,0.493
0481,2012,0.493
0481,2013,0.493
0481,2014,0.491
0481,2015,0.492
0481,2016,0.491
0481,2017,0.492
0481,2018,0.493
0481,2019,0.494
0481,2020,0.494
0481,2021,0.493
0482,2005,0.499
0482,2006,0.497
0482,2007,0.494
0482,2008,0.493
0482,2009,0.493
0482,2010,0.494
0482,2011,0.493
0482,2012,0.493
0482,2013,0.491
0482,2014,0.49
0482,2015,0.489
0482,2016,0.488
0482,2017,0.489
0482,2018,0.489
0482,2019,0.489
0482,2020,0.489
0482,2021,0.488
0483,2005,0.509
0483,2006,0.507
0483,2007,0.505
0483,2008,0.507
0483,2009,0.506
0483,2010,0.506
0483,2011,0.506
0483,2012,0.504
0483,2013,0.503
0483,2014,0.501
0483,2015,0.501
0483,2016,0.501
0483,2017,0.5
0483,2018,0.499
0483,2019,0.5
0483,2020,0.499
0483,2021,0.5
0484,2005,0.506
0484,2006,0.506
0484,2007,0.504
0484,2008,0.504
0484,2009,0.504
0484,2010,0.504
0484,2011,0.503
0484,2012,0.504
0484,2013,0.503
0484,2014,0.503
0484,2015,0.502
0484,2016,0.5
0484,2017,0.5
0484,2018,0.5
0484,2019,0.5
0484,2020,0.5
0484,2021,0.5
0486,2005,0.503
0486,2006,0.503
0486,2007,0.504
0486,2008,0.503
0486,2009,0.503
0486,2010,0.503
0486,2011,0.503
0486,2012,0.502
0486,2013,0.502
0486,2014,0.502
0486,2015,0.502
0486,2016,0.501
0486,2017,0.5
0486,2018,0.498
0486,2019,0.498
0486,2020,0.499
0486,2021,0.499
0488,2005,0.503
0488,2006,0.505
0488,2007,0.504
0488,2008,0.503
0488,2009,0.503
0488,2010,0.503
0488,2011,0.503
0488,2012,0.501
0488,2013,0.502
0488,2014,0.502
0488,2015,0.502
0488,2016,0.501
0488,2017,0.502
0488,2018,0.5
0488,2019,0.5
0488,2020,0.501
0488,2021,0.501
0509,2005,0.504
0509,2006,0.505
0509,2007,0.503
0509,2008,0.507
0509,2009,0.504
0509,2010,0.505
0509,2011,0.506
0509,2012,0.503
0509,2013,0.502
0509,2014,0.497
0509,2015,0.498
0509,2016,0.494
0509,2017,0.491
0509,2018,0.486
0509,2019,0.488
0509,2020,0.488
0509,2021,0.489
0512,2005,0.482
0512,2006,0.482
0512,2007,0.483
0512,2008,0.479
0512,2009,0.478
0512,2010,0.481
0512,2011,0.48
0512,2012,0.48
0512,2013,0.48
0512,2014,0.487
0512,2015,0.483
0512,2016,0.482
0512,2017,0.483
0512,2018,0.481
0512,2019,0.485
0512,2020,0.482
0512,2021,0.482
0513,2005,0.5
0513,2006,0.499
0513,2007,0.496
0513,2008,0.495
0513,2009,0.496
0513,2010,0.495
0513,2011,0.493
0513,2012,0.494
0513,2013,0.496
0513,2014,0.497
0513,2015,0.497
0513,2016,0.495
0513,2017,0.494
0513,2018,0.492
0513,2019,0.493
0513,2020,0.491
0513,2021,0.493
0560,2005,0.483
0560,2006,0.485
0560,2007,0.486
0560,2008,0.49
0560,2009,0.49
0560,2010,0.491
0560,2011,0.49
0560,2012,0.49
0560,2013,0.494
0560,2014,0.492
0560,2015,0.489
0560,2016,0.489
0560,2017,0.487
0560,2018,0.485
0560,2019,0.484
0560,2020,0.484
0560,2021,0.483
0561,2005,0.5
0561,2006,0.499
0561,2007,0.498
0561,2008,0.497
0561,2009,0.497
0561,2010,0.494
0561,2011,0.498
0561,2012,0.497
0561,2013,0.498
0561,2014,0.497
0561,2015,0.495
0561,2016,0.497
0561,2017,0.497
0561,2018,0.496
0561,2019,0.492
0561,2020,0.49
0561,2021,0.493
0562,2005,0.495
0562,2006,0.493
0562,2007,0.494
0562,2008,0.493
0562,2009,0.495
0562,2010,0.494
0562,2011,0.493
0562,2012,0.491
0562,2013,0.492
0562,2014,0.493
0562,2015,0.492
0562,2016,0.49
0562,2017,0.49
0562,2018,0.489
0562,2019,0.489
0562,2020,0.486
0562,2021,0.486
0563,2005,0.498
0563,2006,0.5
0563,2007,0.499
0563,2008,0.5
0563,2009,0.501
0563,2010,0.498
0563,2011,0.495
0563,2012,0.494
0563,2013,0.49
0563,2014,0.489
0563,2015,0.487
0563,2016,0.485
0563,2017,0.487
0563,2018,0.487
0563,2019,0.491
0563,2020,0.489
0563,2021,0.487
0580,2005,0.498
0580,2006,0.497
0580,2007,0.496
0580,2008,0.495
0580,2009,0.494
0580,2010,0.494
0580,2011,0.494
0580,2012,0.494
0580,2013,0.494
0580,2014,0.494
0580,2015,0.495
0580,2016,0.494
0580,2017,0.492
0580,2018,0.492
0580,2019,0.491
0580,2020,0.491
0580,2021,0.491
0581,2005,0.507
0581,2006,0.507
0581,2007,0.506
0581,2008,0.505
0581,2009,0.504
0581,2010,0.504
0581,2011,0.504
0581,2012,0.504
0581,2013,0.505
0581,2014,0.504
0581,2015,0.504
0581,2016,0.502
0581,2017,0.502
0581,2018,0.501
0581,2019,0.501
0581,2020,0.501
0581,2021,0.501
0582,2005,0.502
0582,2006,0.503
0582,2007,0.502
0582,2008,0.5
0582,2009,0.498
0582,2010,0.499
0582,2011,0.5
0582,2012,0.498
0582,2013,0.499
0582,2014,0.498
0582,2015,0.497
0582,2016,0.495
0582,2017,0.495
0582,2018,0.496
0582,2019,0.493
0582,2020,0.494
0582,2021,0.494
0583,2005,0.502
0583,2006,0.502
0583,2007,0.5
0583,2008,0.5
0583,2009,0.5
0583,2010,0.499
0583,2011,0.499
0583,2012,0.499
0583,2013,0.498
0583,2014,0.497
0583,2015,0.495
0583,2016,0.495
0583,2017,0.495
0583,2018,0.494
0583,2019,0.494
0583,2020,0.494
0583,2021,0.494
0584,2005,0.51
0584,2006,0.511
0584,2007,0.51
0584,2008,0.51
0584,2009,0.512
0584,2010,0.513
0584,2011,0.511
0584,2012,0.512
0584,2013,0.514
0584,2014,0.512
0584,2015,0.509
0584,2016,0.508
0584,2017,0.506
0584,2018,0.504
0584,2019,0.503
0584,2020,0.504
0584,2021,0.503
0586,2005,0.5
0586,2006,0.501
0586,2007,0.5
0586,2008,0.5
0586,2009,0.501
0586,2010,0.498
0586,2011,0.498
0586,2012,0.497
0586,2013,0.497
0586,2014,0.496
0586,2015,0.496
0586,2016,0.495
0586,2017,0.496
0586,2018,0.497
0586,2019,0.494
0586,2020,0.493
0586,2021,0.494
0604,2005,0.491
0604,2006,0.494
0604,2007,0.493
0604,2008,0.49
0604,2009,0.488
0604,2010,0.487
0604,2011,0.489
0604,2012,0.489
0604,2013,0.487
0604,2014,0.487
0604,2015,0.49
0604,2016,0.49
0604,2017,0.49
0604,2018,0.491
0604,2019,0.49
0604,2020,0.488
0604,2021,0.487
0617,2005,0.491
0617,2006,0.49
0617,2007,0.491
0617,2008,0.49
0617,2009,0.489
0617,2010,0.488
0617,2011,0.49
0617,2012,0.49
0617,2013,0.489
0617,2014,0.487
0617,2015,0.487
0617,2016,0.483
0617,2017,0.483
0617,2018,0.483
0617,2019,0.483
0617,2020,0.484
0617,2021,0.483
0642,2005,0.498
0642,2006,0.498
0642,2007,0.499
0642,2008,0.499
0642,2009,0.498
0642,2010,0.499
0642,2011,0.5
0642,2012,0.502
0642,2013,0.501
0642,2014,0.501
0642,2015,0.5
0642,2016,0.498
0642,2017,0.499
0642,2018,0.5
0642,2019,0.5
0642,2020,0.5
0642,2021,0.497
0643,2005,0.494
0643,2006,0.495
0643,2007,0.496
0643,2008,0.494
0643,2009,0.496
0643,2010,0.496
0643,2011,0.495
0643,2012,0.494
0643,2013,0.496
0643,2014,0.495
0643,2015,0.494
0643,2016,0.493
0643,2017,0.493
0643,2018,0.496
0643,2019,0.495
0643,2020,0.496
0643,2021,0.496
0662,2005,0.494
0662,2006,0.494
0662,2007,0.494
0662,2008,0.495
0662,2009,0.496
0662,2010,0.495
0662,2011,0.495
0662,2012,0.495
0662,2013,0.495
0662,2014,0.495
0662,2015,0.494
0662,2016,0.492
0662,2017,0.489
0662,2018,0.489
0662,2019,0.488
0662,2020,0.488
0662,2021,0.487
0665,2005,0.499
0665,2006,0.499
0665,2007,0.498
0665,2008,0.499
0665,2009,0.499
0665,2010,0.497
0665,2011,0.498
0665,2012,0.499
0665,2013,0.496
0665,2014,0.498
0665,2015,0.497
0665,2016,0.498
0665,2017,0.495
0665,2018,0.493
0665,2019,0.491
0665,2020,0.493
0665,2021,0.491
0680,2005,0.51
0680,2006,0.509
0680,2007,0.508
0680,2008,0.508
0680,2009,0.508
0680,2010,0.507
0680,2011,0.506
0680,2012,0.505
0680,2013,0.504
0680,2014,0.503
0680,2015,0.503
0680,2016,0.502
0680,2017,0.501
0680,2018,0.5
0680,2019,0.5
0680,2020,0.499
0680,2021,0.498
0682,2005,0.5
0682,2006,0.501
0682,2007,0.499
0682,2008,0.499
0682,2009,0.5
0682,2010,0.5
0682,2011,0.497
0682,2012,0.497
0682,2013,0.496
0682,2014,0.493
0682,2015,0.492
0682,2016,0.491
0682,2017,0.491
0682,2018,0.491
0682,2019,0.49
0682,2020,0.491
0682,2021,0.491
0683,2005,0.505
0683,2006,0.503
0683,2007,0.503
0683,2008,0.503
0683,2009,0.502
0683,2010,0.502
0683,2011,0.502
0683,2012,0.502
0683,2013,0.5
0683,2014,0.499
0683,2015,0.497
0683,2016,0.497
0683,2017,0.496
0683,2018,0.494
0683,2019,0.494
0683,2020,0.495
0683,2021,0.494
0684,2005,0.497
0684,2006,0.497
0684,2007,0.494
0684,2008,0.494
0684,2009,0.494
0684,2010,0.494
0684,2011,0.494
0684,2012,0.495
0684,2013,0.491
0684,2014,0.49
0684,2015,0.489
0684,2016,0.487
0684,2017,0.488
0684,2018,0.489
0684,2019,0.489
0684,2020,0.49
0684,2021,0.489
0685,2005,0.493
0685,2006,0.493
0685,2007,0.493
0685,2008,0.493
0685,2009,0.493
0685,2010,0.493
0685,2011,0.492
0685,2012,0.492
0685,2013,0.492
0685,2014,0.491
0685,2015,0.492
0685,2016,0.491
0685,2017,0.49
0685,2018,0.489
0685,2019,0.488
0685,2020,0.488
0685,2021,0.488
0686,2005,0.503
0686,2006,0.502
0686,2007,0.502
0686,2008,0.503
0686,2009,0.503
0686,2010,0.502
0686,2011,0.502
0686,2012,0.502
0686,2013,0.503
0686,2014,0.502
0686,2015,0.5
0686,2016,0.5
0686,2017,0.499
0686,2018,0.499
0686,2019,0.499
0686,2020,0.498
0686,2021,0.497
0687,2005,0.505
0687,2006,0.504
0687,2007,0.504
0687,2008,0.504
0687,2009,0.504
0687,2010,0.503
0687,2011,0.503
0687,2012,0.5
0687,2013,0.5
0687,2014,0.499
0687,2015,0.498
0687,2016,0.498
0687,2017,0.497
0687,2018,0.497
0687,2019,0.496
0687,2020,0.496
0687,2021,0.497
0760,2005,0.492
0760,2006,0.487
0760,2007,0.489
0760,2008,0.487
0760,2009,0.487
0760,2010,0.485
0760,2011,0.485
0760,2012,0.484
0760,2013,0.481
0760,2014,0.484
0760,2015,0.482
0760,2016,0.48
0760,2017,0.48
0760,2018,0.481
0760,2019,0.481
0760,2020,0.481
0760,2021,0.479
0761,2005,0.501
0761,2006,0.499
0761,2007,0.497
0761,2008,0.497
0761,2009,0.493
0761,2010,0.492
0761,2011,0.491
0761,2012,0.494
0761,2013,0.488
0761,2014,0.488
0761,2015,0.485
0761,2016,0.485
0761,2017,0.487
0761,2018,0.489
0761,2019,0.488
0761,2020,0.489
0761,2021,0.491
0763,2005,0.491
0763,2006,0.491
0763,2007,0.492
0763,2008,0.493
0763,2009,0.494
0763,2010,0.494
0763,2011,0.494
0763,2012,0.494
0763,2013,0.494
0763,2014,0.495
0763,2015,0.495
0763,2016,0.492
0763,2017,0.49
0763,2018,0.488
0763,2019,0.488
0763,2020,0.487
0763,2021,0.487
0764,2005,0.493
0764,2006,0.493
0764,2007,0.492
0764,2008,0.492
0764,2009,0.492
0764,2010,0.491
0764,2011,0.491
0764,2012,0.49
0764,2013,0.491
0764,2014,0.491
0764,2015,0.49
0764,2016,0.49
0764,2017,0.491
0764,2018,0.491
0764,2019,0.488
0764,2020,0.49
0764,2021,0.489
0765,2005,0.498
0765,2006,0.499
0765,2007,0.5
0765,2008,0.499
0765,2009,0.499
0765,2010,0.499
0765,2011,0.5
0765,2012,0.5
0765,2013,0.498
0765,2014,0.496
0765,2015,0.495
0765,2016,0.494
0765,2017,0.495
0765,2018,0.494
0765,2019,0.491
0765,2020,0.491
0765,2021,0.493
0767,2005,0.501
0767,2006,0.499
0767,2007,0.5
0767,2008,0.497
0767,2009,0.499
0767,2010,0.497
0767,2011,0.498
0767,2012,0.498
0767,2013,0.497
0767,2014,0.495
0767,2015,0.492
0767,2016,0.492
0767,2017,0.489
0767,2018,0.489
0767,2019,0.487
0767,2020,0.486
0767,2021,0.486
0780,2005,0.503
0780,2006,0.502
0780,2007,0.501
0780,2008,0.501
0780,2009,0.5
0780,2010,0.5
0780,2011,0.499
0780,2012,0.5
0780,2013,0.499
0780,2014,0.498
0780,2015,0.498
0780,2016,0.498
0780,2017,0.497
0780,2018,0.496
0780,2019,0.495
0780,2020,0.496
0780,2021,0.495
0781,2005,0.498
0781,2006,0.497
0781,2007,0.495
0781,2008,0.495
0781,2009,0.497
0781,2010,0.496
0781,2011,0.496
0781,2012,0.497
0781,2013,0.496
0781,2014,0.495
0781,2015,0.495
0781,2016,0.495
0781,2017,0.494
0781,2018,0.493
0781,2019,0.493
0781,2020,0.493
0781,2021,0.493
0821,2005,0.491
0821,2006,0.492
0821,2007,0.495
0821,2008,0.494
0821,2009,0.489
0821,2010,0.49
0821,2011,0.492
0821,2012,0.492
0821,2013,0.493
0821,2014,0.493
0821,2015,0.486
0821,2016,0.488
0821,2017,0.487
0821,2018,0.487
0821,2019,0.483
0821,2020,0.486
0821,2021,0.488
0834,2005,0.489
0834,2006,0.488
0834,2007,0.488
0834,2008,0.486
0834,2009,0.487
0834,2010,0.481
0834,2011,0.479
0834,2012,0.481
0834,2013,0.482
0834,2014,0.481
0834,2015,0.477
0834,2016,0.474
0834,2017,0.477
0834,2018,0.48
0834,2019,0.481
0834,2020,0.479
0834,2021,0.48
0840,2005,0.511
0840,2006,0.511
0840,2007,0.509
0840,2008,0.511
0840,2009,0.511
0840,2010,0.511
0840,2011,0.512
0840,2012,0.511
0840,2013,0.51
0840,2014,0.508
0840,2015,0.506
0840,2016,0.506
0840,2017,0.505
0840,2018,0.505
0840,2019,0.505
0840,2020,0.504
0840,2021,0.507
0860,2005,0.495
0860,2006,0.494
0860,2007,0.494
0860,2008,0.493
0860,2009,0.493
0860,2010,0.493
0860,2011,0.492
0860,2012,0.492
0860,2013,0.49
0860,2014,0.49
0860,2015,0.487
0860,2016,0.487
0860,2017,0.486
0860,2018,0.485
0860,2019,0.486
0860,2020,0.483
0860,2021,0.484
0861,2005,0.498
0861,2006,0.498
0861,2007,0.497
0861,2008,0.498
0861,2009,0.499
0861,2010,0.498
0861,2011,0.498
0861,2012,0.497
0861,2013,0.498
0861,2014,0.495
0861,2015,0.494
0861,2016,0.495
0861,2017,0.495
0861,2018,0.495
0861,2019,0.498
0861,2020,0.498
0861,2021,0.498
0862,2005,0.492
0862,2006,0.493
0862,2007,0.492
0862,2008,0.493
0862,2009,0.491
0862,2010,0.491
0862,2011,0.492
0862,2012,0.492
0862,2013,0.494
0862,2014,0.49
0862,2015,0.489
0862,2016,0.489
0862,2017,0.487
0862,2018,0.486
0862,2019,0.486
0862,2020,0.484
0862,2021,0.483
0880,2005,0.511
0880,2006,0.511
0880,2007,0.511
0880,2008,0.51
0880,2009,0.508
0880,2010,0.508
0880,2011,0.51
0880,2012,0.509
0880,2013,0.508
0880,2014,0.507
0880,2015,0.507
0880,2016,0.506
0880,2017,0.505
0880,2018,0.505
0880,2019,0.503
0880,2020,0.504
0880,2021,0.503
0881,2005,0.498
0881,2006,0.499
0881,2007,0.498
0881,2008,0.498
0881,2009,0.497
0881,2010,0.496
0881,2011,0.496
0881,2012,0.496
0881,2013,0.495
0881,2014,0.492
0881,2015,0.492
0881,2016,0.491
0881,2017,0.492
0881,2018,0.491
0881,2019,0.492
0881,2020,0.492
0881,2021,0.493
0882,2005,0.502
0882,2006,0.501
0882,2007,0.501
0882,2008,0.5
0882,2009,0.5
0882,2010,0.499
0882,2011,0.498
0882,2012,0.498
0882,2013,0.497
0882,2014,0.496
0882,2015,0.495
0882,2016,0.491
0882,2017,0.492
0882,2018,0.492
0882,2019,0.492
0882,2020,0.493
0882,2021,0.491
0883,2005,0.504
0883,2006,0.504
0883,2007,0.504
0883,2008,0.504
0883,2009,0.504
0883,2010,0.505
0883,2011,0.504
0883,2012,0.503
0883,2013,0.501
0883,2014,0.501
0883,2015,0.5
0883,2016,0.499
0883,2017,0.499
0883,2018,0.499
0883,2019,0.499
0883,2020,0.5
0883,2021,0.501
0884,2005,0.499
0884,2006,0.497
0884,2007,0.495
0884,2008,0.495
0884,2009,0.495
0884,2010,0.494
0884,2011,0.493
0884,2012,0.492
0884,2013,0.49
0884,2014,0.491
0884,2015,0.49
0884,2016,0.488
0884,2017,0.488
0884,2018,0.49
0884,2019,0.489
0884,2020,0.489
0884,2021,0.491
0885,2005,0.505
0885,2006,0.505
0885,2007,0.505
0885,2008,0.502
0885,2009,0.503
0885,2010,0.503
0885,2011,0.502
0885,2012,0.501
0885,2013,0.501
0885,2014,0.499
0885,2015,0.497
0885,2016,0.496
0885,2017,0.496
0885,2018,0.498
0885,2019,0.5
0885,2020,0.5
0885,2021,0.5
0980,2005,0.508
0980,2006,0.506
0980,2007,0.506
0980,2008,0.505
0980,2009,0.505
0980,2010,0.505
0980,2011,0.505
0980,2012,0.505
0980,2013,0.504
0980,2014,0.504
0980,2015,0.504
0980,2016,0.503
0980,2017,0.503
0980,2018,0.503
0980,2019,0.502
0980,2020,0.503
0980,2021,0.503
1060,2005,0.495
1060,2006,0.494
1060,2007,0.496
1060,2008,0.498
1060,2009,0.496
1060,2010,0.494
1060,2011,0.494
1060,2012,0.492
1060,2013,0.493
1060,2014,0.491
1060,2015,0.489
1060,2016,0.487
1060,2017,0.49
1060,2018,0.489
1060,2019,0.489
1060,2020,0.489
1060,2021,0.488
1080,2005,0.501
1080,2006,0.499
1080,2007,0.496
1080,2008,0.495
1080,2009,0.493
1080,2010,0.491
1080,2011,0.49
1080,2012,0.491
1080,2013,0.492
1080,2014,0.491
1080,2015,0.489
1080,2016,0.488
1080,2017,0.487
1080,2018,0.487
1080,2019,0.487
1080,2020,0.486
1080,2021,0.486
1081,2005,0.489
1081,2006,0.488
1081,2007,0.487
1081,2008,0.487
1081,2009,0.486
1081,2010,0.486
1081,2011,0.49
1081,2012,0.492
1081,2013,0.493
1081,2014,0.494
1081,2015,0.492
1081,2016,0.492
1081,2017,0.492
1081,2018,0.493
1081,2019,0.492
1081,2020,0.491
1081,2021,0.492
1082,2005,0.498
1082,2006,0.498
1082,2007,0.499
1082,2008,0.499
1082,2009,0.499
1082,2010,0.5
1082,2011,0.499
1082,2012,0.499
1082,2013,0.499
1082,2014,0.498
1082,2015,0.498
1082,2016,0.497
1082,2017,0.496
1082,2018,0.497
1082,2019,0.497
1082,2020,0.497
1082,2021,0.497
1083,2005,0.5
1083,2006,0.499
1083,2007,0.498
1083,2008,0.497
1083,2009,0.495
1083,2010,0.495
1083,2011,0.496
1083,2012,0.496
1083,2013,0.497
1083,2014,0.496
1083,2015,0.496
1083,2016,0.496
1083,2017,0.496
1083,2018,0.496
1083,2019,0.497
1083,2020,0.497
1083,2021,0.496
1214,2005,0.489
1214,2006,0.488
1214,2007,0.487
1214,2008,0.486
1214,2009,0.488
1214,2010,0.487
1214,2011,0.485
1214,2012,0.484
1214,2013,0.484
1214,2014,0.482
1214,2015,0.482
1214,2016,0.479
1214,2017,0.48
1214,2018,0.481
1214,2019,0.48
1214,2020,0.483
1214,2021,0.483
1230,2005,0.501
1230,2006,0.504
1230,2007,0.502
1230,2008,0.503
1230,2009,0.504
1230,2010,0.504
1230,2011,0.504
1230,2012,0.505
1230,2013,0.506
1230,2014,0.506
1230,2015,0.507
1230,2016,0.506
1230,2017,0.506
1230,2018,0.506
1230,2019,0.505
1230,2020,0.504
1230,2021,0.505
1231,2005,0.506
1231,2006,0.504
1231,2007,0.501
1231,2008,0.501
1231,2009,0.5
1231,2010,0.5
1231,2011,0.501
1231,2012,0.501
1231,2013,0.5
1231,2014,0.5
1231,2015,0.501
1231,2016,0.5
1231,2017,0.498
1231,2018,0.499
1231,2019,0.497
1231,2020,0.497
1231,2021,0.497
1233,2005,0.506
1233,2006,0.506
1233,2007,0.506
1233,2008,0.506
1233,2009,0.504
1233,2010,0.503
1233,2011,0.505
1233,2012,0.506
1233,2013,0.506
1233,2014,0.508
1233,2015,0.506
1233,2016,0.505
1233,2017,0.505
1233,2018,0.506
1233,2019,0.506
1233,2020,0.506
1233,2021,0.508
1256,2005,0.494
1256,2006,0.495
1256,2007,0.495
1256,2008,0.495
1256,2009,0.494
1256,2010,0.491
1256,2011,0.492
1256,2012,0.491
1256,2013,0.493
1256,2014,0.49
1256,2015,0.486
1256,2016,0.483
1256,2017,0.484
1256,2018,0.486
1256,2019,0.485
1256,2020,0.485
1256,2021,0.487
1257,2005,0.492
1257,2006,0.496
1257,2007,0.494
1257,2008,0.496
1257,2009,0.495
1257,2010,0.496
1257,2011,0.496
1257,2012,0.494
1257,2013,0.494
1257,2014,0.493
1257,2015,0.491
1257,2016,0.487
1257,2017,0.488
1257,2018,0.486
1257,2019,0.483
1257,2020,0.484
1257,2021,0.484
1260,2005,0.497
1260,2006,0.496
1260,2007,0.498
1260,2008,0.497
1260,2009,0.498
1260,2010,0.496
1260,2011,0.499
1260,2012,0.498
1260,2013,0.499
1260,2014,0.497
1260,2015,0.494
1260,2016,0.492
1260,2017,0.49
1260,2018,0.49
1260,2019,0.491
1260,2020,0.489
1260,2021,0.49
1261,2005,0.499
1261,2006,0.499
1261,2007,0.5
1261,2008,0.499
1261,2009,0.5
1261,2010,0.499
1261,2011,0.499
1261,2012,0.5
1261,2013,0.5
1261,2014,0.5
1261,2015,0.501
1261,2016,0.498
1261,2017,0.498
1261,2018,0.499
1261,2019,0.499
1261,2020,0.499
1261,2021,0.5
1262,2005,0.507
1262,2006,0.506
1262,2007,0.504
1262,2008,0.505
1262,2009,0.506
1262,2010,0.507
1262,2011,0.505
1262,2012,0.504
1262,2013,0.503
1262,2014,0.503
1262,2015,0.501
1262,2016,0.501
1262,2017,0.5
1262,2018,0.501
1262,2019,0.502
1262,2020,0.501
1262,2021,0.502
1263,2005,0.499
1263,2006,0.499
1263,2007,0.499
1263,2008,0.499
1263,2009,0.5
1263,2010,0.499
1263,2011,0.5
1263,2012,0.5
1263,2013,0.5
1263,2014,0.5
1263,2015,0.499
1263,2016,0.498
1263,2017,0.498
1263,2018,0.498
1263,2019,0.499
1263,2020,0.498
1263,2021,0.5
1264,2005,0.5
1264,2006,0.501
1264,2007,0.5
1264,2008,0.501
1264,2009,0.501
1264,2010,0.502
1264,2011,0.501
1264,2012,0.501
1264,2013,0.502
1264,2014,0.501
1264,2015,0.501
1264,2016,0.5
1264,2017,0.499
1264,2018,0.498
1264,2019,0.498
1264,2020,0.499
1264,2021,0.499
1265,2005,0.493
1265,2006,0.493
1265,2007,0.493
1265,2008,0.493
1265,2009,0.492
1265,2010,0.494
1265,2011,0.494
1265,2012,0.491
1265,2013,0.491
1265,2014,0.492
1265,2015,0.491
1265,2016,0.491
1265,2017,0.491
1265,2018,0.491
1265,2019,0.491
1265,2020,0.491
1265,2021,0.493
1266,2005,0.5
1266,2006,0.499
1266,2007,0.5
1266,2008,0.499
1266,2009,0.499
1266,2010,0.5
1266,2011,0.5
1266,2012,0.501
1266,2013,0.501
1266,2014,0.501
1266,2015,0.5
1266,2016,0.498
1266,2017,0.495
1266,2018,0.495
1266,2019,0.494
1266,2020,0.493
1266,2021,0.495
1267,2005,0.502
1267,2006,0.501
1267,2007,0.501
1267,2008,0.5
1267,2009,0.5
1267,2010,0.5
1267,2011,0.501
1267,2012,0.502
1267,2013,0.502
1267,2014,0.503
1267,2015,0.5
1267,2016,0.499
1267,2017,0.497
1267,2018,0.496
1267,2019,0.498
1267,2020,0.498
1267,2021,0.498
1270,2005,0.501
1270,2006,0.501
1270,2007,0.503
1270,2008,0.501
1270,2009,0.5
1270,2010,0.5
1270,2011,0.5
1270,2012,0.497
1270,2013,0.499
1270,2014,0.499
1270,2015,0.498
1270,2016,0.496
1270,2017,0.495
1270,2018,0.497
1270,2019,0.498
1270,2020,0.498
1270,2021,0.498
1272,2005,0.498
1272,2006,0.499
1272,2007,0.5
1272,2008,0.497
1272,2009,0.499
1272,2010,0.5
1272,2011,0.5
1272,2012,0.498
1272,2013,0.497
1272,2014,0.497
1272,2015,0.494
1272,2016,0.491
1272,2017,0.491
1272,2018,0.492
1272,2019,0.492
1272,2020,0.491
1272,2021,0.492
1273,2005,0.498
1273,2006,0.499
1273,2007,0.498
1273,2008,0.499
1273,2009,0.501
1273,2010,0.501
1273,2011,0.501
1273,2012,0.5
1273,2013,0.5
1273,2014,0.499
1273,2015,0.498
1273,2016,0.497
1273,2017,0.498
1273,2018,0.498
1273,2019,0.499
1273,2020,0.498
1273,2021,0.496
1275,2005,0.498
1275,2006,0.496
1275,2007,0.494
1275,2008,0.492
1275,2009,0.49
1275,2010,0.489
1275,2011,0.489
1275,2012,0.489
1275,2013,0.486
1275,2014,0.485
1275,2015,0.485
1275,2016,0.486
1275,2017,0.488
1275,2018,0.487
1275,2019,0.487
1275,2020,0.484
1275,2021,0.484
1276,2005,0.496
1276,2006,0.497
1276,2007,0.496
1276,2008,0.497
1276,2009,0.497
1276,2010,0.496
1276,2011,0.494
1276,2012,0.495
1276,2013,0.496
1276,2014,0.494
1276,2015,0.493
1276,2016,0.492
1276,2017,0.489
1276,2018,0.491
1276,2019,0.491
1276,2020,0.49
1276,2021,0.488
1277,2005,0.498
1277,2006,0.497
1277,2007,0.496
1277,2008,0.498
1277,2009,0.496
1277,2010,0.496
1277,2011,0.494
1277,2012,0.495
1277,2013,0.497
1277,2014,0.496
1277,2015,0.494
1277,2016,0.491
1277,2017,0.49
1277,2018,0.491
1277,2019,0.491
1277,2020,0.491
1277,2021,0.49
1278,2005,0.507
1278,2006,0.507
1278,2007,0.509
1278,2008,0.509
1278,2009,0.507
1278,2010,0.506
1278,2011,0.507
1278,2012,0.508
1278,2013,0.508
1278,2014,0.507
1278,2015,0.505
1278,2016,0.502
1278,2017,0.504
1278,2018,0.505
1278,2019,0.505
1278,2020,0.506
1278,2021,0.507
1280,2005,0.516
1280,2006,0.514
1280,2007,0.513
1280,2008,0.512
1280,2009,0.512
1280,2010,0.511
1280,2011,0.511
1280,2012,0.511
1280,2013,0.511
1280,2014,0.51
1280,2015,0.509
1280,2016,0.509
1280,2017,0.508
1280,2018,0.508
1280,2019,0.507
1280,2020,0.507
1280,2021,0.507
1281,2005,0.507
1281,2006,0.506
1281,2007,0.506
1281,2008,0.504
1281,2009,0.503
1281,2010,0.502
1281,2011,0.503
1281,2012,0.503
1281,2013,0.503
1281,2014,0.504
1281,2015,0.504
1281,2016,0.504
1281,2017,0.504
1281,2018,0.504
1281,2019,0.505
1281,2020,0.506
1281,2021,0.507
1282,2005,0.507
1282,2006,0.505
1282,2007,0.504
1282,2008,0.503
1282,2009,0.504
1282,2010,0.504
1282,2011,0.505
1282,2012,0.504
1282,2013,0.504
1282,2014,0.504
1282,2015,0.503
1282,2016,0.503
1282,2017,0.501
1282,2018,0.501
1282,2019,0.5
1282,2020,0.5
1282,2021,0.5
1283,2005,0.516
1283,2006,0.513
1283,2007,0.513
1283,2008,0.512
1283,2009,0.512
1283,2010,0.512
1283,2011,0.511
1283,2012,0.511
1283,2013,0.511
1283,2014,0.51
1283,2015,0.509
1283,2016,0.508
1283,2017,0.507
1283,2018,0.507
1283,2019,0.506
1283,2020,0.506
1283,2021,0.505
1284,2005,0.51
1284,2006,0.512
1284,2007,0.511
1284,2008,0.511
1284,2009,0.51
1284,2010,0.509
1284,2011,0.511
1284,2012,0.512
1284,2013,0.51
1284,2014,0.509
1284,2015,0.508
1284,2016,0.506
1284,2017,0.504
1284,2018,0.504
1284,2019,0.505
1284,2020,0.505
1284,2021,0.507
1285,2005,0.498
1285,2006,0.499
1285,2007,0.498
1285,2008,0.499
1285,2009,0.498
1285,2010,0.497
1285,2011,0.497
1285,2012,0.496
1285,2013,0.497
1285,2014,0.496
1285,2015,0.496
1285,2016,0.496
1285,2017,0.495
1285,2018,0.495
1285,2019,0.495
1285,2020,0.494
1285,2021,0.494
1286,2005,0.516
1286,2006,0.516
1286,2007,0.515
1286,2008,0.513
1286,2009,0.514
1286,2010,0.515
1286,2011,0.515
1286,2012,0.515
1286,2013,0.514
1286,2014,0.514
1286,2015,0.513
1286,2016,0.512
1286,2017,0.512
1286,2018,0.511
1286,2019,0.512
1286,2020,0.511
1286,2021,0.511
1287,2005,0.506
1287,2006,0.505
1287,2007,0.505
1287,2008,0.504
1287,2009,0.503
1287,2010,0.503
1287,2011,0.503
1287,2012,0.503
1287,2013,0.503
1287,2014,0.502
1287,2015,0.501
1287,2016,0.501
1287,2017,0.501
1287,2018,0.5
1287,2019,0.5
1287,2020,0.502
1287,2021,0.502
1290,2005,0.512
1290,2006,0.51
1290,2007,0.509
1290,2008,0.509
1290,2009,0.509
1290,2010,0.509
1290,2011,0.508
1290,2012,0.507
1290,2013,0.506
1290,2014,0.506
1290,2015,0.505
1290,2016,0.504
1290,2017,0.503
1290,2018,0.503
1290,2019,0.503
1290,2020,0.502
1290,2021,0.502
1291,2005,0.512
1291,2006,0.512
1291,2007,0.512
1291,2008,0.511
1291,2009,0.51
1291,2010,0.51
1291,2011,0.51
1291,2012,0.512
1291,2013,0.511
1291,2014,0.511
1291,2015,0.51
1291,2016,0.507
1291,2017,0.508
1291,2018,0.508
1291,2019,0.508
1291,2020,0.506
1291,2021,0.506
1292,2005,0.514
1292,2006,0.514
1292,2007,0.515
1292,2008,0.514
1292,2009,0.514
1292,2010,0.514
1292,2011,0.513
1292,2012,0.513
1292,2013,0.513
1292,2014,0.512
1292,2015,0.512
1292,2016,0.512
1292,2017,0.51
1292,2018,0.51
1292,2019,0.51
1292,2020,0.509
1292,2021,0.509
1293,2005,0.501
1293,2006,0.501
1293,2007,0.501
1293,2008,0.501
1293,2009,0.502
1293,2010,0.5
1293,2011,0.501
1293,2012,0.501
1293,2013,0.5
1293,2014,0.499
1293,2015,0.498
1293,2016,0.497
1293,2017,0.497
1293,2018,0.497
1293,2019,0.498
1293,2020,0.498
1293,2021,0.498
1315,2005,0.491
1315,2006,0.492
1315,2007,0.494
1315,2008,0.492
1315,2009,0.493
1315,2010,0.493
1315,2011,0.493
1315,2012,0.493
1315,2013,0.491
1315,2014,0.488
1315,2015,0.487
1315,2016,0.486
1315,2017,0.487
1315,2018,0.489
1315,2019,0.49
1315,2020,0.491
1315,2021,0.49
1380,2005,0.508
1380,2006,0.509
1380,2007,0.508
1380,2008,0.508
1380,2009,0.507
1380,2010,0.507
1380,2011,0.508
1380,2012,0.507
1380,2013,0.507
1380,2014,0.506
1380,2015,0.504
1380,2016,0.503
1380,2017,0.502
1380,2018,0.501
1380,2019,0.5
1380,2020,0.5
1380,2021,0.5
1381,2005,0.496
1381,2006,0.497
1381,2007,0.497
1381,2008,0.497
1381,2009,0.496
1381,2010,0.495
1381,2011,0.498
1381,2012,0.497
1381,2013,0.496
1381,2014,0.496
1381,2015,0.495
1381,2016,0.495
1381,2017,0.494
1381,2018,0.495
1381,2019,0.494
1381,2020,0.493
1381,2021,0.493
1382,2005,0.5
1382,2006,0.5
1382,2007,0.499
1382,2008,0.5
1382,2009,0.501
1382,2010,0.5
1382,2011,0.501
1382,2012,0.501
1382,2013,0.501
1382,2014,0.499
1382,2015,0.498
1382,2016,0.497
1382,2017,0.497
1382,2018,0.497
1382,2019,0.498
1382,2020,0.498
1382,2021,0.499
1383,2005,0.504
1383,2006,0.503
1383,2007,0.503
1383,2008,0.502
1383,2009,0.502
1383,2010,0.502
1383,2011,0.502
1383,2012,0.503
1383,2013,0.502
1383,2014,0.501
1383,2015,0.501
1383,2016,0.5
1383,2017,0.501
1383,2018,0.5
1383,2019,0.5
1383,2020,0.5
1383,2021,0.5
1384,2005,0.502
1384,2006,0.503
1384,2007,0.504
1384,2008,0.504
1384,2009,0.504
1384,2010,0.504
1384,2011,0.503
1384,2012,0.502
1384,2013,0.503
1384,2014,0.504
1384,2015,0.503
1384,2016,0.503
1384,2017,0.503
1384,2018,0.503
1384,2019,0.503
1384,2020,0.503
1384,2021,0.503
1401,2005,0.498
1401,2006,0.497
1401,2007,0.497
1401,2008,0.496
1401,2009,0.497
1401,2010,0.497
1401,2011,0.498
1401,2012,0.499
1401,2013,0.498
1401,2014,0.499
1401,2015,0.498
1401,2016,0.499
1401,2017,0.497
1401,2018,0.498
1401,2019,0.497
1401,2020,0.497
1401,2021,0.497
1402,2005,0.504
1402,2006,0.504
1402,2007,0.504
1402,2008,0.504
1402,2009,0.503
1402,2010,0.503
1402,2011,0.503
1402,2012,0.503
1402,2013,0.503
1402,2014,0.501
1402,2015,0.499
1402,2016,0.5
1402,2017,0.499
1402,2018,0.499
1402,2019,0.498
1402,2020,0.496
1402,2021,0.497
1407,2005,0.497
1407,2006,0.497
1407,2007,0.497
1407,2008,0.498
1407,2009,0.496
1407,2010,0.496
1407,2011,0.496
1407,2012,0.498
1407,2013,0.499
1407,2014,0.497
1407,2015,0.499
1407,2016,0.499
1407,2017,0.499
1407,2018,0.5
1407,2019,0.499
1407,2020,0.499
1407,2021,0.501
1415,2005,0.499
1415,2006,0.498
1415,2007,0.498
1415,2008,0.498
1415,2009,0.502
1415,2010,0.501
1415,2011,0.5
1415,2012,0.499
1415,2013,0.5
1415,2014,0.501
1415,2015,0.499
1415,2016,0.497
1415,2017,0.498
1415,2018,0.499
1415,2019,0.498
1415,2020,0.498
1415,2021,0.499
1419,2005,0.488
1419,2006,0.488
1419,2007,0.489
1419,2008,0.488
1419,2009,0.488
1419,2010,0.489
1419,2011,0.488
1419,2012,0.489
1419,2013,0.489
1419,2014,0.49
1419,2015,0.491
1419,2016,0.492
1419,2017,0.493
1419,2018,0.494
1419,2019,0.494
1419,2020,0.494
1419,2021,0.494
1421,2005,0.49
1421,2006,0.492
1421,2007,0.494
1421,2008,0.493
1421,2009,0.492
1421,2010,0.494
1421,2011,0.493
1421,2012,0.494
1421,2013,0.494
1421,2014,0.493
1421,2015,0.494
1421,2016,0.494
1421,2017,0.493
1421,2018,0.493
1421,2019,0.494
1421,2020,0.493
1421,2021,0.494
1427,2005,0.502
1427,2006,0.503
1427,2007,0.502
1427,2008,0.502
1427,2009,0.504
1427,2010,0.502
1427,2011,0.502
1427,2012,0.501
1427,2013,0.498
1427,2014,0.498
1427,2015,0.499
1427,2016,0.497
1427,2017,0.494
1427,2018,0.493
1427,2019,0.492
1427,2020,0.493
1427,2021,0.492
1430,2005,0.492
1430,2006,0.492
1430,2007,0.491
1430,2008,0.49
1430,2009,0.487
1430,2010,0.484
1430,2011,0.485
1430,2012,0.485
1430,2013,0.486
1430,2014,0.483
1430,2015,0.483
1430,2016,0.481
1430,2017,0.481
1430,2018,0.482
1430,2019,0.482
1430,2020,0.481
1430,2021,0.482
1435,2005,0.5
1435,2006,0.499
1435,2007,0.499
1435,2008,0.496
1435,2009,0.494
1435,2010,0.495
1435,2011,0.496
1435,2012,0.496
1435,2013,0.496
1435,2014,0.494
1435,2015,0.493
1435,2016,0.492
1435,2017,0.491
1435,2018,0.491
1435,2019,0.491
1435,2020,0.492
1435,2021,0.49
1438,2005,0.488
1438,2006,0.488
1438,2007,0.489
1438,2008,0.489
1438,2009,0.488
1438,2010,0.486
1438,2011,0.487
1438,2012,0.483
1438,2013,0.482
1438,2014,0.48
1438,2015,0.48
1438,2016,0.479
1438,2017,0.478
1438,2018,0.478
1438,2019,0.478
1438,2020,0.477
1438,2021,0.478
1439,2005,0.482
1439,2006,0.482
1439,2007,0.482
1439,2008,0.482
1439,2009,0.481
1439,2010,0.48
1439,2011,0.482
1439,2012,0.481
1439,2013,0.482
1439,2014,0.485
1439,2015,0.486
1439,2016,0.483
1439,2017,0.482
1439,2018,0.483
1439,2019,0.48
1439,2020,0.484
1439,2021,0.483
1440,2005,0.492
1440,2006,0.493
1440,2007,0.494
1440,2008,0.492
1440,2009,0.493
1440,2010,0.494
1440,2011,0.493
1440,2012,0.493
1440,2013,0.492
1440,2014,0.492
1440,2015,0.492
1440,2016,0.491
1440,2017,0.491
1440,2018,0.49
1440,2019,0.49
1440,2020,0.491
1440,2021,0.491
1441,2005,0.503
1441,2006,0.502
1441,2007,0.503
1441,2008,0.504
1441,2009,0.502
1441,2010,0.502
1441,2011,0.502
1441,2012,0.501
1441,2013,0.501
1441,2014,0.5
1441,2015,0.499
1441,2016,0.498
1441,2017,0.498
1441,2018,0.497
1441,2019,0.499
1441,2020,0.499
1441,2021,0.499
1442,2005,0.493
1442,2006,0.495
1442,2007,0.495
1442,2008,0.496
1442,2009,0.498
1442,2010,0.499
1442,2011,0.498
1442,2012,0.498
1442,2013,0.497
1442,2014,0.497
1442,2015,0.496
1442,2016,0.492
1442,2017,0.492
1442,2018,0.49
1442,2019,0.491
1442,2020,0.491
1442,2021,0.491
1443,2005,0.493
1443,2006,0.495
1443,2007,0.496
1443,2008,0.496
1443,2009,0.493
1443,2010,0.491
1443,2011,0.49
1443,2012,0.494
1443,2013,0.496
1443,2014,0.495
1443,2015,0.497
1443,2016,0.494
1443,2017,0.495
1443,2018,0.495
1443,2019,0.496
1443,2020,0.497
1443,2021,0.496
1444,2005,0.497
1444,2006,0.495
1444,2007,0.495
1444,2008,0.497
1444,2009,0.495
1444,2010,0.493
1444,2011,0.494
1444,2012,0.495
1444,2013,0.493
1444,2014,0.49
1444,2015,0.488
1444,2016,0.493
1444,2017,0.493
1444,2018,0.495
1444,2019,0.492
1444,2020,0.495
1444,2021,0.497
1445,2005,0.497
1445,2006,0.498
1445,2007,0.497
1445,2008,0.495
1445,2009,0.494
1445,2010,0.493
1445,2011,0.495
1445,2012,0.496
1445,2013,0.498
1445,2014,0.497
1445,2015,0.501
1445,2016,0.502
1445,2017,0.499
1445,2018,0.5
1445,2019,0.499
1445,2020,0.498
1445,2021,0.498
1446,2005,0.504
1446,2006,0.502
1446,2007,0.499
1446,2008,0.498
1446,2009,0.498
1446,2010,0.497
1446,2011,0.496
1446,2012,0.497
1446,2013,0.494
1446,2014,0.493
1446,2015,0.493
1446,2016,0.491
1446,2017,0.49
1446,2018,0.491
1446,2019,0.49
1446,2020,0.49
1446,2021,0.49
1447,2005,0.491
1447,2006,0.488
1447,2007,0.491
1447,2008,0.49
1447,2009,0.493
1447,2010,0.492
1447,2011,0.49
1447,2012,0.491
1447,2013,0.492
1447,2014,0.494
1447,2015,0.491
1447,2016,0.492
1447,2017,0.492
1447,2018,0.495
1447,2019,0.496
1447,2020,0.494
1447,2021,0.491
1452,2005,0.489
1452,2006,0.489
1452,2007,0.488
1452,2008,0.486
1452,2009,0.488
1452,2010,0.489
1452,2011,0.489
1452,2012,0.488
1452,2013,0.488
1452,2014,0.487
1452,2015,0.485
1452,2016,0.483
1452,2017,0.482
1452,2018,0.48
1452,2019,0.48
1452,2020,0.482
1452,2021,0.483
1460,2005,0.495
1460,2006,0.493
1460,2007,0.492
1460,2008,0.493
1460,2009,0.491
1460,2010,0.492
1460,2011,0.491
1460,2012,0.489
1460,2013,0.486
1460,2014,0.487
1460,2015,0.484
1460,2016,0.481
1460,2017,0.482
1460,2018,0.483
1460,2019,0.483
1460,2020,0.485
1460,2021,0.489
1461,2005,0.49
1461,2006,0.49
1461,2007,0.491
1461,2008,0.492
1461,2009,0.492
1461,2010,0.49
1461,2011,0.489
1461,2012,0.487
1461,2013,0.487
1461,2014,0.484
1461,2015,0.484
1461,2016,0.482
1461,2017,0.483
1461,2018,0.485
1461,2019,0.483
1461,2020,0.483
1461,2021,0.481
1462,2005,0.488
1462,2006,0.486
1462,2007,0.486
1462,2008,0.486
1462,2009,0.487
1462,2010,0.486
1462,2011,0.485
1462,2012,0.484
1462,2013,0.483
1462,2014,0.484
1462,2015,0.483
1462,2016,0.483
1462,2017,0.481
1462,2018,0.478
1462,2019,0.48
1462,2020,0.481
1462,2021,0.483
1463,2005,0.502
1463,2006,0.502
1463,2007,0.503
1463,2008,0.502
1463,2009,0.502
1463,2010,0.501
1463,2011,0.502
1463,2012,0.501
1463,2013,0.5
1463,2014,0.5
1463,2015,0.5
1463,2016,0.498
1463,2017,0.497
1463,2018,0.495
1463,2019,0.496
1463,2020,0.497
1463,2021,0.497
1465,2005,0.494
1465,2006,0.495
1465,2007,0.496
1465,2008,0.495
1465,2009,0.492
1465,2010,0.491
1465,2011,0.49
1465,2012,0.489
1465,2013,0.49
1465,2014,0.489
1465,2015,0.488
1465,2016,0.486
1465,2017,0.486
1465,2018,0.489
1465,2019,0.488
1465,2020,0.487
1465,2021,0.488
1466,2005,0.489
1466,2006,0.487
1466,2007,0.489
1466,2008,0.487
1466,2009,0.489
1466,2010,0.489
1466,2011,0.489
1466,2012,0.49
1466,2013,0.492
1466,2014,0.494
1466,2015,0.495
1466,2016,0.494
1466,2017,0.493
1466,2018,0.492
1466,2019,0.492
1466,2020,0.489
1466,2021,0.492
1470,2005,0.491
1470,2006,0.491
1470,2007,0.489
1470,2008,0.489
1470,2009,0.489
1470,2010,0.49
1470,2011,0.489
1470,2012,0.488
1470,2013,0.489
1470,2014,0.489
1470,2015,0.489
1470,2016,0.49
1470,2017,0.489
1470,2018,0.487
1470,2019,0.489
1470,2020,0.489
1470,2021,0.489
1471,2005,0.492
1471,2006,0.492
1471,2007,0.492
1471,2008,0.49
1471,2009,0.49
1471,2010,0.491
1471,2011,0.492
1471,2012,0.492
1471,2013,0.491
1471,2014,0.492
1471,2015,0.49
1471,2016,0.489
1471,2017,0.49
1471,2018,0.49
1471,2019,0.491
1471,2020,0.491
1471,2021,0.492
1472,2005,0.496
1472,2006,0.498
1472,2007,0.496
1472,2008,0.498
1472,2009,0.498
1472,2010,0.497
1472,2011,0.496
1472,2012,0.494
1472,2013,0.495
1472,2014,0.495
1472,2015,0.497
1472,2016,0.495
1472,2017,0.495
1472,2018,0.495
1472,2019,0.493
1472,2020,0.492
1472,2021,0.492
1473,2005,0.495
1473,2006,0.493
1473,2007,0.493
1473,2008,0.492
1473,2009,0.493
1473,2010,0.492
1473,2011,0.491
1473,2012,0.49
1473,2013,0.486
1473,2014,0.485
1473,2015,0.486
1473,2016,0.485
1473,2017,0.486
1473,2018,0.486
1473,2019,0.483
1473,2020,0.484
1473,2021,0.484
1480,2005,0.508
1480,2006,0.507
1480,2007,0.507
1480,2008,0.506
1480,2009,0.506
1480,2010,0.506
1480,2011,0.505
1480,2012,0.506
1480,2013,0.506
1480,2014,0.506
1480,2015,0.505
1480,2016,0.504
1480,2017,0.503
1480,2018,0.502
1480,2019,0.502
1480,2020,0.501
1480,2021,0.501
1481,2005,0.505
1481,2006,0.505
1481,2007,0.505
1481,2008,0.505
1481,2009,0.505
1481,2010,0.505
1481,2011,0.504
1481,2012,0.504
1481,2013,0.503
1481,2014,0.503
1481,2015,0.503
1481,2016,0.502
1481,2017,0.501
1481,2018,0.501
1481,2019,0.499
1481,2020,0.5
1481,2021,0.5
1482,2005,0.502
1482,2006,0.501
1482,2007,0.502
1482,2008,0.501
1482,2009,0.501
1482,2010,0.502
1482,2011,0.502
1482,2012,0.501
1482,2013,0.502
1482,2014,0.502
1482,2015,0.503
1482,2016,0.502
1482,2017,0.503
1482,2018,0.502
1482,2019,0.501
1482,2020,0.502
1482,2021,0.502
1484,2005,0.502
1484,2006,0.501
1484,2007,0.502
1484,2008,0.501
1484,2009,0.502
1484,2010,0.502
1484,2011,0.502
1484,2012,0.501
1484,2013,0.504
1484,2014,0.504
1484,2015,0.502
1484,2016,0.5
1484,2017,0.499
1484,2018,0.499
1484,2019,0.498
1484,2020,0.498
1484,2021,0.498
1485,2005,0.506
1485,2006,0.507
1485,2007,0.507
1485,2008,0.506
1485,2009,0.506
1485,2010,0.508
1485,2011,0.507
1485,2012,0.506
1485,2013,0.506
1485,2014,0.505
1485,2015,0.504
1485,2016,0.503
1485,2017,0.502
1485,2018,0.501
1485,2019,0.501
1485,2020,0.5
1485,2021,0.501
1486,2005,0.504
1486,2006,0.502
1486,2007,0.502
1486,2008,0.499
1486,2009,0.499
1486,2010,0.499
1486,2011,0.5
1486,2012,0.499
1486,2013,0.5
1486,2014,0.496
1486,2015,0.495
1486,2016,0.494
1486,2017,0.494
1486,2018,0.494
1486,2019,0.494
1486,2020,0.494
1486,2021,0.494
1487,2005,0.503
1487,2006,0.503
1487,2007,0.502
1487,2008,0.502
1487,2009,0.503
1487,2010,0.502
1487,2011,0.502
1487,2012,0.502
1487,2013,0.501
1487,2014,0.5
1487,2015,0.499
1487,2016,0.499
1487,2017,0.499
1487,2018,0.498
1487,2019,0.496
1487,2020,0.498
1487,2021,0.498
1488,2005,0.498
1488,2006,0.499
1488,2007,0.498
1488,2008,0.498
1488,2009,0.498
1488,2010,0.499
1488,2011,0.499
1488,2012,0.499
1488,2013,0.5
1488,2014,0.499
1488,2015,0.499
1488,2016,0.499
1488,2017,0.498
1488,2018,0.497
1488,2019,0.497
1488,2020,0.496
1488,2021,0.497
1489,2005,0.51
1489,2006,0.509
1489,2007,0.508
1489,2008,0.507
1489,2009,0.507
1489,2010,0.507
1489,2011,0.506
1489,2012,0.506
1489,2013,0.505
1489,2014,0.504
1489,2015,0.503
1489,2016,0.503
1489,2017,0.502
1489,2018,0.503
1489,2019,0.503
1489,2020,0.504
1489,2021,0.505
1490,2005,0.511
1490,2006,0.511
1490,2007,0.511
1490,2008,0.51
1490,2009,0.51
1490,2010,0.508
1490,2011,0.508
1490,2012,0.507
1490,2013,0.507
1490,2014,0.507
1490,2015,0.506
1490,2016,0.505
1490,2017,0.504
1490,2018,0.503
1490,2019,0.502
1490,2020,0.501
1490,2021,0.501
1491,2005,0.498
1491,2006,0.499
1491,2007,0.497
1491,2008,0.497
1491,2009,0.497
1491,2010,0.497
1491,2011,0.496
1491,2012,0.497
1491,2013,0.496
1491,2014,0.495
1491,2015,0.494
1491,2016,0.494
1491,2017,0.493
1491,2018,0.493
1491,2019,0.493
1491,2020,0.493
1491,2021,0.492
1492,2005,0.507
1492,2006,0.509
1492,2007,0.508
1492,2008,0.507
1492,2009,0.508
1492,2010,0.507
1492,2011,0.506
1492,2012,0.505
1492,2013,0.503
1492,2014,0.5
1492,2015,0.498
1492,2016,0.496
1492,2017,0.496
1492,2018,0.497
1492,2019,0.497
1492,2020,0.496
1492,2021,0.495
1493,2005,0.501
1493,2006,0.501
1493,2007,0.5
1493,2008,0.501
1493,2009,0.501
1493,2010,0.501
1493,2011,0.501
1493,2012,0.5
1493,2013,0.499
1493,2014,0.498
1493,2015,0.498
1493,2016,0.498
1493,2017,0.498
1493,2018,0.497
1493,2019,0.496
1493,2020,0.496
1493,2021,0.496
1494,2005,0.505
1494,2006,0.504
1494,2007,0.505
1494,2008,0.504
1494,2009,0.504
1494,2010,0.503
1494,2011,0.502
1494,2012,0.502
1494,2013,0.502
1494,2014,0.502
1494,2015,0.502
1494,2016,0.501
1494,2017,0.5
1494,2018,0.499
1494,2019,0.499
1494,2020,0.499
1494,2021,0.498
1495,2005,0.509
1495,2006,0.51
1495,2007,0.509
1495,2008,0.51
1495,2009,0.509
1495,2010,0.51
1495,2011,0.51
1495,2012,0.507
1495,2013,0.506
1495,2014,0.502
1495,2015,0.501
1495,2016,0.501
1495,2017,0.501
1495,2018,0.501
1495,2019,0.501
1495,2020,0.5
1495,2021,0.499
1496,2005,0.503
1496,2006,0.502
1496,2007,0.502
1496,2008,0.502
1496,2009,0.502
1496,2010,0.499
1496,2011,0.498
1496,2012,0.498
1496,2013,0.496
1496,2014,0.496
1496,2015,0.494
1496,2016,0.494
1496,2017,0.493
1496,2018,0.494
1496,2019,0.494
1496,2020,0.494
1496,2021,0.495
1497,2005,0.504
1497,2006,0.503
1497,2007,0.504
1497,2008,0.505
1497,2009,0.504
1497,2010,0.505
1497,2011,0.504
1497,2012,0.505
1497,2013,0.505
1497,2014,0.503
1497,2015,0.5
1497,2016,0.497
1497,2017,0.498
1497,2018,0.498
1497,2019,0.5
1497,2020,0.501
1497,2021,0.501
1498,2005,0.501
1498,2006,0.502
1498,2007,0.501
1498,2008,0.499
1498,2009,0.5
1498,2010,0.499
1498,2011,0.498
1498,2012,0.499
1498,2013,0.499
1498,2014,0.497
1498,2015,0.495
1498,2016,0.495
1498,2017,0.497
1498,2018,0.496
1498,2019,0.496
1498,2020,0.494
1498,2021,0.494
1499,2005,0.502
1499,2006,0.502
1499,2007,0.501
1499,2008,0.501
1499,2009,0.5
1499,2010,0.501
1499,2011,0.501
1499,2012,0.501
1499,2013,0.501
1499,2014,0.5
1499,2015,0.498
1499,2016,0.498
1499,2017,0.498
1499,2018,0.498
1499,2019,0.498
1499,2020,0.498
1499,2021,0.497
1715,2005,0.502
1715,2006,0.501
1715,2007,0.501
1715,2008,0.501
1715,2009,0.502
1715,2010,0.499
1715,2011,0.499
1715,2012,0.5
1715,2013,0.5
1715,2014,0.501
1715,2015,0.499
1715,2016,0.497
1715,2017,0.496
1715,2018,0.496
1715,2019,0.494
1715,2020,0.494
1715,2021,0.493
1730,2005,0.493
1730,2006,0.491
1730,2007,0.491
1730,2008,0.492
1730,2009,0.49
1730,2010,0.49
1730,2011,0.489
1730,2012,0.488
1730,2013,0.487
1730,2014,0.49
1730,2015,0.49
1730,2016,0.493
1730,2017,0.492
1730,2018,0.491
1730,2019,0.49
1730,2020,0.49
1730,2021,0.49
1737,2005,0.497
1737,2006,0.495
1737,2007,0.495
1737,2008,0.495
1737,2009,0.496
1737,2010,0.496
1737,2011,0.495
1737,2012,0.495
1737,2013,0.494
1737,2014,0.492
1737,2015,0.493
1737,2016,0.492
1737,2017,0.493
1737,2018,0.494
1737,2019,0.492
1737,2020,0.491
1737,2021,0.493
1760,2005,0.494
1760,2006,0.493
1760,2007,0.489
1760,2008,0.488
1760,2009,0.484
1760,2010,0.484
1760,2011,0.484
1760,2012,0.48
1760,2013,0.483
1760,2014,0.478
1760,2015,0.479
1760,2016,0.474
1760,2017,0.476
1760,2018,0.478
1760,2019,0.475
1760,2020,0.475
1760,2021,0.477
1761,2005,0.497
1761,2006,0.496
1761,2007,0.496
1761,2008,0.497
1761,2009,0.497
1761,2010,0.497
1761,2011,0.497
1761,2012,0.498
1761,2013,0.5
1761,2014,0.499
1761,2015,0.501
1761,2016,0.501
1761,2017,0.498
1761,2018,0.501
1761,2019,0.5
1761,2020,0.501
1761,2021,0.502
1762,2005,0.499
1762,2006,0.499
1762,2007,0.504
1762,2008,0.502
1762,2009,0.503
1762,2010,0.499
1762,2011,0.499
1762,2012,0.497
1762,2013,0.497
1762,2014,0.497
1762,2015,0.497
1762,2016,0.492
1762,2017,0.493
1762,2018,0.495
1762,2019,0.497
1762,2020,0.498
1762,2021,0.498
1763,2005,0.501
1763,2006,0.501
1763,2007,0.5
1763,2008,0.498
1763,2009,0.497
1763,2010,0.498
1763,2011,0.498
1763,2012,0.497
1763,2013,0.497
1763,2014,0.494
1763,2015,0.493
1763,2016,0.492
1763,2017,0.495
1763,2018,0.496
1763,2019,0.493
1763,2020,0.494
1763,2021,0.494
1764,2005,0.498
1764,2006,0.498
1764,2007,0.501
1764,2008,0.501
1764,2009,0.501
1764,2010,0.496
1764,2011,0.497
1764,2012,0.497
1764,2013,0.495
1764,2014,0.498
1764,2015,0.498
1764,2016,0.497
1764,2017,0.496
1764,2018,0.497
1764,2019,0.496
1764,2020,0.494
1764,2021,0.492
1765,2005,0.494
1765,2006,0.493
1765,2007,0.495
1765,2008,0.494
1765,2009,0.494
1765,2010,0.493
1765,2011,0.491
1765,2012,0.493
1765,2013,0.49
1765,2014,0.491
1765,2015,0.491
1765,2016,0.491
1765,2017,0.49
1765,2018,0.492
1765,2019,0.491
1765,2020,0.488
1765,2021,0.49
1766,2005,0.5
1766,2006,0.5
1766,2007,0.499
1766,2008,0.499
1766,2009,0.499
1766,2010,0.498
1766,2011,0.496
1766,2012,0.495
1766,2013,0.496
1766,2014,0.494
1766,2015,0.491
1766,2016,0.488
1766,2017,0.49
1766,2018,0.492
1766,2019,0.492
1766,2020,0.493
1766,2021,0.494
1780,2005,0.512
1780,2006,0.511
1780,2007,0.51
1780,2008,0.51
1780,2009,0.509
1780,2010,0.508
1780,2011,0.508
1780,2012,0.508
1780,2013,0.509
1780,2014,0.509
1780,2015,0.509
1780,2016,0.508
1780,2017,0.507
1780,2018,0.505
1780,2019,0.505
1780,2020,0.505
1780,2021,0.505
1781,2005,0.503
1781,2006,0.504
1781,2007,0.505
1781,2008,0.505
1781,2009,0.505
1781,2010,0.504
1781,2011,0.504
1781,2012,0.502
1781,2013,0.502
1781,2014,0.501
1781,2015,0.5
1781,2016,0.499
1781,2017,0.498
1781,2018,0.497
1781,2019,0.497
1781,2020,0.496
1781,2021,0.496
1782,2005,0.503
1782,2006,0.501
1782,2007,0.501
1782,2008,0.499
1782,2009,0.498
1782,2010,0.495
1782,2011,0.495
1782,2012,0.496
1782,2013,0.493
1782,2014,0.49
1782,2015,0.49
1782,2016,0.488
1782,2017,0.488
1782,2018,0.489
1782,2019,0.49
1782,2020,0.491
1782,2021,0.493
1783,2005,0.495
1783,2006,0.495
1783,2007,0.494
1783,2008,0.494
1783,2009,0.495
1783,2010,0.495
1783,2011,0.494
1783,2012,0.493
1783,2013,0.49
1783,2014,0.488
1783,2015,0.483
1783,2016,0.483
1783,2017,0.485
1783,2018,0.484
1783,2019,0.484
1783,2020,0.483
1783,2021,0.48
1784,2005,0.505
1784,2006,0.503
1784,2007,0.502
1784,2008,0.503
1784,2009,0.503
1784,2010,0.504
1784,2011,0.505
1784,2012,0.504
1784,2013,0.503
1784,2014,0.503
1784,2015,0.502
1784,2016,0.5
1784,2017,0.501
1784,2018,0.499
1784,2019,0.499
1784,2020,0.498
1784,2021,0.498
1785,2005,0.497
1785,2006,0.498
1785,2007,0.496
1785,2008,0.496
1785,2009,0.496
1785,2010,0.496
1785,2011,0.498
1785,2012,0.496
1785,2013,0.499
1785,2014,0.499
1785,2015,0.497
1785,2016,0.497
1785,2017,0.496
1785,2018,0.498
1785,2019,0.497
1785,2020,0.496
1785,2021,0.496
1814,2005,0.484
1814,2006,0.482
1814,2007,0.483
1814,2008,0.484
1814,2009,0.483
1814,2010,0.482
1814,2011,0.483
1814,2012,0.483
1814,2013,0.48
1814,2014,0.48
1814,2015,0.481
1814,2016,0.481
1814,2017,0.481
1814,2018,0.482
1814,2019,0.48
1814,2020,0.478
1814,2021,0.48
1860,2005,0.491
1860,2006,0.492
1860,2007,0.492
1860,2008,0.491
1860,2009,0.491
1860,2010,0.492
1860,2011,0.487
1860,2012,0.487
1860,2013,0.487
1860,2014,0.485
1860,2015,0.484
1860,2016,0.482
1860,2017,0.483
1860,2018,0.485
1860,2019,0.481
1860,2020,0.482
1860,2021,0.486
1861,2005,0.49
1861,2006,0.492
1861,2007,0.491
1861,2008,0.49
1861,2009,0.492
1861,2010,0.491
1861,2011,0.491
1861,2012,0.494
1861,2013,0.492
1861,2014,0.491
1861,2015,0.487
1861,2016,0.487
1861,2017,0.487
1861,2018,0.489
1861,2019,0.489
1861,2020,0.488
1861,2021,0.487
1862,2005,0.49
1862,2006,0.494
1862,2007,0.492
1862,2008,0.493
1862,2009,0.493
1862,2010,0.491
1862,2011,0.491
1862,2012,0.49
1862,2013,0.492
1862,2014,0.488
1862,2015,0.489
1862,2016,0.488
1862,2017,0.489
1862,2018,0.491
1862,2019,0.493
1862,2020,0.495
1862,2021,0.494
1863,2005,0.498
1863,2006,0.5
1863,2007,0.501
1863,2008,0.499
1863,2009,0.498
1863,2010,0.498
1863,2011,0.496
1863,2012,0.492
1863,2013,0.494
1863,2014,0.489
1863,2015,0.488
1863,2016,0.488
1863,2017,0.487
1863,2018,0.487
1863,2019,0.487
1863,2020,0.486
1863,2021,0.486
1864,2005,0.496
1864,2006,0.49
1864,2007,0.488
1864,2008,0.491
1864,2009,0.487
1864,2010,0.486
1864,2011,0.487
1864,2012,0.485
1864,2013,0.478
1864,2014,0.476
1864,2015,0.475
1864,2016,0.475
1864,2017,0.482
1864,2018,0.486
1864,2019,0.486
1864,2020,0.487
1864,2021,0.492
1880,2005,0.515
1880,2006,0.514
1880,2007,0.514
1880,2008,0.513
1880,2009,0.512
1880,2010,0.511
1880,2011,0.511
1880,2012,0.51
1880,2013,0.509
1880,2014,0.509
1880,2015,0.508
1880,2016,0.507
1880,2017,0.506
1880,2018,0.506
1880,2019,0.506
1880,2020,0.505
1880,2021,0.506
1881,2005,0.504
1881,2006,0.504
1881,2007,0.505
1881,2008,0.506
1881,2009,0.506
1881,2010,0.503
1881,2011,0.502
1881,2012,0.502
1881,2013,0.501
1881,2014,0.5
1881,2015,0.5
1881,2016,0.5
1881,2017,0.503
1881,2018,0.501
1881,2019,0.501
1881,2020,0.501
1881,2021,0.502
1882,2005,0.501
1882,2006,0.501
1882,2007,0.5
1882,2008,0.499
1882,2009,0.499
1882,2010,0.496
1882,2011,0.494
1882,2012,0.495
1882,2013,0.495
1882,2014,0.494
1882,2015,0.493
1882,2016,0.492
1882,2017,0.493
1882,2018,0.494
1882,2019,0.493
1882,2020,0.49
1882,2021,0.489
1883,2005,0.509
1883,2006,0.507
1883,2007,0.506
1883,2008,0.507
1883,2009,0.508
1883,2010,0.508
1883,2011,0.507
1883,2012,0.506
1883,2013,0.504
1883,2014,0.503
1883,2015,0.505
1883,2016,0.503
1883,2017,0.503
1883,2018,0.503
1883,2019,0.5
1883,2020,0.5
1883,2021,0.5
1884,2005,0.509
1884,2006,0.51
1884,2007,0.511
1884,2008,0.51
1884,2009,0.512
1884,2010,0.513
1884,2011,0.51
1884,2012,0.509
1884,2013,0.507
1884,2014,0.505
1884,2015,0.504
1884,2016,0.502
1884,2017,0.503
1884,2018,0.504
1884,2019,0.505
1884,2020,0.505
1884,2021,0.507
1885,2005,0.496
1885,2006,0.497
1885,2007,0.494
1885,2008,0.494
1885,2009,0.494
1885,2010,0.496
1885,2011,0.494
1885,2012,0.495
1885,2013,0.494
1885,2014,0.494
1885,2015,0.494
1885,2016,0.493
1885,2017,0.493
1885,2018,0.493
1885,2019,0.492
1885,2020,0.492
1885,2021,0.493
1904,2005,0.492
1904,2006,0.495
1904,2007,0.491
1904,2008,0.486
1904,2009,0.486
1904,2010,0.489
1904,2011,0.482
1904,2012,0.483
1904,2013,0.484
1904,2014,0.483
1904,2015,0.485
1904,2016,0.485
1904,2017,0.49
1904,2018,0.489
1904,2019,0.487
1904,2020,0.488
1904,2021,0.49
1907,2005,0.49
1907,2006,0.491
1907,2007,0.491
1907,2008,0.492
1907,2009,0.492
1907,2010,0.491
1907,2011,0.489
1907,2012,0.489
1907,2013,0.487
1907,2014,0.486
1907,2015,0.486
1907,2016,0.486
1907,2017,0.486
1907,2018,0.487
1907,2019,0.488
1907,2020,0.486
1907,2021,0.486
1960,2005,0.495
1960,2006,0.496
1960,2007,0.497
1960,2008,0.497
1960,2009,0.497
1960,2010,0.494
1960,2011,0.497
1960,2012,0.497
1960,2013,0.495
1960,2014,0.494
1960,2015,0.492
1960,2016,0.489
1960,2017,0.487
1960,2018,0.49
1960,2019,0.487
1960,2020,0.49
1960,2021,0.489
1961,2005,0.503
1961,2006,0.504
1961,2007,0.502
1961,2008,0.503
1961,2009,0.503
1961,2010,0.505
1961,2011,0.504
1961,2012,0.504
1961,2013,0.503
1961,2014,0.503
1961,2015,0.504
1961,2016,0.501
1961,2017,0.5
1961,2018,0.5
1961,2019,0.499
1961,2020,0.499
1961,2021,0.498
1962,2005,0.492
1962,2006,0.494
1962,2007,0.495
1962,2008,0.494
1962,2009,0.494
1962,2010,0.496
1962,2011,0.498
1962,2012,0.495
1962,2013,0.49
1962,2014,0.485
1962,2015,0.485
1962,2016,0.487
1962,2017,0.487
1962,2018,0.488
1962,2019,0.489
1962,2020,0.489
1962,2021,0.49
1980,2005,0.506
1980,2006,0.506
1980,2007,0.505
1980,2008,0.504
1980,2009,0.505
1980,2010,0.504
1980,2011,0.504
1980,2012,0.504
1980,2013,0.504
1980,2014,0.503
1980,2015,0.502
1980,2016,0.502
1980,2017,0.5
1980,2018,0.5
1980,2019,0.5
1980,2020,0.499
1980,2021,0.499
1981,2005,0.505
1981,2006,0.503
1981,2007,0.505
1981,2008,0.502
1981,2009,0.502
1981,2010,0.501
1981,2011,0.502
1981,2012,0.503
1981,2013,0.502
1981,2014,0.502
1981,2015,0.501
1981,2016,0.5
1981,2017,0.499
1981,2018,0.499
1981,2019,0.496
1981,2020,0.496
1981,2021,0.496
1982,2005,0.501
1982,2006,0.501
1982,2007,0.501
1982,2008,0.5
1982,2009,0.499
1982,2010,0.498
1982,2011,0.498
1982,2012,0.498
1982,2013,0.496
1982,2014,0.493
1982,2015,0.493
1982,2016,0.494
1982,2017,0.493
1982,2018,0.495
1982,2019,0.496
1982,2020,0.495
1982,2021,0.495
1983,2005,0.498
1983,2006,0.499
1983,2007,0.499
1983,2008,0.5
1983,2009,0.5
1983,2010,0.501
1983,2011,0.502
1983,2012,0.503
1983,2013,0.502
1983,2014,0.5
1983,2015,0.499
1983,2016,0.497
1983,2017,0.496
1983,2018,0.495
1983,2019,0.495
1983,2020,0.496
1983,2021,0.495
1984,2005,0.503
1984,2006,0.503
1984,2007,0.502
1984,2008,0.501
1984,2009,0.5
1984,2010,0.502
1984,2011,0.502
1984,2012,0.501
1984,2013,0.5
1984,2014,0.499
1984,2015,0.495
1984,2016,0.495
1984,2017,0.496
1984,2018,0.496
1984,2019,0.496
1984,2020,0.495
1984,2021,0.494
2021,2005,0.496
2021,2006,0.496
2021,2007,0.497
2021,2008,0.496
2021,2009,0.497
2021,2010,0.494
2021,2011,0.494
2021,2012,0.494
2021,2013,0.491
2021,2014,0.491
2021,2015,0.488
2021,2016,0.486
2021,2017,0.487
2021,2018,0.488
2021,2019,0.489
2021,2020,0.487
2021,2021,0.489
2023,2005,0.49
2023,2006,0.491
2023,2007,0.49
2023,2008,0.492
2023,2009,0.492
2023,2010,0.491
2023,2011,0.491
2023,2012,0.489
2023,2013,0.488
2023,2014,0.487
2023,2015,0.486
2023,2016,0.484
2023,2017,0.482
2023,2018,0.482
2023,2019,0.482
2023,2020,0.479
2023,2021,0.478
2026,2005,0.494
2026,2006,0.495
2026,2007,0.494
2026,2008,0.492
2026,2009,0.492
2026,2010,0.49
2026,2011,0.49
2026,2012,0.489
2026,2013,0.489
2026,2014,0.488
2026,2015,0.49
2026,2016,0.49
2026,2017,0.49
2026,2018,0.488
2026,2019,0.491
2026,2020,0.49
2026,2021,0.492
2029,2005,0.505
2029,2006,0.505
2029,2007,0.506
2029,2008,0.504
2029,2009,0.505
2029,2010,0.503
2029,2011,0.503
2029,2012,0.501
2029,2013,0.501
2029,2014,0.5
2029,2015,0.499
2029,2016,0.497
2029,2017,0.495
2029,2018,0.496
2029,2019,0.494
2029,2020,0.494
2029,2021,0.495
2031,2005,0.505
2031,2006,0.506
2031,2007,0.502
2031,2008,0.504
2031,2009,0.505
2031,2010,0.506
2031,2011,0.505
2031,2012,0.501
2031,2013,0.5
2031,2014,0.499
2031,2015,0.5
2031,2016,0.499
2031,2017,0.499
2031,2018,0.498
2031,2019,0.498
2031,2020,0.497
2031,2021,0.496
2034,2005,0.505
2034,2006,0.503
2034,2007,0.503
2034,2008,0.501
2034,2009,0.5
2034,2010,0.497
2034,2011,0.495
2034,2012,0.497
2034,2013,0.496
2034,2014,0.49
2034,2015,0.487
2034,2016,0.487
2034,2017,0.487
2034,2018,0.489
2034,2019,0.489
2034,2020,0.488
2034,2021,0.49
2039,2005,0.493
2039,2006,0.492
2039,2007,0.492
2039,2008,0.49
2039,2009,0.489
2039,2010,0.489
2039,2011,0.492
2039,2012,0.49
2039,2013,0.489
2039,2014,0.487
2039,2015,0.483
2039,2016,0.484
2039,2017,0.485
2039,2018,0.488
2039,2019,0.487
2039,2020,0.488
2039,2021,0.488
2061,2005,0.496
2061,2006,0.496
2061,2007,0.494
2061,2008,0.495
2061,2009,0.494
2061,2010,0.493
2061,2011,0.493
2061,2012,0.491
2061,2013,0.491
2061,2014,0.489
2061,2015,0.487
2061,2016,0.486
2061,2017,0.487
2061,2018,0.489
2061,2019,0.489
2061,2020,0.49
2061,2021,0.492
2062,2005,0.501
2062,2006,0.5
2062,2007,0.502
2062,2008,0.503
2062,2009,0.504
2062,2010,0.503
2062,2011,0.502
2062,2012,0.501
2062,2013,0.5
2062,2014,0.498
2062,2015,0.496
2062,2016,0.496
2062,2017,0.496
2062,2018,0.496
2062,2019,0.495
2062,2020,0.494
2062,2021,0.495
2080,2005,0.507
2080,2006,0.508
2080,2007,0.507
2080,2008,0.507
2080,2009,0.507
2080,2010,0.507
2080,2011,0.507
2080,2012,0.507
2080,2013,0.507
2080,2014,0.506
2080,2015,0.505
2080,2016,0.505
2080,2017,0.505
2080,2018,0.505
2080,2019,0.505
2080,2020,0.505
2080,2021,0.505
2081,2005,0.498
2081,2006,0.498
2081,2007,0.498
2081,2008,0.499
2081,2009,0.498
2081,2010,0.496
2081,2011,0.499
2081,2012,0.5
2081,2013,0.5
2081,2014,0.499
2081,2015,0.498
2081,2016,0.497
2081,2017,0.496
2081,2018,0.495
2081,2019,0.495
2081,2020,0.495
2081,2021,0.495
2082,2005,0.492
2082,2006,0.493
2082,2007,0.493
2082,2008,0.493
2082,2009,0.492
2082,2010,0.493
2082,2011,0.492
2082,2012,0.491
2082,2013,0.492
2082,2014,0.492
2082,2015,0.49
2082,2016,0.49
2082,2017,0.486
2082,2018,0.487
2082,2019,0.485
2082,2020,0.484
2082,2021,0.485
2083,2005,0.506
2083,2006,0.506
2083,2007,0.504
2083,2008,0.504
2083,2009,0.504
2083,2010,0.501
2083,2011,0.502
2083,2012,0.502
2083,2013,0.501
2083,2014,0.499
2083,2015,0.497
2083,2016,0.494
2083,2017,0.494
2083,2018,0.492
2083,2019,0.492
2083,2020,0.492
2083,2021,0.492
2084,2005,0.498
2084,2006,0.498
2084,2007,0.498
2084,2008,0.499
2084,2009,0.498
2084,2010,0.497
2084,2011,0.496
2084,2012,0.496
2084,2013,0.496
2084,2014,0.496
2084,2015,0.493
2084,2016,0.492
2084,2017,0.493
2084,2018,0.495
2084,2019,0.495
2084,2020,0.495
2084,2021,0.494
2085,2005,0.504
2085,2006,0.503
2085,2007,0.503
2085,2008,0.5
2085,2009,0.5
2085,2010,0.498
2085,2011,0.497
2085,2012,0.498
2085,2013,0.498
2085,2014,0.497
2085,2015,0.494
2085,2016,0.491
2085,2017,0.492
2085,2018,0.492
2085,2019,0.494
2085,2020,0.494
2085,2021,0.494
2101,2005,0.492
2101,2006,0.493
2101,2007,0.491
2101,2008,0.491
2101,2009,0.493
2101,2010,0.496
2101,2011,0.496
2101,2012,0.497
2101,2013,0.49
2101,2014,0.493
2101,2015,0.486
2101,2016,0.486
2101,2017,0.486
2101,2018,0.487
2101,2019,0.491
2101,2020,0.491
2101,2021,0.493
2104,2005,0.494
2104,2006,0.492
2104,2007,0.491
2104,2008,0.492
2104,2009,0.494
2104,2010,0.49
2104,2011,0.49
2104,2012,0.489
2104,2013,0.49
2104,2014,0.488
2104,2015,0.485
2104,2016,0.482
2104,2017,0.484
2104,2018,0.486
2104,2019,0.487
2104,2020,0.486
2104,2021,0.487
2121,2005,0.494
2121,2006,0.495
2121,2007,0.494
2121,2008,0.494
2121,2009,0.492
2121,2010,0.494
2121,2011,0.494
2121,2012,0.492
2121,2013,0.493
2121,2014,0.491
2121,2015,0.488
2121,2016,0.486
2121,2017,0.485
2121,2018,0.485
2121,2019,0.485
2121,2020,0.485
2121,2021,0.486
2132,2005,0.493
2132,2006,0.49
2132,2007,0.49
2132,2008,0.487
2132,2009,0.487
2132,2010,0.486
2132,2011,0.484
2132,2012,0.487
2132,2013,0.485
2132,2014,0.483
2132,2015,0.481
2132,2016,0.481
2132,2017,0.482
2132,2018,0.483
2132,2019,0.485
2132,2020,0.486
2132,2021,0.486
2161,2005,0.497
2161,2006,0.498
2161,2007,0.5
2161,2008,0.5
2161,2009,0.498
2161,2010,0.498
2161,2011,0.499
2161,2012,0.498
2161,2013,0.497
2161,2014,0.496
2161,2015,0.495
2161,2016,0.494
2161,2017,0.495
2161,2018,0.494
2161,2019,0.494
2161,2020,0.494
2161,2021,0.495
2180,2005,0.507
2180,2006,0.507
2180,2007,0.506
2180,2008,0.506
2180,2009,0.506
2180,2010,0.506
2180,2011,0.506
2180,2012,0.505
2180,2013,0.505
2180,2014,0.505
2180,2015,0.505
2180,2016,0.504
2180,2017,0.504
2180,2018,0.503
2180,2019,0.503
2180,2020,0.502
2180,2021,0.502
2181,2005,0.495
2181,2006,0.496
2181,2007,0.496
2181,2008,0.496
2181,2009,0.496
2181,2010,0.496
2181,2011,0.497
2181,2012,0.497
2181,2013,0.496
2181,2014,0.497
2181,2015,0.495
2181,2016,0.494
2181,2017,0.493
2181,2018,0.495
2181,2019,0.496
2181,2020,0.495
2181,2021,0.494
2182,2005,0.501
2182,2006,0.501
2182,2007,0.499
2182,2008,0.5
2182,2009,0.499
2182,2010,0.498
2182,2011,0.498
2182,2012,0.499
2182,2013,0.498
2182,2014,0.496
2182,2015,0.496
2182,2016,0.496
2182,2017,0.496
2182,2018,0.495
2182,2019,0.496
2182,2020,0.495
2182,2021,0.495
2183,2005,0.505
2183,2006,0.506
2183,2007,0.504
2183,2008,0.504
2183,2009,0.502
2183,2010,0.503
2183,2011,0.503
2183,2012,0.503
2183,2013,0.504
2183,2014,0.502
2183,2015,0.499
2183,2016,0.497
2183,2017,0.499
2183,2018,0.499
2183,2019,0.501
2183,2020,0.501
2183,2021,0.501
2184,2005,0.505
2184,2006,0.505
2184,2007,0.505
2184,2008,0.504
2184,2009,0.505
2184,2010,0.504
2184,2011,0.503
2184,2012,0.502
2184,2013,0.502
2184,2014,0.503
2184,2015,0.502
2184,2016,0.499
2184,2017,0.499
2184,2018,0.498
2184,2019,0.498
2184,2020,0.498
2184,2021,0.498
2260,2005,0.495
2260,2006,0.494
2260,2007,0.494
2260,2008,0.491
2260,2009,0.49
2260,2010,0.489
2260,2011,0.489
2260,2012,0.488
2260,2013,0.486
2260,2014,0.483
2260,2015,0.486
2260,2016,0.482
2260,2017,0.481
2260,2018,0.482
2260,2019,0.481
2260,2020,0.481
2260,2021,0.482
2262,2005,0.495
2262,2006,0.495
2262,2007,0.494
2262,2008,0.495
2262,2009,0.495
2262,2010,0.495
2262,2011,0.495
2262,2012,0.494
2262,2013,0.494
2262,2014,0.493
2262,2015,0.493
2262,2016,0.493
2262,2017,0.493
2262,2018,0.492
2262,2019,0.492
2262,2020,0.492
2262,2021,0.493
2280,2005,0.509
2280,2006,0.507
2280,2007,0.508
2280,2008,0.508
2280,2009,0.51
2280,2010,0.508
2280,2011,0.509
2280,2012,0.51
2280,2013,0.508
2280,2014,0.505
2280,2015,0.502
2280,2016,0.502
2280,2017,0.501
2280,2018,0.501
2280,2019,0.501
2280,2020,0.5
2280,2021,0.501
2281,2005,0.503
2281,2006,0.503
2281,2007,0.504
2281,2008,0.505
2281,2009,0.504
2281,2010,0.504
2281,2011,0.504
2281,2012,0.503
2281,2013,0.503
2281,2014,0.503
2281,2015,0.501
2281,2016,0.501
2281,2017,0.5
2281,2018,0.5
2281,2019,0.5
2281,2020,0.499
2281,2021,0.499
2282,2005,0.499
2282,2006,0.496
2282,2007,0.497
2282,2008,0.495
2282,2009,0.494
2282,2010,0.494
2282,2011,0.493
2282,2012,0.493
2282,2013,0.492
2282,2014,0.49
2282,2015,0.489
2282,2016,0.486
2282,2017,0.486
2282,2018,0.487
2282,2019,0.485
2282,2020,0.486
2282,2021,0.486
2283,2005,0.506
2283,2006,0.504
2283,2007,0.504
2283,2008,0.502
2283,2009,0.5
2283,2010,0.499
2283,2011,0.498
2283,2012,0.499
2283,2013,0.499
2283,2014,0.496
2283,2015,0.497
2283,2016,0.495
2283,2017,0.496
2283,2018,0.495
2283,2019,0.495
2283,2020,0.494
2283,2021,0.494
2284,2005,0.499
2284,2006,0.499
2284,2007,0.499
2284,2008,0.5
2284,2009,0.5
2284,2010,0.5
2284,2011,0.499
2284,2012,0.499
2284,2013,0.498
2284,2014,0.497
2284,2015,0.497
2284,2016,0.495
2284,2017,0.495
2284,2018,0.494
2284,2019,0.494
2284,2020,0.494
2284,2021,0.494
2303,2005,0.496
2303,2006,0.498
2303,2007,0.496
2303,2008,0.497
2303,2009,0.495
2303,2010,0.495
2303,2011,0.492
2303,2012,0.492
2303,2013,0.494
2303,2014,0.492
2303,2015,0.487
2303,2016,0.488
2303,2017,0.486
2303,2018,0.486
2303,2019,0.487
2303,2020,0.488
2303,2021,0.488
2305,2005,0.486
2305,2006,0.483
2305,2007,0.482
2305,2008,0.482
2305,2009,0.48
2305,2010,0.477
2305,2011,0.475
2305,2012,0.474
2305,2013,0.478
2305,2014,0.478
2305,2015,0.475
2305,2016,0.475
2305,2017,0.473
2305,2018,0.474
2305,2019,0.474
2305,2020,0.473
2305,2021,0.475
2309,2005,0.49
2309,2006,0.489
2309,2007,0.489
2309,2008,0.489
2309,2009,0.489
2309,2010,0.489
2309,2011,0.488
2309,2012,0.49
2309,2013,0.487
2309,2014,0.487
2309,2015,0.485
2309,2016,0.483
2309,2017,0.483
2309,2018,0.483
2309,2019,0.484
2309,2020,0.484
2309,2021,0.484
2313,2005,0.489
2313,2006,0.491
2313,2007,0.491
2313,2008,0.489
2313,2009,0.487
2313,2010,0.487
2313,2011,0.486
2313,2012,0.486
2313,2013,0.486
2313,2014,0.484
2313,2015,0.482
2313,2016,0.48
2313,2017,0.481
2313,2018,0.482
2313,2019,0.48
2313,2020,0.482
2313,2021,0.482
2321,2005,0.49
2321,2006,0.488
2321,2007,0.488
2321,2008,0.487
2321,2009,0.488
2321,2010,0.489
2321,2011,0.49
2321,2012,0.489
2321,2013,0.486
2321,2014,0.486
2321,2015,0.483
2321,2016,0.48
2321,2017,0.477
2321,2018,0.482
2321,2019,0.482
2321,2020,0.48
2321,2021,0.481
2326,2005,0.488
2326,2006,0.484
2326,2007,0.487
2326,2008,0.486
2326,2009,0.486
2326,2010,0.488
2326,2011,0.485
2326,2012,0.485
2326,2013,0.484
2326,2014,0.483
2326,2015,0.482
2326,2016,0.48
2326,2017,0.481
2326,2018,0.484
2326,2019,0.484
2326,2020,0.486
2326,2021,0.485
2361,2005,0.49
2361,2006,0.493
2361,2007,0.49
2361,2008,0.489
2361,2009,0.49
2361,2010,0.49
2361,2011,0.487
2361,2012,0.485
2361,2013,0.483
2361,2014,0.479
2361,2015,0.478
2361,2016,0.478
2361,2017,0.476
2361,2018,0.478
2361,2019,0.477
2361,2020,0.479
2361,2021,0.476
2380,2005,0.515
2380,2006,0.515
2380,2007,0.515
2380,2008,0.515
2380,2009,0.514
2380,2010,0.514
2380,2011,0.514
2380,2012,0.515
2380,2013,0.513
2380,2014,0.513
2380,2015,0.512
2380,2016,0.512
2380,2017,0.509
2380,2018,0.508
2380,2019,0.507
2380,2020,0.506
2380,2021,0.505
2401,2005,0.496
2401,2006,0.495
2401,2007,0.494
2401,2008,0.493
2401,2009,0.492
2401,2010,0.49
2401,2011,0.49
2401,2012,0.49
2401,2013,0.488
2401,2014,0.488
2401,2015,0.484
2401,2016,0.487
2401,2017,0.486
2401,2018,0.487
2401,2019,0.489
2401,2020,0.487
2401,2021,0.487
2403,2005,0.487
2403,2006,0.488
2403,2007,0.487
2403,2008,0.484
2403,2009,0.479
2403,2010,0.483
2403,2011,0.485
2403,2012,0.483
2403,2013,0.485
2403,2014,0.487
2403,2015,0.484
2403,2016,0.484
2403,2017,0.48
2403,2018,0.479
2403,2019,0.482
2403,2020,0.484
2403,2021,0.475
2404,2005,0.5
2404,2006,0.5
2404,2007,0.504
2404,2008,0.505
2404,2009,0.502
2404,2010,0.5
2404,2011,0.496
2404,2012,0.497
2404,2013,0.496
2404,2014,0.493
2404,2015,0.496
2404,2016,0.494
2404,2017,0.492
2404,2018,0.49
2404,2019,0.489
2404,2020,0.487
2404,2021,0.485
2409,2005,0.492
2409,2006,0.493
2409,2007,0.49
2409,2008,0.49
2409,2009,0.488
2409,2010,0.491
2409,2011,0.488
2409,2012,0.486
2409,2013,0.485
2409,2014,0.486
2409,2015,0.488
2409,2016,0.488
2409,2017,0.487
2409,2018,0.488
2409,2019,0.488
2409,2020,0.487
2409,2021,0.486
2417,2005,0.49
2417,2006,0.493
2417,2007,0.491
2417,2008,0.493
2417,2009,0.49
2417,2010,0.491
2417,2011,0.49
2417,2012,0.488
2417,2013,0.486
2417,2014,0.483
2417,2015,0.481
2417,2016,0.482
2417,2017,0.481
2417,2018,0.481
2417,2019,0.481
2417,2020,0.484
2417,2021,0.484
2418,2005,0.494
2418,2006,0.494
2418,2007,0.496
2418,2008,0.496
2418,2009,0.501
2418,2010,0.501
2418,2011,0.5
2418,2012,0.501
2418,2013,0.5
2418,2014,0.498
2418,2015,0.494
2418,2016,0.492
2418,2017,0.487
2418,2018,0.484
2418,2019,0.483
2418,2020,0.486
2418,2021,0.485
2421,2005,0.488
2421,2006,0.489
2421,2007,0.49
2421,2008,0.489
2421,2009,0.486
2421,2010,0.49
2421,2011,0.491
2421,2012,0.489
2421,2013,0.491
2421,2014,0.494
2421,2015,0.494
2421,2016,0.492
2421,2017,0.489
2421,2018,0.485
2421,2019,0.483
2421,2020,0.486
2421,2021,0.483
2422,2005,0.483
2422,2006,0.485
2422,2007,0.481
2422,2008,0.48
2422,2009,0.477
2422,2010,0.478
2422,2011,0.477
2422,2012,0.48
2422,2013,0.478
2422,2014,0.465
2422,2015,0.468
2422,2016,0.465
2422,2017,0.473
2422,2018,0.469
2422,2019,0.471
2422,2020,0.473
2422,2021,0.474
2425,2005,0.488
2425,2006,0.486
2425,2007,0.485
2425,2008,0.486
2425,2009,0.483
2425,2010,0.48
2425,2011,0.474
2425,2012,0.473
2425,2013,0.479
2425,2014,0.472
2425,2015,0.473
2425,2016,0.476
2425,2017,0.475
2425,2018,0.473
2425,2019,0.469
2425,2020,0.469
2425,2021,0.469
2460,2005,0.503
2460,2006,0.503
2460,2007,0.503
2460,2008,0.499
2460,2009,0.5
2460,2010,0.499
2460,2011,0.501
2460,2012,0.496
2460,2013,0.493
2460,2014,0.491
2460,2015,0.491
2460,2016,0.49
2460,2017,0.489
2460,2018,0.49
2460,2019,0.49
2460,2020,0.49
2460,2021,0.493
2462,2005,0.489
2462,2006,0.488
2462,2007,0.487
2462,2008,0.487
2462,2009,0.489
2462,2010,0.49
2462,2011,0.49
2462,2012,0.489
2462,2013,0.489
2462,2014,0.49
2462,2015,0.489
2462,2016,0.488
2462,2017,0.488
2462,2018,0.49
2462,2019,0.488
2462,2020,0.486
2462,2021,0.486
2463,2005,0.495
2463,2006,0.498
2463,2007,0.49
2463,2008,0.487
2463,2009,0.486
2463,2010,0.482
2463,2011,0.483
2463,2012,0.485
2463,2013,0.48
2463,2014,0.484
2463,2015,0.483
2463,2016,0.478
2463,2017,0.482
2463,2018,0.478
2463,2019,0.48
2463,2020,0.478
2463,2021,0.479
2480,2005,0.503
2480,2006,0.502
2480,2007,0.502
2480,2008,0.502
2480,2009,0.501
2480,2010,0.5
2480,2011,0.501
2480,2012,0.502
2480,2013,0.501
2480,2014,0.5
2480,2015,0.5
2480,2016,0.5
2480,2017,0.499
2480,2018,0.499
2480,2019,0.499
2480,2020,0.5
2480,2021,0.5
2481,2005,0.505
2481,2006,0.504
2481,2007,0.504
2481,2008,0.505
2481,2009,0.505
2481,2010,0.504
2481,2011,0.503
2481,2012,0.5
2481,2013,0.499
2481,2014,0.499
2481,2015,0.498
2481,2016,0.498
2481,2017,0.495
2481,2018,0.496
2481,2019,0.494
2481,2020,0.494
2481,2021,0.491
2482,2005,0.501
2482,2006,0.5
2482,2007,0.499
2482,2008,0.499
2482,2009,0.499
2482,2010,0.499
2482,2011,0.498
2482,2012,0.497
2482,2013,0.496
2482,2014,0.496
2482,2015,0.495
2482,2016,0.495
2482,2017,0.493
2482,2018,0.492
2482,2019,0.492
2482,2020,0.492
2482,2021,0.49
2505,2005,0.5
2505,2006,0.497
2505,2007,0.495
2505,2008,0.493
2505,2009,0.493
2505,2010,0.494
2505,2011,0.492
2505,2012,0.495
2505,2013,0.494
2505,2014,0.495
2505,2015,0.492
2505,2016,0.492
2505,2017,0.492
2505,2018,0.491
2505,2019,0.49
2505,2020,0.486
2505,2021,0.483
2506,2005,0.481
2506,2006,0.484
2506,2007,0.482
2506,2008,0.485
2506,2009,0.483
2506,2010,0.484
2506,2011,0.479
2506,2012,0.475
2506,2013,0.479
2506,2014,0.472
2506,2015,0.479
2506,2016,0.479
2506,2017,0.474
2506,2018,0.479
2506,2019,0.477
2506,2020,0.475
2506,2021,0.478
2510,2005,0.493
2510,2006,0.492
2510,2007,0.493
2510,2008,0.49
2510,2009,0.489
2510,2010,0.49
2510,2011,0.493
2510,2012,0.492
2510,2013,0.489
2510,2014,0.489
2510,2015,0.49
2510,2016,0.485
2510,2017,0.484
2510,2018,0.486
2510,2019,0.484
2510,2020,0.484
2510,2021,0.485
2513,2005,0.487
2513,2006,0.485
2513,2007,0.485
2513,2008,0.484
2513,2009,0.484
2513,2010,0.485
2513,2011,0.479
2513,2012,0.48
2513,2013,0.482
2513,2014,0.477
2513,2015,0.476
2513,2016,0.476
2513,2017,0.475
2513,2018,0.477
2513,2019,0.477
2513,2020,0.476
2513,2021,0.475
2514,2005,0.491
2514,2006,0.491
2514,2007,0.491
2514,2008,0.49
2514,2009,0.491
2514,2010,0.489
2514,2011,0.488
2514,2012,0.488
2514,2013,0.488
2514,2014,0.487
2514,2015,0.487
2514,2016,0.486
2514,2017,0.486
2514,2018,0.488
2514,2019,0.486
2514,2020,0.486
2514,2021,0.488
2518,2005,0.483
2518,2006,0.481
2518,2007,0.477
2518,2008,0.476
2518,2009,0.471
2518,2010,0.47
2518,2011,0.469
2518,2012,0.465
2518,2013,0.467
2518,2014,0.47
2518,2015,0.469
2518,2016,0.471
2518,2017,0.47
2518,2018,0.475
2518,2019,0.481
2518,2020,0.481
2518,2021,0.48
2521,2005,0.475
2521,2006,0.475
2521,2007,0.475
2521,2008,0.474
2521,2009,0.476
2521,2010,0.475
2521,2011,0.475
2521,2012,0.476
2521,2013,0.476
2521,2014,0.477
2521,2015,0.477
2521,2016,0.475
2521,2017,0.469
2521,2018,0.467
2521,2019,0.468
2521,2020,0.466
2521,2021,0.465
2523,2005,0.485
2523,2006,0.484
2523,2007,0.483
2523,2008,0.482
2523,2009,0.482
2523,2010,0.483
2523,2011,0.484
2523,2012,0.485
2523,2013,0.486
2523,2014,0.486
2523,2015,0.484
2523,2016,0.486
2523,2017,0.486
2523,2018,0.484
2523,2019,0.482
2523,2020,0.483
2523,2021,0.482
2560,2005,0.494
2560,2006,0.494
2560,2007,0.495
2560,2008,0.494
2560,2009,0.493
2560,2010,0.493
2560,2011,0.493
2560,2012,0.494
2560,2013,0.494
2560,2014,0.49
2560,2015,0.488
2560,2016,0.487
2560,2017,0.487
2560,2018,0.487
2560,2019,0.485
2560,2020,0.485
2560,2021,0.485
2580,2005,0.494
2580,2006,0.495
2580,2007,0.496
2580,2008,0.496
2580,2009,0.495
2580,2010,0.495
2580,2011,0.495
2580,2012,0.495
2580,2013,0.494
2580,2014,0.494
2580,2015,0.494
2580,2016,0.492
2580,2017,0.491
2580,2018,0.491
2580,2019,0.489
2580,2020,0.488
2580,2021,0.489
2581,2005,0.5
2581,2006,0.499
2581,2007,0.499
2581,2008,0.5
2581,2009,0.5
2581,2010,0.5
2581,2011,0.5
2581,2012,0.498
2581,2013,0.499
2581,2014,0.498
2581,2015,0.498
2581,2016,0.497
2581,2017,0.497
2581,2018,0.497
2581,2019,0.496
2581,2020,0.497
2581,2021,0.497
2582,2005,0.508
2582,2006,0.505
2582,2007,0.504
2582,2008,0.504
2582,2009,0.504
2582,2010,0.503
2582,2011,0.5
2582,2012,0.499
2582,2013,0.495
2582,2014,0.494
2582,2015,0.493
2582,2016,0.493
2582,2017,0.493
2582,2018,0.493
2582,2019,0.493
2582,2020,0.492
2582,2021,0.491
2583,2005,0.488
2583,2006,0.487
2583,2007,0.488
2583,2008,0.49
2583,2009,0.49
2583,2010,0.49
2583,2011,0.492
2583,2012,0.492
2583,2013,0.491
2583,2014,0.487
2583,2015,0.487
2583,2016,0.488
2583,2017,0.485
2583,2018,0.485
2583,2019,0.485
2583,2020,0.481
2583,2021,0.482
2584,2005,0.486
2584,2006,0.487
2584,2007,0.486
2584,2008,0.486
2584,2009,0.486
2584,2010,0.486
2584,2011,0.485
2584,2012,0.484
2584,2013,0.483
2584,2014,0.481
2584,2015,0.482
2584,2016,0.481
2584,2017,0.48
2584,2018,0.479
2584,2019,0.479
2584,2020,0.479
2584,2021,0.478
