kommun,year,mean_sysselsatt_25_64
0114,2005,0.795
0114,2006,0.8
0114,2007,0.813
0114,2008,0.815
0114,2009,0.796
0114,2010,0.805
0114,2011,0.813
0114,2012,0.817
0114,2013,0.816
0114,2014,0.815
0114,2015,0.822
0114,2016,0.825
0114,2017,0.825
0114,2018,0.825
0114,2019,0.822
0114,2020,0.807
0114,2021,0.816
0115,2005,0.847
0115,2006,0.859
0115,2007,0.868
0115,2008,0.871
0115,2009,0.863
0115,2010,0.873
0115,2011,0.879
0115,2012,0.883
0115,2013,0.883
0115,2014,0.884
0115,2015,0.882
0115,2016,0.882
0115,2017,0.882
0115,2018,0.881
0115,2019,0.872
0115,2020,0.865
0115,2021,0.87
0117,2005,0.838
0117,2006,0.846
0117,2007,0.855
0117,2008,0.857
0117,2009,0.848
0117,2010,0.857
0117,2011,0.863
0117,2012,0.864
0117,2013,0.863
0117,2014,0.864
0117,2015,0.865
0117,2016,0.871
0117,2017,0.866
0117,2018,0.866
0117,2019,0.858
0117,2020,0.852
0117,2021,0.861
0120,2005,0.836
0120,2006,0.847
0120,2007,0.854
0120,2008,0.856
0120,2009,0.847
0120,2010,0.856
0120,2011,0.86
0120,2012,0.866
0120,2013,0.867
0120,2014,0.866
0120,2015,0.872
0120,2016,0.873
0120,2017,0.87
0120,2018,0.871
0120,2019,0.863
0120,2020,0.855
0120,2021,0.864
0123,2005,0.797
0123,2006,0.795
0123,2007,0.81
0123,2008,0.808
0123,2009,0.792
0123,2010,0.801
0123,2011,0.806
0123,2012,0.807
0123,2013,0.808
0123,2014,0.808
0123,2015,0.813
0123,2016,0.814
0123,2017,0.82
0123,2018,0.823
0123,2019,0.817
0123,2020,0.806
0123,2021,0.814
0125,2005,0.849
0125,2006,0.857
0125,2007,0.863
0125,2008,0.872
0125,2009,0.86
0125,2010,0.864
0125,2011,0.872
0125,2012,0.873
0125,2013,0.879
0125,2014,0.876
0125,2015,0.884
0125,2016,0.882
0125,2017,0.88
0125,2018,0.88
0125,2019,0.858
0125,2020,0.851
0125,2021,0.855
0126,2005,0.781
0126,2006,0.786
0126,2007,0.796
0126,2008,0.796
0126,2009,0.778
0126,2010,0.787
0126,2011,0.795
0126,2012,0.8
0126,2013,0.799
0126,2014,0.803
0126,2015,0.809
0126,2016,0.814
0126,2017,0.815
0126,2018,0.816
0126,2019,0.812
0126,2020,0.8
0126,2021,0.81
0127,2005,0.709
0127,2006,0.715
0127,2007,0.729
0127,2008,0.734
0127,2009,0.712
0127,2010,0.722
0127,2011,0.734
0127,2012,0.737
0127,2013,0.737
0127,2014,0.742
0127,2015,0.746
0127,2016,0.751
0127,2017,0.758
0127,2018,0.763
0127,2019,0.762
0127,2020,0.745
0127,2021,0.759
0128,2005,0.847
0128,2006,0.853
0128,2007,0.864
0128,2008,0.859
0128,2009,0.848
0128,2010,0.858
0128,2011,0.866
0128,2012,0.863
0128,2013,0.864
0128,2014,0.855
0128,2015,0.86
0128,2016,0.865
0128,2017,0.863
0128,2018,0.864
0128,2019,0.864
0128,2020,0.854
0128,2021,0.86
0136,2005,0.775
0136,2006,0.782
0136,2007,0.793
0136,2008,0.795
0136,2009,0.778
0136,2010,0.788
0136,2011,0.795
0136,2012,0.799
0136,2013,0.801
0136,2014,0.805
0136,2015,0.811
0136,2016,0.818
0136,2017,0.82
0136,2018,0.825
0136,2019,0.822
0136,2020,0.811
0136,2021,0.821
0138,2005,0.817
0138,2006,0.826
0138,2007,0.841
0138,2008,0.847
0138,2009,0.832
0138,2010,0.844
0138,2011,0.852
0138,2012,0.854
0138,2013,0.855
0138,2014,0.86
0138,2015,0.865
0138,2016,0.864
0138,2017,0.862
0138,2018,0.86
0138,2019,0.85
0138,2020,0.844
0138,2021,0.85
0139,2005,0.787
0139,2006,0.796
0139,2007,0.808
0139,2008,0.807
0139,2009,0.785
0139,2010,0.794
0139,2011,0.801
0139,2012,0.805
0139,2013,0.803
0139,2014,0.81
0139,2015,0.818
0139,2016,0.823
0139,2017,0.822
0139,2018,0.826
0139,2019,0.819
0139,2020,0.809
0139,2021,0.819
0140,2005,0.858
0140,2006,0.872
0140,2007,0.872
0140,2008,0.875
0140,2009,0.863
0140,2010,0.88
0140,2011,0.888
0140,2012,0.894
0140,2013,0.887
0140,2014,0.893
0140,2015,0.894
0140,2016,0.893
0140,2017,0.894
0140,2018,0.9
0140,2019,0.902
0140,2020,0.893
0140,2021,0.883
0160,2005,0.837
0160,2006,0.846
0160,2007,0.857
0160,2008,0.86
0160,2009,0.849
0160,2010,0.855
0160,2011,0.863
0160,2012,0.869
0160,2013,0.868
0160,2014,0.869
0160,2015,0.869
0160,2016,0.869
0160,2017,0.87
0160,2018,0.867
0160,2019,0.858
0160,2020,0.852
0160,2021,0.859
0162,2005,0.811
0162,2006,0.822
0162,2007,0.831
0162,2008,0.831
0162,2009,0.822
0162,2010,0.829
0162,2011,0.833
0162,2012,0.837
0162,2013,0.834
0162,2014,0.835
0162,2015,0.837
0162,2016,0.836
0162,2017,0.838
0162,2018,0.833
0162,2019,0.808
0162,2020,0.813
0162,2021,0.821
0163,2005,0.818
0163,2006,0.826
0163,2007,0.838
0163,2008,0.84
0163,2009,0.824
0163,2010,0.83
0163,2011,0.834
0163,2012,0.839
0163,2013,0.838
0163,2014,0.837
0163,2015,0.84
0163,2016,0.839
0163,2017,0.836
0163,2018,0.84
0163,2019,0.83
0163,2020,0.819
0163,2021,0.829
0180,2005,0.761
0180,2006,0.776
0180,2007,0.79
0180,2008,0.793
0180,2009,0.777
0180,2010,0.788
0180,2011,0.795
0180,2012,0.801
0180,2013,0.802
0180,2014,0.806
0180,2015,0.812
0180,2016,0.816
0180,2017,0.815
0180,2018,0.819
0180,2019,0.814
0180,2020,0.803
0180,2021,0.814
0181,2005,0.746
0181,2006,0.744
0181,2007,0.742
0181,2008,0.741
0181,2009,0.714
0181,2010,0.721
0181,2011,0.735
0181,2012,0.735
0181,2013,0.733
0181,2014,0.732
0181,2015,0.738
0181,2016,0.747
0181,2017,0.754
0181,2018,0.765
0181,2019,0.766
0181,2020,0.75
0181,2021,0.763
0182,2005,0.816
0182,2006,0.83
0182,2007,0.838
0182,2008,0.841
0182,2009,0.827
0182,2010,0.837
0182,2011,0.845
0182,2012,0.849
0182,2013,0.851
0182,2014,0.854
0182,2015,0.857
0182,2016,0.859
0182,2017,0.856
0182,2018,0.858
0182,2019,0.849
0182,2020,0.844
0182,2021,0.853
0183,2005,0.777
0183,2006,0.786
0183,2007,0.799
0183,2008,0.801
0183,2009,0.781
0183,2010,0.786
0183,2011,0.794
0183,2012,0.798
0183,2013,0.795
0183,2014,0.802
0183,2015,0.81
0183,2016,0.821
0183,2017,0.824
0183,2018,0.834
0183,2019,0.831
0183,2020,0.819
0183,2021,0.829
0184,2005,0.769
0184,2006,0.791
0184,2007,0.803
0184,2008,0.806
0184,2009,0.787
0184,2010,0.793
0184,2011,0.795
0184,2012,0.802
0184,2013,0.806
0184,2014,0.81
0184,2015,0.814
0184,2016,0.821
0184,2017,0.82
0184,2018,0.823
0184,2019,0.817
0184,2020,0.808
0184,2021,0.815
0186,2005,0.812
0186,2006,0.823
0186,2007,0.825
0186,2008,0.832
0186,2009,0.818
0186,2010,0.826
0186,2011,0.832
0186,2012,0.838
0186,2013,0.834
0186,2014,0.836
0186,2015,0.837
0186,2016,0.838
0186,2017,0.835
0186,2018,0.838
0186,2019,0.831
0186,2020,0.827
0186,2021,0.837
0187,2005,0.846
0187,2006,0.849
0187,2007,0.859
0187,2008,0.855
0187,2009,0.845
0187,2010,0.857
0187,2011,0.868
0187,2012,0.872
0187,2013,0.872
0187,2014,0.866
0187,2015,0.871
0187,2016,0.868
0187,2017,0.867
0187,2018,0.872
0187,2019,0.861
0187,2020,0.859
0187,2021,0.855
0188,2005,0.795
0188,2006,0.802
0188,2007,0.812
0188,2008,0.808
0188,2009,0.793
0188,2010,0.808
0188,2011,0.822
0188,2012,0.825
0188,2013,0.826
0188,2014,0.825
0188,2015,0.826
0188,2016,0.828
0188,2017,0.824
0188,2018,0.828
0188,2019,0.829
0188,2020,0.82
0188,2021,0.824
0191,2005,0.779
0191,2006,0.784
0191,2007,0.797
0191,2008,0.798
0191,2009,0.77
0191,2010,0.779
0191,2011,0.787
0191,2012,0.793
0191,2013,0.79
0191,2014,0.797
0191,2015,0.796
0191,2016,0.802
0191,2017,0.805
0191,2018,0.811
0191,2019,0.798
0191,2020,0.772
0191,2021,0.788
0192,2005,0.785
0192,2006,0.779
0192,2007,0.79
0192,2008,0.794
0192,2009,0.778
0192,2010,0.787
0192,2011,0.795
0192,2012,0.798
0192,2013,0.798
0192,2014,0.806
0192,2015,0.811
0192,2016,0.824
0192,2017,0.817
0192,2018,0.822
0192,2019,0.825
0192,2020,0.813
0192,2021,0.822
0305,2005,0.826
0305,2006,0.833
0305,2007,0.845
0305,2008,0.846
0305,2009,0.837
0305,2010,0.848
0305,2011,0.857
0305,2012,0.862
0305,2013,0.861
0305,2014,0.862
0305,2015,0.863
0305,2016,0.867
0305,2017,0.868
0305,2018,0.866
0305,2019,0.862
0305,2020,0.855
0305,2021,0.863
0319,2005,0.751
0319,2006,0.758
0319,2007,0.773
0319,2008,0.781
0319,2009,0.764
0319,2010,0.778
0319,2011,0.783
0319,2012,0.784
0319,2013,0.792
0319,2014,0.795
0319,2015,0.775
0319,2016,0.779
0319,2017,0.785
0319,2018,0.799
0319,2019,0.803
0319,2020,0.803
0319,2021,0.819
0330,2005,0.87
0330,2006,0.872
0330,2007,0.88
0330,2008,0.878
0330,2009,0.87
0330,2010,0.876
0330,2011,0.887
0330,2012,0.885
0330,2013,0.885
0330,2014,0.89
0330,2015,0.889
0330,2016,0.893
0330,2017,0.891
0330,2018,0.888
0330,2019,0.886
0330,2020,0.877
0330,2021,0.878
0331,2005,0.79
0331,2006,0.806
0331,2007,0.814
0331,2008,0.808
0331,2009,0.791
0331,2010,0.795
0331,2011,0.807
0331,2012,0.809
0331,2013,0.808
0331,2014,0.807
0331,2015,0.812
0331,2016,0.817
0331,2017,0.814
0331,2018,0.818
0331,2019,0.826
0331,2020,0.812
0331,2021,0.82
0360,2005,0.777
0360,2006,0.785
0360,2007,0.794
0360,2008,0.79
0360,2009,0.764
0360,2010,0.782
0360,2011,0.797
0360,2012,0.805
0360,2013,0.797
0360,2014,0.801
0360,2015,0.797
0360,2016,0.801
0360,2017,0.806
0360,2018,0.815
0360,2019,0.815
0360,2020,0.809
0360,2021,0.816
0380,2005,0.782
0380,2006,0.788
0380,2007,0.799
0380,2008,0.795
0380,2009,0.775
0380,2010,0.783
0380,2011,0.79
0380,2012,0.795
0380,2013,0.794
0380,2014,0.798
0380,2015,0.801
0380,2016,0.805
0380,2017,0.8
0380,2018,0.804
0380,2019,0.81
0380,2020,0.796
0380,2021,0.807
0381,2005,0.808
0381,2006,0.818
0381,2007,0.827
0381,2008,0.825
0381,2009,0.812
0381,2010,0.819
0381,2011,0.83
0381,2012,0.841
0381,2013,0.839
0381,2014,0.843
0381,2015,0.847
0381,2016,0.844
0381,2017,0.849
0381,2018,0.85
0381,2019,0.842
0381,2020,0.833
0381,2021,0.843
0382,2005,0.817
0382,2006,0.832
0382,2007,0.842
0382,2008,0.848
0382,2009,0.832
0382,2010,0.836
0382,2011,0.843
0382,2012,0.85
0382,2013,0.853
0382,2014,0.852
0382,2015,0.854
0382,2016,0.857
0382,2017,0.857
0382,2018,0.86
0382,2019,0.863
0382,2020,0.86
0382,2021,0.86
0428,2005,0.768
0428,2006,0.781
0428,2007,0.792
0428,2008,0.793
0428,2009,0.772
0428,2010,0.782
0428,2011,0.787
0428,2012,0.788
0428,2013,0.772
0428,2014,0.774
0428,2015,0.775
0428,2016,0.775
0428,2017,0.783
0428,2018,0.788
0428,2019,0.789
0428,2020,0.785
0428,2021,0.795
0461,2005,0.809
0461,2006,0.818
0461,2007,0.829
0461,2008,0.826
0461,2009,0.808
0461,2010,0.819
0461,2011,0.831
0461,2012,0.831
0461,2013,0.828
0461,2014,0.833
0461,2015,0.835
0461,2016,0.837
0461,2017,0.842
0461,2018,0.841
0461,2019,0.845
0461,2020,0.831
0461,2021,0.834
0480,2005,0.801
0480,2006,0.811
0480,2007,0.815
0480,2008,0.816
0480,2009,0.794
0480,2010,0.806
0480,2011,0.82
0480,2012,0.821
0480,2013,0.822
0480,2014,0.821
0480,2015,0.824
0480,2016,0.824
0480,2017,0.826
0480,2018,0.825
0480,2019,0.825
0480,2020,0.812
0480,2021,0.816
0481,2005,0.794
0481,2006,0.796
0481,2007,0.797
0481,2008,0.792
0481,2009,0.766
0481,2010,0.781
0481,2011,0.802
0481,2012,0.803
0481,2013,0.801
0481,2014,0.789
0481,2015,0.779
0481,2016,0.773
0481,2017,0.782
0481,2018,0.784
0481,2019,0.794
0481,2020,0.787
0481,2021,0.803
0482,2005,0.747
0482,2006,0.76
0482,2007,0.765
0482,2008,0.762
0482,2009,0.739
0482,2010,0.744
0482,2011,0.746
0482,2012,0.743
0482,2013,0.736
0482,2014,0.729
0482,2015,0.723
0482,2016,0.722
0482,2017,0.73
0482,2018,0.736
0482,2019,0.749
0482,2020,0.736
0482,2021,0.745
0483,2005,0.752
0483,2006,0.761
0483,2007,0.773
0483,2008,0.775
0483,2009,0.749
0483,2010,0.757
0483,2011,0.766
0483,2012,0.764
0483,2013,0.765
0483,2014,0.767
0483,2015,0.77
0483,2016,0.776
0483,2017,0.782
0483,2018,0.788
0483,2019,0.794
0483,2020,0.786
0483,2021,0.796
0484,2005,0.752
0484,2006,0.764
0484,2007,0.774
0484,2008,0.768
0484,2009,0.73
0484,2010,0.743
0484,2011,0.754
0484,2012,0.753
0484,2013,0.756
0484,2014,0.752
0484,2015,0.755
0484,2016,0.762
0484,2017,0.767
0484,2018,0.774
0484,2019,0.769
0484,2020,0.761
0484,2021,0.775
0486,2005,0.807
0486,2006,0.81
0486,2007,0.824
0486,2008,0.825
0486,2009,0.809
0486,2010,0.818
0486,2011,0.827
0486,2012,0.828
0486,2013,0.83
0486,2014,0.83
0486,2015,0.833
0486,2016,0.837
0486,2017,0.836
0486,2018,0.837
0486,2019,0.829
0486,2020,0.821
0486,2021,0.833
0488,2005,0.828
0488,2006,0.836
0488,2007,0.845
0488,2008,0.848
0488,2009,0.839
0488,2010,0.848
0488,2011,0.856
0488,2012,0.856
0488,2013,0.852
0488,2014,0.856
0488,2015,0.861
0488,2016,0.856
0488,2017,0.858
0488,2018,0.864
0488,2019,0.861
0488,2020,0.854
0488,2021,0.856
0509,2005,0.785
0509,2006,0.801
0509,2007,0.811
0509,2008,0.806
0509,2009,0.779
0509,2010,0.787
0509,2011,0.808
0509,2012,0.818
0509,2013,0.81
0509,2014,0.798
0509,2015,0.807
0509,2016,0.809
0509,2017,0.805
0509,2018,0.811
0509,2019,0.831
0509,2020,0.836
0509,2021,0.847
0512,2005,0.841
0512,2006,0.858
0512,2007,0.875
0512,2008,0.871
0512,2009,0.852
0512,2010,0.856
0512,2011,0.856
0512,2012,0.858
0512,2013,0.854
0512,2014,0.847
0512,2015,0.841
0512,2016,0.846
0512,2017,0.845
0512,2018,0.855
0512,2019,0.85
0512,2020,0.842
0512,2021,0.86
0513,2005,0.834
0513,2006,0.838
0513,2007,0.845
0513,2008,0.847
0513,2009,0.834
0513,2010,0.843
0513,2011,0.851
0513,2012,0.85
0513,2013,0.842
0513,2014,0.84
0513,2015,0.836
0513,2016,0.846
0513,2017,0.854
0513,2018,0.851
0513,2019,0.856
0513,2020,0.856
0513,2021,0.86
0560,2005,0.794
0560,2006,0.801
0560,2007,0.82
0560,2008,0.817
0560,2009,0.804
0560,2010,0.818
0560,2011,0.831
0560,2012,0.823
0560,2013,0.828
0560,2014,0.831
0560,2015,0.819
0560,2016,0.83
0560,2017,0.825
0560,2018,0.833
0560,2019,0.842
0560,2020,0.835
0560,2021,0.841
0561,2005,0.8
0561,2006,0.813
0561,2007,0.824
0561,2008,0.822
0561,2009,0.795
0561,2010,0.816
0561,2011,0.823
0561,2012,0.829
0561,2013,0.826
0561,2014,0.825
0561,2015,0.828
0561,2016,0.836
0561,2017,0.838
0561,2018,0.84
0561,2019,0.857
0561,2020,0.852
0561,2021,0.861
0562,2005,0.804
0562,2006,0.814
0562,2007,0.822
0562,2008,0.819
0562,2009,0.801
0562,2010,0.817
0562,2011,0.822
0562,2012,0.819
0562,2013,0.807
0562,2014,0.79
0562,2015,0.793
0562,2016,0.803
0562,2017,0.811
0562,2018,0.814
0562,2019,0.815
0562,2020,0.813
0562,2021,0.817
0563,2005,0.757
0563,2006,0.78
0563,2007,0.79
0563,2008,0.789
0563,2009,0.765
0563,2010,0.776
0563,2011,0.776
0563,2012,0.789
0563,2013,0.792
0563,2014,0.799
0563,2015,0.793
0563,2016,0.788
0563,2017,0.789
0563,2018,0.805
0563,2019,0.802
0563,2020,0.805
0563,2021,0.818
0580,2005,0.781
0580,2006,0.788
0580,2007,0.798
0580,2008,0.796
0580,2009,0.772
0580,2010,0.78
0580,2011,0.788
0580,2012,0.791
0580,2013,0.793
0580,2014,0.798
0580,2015,0.807
0580,2016,0.811
0580,2017,0.81
0580,2018,0.813
0580,2019,0.818
0580,2020,0.811
0580,2021,0.819
0581,2005,0.739
0581,2006,0.75
0581,2007,0.764
0581,2008,0.765
0581,2009,0.746
0581,2010,0.759
0581,2011,0.77
0581,2012,0.772
0581,2013,0.772
0581,2014,0.773
0581,2015,0.777
0581,2016,0.78
0581,2017,0.785
0581,2018,0.794
0581,2019,0.796
0581,2020,0.793
0581,2021,0.804
0582,2005,0.793
0582,2006,0.808
0582,2007,0.823
0582,2008,0.834
0582,2009,0.82
0582,2010,0.832
0582,2011,0.839
0582,2012,0.836
0582,2013,0.843
0582,2014,0.841
0582,2015,0.853
0582,2016,0.852
0582,2017,0.854
0582,2018,0.859
0582,2019,0.854
0582,2020,0.85
0582,2021,0.862
0583,2005,0.757
0583,2006,0.767
0583,2007,0.775
0583,2008,0.772
0583,2009,0.748
0583,2010,0.75
0583,2011,0.763
0583,2012,0.764
0583,2013,0.77
0583,2014,0.771
0583,2015,0.774
0583,2016,0.779
0583,2017,0.784
0583,2018,0.794
0583,2019,0.799
0583,2020,0.797
0583,2021,0.81
0584,2005,0.791
0584,2006,0.794
0584,2007,0.8
0584,2008,0.805
0584,2009,0.8
0584,2010,0.796
0584,2011,0.813
0584,2012,0.812
0584,2013,0.81
0584,2014,0.816
0584,2015,0.818
0584,2016,0.818
0584,2017,0.815
0584,2018,0.817
0584,2019,0.822
0584,2020,0.826
0584,2021,0.828
0586,2005,0.787
0586,2006,0.794
0586,2007,0.815
0586,2008,0.816
0586,2009,0.797
0586,2010,0.807
0586,2011,0.818
0586,2012,0.82
0586,2013,0.821
0586,2014,0.824
0586,2015,0.828
0586,2016,0.838
0586,2017,0.841
0586,2018,0.843
0586,2019,0.844
0586,2020,0.839
0586,2021,0.851
0604,2005,0.845
0604,2006,0.842
0604,2007,0.855
0604,2008,0.848
0604,2009,0.817
0604,2010,0.832
0604,2011,0.84
0604,2012,0.836
0604,2013,0.839
0604,2014,0.833
0604,2015,0.829
0604,2016,0.838
0604,2017,0.836
0604,2018,0.841
0604,2019,0.838
0604,2020,0.836
0604,2021,0.85
0617,2005,0.868
0617,2006,0.874
0617,2007,0.881
0617,2008,0.872
0617,2009,0.827
0617,2010,0.83
0617,2011,0.844
0617,2012,0.844
0617,2013,0.841
0617,2014,0.836
0617,2015,0.838
0617,2016,0.843
0617,2017,0.851
0617,2018,0.857
0617,2019,0.859
0617,2020,0.852
0617,2021,0.871
0642,2005,0.827
0642,2006,0.83
0642,2007,0.837
0642,2008,0.834
0642,2009,0.812
0642,2010,0.83
0642,2011,0.836
0642,2012,0.837
0642,2013,0.836
0642,2014,0.838
0642,2015,0.838
0642,2016,0.845
0642,2017,0.851
0642,2018,0.856
0642,2019,0.861
0642,2020,0.857
0642,2021,0.856
0643,2005,0.867
0643,2006,0.875
0643,2007,0.88
0643,2008,0.876
0643,2009,0.86
0643,2010,0.875
0643,2011,0.886
0643,2012,0.895
0643,2013,0.891
0643,2014,0.893
0643,2015,0.896
0643,2016,0.896
0643,2017,0.894
0643,2018,0.903
0643,2019,0.896
0643,2020,0.897
0643,2021,0.899
0662,2005,0.846
0662,2006,0.849
0662,2007,0.861
0662,2008,0.855
0662,2009,0.809
0662,2010,0.82
0662,2011,0.835
0662,2012,0.834
0662,2013,0.832
0662,2014,0.83
0662,2015,0.82
0662,2016,0.826
0662,2017,0.833
0662,2018,0.838
0662,2019,0.838
0662,2020,0.835
0662,2021,0.85
0665,2005,0.845
0665,2006,0.859
0665,2007,0.868
0665,2008,0.857
0665,2009,0.817
0665,2010,0.844
0665,2011,0.856
0665,2012,0.857
0665,2013,0.859
0665,2014,0.858
0665,2015,0.861
0665,2016,0.867
0665,2017,0.873
0665,2018,0.877
0665,2019,0.879
0665,2020,0.865
0665,2021,0.872
0680,2005,0.818
0680,2006,0.823
0680,2007,0.831
0680,2008,0.829
0680,2009,0.807
0680,2010,0.817
0680,2011,0.829
0680,2012,0.829
0680,2013,0.825
0680,2014,0.826
0680,2015,0.834
0680,2016,0.838
0680,2017,0.841
0680,2018,0.845
0680,2019,0.841
0680,2020,0.832
0680,2021,0.84
0682,2005,0.824
0682,2006,0.829
0682,2007,0.835
0682,2008,0.829
0682,2009,0.8
0682,2010,0.807
0682,2011,0.815
0682,2012,0.813
0682,2013,0.807
0682,2014,0.804
0682,2015,0.796
0682,2016,0.804
0682,2017,0.81
0682,2018,0.817
0682,2019,0.812
0682,2020,0.803
0682,2021,0.819
0683,2005,0.863
0683,2006,0.87
0683,2007,0.88
0683,2008,0.879
0683,2009,0.833
0683,2010,0.843
0683,2011,0.855
0683,2012,0.855
0683,2013,0.851
0683,2014,0.852
0683,2015,0.853
0683,2016,0.857
0683,2017,0.86
0683,2018,0.868
0683,2019,0.865
0683,2020,0.858
0683,2021,0.865
0684,2005,0.815
0684,2006,0.825
0684,2007,0.84
0684,2008,0.833
0684,2009,0.801
0684,2010,0.815
0684,2011,0.822
0684,2012,0.82
0684,2013,0.808
0684,2014,0.796
0684,2015,0.803
0684,2016,0.81
0684,2017,0.817
0684,2018,0.824
0684,2019,0.822
0684,2020,0.812
0684,2021,0.821
0685,2005,0.843
0685,2006,0.847
0685,2007,0.862
0685,2008,0.86
0685,2009,0.827
0685,2010,0.838
0685,2011,0.845
0685,2012,0.844
0685,2013,0.839
0685,2014,0.84
0685,2015,0.838
0685,2016,0.841
0685,2017,0.841
0685,2018,0.848
0685,2019,0.849
0685,2020,0.835
0685,2021,0.845
0686,2005,0.837
0686,2006,0.838
0686,2007,0.851
0686,2008,0.853
0686,2009,0.827
0686,2010,0.837
0686,2011,0.845
0686,2012,0.837
0686,2013,0.829
0686,2014,0.828
0686,2015,0.827
0686,2016,0.826
0686,2017,0.822
0686,2018,0.826
0686,2019,0.83
0686,2020,0.82
0686,2021,0.825
0687,2005,0.801
0687,2006,0.811
0687,2007,0.82
0687,2008,0.821
0687,2009,0.791
0687,2010,0.799
0687,2011,0.805
0687,2012,0.808
0687,2013,0.803
0687,2014,0.798
0687,2015,0.798
0687,2016,0.804
0687,2017,0.809
0687,2018,0.81
0687,2019,0.812
0687,2020,0.797
0687,2021,0.814
0760,2005,0.826
0760,2006,0.823
0760,2007,0.838
0760,2008,0.841
0760,2009,0.808
0760,2010,0.821
0760,2011,0.816
0760,2012,0.799
0760,2013,0.791
0760,2014,0.808
0760,2015,0.802
0760,2016,0.808
0760,2017,0.817
0760,2018,0.825
0760,2019,0.816
0760,2020,0.801
0760,2021,0.815
0761,2005,0.824
0761,2006,0.821
0761,2007,0.82
0761,2008,0.816
0761,2009,0.779
0761,2010,0.78
0761,2011,0.795
0761,2012,0.79
0761,2013,0.772
0761,2014,0.759
0761,2015,0.736
0761,2016,0.749
0761,2017,0.758
0761,2018,0.765
0761,2019,0.763
0761,2020,0.764
0761,2021,0.786
0763,2005,0.822
0763,2006,0.824
0763,2007,0.832
0763,2008,0.83
0763,2009,0.81
0763,2010,0.816
0763,2011,0.828
0763,2012,0.828
0763,2013,0.819
0763,2014,0.819
0763,2015,0.8
0763,2016,0.801
0763,2017,0.801
0763,2018,0.808
0763,2019,0.804
0763,2020,0.801
0763,2021,0.799
0764,2005,0.843
0764,2006,0.845
0764,2007,0.847
0764,2008,0.847
0764,2009,0.824
0764,2010,0.825
0764,2011,0.83
0764,2012,0.826
0764,2013,0.815
0764,2014,0.812
0764,2015,0.809
0764,2016,0.818
0764,2017,0.825
0764,2018,0.83
0764,2019,0.835
0764,2020,0.823
0764,2021,0.827
0765,2005,0.85
0765,2006,0.859
0765,2007,0.862
0765,2008,0.855
0765,2009,0.834
0765,2010,0.842
0765,2011,0.854
0765,2012,0.847
0765,2013,0.84
0765,2014,0.843
0765,2015,0.835
0765,2016,0.83
0765,2017,0.821
0765,2018,0.817
0765,2019,0.822
0765,2020,0.816
0765,2021,0.825
0767,2005,0.793
0767,2006,0.802
0767,2007,0.803
0767,2008,0.801
0767,2009,0.77
0767,2010,0.779
0767,2011,0.782
0767,2012,0.785
0767,2013,0.779
0767,2014,0.78
0767,2015,0.773
0767,2016,0.771
0767,2017,0.778
0767,2018,0.782
0767,2019,0.782
0767,2020,0.782
0767,2021,0.798
0780,2005,0.821
0780,2006,0.827
0780,2007,0.833
0780,2008,0.829
0780,2009,0.8
0780,2010,0.809
0780,2011,0.82
0780,2012,0.815
0780,2013,0.813
0780,2014,0.81
0780,2015,0.812
0780,2016,0.818
0780,2017,0.822
0780,2018,0.825
0780,2019,0.824
0780,2020,0.817
0780,2021,0.826
0781,2005,0.845
0781,2006,0.858
0781,2007,0.864
0781,2008,0.863
0781,2009,0.829
0781,2010,0.836
0781,2011,0.844
0781,2012,0.843
0781,2013,0.837
0781,2014,0.835
0781,2015,0.838
0781,2016,0.833
0781,2017,0.832
0781,2018,0.836
0781,2019,0.836
0781,2020,0.826
0781,2021,0.84
0821,2005,0.756
0821,2006,0.763
0821,2007,0.769
0821,2008,0.754
0821,2009,0.727
0821,2010,0.744
0821,2011,0.749
0821,2012,0.75
0821,2013,0.739
0821,2014,0.737
0821,2015,0.728
0821,2016,0.72
0821,2017,0.724
0821,2018,0.731
0821,2019,0.739
0821,2020,0.739
0821,2021,0.77
0834,2005,0.793
0834,2006,0.802
0834,2007,0.817
0834,2008,0.806
0834,2009,0.767
0834,2010,0.778
0834,2011,0.798
0834,2012,0.791
0834,2013,0.797
0834,2014,0.8
0834,2015,0.79
0834,2016,0.779
0834,2017,0.791
0834,2018,0.799
0834,2019,0.805
0834,2020,0.804
0834,2021,0.812
0840,2005,0.816
0840,2006,0.823
0840,2007,0.836
0840,2008,0.842
0840,2009,0.827
0840,2010,0.842
0840,2011,0.848
0840,2012,0.854
0840,2013,0.857
0840,2014,0.863
0840,2015,0.861
0840,2016,0.856
0840,2017,0.863
0840,2018,0.864
0840,2019,0.864
0840,2020,0.865
0840,2021,0.872
0860,2005,0.762
0860,2006,0.76
0860,2007,0.775
0860,2008,0.769
0860,2009,0.744
0860,2010,0.765
0860,2011,0.77
0860,2012,0.767
0860,2013,0.765
0860,2014,0.763
0860,2015,0.752
0860,2016,0.73
0860,2017,0.745
0860,2018,0.767
0860,2019,0.773
0860,2020,0.773
0860,2021,0.771
0861,2005,0.805
0861,2006,0.807
0861,2007,0.825
0861,2008,0.829
0861,2009,0.794
0861,2010,0.808
0861,2011,0.821
0861,2012,0.814
0861,2013,0.809
0861,2014,0.802
0861,2015,0.804
0861,2016,0.802
0861,2017,0.801
0861,2018,0.806
0861,2019,0.815
0861,2020,0.807
0861,2021,0.818
0862,2005,0.791
0862,2006,0.799
0862,2007,0.81
0862,2008,0.812
0862,2009,0.788
0862,2010,0.795
0862,2011,0.808
0862,2012,0.801
0862,2013,0.802
0862,2014,0.797
0862,2015,0.796
0862,2016,0.787
0862,2017,0.791
0862,2018,0.789
0862,2019,0.785
0862,2020,0.781
0862,2021,0.799
0880,2005,0.796
0880,2006,0.804
0880,2007,0.816
0880,2008,0.812
0880,2009,0.793
0880,2010,0.807
0880,2011,0.817
0880,2012,0.816
0880,2013,0.818
0880,2014,0.818
0880,2015,0.82
0880,2016,0.823
0880,2017,0.826
0880,2018,0.828
0880,2019,0.828
0880,2020,0.825
0880,2021,0.833
0881,2005,0.79
0881,2006,0.797
0881,2007,0.803
0881,2008,0.801
0881,2009,0.768
0881,2010,0.786
0881,2011,0.795
0881,2012,0.796
0881,2013,0.797
0881,2014,0.785
0881,2015,0.785
0881,2016,0.775
0881,2017,0.782
0881,2018,0.791
0881,2019,0.796
0881,2020,0.797
0881,2021,0.806
0882,2005,0.813
0882,2006,0.816
0882,2007,0.829
0882,2008,0.833
0882,2009,0.816
0882,2010,0.827
0882,2011,0.833
0882,2012,0.831
0882,2013,0.833
0882,2014,0.834
0882,2015,0.836
0882,2016,0.828
0882,2017,0.833
0882,2018,0.834
0882,2019,0.84
0882,2020,0.829
0882,2021,0.844
0883,2005,0.771
0883,2006,0.78
0883,2007,0.795
0883,2008,0.799
0883,2009,0.775
0883,2010,0.794
0883,2011,0.81
0883,2012,0.804
0883,2013,0.799
0883,2014,0.804
0883,2015,0.804
0883,2016,0.799
0883,2017,0.804
0883,2018,0.811
0883,2019,0.815
0883,2020,0.81
0883,2021,0.825
0884,2005,0.822
0884,2006,0.83
0884,2007,0.844
0884,2008,0.841
0884,2009,0.808
0884,2010,0.826
0884,2011,0.838
0884,2012,0.839
0884,2013,0.839
0884,2014,0.844
0884,2015,0.839
0884,2016,0.828
0884,2017,0.829
0884,2018,0.832
0884,2019,0.851
0884,2020,0.842
0884,2021,0.852
0885,2005,0.774
0885,2006,0.779
0885,2007,0.798
0885,2008,0.795
0885,2009,0.771
0885,2010,0.793
0885,2011,0.8
0885,2012,0.791
0885,2013,0.808
0885,2014,0.8
0885,2015,0.803
0885,2016,0.799
0885,2017,0.813
0885,2018,0.816
0885,2019,0.808
0885,2020,0.812
0885,2021,0.817
0980,2005,0.782
0980,2006,0.797
0980,2007,0.808
0980,2008,0.814
0980,2009,0.798
0980,2010,0.81
0980,2011,0.818
0980,2012,0.819
0980,2013,0.822
0980,2014,0.825
0980,2015,0.828
0980,2016,0.831
0980,2017,0.832
0980,2018,0.836
0980,2019,0.83
0980,2020,0.825
0980,2021,0.834
1060,2005,0.779
1060,2006,0.79
1060,2007,0.796
1060,2008,0.775
1060,2009,0.728
1060,2010,0.755
1060,2011,0.778
1060,2012,0.775
1060,2013,0.778
1060,2014,0.769
1060,2015,0.768
1060,2016,0.78
1060,2017,0.795
1060,2018,0.797
1060,2019,0.788
1060,2020,0.784
1060,2021,0.783
1080,2005,0.792
1080,2006,0.802
1080,2007,0.804
1080,2008,0.796
1080,2009,0.775
1080,2010,0.779
1080,2011,0.785
1080,2012,0.8
1080,2013,0.801
1080,2014,0.804
1080,2015,0.802
1080,2016,0.808
1080,2017,0.816
1080,2018,0.821
1080,2019,0.819
1080,2020,0.818
1080,2021,0.825
1081,2005,0.772
1081,2006,0.782
1081,2007,0.792
1081,2008,0.784
1081,2009,0.754
1081,2010,0.758
1081,2011,0.779
1081,2012,0.78
1081,2013,0.784
1081,2014,0.779
1081,2015,0.763
1081,2016,0.774
1081,2017,0.77
1081,2018,0.772
1081,2019,0.776
1081,2020,0.776
1081,2021,0.788
1082,2005,0.792
1082,2006,0.801
1082,2007,0.805
1082,2008,0.799
1082,2009,0.775
1082,2010,0.785
1082,2011,0.795
1082,2012,0.792
1082,2013,0.789
1082,2014,0.794
1082,2015,0.792
1082,2016,0.8
1082,2017,0.808
1082,2018,0.809
1082,2019,0.806
1082,2020,0.801
1082,2021,0.812
1083,2005,0.786
1083,2006,0.792
1083,2007,0.796
1083,2008,0.795
1083,2009,0.76
1083,2010,0.779
1083,2011,0.795
1083,2012,0.794
1083,2013,0.797
1083,2014,0.797
1083,2015,0.805
1083,2016,0.808
1083,2017,0.82
1083,2018,0.824
1083,2019,0.825
1083,2020,0.824
1083,2021,0.835
1214,2005,0.777
1214,2006,0.794
1214,2007,0.8
1214,2008,0.8
1214,2009,0.777
1214,2010,0.79
1214,2011,0.797
1214,2012,0.791
1214,2013,0.793
1214,2014,0.797
1214,2015,0.801
1214,2016,0.797
1214,2017,0.804
1214,2018,0.815
1214,2019,0.816
1214,2020,0.813
1214,2021,0.83
1230,2005,0.837
1230,2006,0.838
1230,2007,0.846
1230,2008,0.846
1230,2009,0.833
1230,2010,0.84
1230,2011,0.845
1230,2012,0.852
1230,2013,0.854
1230,2014,0.854
1230,2015,0.859
1230,2016,0.862
1230,2017,0.861
1230,2018,0.867
1230,2019,0.872
1230,2020,0.864
1230,2021,0.869
1231,2005,0.732
1231,2006,0.738
1231,2007,0.745
1231,2008,0.739
1231,2009,0.716
1231,2010,0.711
1231,2011,0.724
1231,2012,0.729
1231,2013,0.736
1231,2014,0.733
1231,2015,0.732
1231,2016,0.741
1231,2017,0.747
1231,2018,0.749
1231,2019,0.758
1231,2020,0.751
1231,2021,0.76
1233,2005,0.818
1233,2006,0.824
1233,2007,0.828
1233,2008,0.822
1233,2009,0.808
1233,2010,0.818
1233,2011,0.825
1233,2012,0.83
1233,2013,0.83
1233,2014,0.83
1233,2015,0.833
1233,2016,0.835
1233,2017,0.837
1233,2018,0.84
1233,2019,0.835
1233,2020,0.832
1233,2021,0.837
1256,2005,0.799
1256,2006,0.798
1256,2007,0.811
1256,2008,0.805
1256,2009,0.767
1256,2010,0.778
1256,2011,0.785
1256,2012,0.784
1256,2013,0.774
1256,2014,0.772
1256,2015,0.763
1256,2016,0.754
1256,2017,0.749
1256,2018,0.757
1256,2019,0.767
1256,2020,0.772
1256,2021,0.782
1257,2005,0.762
1257,2006,0.775
1257,2007,0.781
1257,2008,0.774
1257,2009,0.744
1257,2010,0.746
1257,2011,0.76
1257,2012,0.764
1257,2013,0.764
1257,2014,0.765
1257,2015,0.758
1257,2016,0.766
1257,2017,0.77
1257,2018,0.779
1257,2019,0.78
1257,2020,0.778
1257,2021,0.795
1260,2005,0.752
1260,2006,0.753
1260,2007,0.757
1260,2008,0.749
1260,2009,0.719
1260,2010,0.725
1260,2011,0.741
1260,2012,0.74
1260,2013,0.747
1260,2014,0.747
1260,2015,0.756
1260,2016,0.765
1260,2017,0.765
1260,2018,0.761
1260,2019,0.767
1260,2020,0.761
1260,2021,0.772
1261,2005,0.843
1261,2006,0.847
1261,2007,0.853
1261,2008,0.851
1261,2009,0.835
1261,2010,0.845
1261,2011,0.851
1261,2012,0.857
1261,2013,0.859
1261,2014,0.86
1261,2015,0.862
1261,2016,0.864
1261,2017,0.865
1261,2018,0.869
1261,2019,0.87
1261,2020,0.864
1261,2021,0.87
1262,2005,0.844
1262,2006,0.854
1262,2007,0.861
1262,2008,0.863
1262,2009,0.849
1262,2010,0.861
1262,2011,0.871
1262,2012,0.874
1262,2013,0.873
1262,2014,0.877
1262,2015,0.878
1262,2016,0.877
1262,2017,0.877
1262,2018,0.873
1262,2019,0.865
1262,2020,0.867
1262,2021,0.87
1263,2005,0.834
1263,2006,0.841
1263,2007,0.846
1263,2008,0.84
1263,2009,0.828
1263,2010,0.846
1263,2011,0.856
1263,2012,0.856
1263,2013,0.853
1263,2014,0.853
1263,2015,0.859
1263,2016,0.861
1263,2017,0.863
1263,2018,0.862
1263,2019,0.865
1263,2020,0.86
1263,2021,0.863
1264,2005,0.781
1264,2006,0.782
1264,2007,0.788
1264,2008,0.782
1264,2009,0.763
1264,2010,0.781
1264,2011,0.792
1264,2012,0.793
1264,2013,0.795
1264,2014,0.798
1264,2015,0.799
1264,2016,0.807
1264,2017,0.812
1264,2018,0.821
1264,2019,0.821
1264,2020,0.818
1264,2021,0.826
1265,2005,0.774
1265,2006,0.786
1265,2007,0.791
1265,2008,0.8
1265,2009,0.78
1265,2010,0.797
1265,2011,0.807
1265,2012,0.811
1265,2013,0.812
1265,2014,0.809
1265,2015,0.818
1265,2016,0.823
1265,2017,0.824
1265,2018,0.829
1265,2019,0.837
1265,2020,0.829
1265,2021,0.834
1266,2005,0.8
1266,2006,0.797
1266,2007,0.812
1266,2008,0.805
1266,2009,0.788
1266,2010,0.797
1266,2011,0.805
1266,2012,0.812
1266,2013,0.81
1266,2014,0.811
1266,2015,0.819
1266,2016,0.819
1266,2017,0.817
1266,2018,0.822
1266,2019,0.829
1266,2020,0.824
1266,2021,0.827
1267,2005,0.785
1267,2006,0.799
1267,2007,0.81
1267,2008,0.814
1267,2009,0.796
1267,2010,0.803
1267,2011,0.814
1267,2012,0.821
1267,2013,0.821
1267,2014,0.822
1267,2015,0.832
1267,2016,0.835
1267,2017,0.83
1267,2018,0.824
1267,2019,0.833
1267,2020,0.83
1267,2021,0.842
1270,2005,0.775
1270,2006,0.783
1270,2007,0.784
1270,2008,0.78
1270,2009,0.759
1270,2010,0.777
1270,2011,0.795
1270,2012,0.8
1270,2013,0.797
1270,2014,0.801
1270,2015,0.803
1270,2016,0.802
1270,2017,0.8
1270,2018,0.802
1270,2019,0.807
1270,2020,0.799
1270,2021,0.81
1272,2005,0.802
1272,2006,0.807
1272,2007,0.803
1272,2008,0.796
1272,2009,0.763
1272,2010,0.782
1272,2011,0.789
1272,2012,0.792
1272,2013,0.788
1272,2014,0.785
1272,2015,0.796
1272,2016,0.803
1272,2017,0.807
1272,2018,0.809
1272,2019,0.813
1272,2020,0.814
1272,2021,0.817
1273,2005,0.806
1273,2006,0.816
1273,2007,0.825
1273,2008,0.81
1273,2009,0.772
1273,2010,0.786
1273,2011,0.801
1273,2012,0.796
1273,2013,0.788
1273,2014,0.795
1273,2015,0.794
1273,2016,0.796
1273,2017,0.805
1273,2018,0.81
1273,2019,0.82
1273,2020,0.811
1273,2021,0.812
1275,2005,0.735
1275,2006,0.748
1275,2007,0.744
1275,2008,0.738
1275,2009,0.701
1275,2010,0.706
1275,2011,0.711
1275,2012,0.71
1275,2013,0.719
1275,2014,0.702
1275,2015,0.707
1275,2016,0.71
1275,2017,0.722
1275,2018,0.717
1275,2019,0.715
1275,2020,0.71
1275,2021,0.726
1276,2005,0.742
1276,2006,0.753
1276,2007,0.762
1276,2008,0.757
1276,2009,0.727
1276,2010,0.743
1276,2011,0.75
1276,2012,0.755
1276,2013,0.754
1276,2014,0.758
1276,2015,0.766
1276,2016,0.771
1276,2017,0.772
1276,2018,0.776
1276,2019,0.782
1276,2020,0.78
1276,2021,0.785
1277,2005,0.756
1277,2006,0.76
1277,2007,0.767
1277,2008,0.762
1277,2009,0.737
1277,2010,0.74
1277,2011,0.757
1277,2012,0.751
1277,2013,0.753
1277,2014,0.755
1277,2015,0.763
1277,2016,0.761
1277,2017,0.764
1277,2018,0.772
1277,2019,0.781
1277,2020,0.77
1277,2021,0.786
1278,2005,0.795
1278,2006,0.8
1278,2007,0.819
1278,2008,0.814
1278,2009,0.8
1278,2010,0.811
1278,2011,0.818
1278,2012,0.812
1278,2013,0.81
1278,2014,0.806
1278,2015,0.81
1278,2016,0.807
1278,2017,0.81
1278,2018,0.815
1278,2019,0.814
1278,2020,0.813
1278,2021,0.825
1280,2005,0.659
1280,2006,0.668
1280,2007,0.672
1280,2008,0.666
1280,2009,0.639
1280,2010,0.647
1280,2011,0.659
1280,2012,0.663
1280,2013,0.665
1280,2014,0.672
1280,2015,0.681
1280,2016,0.688
1280,2017,0.689
1280,2018,0.696
1280,2019,0.703
1280,2020,0.696
1280,2021,0.714
1281,2005,0.753
1281,2006,0.773
1281,2007,0.783
1281,2008,0.775
1281,2009,0.751
1281,2010,0.754
1281,2011,0.758
1281,2012,0.758
1281,2013,0.754
1281,2014,0.75
1281,2015,0.76
1281,2016,0.762
1281,2017,0.758
1281,2018,0.759
1281,2019,0.764
1281,2020,0.757
1281,2021,0.763
1282,2005,0.683
1282,2006,0.693
1282,2007,0.704
1282,2008,0.697
1282,2009,0.671
1282,2010,0.682
1282,2011,0.698
1282,2012,0.7
1282,2013,0.699
1282,2014,0.705
1282,2015,0.708
1282,2016,0.717
1282,2017,0.725
1282,2018,0.741
1282,2019,0.749
1282,2020,0.75
1282,2021,0.764
1283,2005,0.74
1283,2006,0.75
1283,2007,0.758
1283,2008,0.752
1283,2009,0.729
1283,2010,0.737
1283,2011,0.746
1283,2012,0.745
1283,2013,0.745
1283,2014,0.746
1283,2015,0.748
1283,2016,0.757
1283,2017,0.757
1283,2018,0.761
1283,2019,0.761
1283,2020,0.755
1283,2021,0.766
1284,2005,0.797
1284,2006,0.805
1284,2007,0.814
1284,2008,0.81
1284,2009,0.793
1284,2010,0.806
1284,2011,0.816
1284,2012,0.827
1284,2013,0.829
1284,2014,0.826
1284,2015,0.826
1284,2016,0.825
1284,2017,0.829
1284,2018,0.829
1284,2019,0.825
1284,2020,0.825
1284,2021,0.837
1285,2005,0.789
1285,2006,0.8
1285,2007,0.812
1285,2008,0.809
1285,2009,0.785
1285,2010,0.796
1285,2011,0.804
1285,2012,0.808
1285,2013,0.807
1285,2014,0.807
1285,2015,0.807
1285,2016,0.809
1285,2017,0.804
1285,2018,0.809
1285,2019,0.813
1285,2020,0.804
1285,2021,0.812
1286,2005,0.8
1286,2006,0.805
1286,2007,0.811
1286,2008,0.813
1286,2009,0.796
1286,2010,0.807
1286,2011,0.818
1286,2012,0.823
1286,2013,0.825
1286,2014,0.828
1286,2015,0.833
1286,2016,0.832
1286,2017,0.833
1286,2018,0.829
1286,2019,0.832
1286,2020,0.835
1286,2021,0.837
1287,2005,0.775
1287,2006,0.781
1287,2007,0.791
1287,2008,0.788
1287,2009,0.766
1287,2010,0.778
1287,2011,0.786
1287,2012,0.789
1287,2013,0.788
1287,2014,0.789
1287,2015,0.787
1287,2016,0.795
1287,2017,0.8
1287,2018,0.805
1287,2019,0.806
1287,2020,0.798
1287,2021,0.807
1290,2005,0.782
1290,2006,0.788
1290,2007,0.795
1290,2008,0.787
1290,2009,0.764
1290,2010,0.773
1290,2011,0.783
1290,2012,0.779
1290,2013,0.777
1290,2014,0.776
1290,2015,0.779
1290,2016,0.787
1290,2017,0.791
1290,2018,0.794
1290,2019,0.794
1290,2020,0.789
1290,2021,0.796
1291,2005,0.773
1291,2006,0.774
1291,2007,0.779
1291,2008,0.785
1291,2009,0.762
1291,2010,0.771
1291,2011,0.784
1291,2012,0.786
1291,2013,0.778
1291,2014,0.782
1291,2015,0.789
1291,2016,0.776
1291,2017,0.785
1291,2018,0.79
1291,2019,0.79
1291,2020,0.793
1291,2021,0.802
1292,2005,0.808
1292,2006,0.814
1292,2007,0.828
1292,2008,0.827
1292,2009,0.814
1292,2010,0.819
1292,2011,0.83
1292,2012,0.827
1292,2013,0.828
1292,2014,0.829
1292,2015,0.833
1292,2016,0.837
1292,2017,0.838
1292,2018,0.844
1292,2019,0.841
1292,2020,0.84
1292,2021,0.85
1293,2005,0.787
1293,2006,0.796
1293,2007,0.8
1293,2008,0.796
1293,2009,0.776
1293,2010,0.782
1293,2011,0.792
1293,2012,0.787
1293,2013,0.787
1293,2014,0.787
1293,2015,0.789
1293,2016,0.793
1293,2017,0.794
1293,2018,0.795
1293,2019,0.798
1293,2020,0.792
1293,2021,0.799
1315,2005,0.843
1315,2006,0.843
1315,2007,0.85
1315,2008,0.844
1315,2009,0.808
1315,2010,0.821
1315,2011,0.831
1315,2012,0.829
1315,2013,0.814
1315,2014,0.789
1315,2015,0.78
1315,2016,0.78
1315,2017,0.794
1315,2018,0.802
1315,2019,0.8
1315,2020,0.795
1315,2021,0.806
1380,2005,0.789
1380,2006,0.802
1380,2007,0.816
1380,2008,0.815
1380,2009,0.789
1380,2010,0.802
1380,2011,0.81
1380,2012,0.81
1380,2013,0.806
1380,2014,0.803
1380,2015,0.804
1380,2016,0.81
1380,2017,0.813
1380,2018,0.818
1380,2019,0.817
1380,2020,0.808
1380,2021,0.818
1381,2005,0.802
1381,2006,0.813
1381,2007,0.818
1381,2008,0.815
1381,2009,0.792
1381,2010,0.806
1381,2011,0.821
1381,2012,0.82
1381,2013,0.813
1381,2014,0.812
1381,2015,0.816
1381,2016,0.815
1381,2017,0.821
1381,2018,0.826
1381,2019,0.827
1381,2020,0.826
1381,2021,0.833
1382,2005,0.809
1382,2006,0.824
1382,2007,0.832
1382,2008,0.833
1382,2009,0.815
1382,2010,0.823
1382,2011,0.834
1382,2012,0.838
1382,2013,0.833
1382,2014,0.829
1382,2015,0.828
1382,2016,0.827
1382,2017,0.834
1382,2018,0.841
1382,2019,0.844
1382,2020,0.829
1382,2021,0.843
1383,2005,0.829
1383,2006,0.838
1383,2007,0.851
1383,2008,0.851
1383,2009,0.834
1383,2010,0.846
1383,2011,0.853
1383,2012,0.855
1383,2013,0.853
1383,2014,0.857
1383,2015,0.86
1383,2016,0.86
1383,2017,0.864
1383,2018,0.869
1383,2019,0.868
1383,2020,0.857
1383,2021,0.869
1384,2005,0.857
1384,2006,0.862
1384,2007,0.869
1384,2008,0.873
1384,2009,0.859
1384,2010,0.865
1384,2011,0.877
1384,2012,0.88
1384,2013,0.881
1384,2014,0.883
1384,2015,0.889
1384,2016,0.892
1384,2017,0.891
1384,2018,0.889
1384,2019,0.884
1384,2020,0.879
1384,2021,0.886
1401,2005,0.846
1401,2006,0.849
1401,2007,0.861
1401,2008,0.864
1401,2009,0.848
1401,2010,0.863
1401,2011,0.87
1401,2012,0.874
1401,2013,0.876
1401,2014,0.876
1401,2015,0.878
1401,2016,0.884
1401,2017,0.885
1401,2018,0.886
1401,2019,0.881
1401,2020,0.874
1401,2021,0.882
1402,2005,0.82
1402,2006,0.83
1402,2007,0.84
1402,2008,0.843
1402,2009,0.82
1402,2010,0.829
1402,2011,0.841
1402,2012,0.845
1402,2013,0.848
1402,2014,0.851
1402,2015,0.855
1402,2016,0.858
1402,2017,0.856
1402,2018,0.859
1402,2019,0.851
1402,2020,0.842
1402,2021,0.85
1407,2005,0.849
1407,2006,0.853
1407,2007,0.857
1407,2008,0.862
1407,2009,0.844
1407,2010,0.85
1407,2011,0.859
1407,2012,0.865
1407,2013,0.867
1407,2014,0.873
1407,2015,0.878
1407,2016,0.878
1407,2017,0.877
1407,2018,0.872
1407,2019,0.872
1407,2020,0.866
1407,2021,0.864
1415,2005,0.823
1415,2006,0.836
1415,2007,0.842
1415,2008,0.848
1415,2009,0.834
1415,2010,0.844
1415,2011,0.856
1415,2012,0.863
1415,2013,0.867
1415,2014,0.872
1415,2015,0.865
1415,2016,0.871
1415,2017,0.874
1415,2018,0.877
1415,2019,0.869
1415,2020,0.862
1415,2021,0.874
1419,2005,0.823
1419,2006,0.833
1419,2007,0.837
1419,2008,0.837
1419,2009,0.824
1419,2010,0.838
1419,2011,0.85
1419,2012,0.852
1419,2013,0.854
1419,2014,0.857
1419,2015,0.852
1419,2016,0.868
1419,2017,0.87
1419,2018,0.874
1419,2019,0.867
1419,2020,0.856
1419,2021,0.864
1421,2005,0.804
1421,2006,0.82
1421,2007,0.828
1421,2008,0.825
1421,2009,0.809
1421,2010,0.821
1421,2011,0.831
1421,2012,0.833
1421,2013,0.834
1421,2014,0.831
1421,2015,0.829
1421,2016,0.834
1421,2017,0.838
1421,2018,0.841
1421,2019,0.84
1421,2020,0.834
1421,2021,0.843
1427,2005,0.791
1427,2006,0.791
1427,2007,0.799
1427,2008,0.803
1427,2009,0.791
1427,2010,0.798
1427,2011,0.811
1427,2012,0.816
1427,2013,0.809
1427,2014,0.808
1427,2015,0.818
1427,2016,0.825
1427,2017,0.828
1427,2018,0.834
1427,2019,0.825
1427,2020,0.822
1427,2021,0.824
1430,2005,0.787
1430,2006,0.789
1430,2007,0.792
1430,2008,0.79
1430,2009,0.768
1430,2010,0.774
1430,2011,0.79
1430,2012,0.802
1430,2013,0.803
1430,2014,0.799
1430,2015,0.804
1430,2016,0.808
1430,2017,0.812
1430,2018,0.812
1430,2019,0.817
1430,2020,0.809
1430,2021,0.822
1435,2005,0.795
1435,2006,0.793
1435,2007,0.809
1435,2008,0.804
1435,2009,0.776
1435,2010,0.788
1435,2011,0.797
1435,2012,0.803
1435,2013,0.804
1435,2014,0.802
1435,2015,0.808
1435,2016,0.807
1435,2017,0.806
1435,2018,0.811
1435,2019,0.819
1435,2020,0.807
1435,2021,0.822
1438,2005,0.753
1438,2006,0.748
1438,2007,0.763
1438,2008,0.765
1438,2009,0.734
1438,2010,0.751
1438,2011,0.756
1438,2012,0.762
1438,2013,0.758
1438,2014,0.756
1438,2015,0.767
1438,2016,0.767
1438,2017,0.783
1438,2018,0.801
1438,2019,0.789
1438,2020,0.792
1438,2021,0.8
1439,2005,0.806
1439,2006,0.807
1439,2007,0.81
1439,2008,0.806
1439,2009,0.769
1439,2010,0.775
1439,2011,0.789
1439,2012,0.796
1439,2013,0.789
1439,2014,0.793
1439,2015,0.802
1439,2016,0.802
1439,2017,0.815
1439,2018,0.816
1439,2019,0.811
1439,2020,0.8
1439,2021,0.811
1440,2005,0.814
1440,2006,0.822
1440,2007,0.831
1440,2008,0.834
1440,2009,0.817
1440,2010,0.828
1440,2011,0.844
1440,2012,0.848
1440,2013,0.848
1440,2014,0.849
1440,2015,0.855
1440,2016,0.863
1440,2017,0.867
1440,2018,0.864
1440,2019,0.866
1440,2020,0.853
1440,2021,0.865
1441,2005,0.844
1441,2006,0.851
1441,2007,0.865
1441,2008,0.873
1441,2009,0.857
1441,2010,0.868
1441,2011,0.875
1441,2012,0.881
1441,2013,0.882
1441,2014,0.884
1441,2015,0.89
1441,2016,0.89
1441,2017,0.889
1441,2018,0.888
1441,2019,0.884
1441,2020,0.875
1441,2021,0.886
1442,2005,0.836
1442,2006,0.835
1442,2007,0.843
1442,2008,0.837
1442,2009,0.821
1442,2010,0.832
1442,2011,0.84
1442,2012,0.85
1442,2013,0.844
1442,2014,0.845
1442,2015,0.853
1442,2016,0.853
1442,2017,0.858
1442,2018,0.859
1442,2019,0.859
1442,2020,0.85
1442,2021,0.86
1443,2005,0.843
1443,2006,0.851
1443,2007,0.866
1443,2008,0.862
1443,2009,0.839
1443,2010,0.847
1443,2011,0.862
1443,2012,0.869
1443,2013,0.863
1443,2014,0.866
1443,2015,0.866
1443,2016,0.874
1443,2017,0.874
1443,2018,0.883
1443,2019,0.877
1443,2020,0.87
1443,2021,0.887
1444,2005,0.844
1444,2006,0.838
1444,2007,0.841
1444,2008,0.832
1444,2009,0.805
1444,2010,0.815
1444,2011,0.816
1444,2012,0.82
1444,2013,0.82
1444,2014,0.826
1444,2015,0.833
1444,2016,0.838
1444,2017,0.844
1444,2018,0.854
1444,2019,0.857
1444,2020,0.848
1444,2021,0.851
1445,2005,0.828
1445,2006,0.833
1445,2007,0.841
1445,2008,0.842
1445,2009,0.809
1445,2010,0.824
1445,2011,0.826
1445,2012,0.834
1445,2013,0.833
1445,2014,0.827
1445,2015,0.829
1445,2016,0.838
1445,2017,0.843
1445,2018,0.844
1445,2019,0.844
1445,2020,0.832
1445,2021,0.835
1446,2005,0.776
1446,2006,0.789
1446,2007,0.81
1446,2008,0.809
1446,2009,0.797
1446,2010,0.81
1446,2011,0.82
1446,2012,0.832
1446,2013,0.831
1446,2014,0.827
1446,2015,0.821
1446,2016,0.814
1446,2017,0.828
1446,2018,0.84
1446,2019,0.818
1446,2020,0.811
1446,2021,0.821
1447,2005,0.747
1447,2006,0.754
1447,2007,0.762
1447,2008,0.75
1447,2009,0.73
1447,2010,0.738
1447,2011,0.755
1447,2012,0.752
1447,2013,0.751
1447,2014,0.747
1447,2015,0.748
1447,2016,0.745
1447,2017,0.751
1447,2018,0.765
1447,2019,0.779
1447,2020,0.765
1447,2021,0.773
1452,2005,0.865
1452,2006,0.868
1452,2007,0.875
1452,2008,0.871
1452,2009,0.843
1452,2010,0.859
1452,2011,0.864
1452,2012,0.865
1452,2013,0.853
1452,2014,0.85
1452,2015,0.853
1452,2016,0.852
1452,2017,0.856
1452,2018,0.853
1452,2019,0.848
1452,2020,0.855
1452,2021,0.863
1460,2005,0.757
1460,2006,0.748
1460,2007,0.756
1460,2008,0.75
1460,2009,0.735
1460,2010,0.75
1460,2011,0.772
1460,2012,0.768
1460,2013,0.756
1460,2014,0.749
1460,2015,0.745
1460,2016,0.734
1460,2017,0.744
1460,2018,0.76
1460,2019,0.765
1460,2020,0.75
1460,2021,0.766
1461,2005,0.762
1461,2006,0.758
1461,2007,0.765
1461,2008,0.768
1461,2009,0.731
1461,2010,0.734
1461,2011,0.754
1461,2012,0.759
1461,2013,0.753
1461,2014,0.75
1461,2015,0.739
1461,2016,0.739
1461,2017,0.759
1461,2018,0.773
1461,2019,0.771
1461,2020,0.78
1461,2021,0.781
1462,2005,0.766
1462,2006,0.775
1462,2007,0.783
1462,2008,0.783
1462,2009,0.764
1462,2010,0.776
1462,2011,0.793
1462,2012,0.794
1462,2013,0.789
1462,2014,0.796
1462,2015,0.802
1462,2016,0.809
1462,2017,0.818
1462,2018,0.827
1462,2019,0.831
1462,2020,0.822
1462,2021,0.824
1463,2005,0.82
1463,2006,0.822
1463,2007,0.832
1463,2008,0.832
1463,2009,0.81
1463,2010,0.817
1463,2011,0.827
1463,2012,0.829
1463,2013,0.826
1463,2014,0.827
1463,2015,0.834
1463,2016,0.839
1463,2017,0.843
1463,2018,0.843
1463,2019,0.842
1463,2020,0.836
1463,2021,0.848
1465,2005,0.818
1465,2006,0.834
1465,2007,0.828
1465,2008,0.826
1465,2009,0.803
1465,2010,0.803
1465,2011,0.813
1465,2012,0.809
1465,2013,0.814
1465,2014,0.816
1465,2015,0.809
1465,2016,0.817
1465,2017,0.824
1465,2018,0.826
1465,2019,0.822
1465,2020,0.818
1465,2021,0.829
1466,2005,0.829
1466,2006,0.835
1466,2007,0.839
1466,2008,0.825
1466,2009,0.8
1466,2010,0.816
1466,2011,0.823
1466,2012,0.822
1466,2013,0.824
1466,2014,0.826
1466,2015,0.833
1466,2016,0.83
1466,2017,0.834
1466,2018,0.832
1466,2019,0.84
1466,2020,0.836
1466,2021,0.839
1470,2005,0.816
1470,2006,0.82
1470,2007,0.826
1470,2008,0.826
1470,2009,0.8
1470,2010,0.807
1470,2011,0.817
1470,2012,0.821
1470,2013,0.816
1470,2014,0.803
1470,2015,0.813
1470,2016,0.816
1470,2017,0.819
1470,2018,0.825
1470,2019,0.821
1470,2020,0.814
1470,2021,0.825
1471,2005,0.828
1471,2006,0.835
1471,2007,0.849
1471,2008,0.847
1471,2009,0.819
1471,2010,0.827
1471,2011,0.833
1471,2012,0.836
1471,2013,0.831
1471,2014,0.833
1471,2015,0.835
1471,2016,0.836
1471,2017,0.845
1471,2018,0.85
1471,2019,0.857
1471,2020,0.846
1471,2021,0.855
1472,2005,0.783
1472,2006,0.792
1472,2007,0.808
1472,2008,0.806
1472,2009,0.771
1472,2010,0.785
1472,2011,0.798
1472,2012,0.8
1472,2013,0.788
1472,2014,0.782
1472,2015,0.774
1472,2016,0.784
1472,2017,0.801
1472,2018,0.809
1472,2019,0.806
1472,2020,0.795
1472,2021,0.808
1473,2005,0.76
1473,2006,0.768
1473,2007,0.78
1473,2008,0.779
1473,2009,0.747
1473,2010,0.761
1473,2011,0.777
1473,2012,0.772
1473,2013,0.769
1473,2014,0.758
1473,2015,0.761
1473,2016,0.757
1473,2017,0.765
1473,2018,0.784
1473,2019,0.788
1473,2020,0.785
1473,2021,0.793
1480,2005,0.737
1480,2006,0.748
1480,2007,0.762
1480,2008,0.762
1480,2009,0.733
1480,2010,0.742
1480,2011,0.753
1480,2012,0.76
1480,2013,0.761
1480,2014,0.764
1480,2015,0.774
1480,2016,0.784
1480,2017,0.786
1480,2018,0.791
1480,2019,0.791
1480,2020,0.776
1480,2021,0.792
1481,2005,0.822
1481,2006,0.829
1481,2007,0.841
1481,2008,0.843
1481,2009,0.824
1481,2010,0.835
1481,2011,0.842
1481,2012,0.848
1481,2013,0.849
1481,2014,0.851
1481,2015,0.857
1481,2016,0.861
1481,2017,0.86
1481,2018,0.863
1481,2019,0.86
1481,2020,0.851
1481,2021,0.858
1482,2005,0.835
1482,2006,0.841
1482,2007,0.852
1482,2008,0.854
1482,2009,0.837
1482,2010,0.852
1482,2011,0.861
1482,2012,0.866
1482,2013,0.866
1482,2014,0.87
1482,2015,0.875
1482,2016,0.881
1482,2017,0.879
1482,2018,0.883
1482,2019,0.874
1482,2020,0.864
1482,2021,0.874
1484,2005,0.78
1484,2006,0.782
1484,2007,0.788
1484,2008,0.787
1484,2009,0.766
1484,2010,0.785
1484,2011,0.8
1484,2012,0.804
1484,2013,0.808
1484,2014,0.807
1484,2015,0.796
1484,2016,0.796
1484,2017,0.797
1484,2018,0.805
1484,2019,0.801
1484,2020,0.796
1484,2021,0.809
1485,2005,0.784
1485,2006,0.794
1485,2007,0.8
1485,2008,0.805
1485,2009,0.78
1485,2010,0.79
1485,2011,0.798
1485,2012,0.801
1485,2013,0.792
1485,2014,0.791
1485,2015,0.798
1485,2016,0.804
1485,2017,0.808
1485,2018,0.811
1485,2019,0.808
1485,2020,0.802
1485,2021,0.811
1486,2005,0.734
1486,2006,0.729
1486,2007,0.732
1486,2008,0.727
1486,2009,0.716
1486,2010,0.72
1486,2011,0.723
1486,2012,0.715
1486,2013,0.706
1486,2014,0.696
1486,2015,0.702
1486,2016,0.708
1486,2017,0.711
1486,2018,0.712
1486,2019,0.715
1486,2020,0.684
1486,2021,0.702
1487,2005,0.814
1487,2006,0.816
1487,2007,0.825
1487,2008,0.819
1487,2009,0.79
1487,2010,0.796
1487,2011,0.799
1487,2012,0.805
1487,2013,0.792
1487,2014,0.785
1487,2015,0.786
1487,2016,0.793
1487,2017,0.804
1487,2018,0.809
1487,2019,0.806
1487,2020,0.798
1487,2021,0.804
1488,2005,0.776
1488,2006,0.785
1488,2007,0.792
1488,2008,0.784
1488,2009,0.749
1488,2010,0.756
1488,2011,0.756
1488,2012,0.761
1488,2013,0.743
1488,2014,0.751
1488,2015,0.766
1488,2016,0.777
1488,2017,0.788
1488,2018,0.794
1488,2019,0.793
1488,2020,0.78
1488,2021,0.789
1489,2005,0.822
1489,2006,0.827
1489,2007,0.833
1489,2008,0.837
1489,2009,0.815
1489,2010,0.821
1489,2011,0.83
1489,2012,0.834
1489,2013,0.834
1489,2014,0.837
1489,2015,0.843
1489,2016,0.849
1489,2017,0.851
1489,2018,0.855
1489,2019,0.852
1489,2020,0.849
1489,2021,0.858
1490,2005,0.779
1490,2006,0.787
1490,2007,0.796
1490,2008,0.796
1490,2009,0.77
1490,2010,0.784
1490,2011,0.797
1490,2012,0.797
1490,2013,0.797
1490,2014,0.801
1490,2015,0.802
1490,2016,0.811
1490,2017,0.815
1490,2018,0.822
1490,2019,0.818
1490,2020,0.808
1490,2021,0.822
1491,2005,0.828
1491,2006,0.831
1491,2007,0.841
1491,2008,0.84
1491,2009,0.815
1491,2010,0.828
1491,2011,0.84
1491,2012,0.841
1491,2013,0.84
1491,2014,0.838
1491,2015,0.843
1491,2016,0.843
1491,2017,0.848
1491,2018,0.854
1491,2019,0.852
1491,2020,0.851
1491,2021,0.858
1492,2005,0.794
1492,2006,0.785
1492,2007,0.785
1492,2008,0.787
1492,2009,0.749
1492,2010,0.761
1492,2011,0.778
1492,2012,0.775
1492,2013,0.768
1492,2014,0.753
1492,2015,0.753
1492,2016,0.751
1492,2017,0.763
1492,2018,0.767
1492,2019,0.767
1492,2020,0.774
1492,2021,0.784
1493,2005,0.79
1493,2006,0.799
1493,2007,0.808
1493,2008,0.802
1493,2009,0.77
1493,2010,0.79
1493,2011,0.804
1493,2012,0.8
1493,2013,0.8
1493,2014,0.799
1493,2015,0.804
1493,2016,0.815
1493,2017,0.82
1493,2018,0.826
1493,2019,0.823
1493,2020,0.825
1493,2021,0.834
1494,2005,0.829
1494,2006,0.834
1494,2007,0.842
1494,2008,0.842
1494,2009,0.822
1494,2010,0.828
1494,2011,0.837
1494,2012,0.837
1494,2013,0.829
1494,2014,0.832
1494,2015,0.833
1494,2016,0.84
1494,2017,0.845
1494,2018,0.849
1494,2019,0.845
1494,2020,0.84
1494,2021,0.851
1495,2005,0.805
1495,2006,0.814
1495,2007,0.824
1495,2008,0.818
1495,2009,0.788
1495,2010,0.798
1495,2011,0.802
1495,2012,0.802
1495,2013,0.788
1495,2014,0.786
1495,2015,0.789
1495,2016,0.794
1495,2017,0.806
1495,2018,0.812
1495,2019,0.814
1495,2020,0.811
1495,2021,0.817
1496,2005,0.804
1496,2006,0.816
1496,2007,0.827
1496,2008,0.825
1496,2009,0.795
1496,2010,0.804
1496,2011,0.82
1496,2012,0.827
1496,2013,0.824
1496,2014,0.823
1496,2015,0.823
1496,2016,0.833
1496,2017,0.834
1496,2018,0.839
1496,2019,0.832
1496,2020,0.825
1496,2021,0.835
1497,2005,0.795
1497,2006,0.818
1497,2007,0.838
1497,2008,0.836
1497,2009,0.804
1497,2010,0.811
1497,2011,0.818
1497,2012,0.832
1497,2013,0.83
1497,2014,0.822
1497,2015,0.825
1497,2016,0.831
1497,2017,0.836
1497,2018,0.841
1497,2019,0.839
1497,2020,0.83
1497,2021,0.843
1498,2005,0.823
1498,2006,0.832
1498,2007,0.833
1498,2008,0.832
1498,2009,0.799
1498,2010,0.806
1498,2011,0.822
1498,2012,0.829
1498,2013,0.826
1498,2014,0.817
1498,2015,0.816
1498,2016,0.822
1498,2017,0.825
1498,2018,0.831
1498,2019,0.829
1498,2020,0.829
1498,2021,0.838
1499,2005,0.819
1499,2006,0.826
1499,2007,0.839
1499,2008,0.832
1499,2009,0.808
1499,2010,0.81
1499,2011,0.815
1499,2012,0.819
1499,2013,0.813
1499,2014,0.805
1499,2015,0.798
1499,2016,0.802
1499,2017,0.806
1499,2018,0.811
1499,2019,0.814
1499,2020,0.811
1499,2021,0.823
1715,2005,0.793
1715,2006,0.797
1715,2007,0.806
1715,2008,0.803
1715,2009,0.776
1715,2010,0.793
1715,2011,0.812
1715,2012,0.81
1715,2013,0.806
1715,2014,0.811
1715,2015,0.814
1715,2016,0.823
1715,2017,0.831
1715,2018,0.837
1715,2019,0.835
1715,2020,0.829
1715,2021,0.84
1730,2005,0.652
1730,2006,0.66
1730,2007,0.669
1730,2008,0.658
1730,2009,0.627
1730,2010,0.63
1730,2011,0.646
1730,2012,0.643
1730,2013,0.644
1730,2014,0.646
1730,2015,0.655
1730,2016,0.655
1730,2017,0.663
1730,2018,0.668
1730,2019,0.67
1730,2020,0.658
1730,2021,0.668
1737,2005,0.756
1737,2006,0.755
1737,2007,0.76
1737,2008,0.761
1737,2009,0.741
1737,2010,0.763
1737,2011,0.773
1737,2012,0.78
1737,2013,0.778
1737,2014,0.771
1737,2015,0.774
1737,2016,0.765
1737,2017,0.79
1737,2018,0.797
1737,2019,0.798
1737,2020,0.789
1737,2021,0.805
1760,2005,0.745
1760,2006,0.756
1760,2007,0.766
1760,2008,0.768
1760,2009,0.728
1760,2010,0.737
1760,2011,0.757
1760,2012,0.763
1760,2013,0.756
1760,2014,0.736
1760,2015,0.764
1760,2016,0.76
1760,2017,0.766
1760,2018,0.781
1760,2019,0.793
1760,2020,0.779
1760,2021,0.803
1761,2005,0.829
1761,2006,0.839
1761,2007,0.842
1761,2008,0.837
1761,2009,0.823
1761,2010,0.838
1761,2011,0.849
1761,2012,0.847
1761,2013,0.847
1761,2014,0.853
1761,2015,0.865
1761,2016,0.872
1761,2017,0.877
1761,2018,0.88
1761,2019,0.877
1761,2020,0.872
1761,2021,0.876
1762,2005,0.74
1762,2006,0.752
1762,2007,0.767
1762,2008,0.747
1762,2009,0.726
1762,2010,0.742
1762,2011,0.767
1762,2012,0.764
1762,2013,0.751
1762,2014,0.75
1762,2015,0.745
1762,2016,0.746
1762,2017,0.757
1762,2018,0.766
1762,2019,0.769
1762,2020,0.781
1762,2021,0.775
1763,2005,0.763
1763,2006,0.771
1763,2007,0.787
1763,2008,0.781
1763,2009,0.755
1763,2010,0.771
1763,2011,0.787
1763,2012,0.789
1763,2013,0.777
1763,2014,0.777
1763,2015,0.797
1763,2016,0.811
1763,2017,0.823
1763,2018,0.826
1763,2019,0.826
1763,2020,0.817
1763,2021,0.834
1764,2005,0.756
1764,2006,0.759
1764,2007,0.756
1764,2008,0.752
1764,2009,0.733
1764,2010,0.738
1764,2011,0.752
1764,2012,0.756
1764,2013,0.751
1764,2014,0.751
1764,2015,0.762
1764,2016,0.764
1764,2017,0.78
1764,2018,0.797
1764,2019,0.794
1764,2020,0.785
1764,2021,0.795
1765,2005,0.721
1765,2006,0.718
1765,2007,0.722
1765,2008,0.707
1765,2009,0.666
1765,2010,0.676
1765,2011,0.686
1765,2012,0.692
1765,2013,0.684
1765,2014,0.686
1765,2015,0.687
1765,2016,0.692
1765,2017,0.703
1765,2018,0.704
1765,2019,0.71
1765,2020,0.703
1765,2021,0.71
1766,2005,0.796
1766,2006,0.8
1766,2007,0.81
1766,2008,0.809
1766,2009,0.784
1766,2010,0.81
1766,2011,0.821
1766,2012,0.825
1766,2013,0.818
1766,2014,0.81
1766,2015,0.805
1766,2016,0.813
1766,2017,0.82
1766,2018,0.83
1766,2019,0.829
1766,2020,0.819
1766,2021,0.832
1780,2005,0.781
1780,2006,0.792
1780,2007,0.8
1780,2008,0.798
1780,2009,0.776
1780,2010,0.788
1780,2011,0.799
1780,2012,0.8
1780,2013,0.798
1780,2014,0.8
1780,2015,0.81
1780,2016,0.81
1780,2017,0.814
1780,2018,0.819
1780,2019,0.82
1780,2020,0.81
1780,2021,0.822
1781,2005,0.755
1781,2006,0.762
1781,2007,0.773
1781,2008,0.769
1781,2009,0.74
1781,2010,0.754
1781,2011,0.76
1781,2012,0.762
1781,2013,0.752
1781,2014,0.752
1781,2015,0.753
1781,2016,0.75
1781,2017,0.761
1781,2018,0.775
1781,2019,0.77
1781,2020,0.765
1781,2021,0.775
1782,2005,0.719
1782,2006,0.73
1782,2007,0.747
1782,2008,0.742
1782,2009,0.722
1782,2010,0.735
1782,2011,0.745
1782,2012,0.743
1782,2013,0.74
1782,2014,0.731
1782,2015,0.722
1782,2016,0.712
1782,2017,0.734
1782,2018,0.736
1782,2019,0.736
1782,2020,0.735
1782,2021,0.745
1783,2005,0.76
1783,2006,0.76
1783,2007,0.771
1783,2008,0.77
1783,2009,0.73
1783,2010,0.76
1783,2011,0.772
1783,2012,0.77
1783,2013,0.774
1783,2014,0.769
1783,2015,0.774
1783,2016,0.771
1783,2017,0.78
1783,2018,0.788
1783,2019,0.789
1783,2020,0.781
1783,2021,0.784
1784,2005,0.758
1784,2006,0.767
1784,2007,0.774
1784,2008,0.775
1784,2009,0.74
1784,2010,0.754
1784,2011,0.761
1784,2012,0.768
1784,2013,0.77
1784,2014,0.774
1784,2015,0.774
1784,2016,0.778
1784,2017,0.788
1784,2018,0.791
1784,2019,0.802
1784,2020,0.793
1784,2021,0.804
1785,2005,0.787
1785,2006,0.793
1785,2007,0.795
1785,2008,0.789
1785,2009,0.764
1785,2010,0.766
1785,2011,0.779
1785,2012,0.784
1785,2013,0.77
1785,2014,0.754
1785,2015,0.753
1785,2016,0.749
1785,2017,0.758
1785,2018,0.769
1785,2019,0.773
1785,2020,0.763
1785,2021,0.769
1814,2005,0.817
1814,2006,0.826
1814,2007,0.833
1814,2008,0.832
1814,2009,0.813
1814,2010,0.829
1814,2011,0.843
1814,2012,0.844
1814,2013,0.848
1814,2014,0.844
1814,2015,0.849
1814,2016,0.86
1814,2017,0.864
1814,2018,0.874
1814,2019,0.876
1814,2020,0.866
1814,2021,0.875
1860,2005,0.752
1860,2006,0.766
1860,2007,0.79
1860,2008,0.792
1860,2009,0.775
1860,2010,0.802
1860,2011,0.819
1860,2012,0.812
1860,2013,0.779
1860,2014,0.76
1860,2015,0.772
1860,2016,0.781
1860,2017,0.784
1860,2018,0.807
1860,2019,0.791
1860,2020,0.791
1860,2021,0.782
1861,2005,0.79
1861,2006,0.796
1861,2007,0.805
1861,2008,0.804
1861,2009,0.777
1861,2010,0.784
1861,2011,0.795
1861,2012,0.792
1861,2013,0.797
1861,2014,0.792
1861,2015,0.803
1861,2016,0.802
1861,2017,0.805
1861,2018,0.816
1861,2019,0.815
1861,2020,0.813
1861,2021,0.822
1862,2005,0.754
1862,2006,0.766
1862,2007,0.769
1862,2008,0.772
1862,2009,0.738
1862,2010,0.753
1862,2011,0.768
1862,2012,0.779
1862,2013,0.779
1862,2014,0.771
1862,2015,0.773
1862,2016,0.773
1862,2017,0.77
1862,2018,0.773
1862,2019,0.771
1862,2020,0.756
1862,2021,0.775
1863,2005,0.748
1863,2006,0.758
1863,2007,0.766
1863,2008,0.766
1863,2009,0.729
1863,2010,0.744
1863,2011,0.748
1863,2012,0.75
1863,2013,0.746
1863,2014,0.746
1863,2015,0.732
1863,2016,0.745
1863,2017,0.748
1863,2018,0.764
1863,2019,0.749
1863,2020,0.748
1863,2021,0.758
1864,2005,0.683
1864,2006,0.696
1864,2007,0.702
1864,2008,0.702
1864,2009,0.676
1864,2010,0.688
1864,2011,0.713
1864,2012,0.71
1864,2013,0.7
1864,2014,0.694
1864,2015,0.685
1864,2016,0.683
1864,2017,0.698
1864,2018,0.715
1864,2019,0.708
1864,2020,0.704
1864,2021,0.739
1880,2005,0.776
1880,2006,0.785
1880,2007,0.791
1880,2008,0.791
1880,2009,0.768
1880,2010,0.782
1880,2011,0.792
1880,2012,0.792
1880,2013,0.794
1880,2014,0.795
1880,2015,0.803
1880,2016,0.807
1880,2017,0.809
1880,2018,0.812
1880,2019,0.811
1880,2020,0.8
1880,2021,0.81
1881,2005,0.795
1881,2006,0.806
1881,2007,0.816
1881,2008,0.816
1881,2009,0.79
1881,2010,0.806
1881,2011,0.821
1881,2012,0.826
1881,2013,0.825
1881,2014,0.827
1881,2015,0.832
1881,2016,0.842
1881,2017,0.843
1881,2018,0.846
1881,2019,0.843
1881,2020,0.83
1881,2021,0.842
1882,2005,0.794
1882,2006,0.798
1882,2007,0.807
1882,2008,0.81
1882,2009,0.786
1882,2010,0.798
1882,2011,0.812
1882,2012,0.819
1882,2013,0.817
1882,2014,0.823
1882,2015,0.82
1882,2016,0.817
1882,2017,0.831
1882,2018,0.841
1882,2019,0.839
1882,2020,0.837
1882,2021,0.85
1883,2005,0.781
1883,2006,0.787
1883,2007,0.798
1883,2008,0.791
1883,2009,0.764
1883,2010,0.773
1883,2011,0.786
1883,2012,0.786
1883,2013,0.784
1883,2014,0.782
1883,2015,0.78
1883,2016,0.782
1883,2017,0.789
1883,2018,0.797
1883,2019,0.805
1883,2020,0.801
1883,2021,0.813
1884,2005,0.783
1884,2006,0.791
1884,2007,0.806
1884,2008,0.799
1884,2009,0.776
1884,2010,0.792
1884,2011,0.806
1884,2012,0.806
1884,2013,0.806
1884,2014,0.807
1884,2015,0.805
1884,2016,0.8
1884,2017,0.813
1884,2018,0.813
1884,2019,0.817
1884,2020,0.81
1884,2021,0.825
1885,2005,0.799
1885,2006,0.798
1885,2007,0.807
1885,2008,0.811
1885,2009,0.772
1885,2010,0.785
1885,2011,0.798
1885,2012,0.801
1885,2013,0.79
1885,2014,0.789
1885,2015,0.787
1885,2016,0.791
1885,2017,0.795
1885,2018,0.804
1885,2019,0.804
1885,2020,0.798
1885,2021,0.807
1904,2005,0.751
1904,2006,0.756
1904,2007,0.76
1904,2008,0.762
1904,2009,0.742
1904,2010,0.757
1904,2011,0.763
1904,2012,0.764
1904,2013,0.776
1904,2014,0.77
1904,2015,0.756
1904,2016,0.772
1904,2017,0.781
1904,2018,0.792
1904,2019,0.788
1904,2020,0.767
1904,2021,0.774
1907,2005,0.791
1907,2006,0.798
1907,2007,0.805
1907,2008,0.796
1907,2009,0.775
1907,2010,0.787
1907,2011,0.794
1907,2012,0.796
1907,2013,0.792
1907,2014,0.791
1907,2015,0.798
1907,2016,0.804
1907,2017,0.81
1907,2018,0.817
1907,2019,0.824
1907,2020,0.817
1907,2021,0.824
1960,2005,0.794
1960,2006,0.806
1960,2007,0.808
1960,2008,0.801
1960,2009,0.781
1960,2010,0.793
1960,2011,0.801
1960,2012,0.795
1960,2013,0.782
1960,2014,0.786
1960,2015,0.777
1960,2016,0.778
1960,2017,0.775
1960,2018,0.783
1960,2019,0.788
1960,2020,0.785
1960,2021,0.802
1961,2005,0.779
1961,2006,0.789
1961,2007,0.794
1961,2008,0.791
1961,2009,0.757
1961,2010,0.768
1961,2011,0.78
1961,2012,0.773
1961,2013,0.78
1961,2014,0.78
1961,2015,0.79
1961,2016,0.802
1961,2017,0.813
1961,2018,0.813
1961,2019,0.814
1961,2020,0.811
1961,2021,0.822
1962,2005,0.766
1962,2006,0.764
1962,2007,0.785
1962,2008,0.787
1962,2009,0.764
1962,2010,0.778
1962,2011,0.79
1962,2012,0.795
1962,2013,0.79
1962,2014,0.773
1962,2015,0.769
1962,2016,0.788
1962,2017,0.78
1962,2018,0.8
1962,2019,0.806
1962,2020,0.788
1962,2021,0.789
1980,2005,0.763
1980,2006,0.773
1980,2007,0.786
1980,2008,0.787
1980,2009,0.767
1980,2010,0.777
1980,2011,0.789
1980,2012,0.791
1980,2013,0.792
1980,2014,0.795
1980,2015,0.8
1980,2016,0.804
1980,2017,0.803
1980,2018,0.81
1980,2019,0.812
1980,2020,0.801
1980,2021,0.807
1981,2005,0.779
1981,2006,0.794
1981,2007,0.807
1981,2008,0.809
1981,2009,0.792
1981,2010,0.805
1981,2011,0.808
1981,2012,0.807
1981,2013,0.809
1981,2014,0.81
1981,2015,0.806
1981,2016,0.815
1981,2017,0.813
1981,2018,0.821
1981,2019,0.828
1981,2020,0.818
1981,2021,0.824
1982,2005,0.778
1982,2006,0.779
1982,2007,0.788
1982,2008,0.793
1982,2009,0.761
1982,2010,0.769
1982,2011,0.776
1982,2012,0.776
1982,2013,0.775
1982,2014,0.756
1982,2015,0.757
1982,2016,0.763
1982,2017,0.772
1982,2018,0.776
1982,2019,0.779
1982,2020,0.765
1982,2021,0.77
1983,2005,0.782
1983,2006,0.787
1983,2007,0.796
1983,2008,0.79
1983,2009,0.745
1983,2010,0.761
1983,2011,0.778
1983,2012,0.777
1983,2013,0.781
1983,2014,0.784
1983,2015,0.782
1983,2016,0.785
1983,2017,0.789
1983,2018,0.793
1983,2019,0.799
1983,2020,0.79
1983,2021,0.801
1984,2005,0.786
1984,2006,0.79
1984,2007,0.802
1984,2008,0.799
1984,2009,0.761
1984,2010,0.77
1984,2011,0.78
1984,2012,0.784
1984,2013,0.781
1984,2014,0.788
1984,2015,0.778
1984,2016,0.788
1984,2017,0.803
1984,2018,0.803
1984,2019,0.806
1984,2020,0.801
1984,2021,0.815
2021,2005,0.799
2021,2006,0.794
2021,2007,0.794
2021,2008,0.788
2021,2009,0.768
2021,2010,0.785
2021,2011,0.803
2021,2012,0.799
2021,2013,0.803
2021,2014,0.81
2021,2015,0.809
2021,2016,0.8
2021,2017,0.816
2021,2018,0.826
2021,2019,0.836
2021,2020,0.833
2021,2021,0.844
2023,2005,0.784
2023,2006,0.801
2023,2007,0.808
2023,2008,0.803
2023,2009,0.778
2023,2010,0.797
2023,2011,0.806
2023,2012,0.807
2023,2013,0.811
2023,2014,0.812
2023,2015,0.82
2023,2016,0.82
2023,2017,0.829
2023,2018,0.832
2023,2019,0.841
2023,2020,0.828
2023,2021,0.835
2026,2005,0.816
2026,2006,0.833
2026,2007,0.846
2026,2008,0.832
2026,2009,0.817
2026,2010,0.829
2026,2011,0.844
2026,2012,0.851
2026,2013,0.843
2026,2014,0.855
2026,2015,0.858
2026,2016,0.862
2026,2017,0.865
2026,2018,0.871
2026,2019,0.871
2026,2020,0.856
2026,2021,0.872
2029,2005,0.815
2029,2006,0.817
2029,2007,0.833
2029,2008,0.83
2029,2009,0.817
2029,2010,0.823
2029,2011,0.82
2029,2012,0.838
2029,2013,0.838
2029,2014,0.845
2029,2015,0.847
2029,2016,0.845
2029,2017,0.848
2029,2018,0.847
2029,2019,0.851
2029,2020,0.844
2029,2021,0.858
2031,2005,0.797
2031,2006,0.796
2031,2007,0.806
2031,2008,0.808
2031,2009,0.792
2031,2010,0.798
2031,2011,0.793
2031,2012,0.813
2031,2013,0.811
2031,2014,0.822
2031,2015,0.827
2031,2016,0.823
2031,2017,0.836
2031,2018,0.835
2031,2019,0.843
2031,2020,0.842
2031,2021,0.843
2034,2005,0.773
2034,2006,0.777
2034,2007,0.787
2034,2008,0.795
2034,2009,0.767
2034,2010,0.771
2034,2011,0.773
2034,2012,0.785
2034,2013,0.779
2034,2014,0.78
2034,2015,0.794
2034,2016,0.79
2034,2017,0.797
2034,2018,0.806
2034,2019,0.813
2034,2020,0.808
2034,2021,0.82
2039,2005,0.785
2039,2006,0.801
2039,2007,0.806
2039,2008,0.802
2039,2009,0.777
2039,2010,0.793
2039,2011,0.797
2039,2012,0.796
2039,2013,0.805
2039,2014,0.812
2039,2015,0.811
2039,2016,0.831
2039,2017,0.819
2039,2018,0.835
2039,2019,0.83
2039,2020,0.823
2039,2021,0.833
2061,2005,0.778
2061,2006,0.785
2061,2007,0.798
2061,2008,0.802
2061,2009,0.773
2061,2010,0.786
2061,2011,0.803
2061,2012,0.814
2061,2013,0.819
2061,2014,0.823
2061,2015,0.822
2061,2016,0.822
2061,2017,0.835
2061,2018,0.829
2061,2019,0.827
2061,2020,0.822
2061,2021,0.825
2062,2005,0.819
2062,2006,0.826
2062,2007,0.828
2062,2008,0.827
2062,2009,0.805
2062,2010,0.817
2062,2011,0.824
2062,2012,0.83
2062,2013,0.835
2062,2014,0.84
2062,2015,0.833
2062,2016,0.84
2062,2017,0.845
2062,2018,0.848
2062,2019,0.846
2062,2020,0.836
2062,2021,0.846
2080,2005,0.808
2080,2006,0.817
2080,2007,0.827
2080,2008,0.829
2080,2009,0.808
2080,2010,0.816
2080,2011,0.827
2080,2012,0.829
2080,2013,0.829
2080,2014,0.832
2080,2015,0.837
2080,2016,0.839
2080,2017,0.839
2080,2018,0.845
2080,2019,0.849
2080,2020,0.846
2080,2021,0.855
2081,2005,0.785
2081,2006,0.791
2081,2007,0.797
2081,2008,0.791
2081,2009,0.76
2081,2010,0.767
2081,2011,0.78
2081,2012,0.782
2081,2013,0.782
2081,2014,0.781
2081,2015,0.783
2081,2016,0.787
2081,2017,0.791
2081,2018,0.798
2081,2019,0.797
2081,2020,0.788
2081,2021,0.795
2082,2005,0.818
2082,2006,0.827
2082,2007,0.835
2082,2008,0.835
2082,2009,0.818
2082,2010,0.834
2082,2011,0.843
2082,2012,0.839
2082,2013,0.837
2082,2014,0.841
2082,2015,0.846
2082,2016,0.852
2082,2017,0.851
2082,2018,0.86
2082,2019,0.869
2082,2020,0.856
2082,2021,0.863
2083,2005,0.78
2083,2006,0.785
2083,2007,0.8
2083,2008,0.799
2083,2009,0.772
2083,2010,0.789
2083,2011,0.8
2083,2012,0.795
2083,2013,0.791
2083,2014,0.792
2083,2015,0.79
2083,2016,0.787
2083,2017,0.79
2083,2018,0.804
2083,2019,0.804
2083,2020,0.799
2083,2021,0.803
2084,2005,0.791
2084,2006,0.792
2084,2007,0.803
2084,2008,0.802
2084,2009,0.786
2084,2010,0.795
2084,2011,0.808
2084,2012,0.803
2084,2013,0.793
2084,2014,0.787
2084,2015,0.761
2084,2016,0.768
2084,2017,0.768
2084,2018,0.782
2084,2019,0.795
2084,2020,0.789
2084,2021,0.792
2085,2005,0.773
2085,2006,0.781
2085,2007,0.79
2085,2008,0.787
2085,2009,0.769
2085,2010,0.777
2085,2011,0.792
2085,2012,0.798
2085,2013,0.793
2085,2014,0.791
2085,2015,0.781
2085,2016,0.777
2085,2017,0.783
2085,2018,0.78
2085,2019,0.779
2085,2020,0.772
2085,2021,0.778
2101,2005,0.81
2101,2006,0.821
2101,2007,0.822
2101,2008,0.809
2101,2009,0.791
2101,2010,0.8
2101,2011,0.808
2101,2012,0.8
2101,2013,0.805
2101,2014,0.797
2101,2015,0.774
2101,2016,0.777
2101,2017,0.776
2101,2018,0.783
2101,2019,0.785
2101,2020,0.799
2101,2021,0.814
2104,2005,0.789
2104,2006,0.794
2104,2007,0.802
2104,2008,0.803
2104,2009,0.776
2104,2010,0.79
2104,2011,0.812
2104,2012,0.819
2104,2013,0.809
2104,2014,0.818
2104,2015,0.814
2104,2016,0.812
2104,2017,0.799
2104,2018,0.815
2104,2019,0.806
2104,2020,0.81
2104,2021,0.819
2121,2005,0.816
2121,2006,0.83
2121,2007,0.842
2121,2008,0.836
2121,2009,0.809
2121,2010,0.818
2121,2011,0.83
2121,2012,0.825
2121,2013,0.829
2121,2014,0.831
2121,2015,0.824
2121,2016,0.824
2121,2017,0.847
2121,2018,0.851
2121,2019,0.847
2121,2020,0.824
2121,2021,0.829
2132,2005,0.77
2132,2006,0.781
2132,2007,0.786
2132,2008,0.787
2132,2009,0.771
2132,2010,0.78
2132,2011,0.795
2132,2012,0.799
2132,2013,0.8
2132,2014,0.808
2132,2015,0.812
2132,2016,0.811
2132,2017,0.818
2132,2018,0.817
2132,2019,0.826
2132,2020,0.813
2132,2021,0.818
2161,2005,0.783
2161,2006,0.788
2161,2007,0.796
2161,2008,0.791
2161,2009,0.772
2161,2010,0.788
2161,2011,0.797
2161,2012,0.805
2161,2013,0.805
2161,2014,0.804
2161,2015,0.8
2161,2016,0.805
2161,2017,0.804
2161,2018,0.812
2161,2019,0.819
2161,2020,0.811
2161,2021,0.821
2180,2005,0.764
2180,2006,0.783
2180,2007,0.793
2180,2008,0.794
2180,2009,0.77
2180,2010,0.78
2180,2011,0.791
2180,2012,0.79
2180,2013,0.791
2180,2014,0.79
2180,2015,0.8
2180,2016,0.806
2180,2017,0.808
2180,2018,0.819
2180,2019,0.815
2180,2020,0.809
2180,2021,0.816
2181,2005,0.796
2181,2006,0.805
2181,2007,0.808
2181,2008,0.804
2181,2009,0.77
2181,2010,0.784
2181,2011,0.791
2181,2012,0.79
2181,2013,0.788
2181,2014,0.785
2181,2015,0.773
2181,2016,0.773
2181,2017,0.775
2181,2018,0.789
2181,2019,0.791
2181,2020,0.798
2181,2021,0.797
2182,2005,0.707
2182,2006,0.72
2182,2007,0.738
2182,2008,0.743
2182,2009,0.724
2182,2010,0.75
2182,2011,0.768
2182,2012,0.772
2182,2013,0.77
2182,2014,0.767
2182,2015,0.761
2182,2016,0.77
2182,2017,0.786
2182,2018,0.793
2182,2019,0.787
2182,2020,0.784
2182,2021,0.787
2183,2005,0.773
2183,2006,0.783
2183,2007,0.8
2183,2008,0.8
2183,2009,0.774
2183,2010,0.78
2183,2011,0.791
2183,2012,0.792
2183,2013,0.791
2183,2014,0.785
2183,2015,0.781
2183,2016,0.78
2183,2017,0.794
2183,2018,0.801
2183,2019,0.8
2183,2020,0.8
2183,2021,0.808
2184,2005,0.769
2184,2006,0.782
2184,2007,0.796
2184,2008,0.797
2184,2009,0.777
2184,2010,0.8
2184,2011,0.812
2184,2012,0.815
2184,2013,0.812
2184,2014,0.811
2184,2015,0.815
2184,2016,0.813
2184,2017,0.823
2184,2018,0.828
2184,2019,0.828
2184,2020,0.825
2184,2021,0.835
2260,2005,0.79
2260,2006,0.805
2260,2007,0.808
2260,2008,0.805
2260,2009,0.795
2260,2010,0.789
2260,2011,0.808
2260,2012,0.804
2260,2013,0.801
2260,2014,0.8
2260,2015,0.794
2260,2016,0.8
2260,2017,0.799
2260,2018,0.816
2260,2019,0.818
2260,2020,0.818
2260,2021,0.816
2262,2005,0.791
2262,2006,0.806
2262,2007,0.814
2262,2008,0.808
2262,2009,0.781
2262,2010,0.794
2262,2011,0.801
2262,2012,0.811
2262,2013,0.807
2262,2014,0.809
2262,2015,0.814
2262,2016,0.829
2262,2017,0.834
2262,2018,0.837
2262,2019,0.84
2262,2020,0.832
2262,2021,0.832
2280,2005,0.779
2280,2006,0.788
2280,2007,0.793
2280,2008,0.793
2280,2009,0.77
2280,2010,0.783
2280,2011,0.792
2280,2012,0.787
2280,2013,0.784
2280,2014,0.779
2280,2015,0.77
2280,2016,0.766
2280,2017,0.777
2280,2018,0.781
2280,2019,0.788
2280,2020,0.793
2280,2021,0.805
2281,2005,0.803
2281,2006,0.807
2281,2007,0.816
2281,2008,0.819
2281,2009,0.798
2281,2010,0.803
2281,2011,0.811
2281,2012,0.811
2281,2013,0.816
2281,2014,0.818
2281,2015,0.825
2281,2016,0.833
2281,2017,0.836
2281,2018,0.841
2281,2019,0.84
2281,2020,0.836
2281,2021,0.836
2282,2005,0.764
2282,2006,0.777
2282,2007,0.777
2282,2008,0.777
2282,2009,0.749
2282,2010,0.765
2282,2011,0.771
2282,2012,0.779
2282,2013,0.78
2282,2014,0.778
2282,2015,0.774
2282,2016,0.769
2282,2017,0.775
2282,2018,0.78
2282,2019,0.778
2282,2020,0.777
2282,2021,0.788
2283,2005,0.779
2283,2006,0.787
2283,2007,0.793
2283,2008,0.795
2283,2009,0.772
2283,2010,0.77
2283,2011,0.788
2283,2012,0.797
2283,2013,0.795
2283,2014,0.79
2283,2015,0.786
2283,2016,0.792
2283,2017,0.796
2283,2018,0.802
2283,2019,0.805
2283,2020,0.808
2283,2021,0.815
2284,2005,0.819
2284,2006,0.825
2284,2007,0.83
2284,2008,0.83
2284,2009,0.808
2284,2010,0.814
2284,2011,0.822
2284,2012,0.831
2284,2013,0.837
2284,2014,0.844
2284,2015,0.842
2284,2016,0.836
2284,2017,0.836
2284,2018,0.842
2284,2019,0.839
2284,2020,0.833
2284,2021,0.843
2303,2005,0.794
2303,2006,0.795
2303,2007,0.804
2303,2008,0.797
2303,2009,0.767
2303,2010,0.774
2303,2011,0.792
2303,2012,0.781
2303,2013,0.796
2303,2014,0.802
2303,2015,0.798
2303,2016,0.798
2303,2017,0.797
2303,2018,0.817
2303,2019,0.817
2303,2020,0.835
2303,2021,0.825
2305,2005,0.78
2305,2006,0.778
2305,2007,0.791
2305,2008,0.789
2305,2009,0.764
2305,2010,0.761
2305,2011,0.777
2305,2012,0.773
2305,2013,0.79
2305,2014,0.785
2305,2015,0.784
2305,2016,0.78
2305,2017,0.794
2305,2018,0.798
2305,2019,0.806
2305,2020,0.793
2305,2021,0.816
2309,2005,0.814
2309,2006,0.825
2309,2007,0.836
2309,2008,0.828
2309,2009,0.821
2309,2010,0.829
2309,2011,0.855
2309,2012,0.854
2309,2013,0.855
2309,2014,0.851
2309,2015,0.859
2309,2016,0.862
2309,2017,0.868
2309,2018,0.875
2309,2019,0.886
2309,2020,0.881
2309,2021,0.884
2313,2005,0.772
2313,2006,0.783
2313,2007,0.798
2313,2008,0.783
2313,2009,0.767
2313,2010,0.778
2313,2011,0.793
2313,2012,0.799
2313,2013,0.804
2313,2014,0.803
2313,2015,0.802
2313,2016,0.807
2313,2017,0.812
2313,2018,0.822
2313,2019,0.817
2313,2020,0.817
2313,2021,0.829
2321,2005,0.804
2321,2006,0.822
2321,2007,0.837
2321,2008,0.835
2321,2009,0.814
2321,2010,0.829
2321,2011,0.833
2321,2012,0.834
2321,2013,0.827
2321,2014,0.828
2321,2015,0.831
2321,2016,0.836
2321,2017,0.846
2321,2018,0.852
2321,2019,0.838
2321,2020,0.839
2321,2021,0.854
2326,2005,0.815
2326,2006,0.82
2326,2007,0.83
2326,2008,0.828
2326,2009,0.806
2326,2010,0.807
2326,2011,0.82
2326,2012,0.825
2326,2013,0.829
2326,2014,0.824
2326,2015,0.828
2326,2016,0.831
2326,2017,0.832
2326,2018,0.849
2326,2019,0.853
2326,2020,0.849
2326,2021,0.863
2361,2005,0.794
2361,2006,0.804
2361,2007,0.82
2361,2008,0.823
2361,2009,0.801
2361,2010,0.82
2361,2011,0.829
2361,2012,0.83
2361,2013,0.817
2361,2014,0.825
2361,2015,0.826
2361,2016,0.831
2361,2017,0.84
2361,2018,0.84
2361,2019,0.837
2361,2020,0.834
2361,2021,0.843
2380,2005,0.787
2380,2006,0.802
2380,2007,0.818
2380,2008,0.813
2380,2009,0.795
2380,2010,0.805
2380,2011,0.816
2380,2012,0.818
2380,2013,0.821
2380,2014,0.821
2380,2015,0.825
2380,2016,0.832
2380,2017,0.833
2380,2018,0.839
2380,2019,0.841
2380,2020,0.834
2380,2021,0.847
2401,2005,0.787
2401,2006,0.8
2401,2007,0.813
2401,2008,0.812
2401,2009,0.785
2401,2010,0.802
2401,2011,0.81
2401,2012,0.805
2401,2013,0.805
2401,2014,0.811
2401,2015,0.808
2401,2016,0.802
2401,2017,0.818
2401,2018,0.826
2401,2019,0.827
2401,2020,0.829
2401,2021,0.84
2403,2005,0.798
2403,2006,0.797
2403,2007,0.798
2403,2008,0.8
2403,2009,0.775
2403,2010,0.796
2403,2011,0.819
2403,2012,0.815
2403,2013,0.807
2403,2014,0.808
2403,2015,0.813
2403,2016,0.826
2403,2017,0.843
2403,2018,0.841
2403,2019,0.841
2403,2020,0.843
2403,2021,0.847
2404,2005,0.808
2404,2006,0.814
2404,2007,0.834
2404,2008,0.82
2404,2009,0.784
2404,2010,0.812
2404,2011,0.825
2404,2012,0.831
2404,2013,0.832
2404,2014,0.823
2404,2015,0.833
2404,2016,0.836
2404,2017,0.832
2404,2018,0.839
2404,2019,0.848
2404,2020,0.832
2404,2021,0.853
2409,2005,0.83
2409,2006,0.836
2409,2007,0.843
2409,2008,0.842
2409,2009,0.81
2409,2010,0.822
2409,2011,0.842
2409,2012,0.843
2409,2013,0.839
2409,2014,0.845
2409,2015,0.828
2409,2016,0.825
2409,2017,0.835
2409,2018,0.846
2409,2019,0.861
2409,2020,0.853
2409,2021,0.865
2417,2005,0.819
2417,2006,0.829
2417,2007,0.832
2417,2008,0.817
2417,2009,0.784
2417,2010,0.795
2417,2011,0.82
2417,2012,0.828
2417,2013,0.824
2417,2014,0.816
2417,2015,0.82
2417,2016,0.823
2417,2017,0.83
2417,2018,0.835
2417,2019,0.848
2417,2020,0.854
2417,2021,0.853
2418,2005,0.815
2418,2006,0.828
2418,2007,0.818
2418,2008,0.811
2418,2009,0.79
2418,2010,0.815
2418,2011,0.833
2418,2012,0.848
2418,2013,0.838
2418,2014,0.848
2418,2015,0.855
2418,2016,0.875
2418,2017,0.878
2418,2018,0.868
2418,2019,0.868
2418,2020,0.859
2418,2021,0.87
2421,2005,0.761
2421,2006,0.774
2421,2007,0.807
2421,2008,0.798
2421,2009,0.78
2421,2010,0.804
2421,2011,0.813
2421,2012,0.815
2421,2013,0.818
2421,2014,0.821
2421,2015,0.817
2421,2016,0.823
2421,2017,0.824
2421,2018,0.82
2421,2019,0.836
2421,2020,0.838
2421,2021,0.836
2422,2005,0.807
2422,2006,0.81
2422,2007,0.812
2422,2008,0.828
2422,2009,0.791
2422,2010,0.813
2422,2011,0.818
2422,2012,0.828
2422,2013,0.849
2422,2014,0.857
2422,2015,0.864
2422,2016,0.872
2422,2017,0.871
2422,2018,0.864
2422,2019,0.862
2422,2020,0.854
2422,2021,0.863
2425,2005,0.786
2425,2006,0.785
2425,2007,0.828
2425,2008,0.819
2425,2009,0.786
2425,2010,0.815
2425,2011,0.828
2425,2012,0.832
2425,2013,0.827
2425,2014,0.846
2425,2015,0.819
2425,2016,0.821
2425,2017,0.825
2425,2018,0.833
2425,2019,0.827
2425,2020,0.842
2425,2021,0.852
2460,2005,0.826
2460,2006,0.833
2460,2007,0.847
2460,2008,0.844
2460,2009,0.828
2460,2010,0.835
2460,2011,0.844
2460,2012,0.832
2460,2013,0.846
2460,2014,0.854
2460,2015,0.853
2460,2016,0.857
2460,2017,0.853
2460,2018,0.854
2460,2019,0.853
2460,2020,0.854
2460,2021,0.863
2462,2005,0.76
2462,2006,0.764
2462,2007,0.778
2462,2008,0.785
2462,2009,0.76
2462,2010,0.775
2462,2011,0.792
2462,2012,0.787
2462,2013,0.784
2462,2014,0.798
2462,2015,0.796
2462,2016,0.796
2462,2017,0.795
2462,2018,0.819
2462,2019,0.835
2462,2020,0.825
2462,2021,0.827
2463,2005,0.747
2463,2006,0.761
2463,2007,0.777
2463,2008,0.778
2463,2009,0.743
2463,2010,0.77
2463,2011,0.796
2463,2012,0.783
2463,2013,0.797
2463,2014,0.785
2463,2015,0.783
2463,2016,0.766
2463,2017,0.78
2463,2018,0.798
2463,2019,0.809
2463,2020,0.803
2463,2021,0.809
2480,2005,0.788
2480,2006,0.797
2480,2007,0.805
2480,2008,0.804
2480,2009,0.782
2480,2010,0.795
2480,2011,0.804
2480,2012,0.812
2480,2013,0.813
2480,2014,0.815
2480,2015,0.823
2480,2016,0.823
2480,2017,0.819
2480,2018,0.824
2480,2019,0.825
2480,2020,0.82
2480,2021,0.828
2481,2005,0.787
2481,2006,0.801
2481,2007,0.816
2481,2008,0.819
2481,2009,0.798
2481,2010,0.814
2481,2011,0.829
2481,2012,0.833
2481,2013,0.827
2481,2014,0.826
2481,2015,0.825
2481,2016,0.833
2481,2017,0.83
2481,2018,0.834
2481,2019,0.84
2481,2020,0.837
2481,2021,0.842
2482,2005,0.792
2482,2006,0.803
2482,2007,0.818
2482,2008,0.821
2482,2009,0.799
2482,2010,0.815
2482,2011,0.825
2482,2012,0.83
2482,2013,0.83
2482,2014,0.831
2482,2015,0.832
2482,2016,0.837
2482,2017,0.838
2482,2018,0.843
2482,2019,0.847
2482,2020,0.841
2482,2021,0.849
2505,2005,0.785
2505,2006,0.813
2505,2007,0.815
2505,2008,0.819
2505,2009,0.799
2505,2010,0.82
2505,2011,0.834
2505,2012,0.833
2505,2013,0.83
2505,2014,0.828
2505,2015,0.844
2505,2016,0.845
2505,2017,0.832
2505,2018,0.844
2505,2019,0.839
2505,2020,0.83
2505,2021,0.833
2506,2005,0.788
2506,2006,0.804
2506,2007,0.816
2506,2008,0.806
2506,2009,0.797
2506,2010,0.805
2506,2011,0.825
2506,2012,0.836
2506,2013,0.85
2506,2014,0.851
2506,2015,0.843
2506,2016,0.853
2506,2017,0.85
2506,2018,0.848
2506,2019,0.828
2506,2020,0.844
2506,2021,0.867
2510,2005,0.782
2510,2006,0.784
2510,2007,0.81
2510,2008,0.817
2510,2009,0.8
2510,2010,0.806
2510,2011,0.811
2510,2012,0.815
2510,2013,0.836
2510,2014,0.844
2510,2015,0.844
2510,2016,0.837
2510,2017,0.841
2510,2018,0.854
2510,2019,0.854
2510,2020,0.849
2510,2021,0.857
2513,2005,0.729
2513,2006,0.742
2513,2007,0.778
2513,2008,0.765
2513,2009,0.755
2513,2010,0.769
2513,2011,0.793
2513,2012,0.786
2513,2013,0.817
2513,2014,0.818
2513,2015,0.815
2513,2016,0.808
2513,2017,0.813
2513,2018,0.822
2513,2019,0.825
2513,2020,0.84
2513,2021,0.833
2514,2005,0.733
2514,2006,0.766
2514,2007,0.787
2514,2008,0.786
2514,2009,0.764
2514,2010,0.775
2514,2011,0.791
2514,2012,0.799
2514,2013,0.801
2514,2014,0.807
2514,2015,0.813
2514,2016,0.818
2514,2017,0.82
2514,2018,0.831
2514,2019,0.83
2514,2020,0.822
2514,2021,0.832
2518,2005,0.706
2518,2006,0.731
2518,2007,0.757
2518,2008,0.744
2518,2009,0.723
2518,2010,0.745
2518,2011,0.761
2518,2012,0.766
2518,2013,0.76
2518,2014,0.764
2518,2015,0.785
2518,2016,0.781
2518,2017,0.78
2518,2018,0.789
2518,2019,0.791
2518,2020,0.795
2518,2021,0.799
2521,2005,0.701
2521,2006,0.74
2521,2007,0.782
2521,2008,0.776
2521,2009,0.742
2521,2010,0.768
2521,2011,0.786
2521,2012,0.799
2521,2013,0.813
2521,2014,0.825
2521,2015,0.804
2521,2016,0.795
2521,2017,0.809
2521,2018,0.818
2521,2019,0.822
2521,2020,0.834
2521,2021,0.841
2523,2005,0.78
2523,2006,0.794
2523,2007,0.808
2523,2008,0.822
2523,2009,0.804
2523,2010,0.819
2523,2011,0.831
2523,2012,0.835
2523,2013,0.847
2523,2014,0.854
2523,2015,0.861
2523,2016,0.866
2523,2017,0.865
2523,2018,0.87
2523,2019,0.865
2523,2020,0.871
2523,2021,0.877
2560,2005,0.764
2560,2006,0.77
2560,2007,0.793
2560,2008,0.797
2560,2009,0.773
2560,2010,0.779
2560,2011,0.79
2560,2012,0.803
2560,2013,0.799
2560,2014,0.808
2560,2015,0.803
2560,2016,0.82
2560,2017,0.813
2560,2018,0.818
2560,2019,0.816
2560,2020,0.815
2560,2021,0.821
2580,2005,0.77
2580,2006,0.784
2580,2007,0.8
2580,2008,0.802
2580,2009,0.781
2580,2010,0.795
2580,2011,0.806
2580,2012,0.818
2580,2013,0.821
2580,2014,0.827
2580,2015,0.833
2580,2016,0.837
2580,2017,0.836
2580,2018,0.84
2580,2019,0.832
2580,2020,0.83
2580,2021,0.836
2581,2005,0.781
2581,2006,0.793
2581,2007,0.803
2581,2008,0.807
2581,2009,0.792
2581,2010,0.802
2581,2011,0.811
2581,2012,0.818
2581,2013,0.823
2581,2014,0.83
2581,2015,0.833
2581,2016,0.833
2581,2017,0.833
2581,2018,0.839
2581,2019,0.843
2581,2020,0.842
2581,2021,0.848
2582,2005,0.781
2582,2006,0.781
2582,2007,0.794
2582,2008,0.794
2582,2009,0.777
2582,2010,0.785
2582,2011,0.796
2582,2012,0.801
2582,2013,0.806
2582,2014,0.814
2582,2015,0.82
2582,2016,0.824
2582,2017,0.827
2582,2018,0.84
2582,2019,0.838
2582,2020,0.835
2582,2021,0.837
2583,2005,0.591
2583,2006,0.621
2583,2007,0.643
2583,2008,0.635
2583,2009,0.607
2583,2010,0.619
2583,2011,0.647
2583,2012,0.658
2583,2013,0.67
2583,2014,0.678
2583,2015,0.674
2583,2016,0.69
2583,2017,0.703
2583,2018,0.708
2583,2019,0.71
2583,2020,0.712
2583,2021,0.728
2584,2005,0.789
2584,2006,0.814
2584,2007,0.835
2584,2008,0.84
2584,2009,0.821
2584,2010,0.843
2584,2011,0.857
2584,2012,0.871
2584,2013,0.871
2584,2014,0.874
2584,2015,0.88
2584,2016,0.877
2584,2017,0.876
2584,2018,0.881
2584,2019,0.876
2584,2020,0.869
2584,2021,0.873
