kommun,year,sjuk
0114,2005,0.391
0114,2006,0.352
0114,2007,0.382
0114,2008,0.41
0114,2009,0.416
0114,2010,0.412
0114,2011,0.442
0114,2012,0.472
0114,2013,0.474
0114,2014,0.478
0114,2015,0.486
0114,2016,0.484
0114,2017,0.481
0114,2018,0.476
0114,2019,0.471
0114,2020,0.452
0114,2021,0.463
0115,2005,0.373
0115,2006,0.375
0115,2007,0.375
0115,2008,0.424
0115,2009,0.392
0115,2010,0.401
0115,2011,0.437
0115,2012,0.462
0115,2013,0.493
0115,2014,0.498
0115,2015,0.507
0115,2016,0.51
0115,2017,0.502
0115,2018,0.491
0115,2019,0.491
0115,2020,0.465
0115,2021,0.473
0117,2005,0.331
0117,2006,0.336
0117,2007,0.331
0117,2008,0.392
0117,2009,0.359
0117,2010,0.363
0117,2011,0.407
0117,2012,0.449
0117,2013,0.473
0117,2014,0.48
0117,2015,0.476
0117,2016,0.505
0117,2017,0.501
0117,2018,0.493
0117,2019,0.496
0117,2020,0.466
0117,2021,0.474
0120,2005,0.441
0120,2006,0.432
0120,2007,0.42
0120,2008,0.438
0120,2009,0.437
0120,2010,0.446
0120,2011,0.458
0120,2012,0.474
0120,2013,0.455
0120,2014,0.459
0120,2015,0.453
0120,2016,0.459
0120,2017,0.469
0120,2018,0.468
0120,2019,0.469
0120,2020,0.452
0120,2021,0.461
0123,2005,0.357
0123,2006,0.349
0123,2007,0.356
0123,2008,0.397
0123,2009,0.418
0123,2010,0.394
0123,2011,0.442
0123,2012,0.481
0123,2013,0.49
0123,2014,0.491
0123,2015,0.493
0123,2016,0.495
0123,2017,0.49
0123,2018,0.477
0123,2019,0.482
0123,2020,0.463
0123,2021,0.469
0125,2005,0.344
0125,2006,0.339
0125,2007,0.344
0125,2008,0.403
0125,2009,0.399
0125,2010,0.395
0125,2011,0.427
0125,2012,0.462
0125,2013,0.48
0125,2014,0.493
0125,2015,0.486
0125,2016,0.477
0125,2017,0.484
0125,2018,0.481
0125,2019,0.487
0125,2020,0.463
0125,2021,0.482
0126,2005,0.389
0126,2006,0.391
0126,2007,0.385
0126,2008,0.402
0126,2009,0.403
0126,2010,0.398
0126,2011,0.416
0126,2012,0.439
0126,2013,0.462
0126,2014,0.478
0126,2015,0.476
0126,2016,0.474
0126,2017,0.477
0126,2018,0.463
0126,2019,0.464
0126,2020,0.441
0126,2021,0.453
0127,2005,0.395
0127,2006,0.397
0127,2007,0.389
0127,2008,0.407
0127,2009,0.393
0127,2010,0.389
0127,2011,0.392
0127,2012,0.435
0127,2013,0.458
0127,2014,0.479
0127,2015,0.479
0127,2016,0.48
0127,2017,0.484
0127,2018,0.476
0127,2019,0.471
0127,2020,0.453
0127,2021,0.468
0128,2005,0.409
0128,2006,0.413
0128,2007,0.397
0128,2008,0.441
0128,2009,0.419
0128,2010,0.427
0128,2011,0.429
0128,2012,0.449
0128,2013,0.479
0128,2014,0.502
0128,2015,0.489
0128,2016,0.494
0128,2017,0.508
0128,2018,0.501
0128,2019,0.495
0128,2020,0.467
0128,2021,0.489
0136,2005,0.422
0136,2006,0.425
0136,2007,0.409
0136,2008,0.423
0136,2009,0.427
0136,2010,0.44
0136,2011,0.447
0136,2012,0.467
0136,2013,0.485
0136,2014,0.491
0136,2015,0.486
0136,2016,0.488
0136,2017,0.479
0136,2018,0.467
0136,2019,0.459
0136,2020,0.443
0136,2021,0.452
0138,2005,0.384
0138,2006,0.378
0138,2007,0.377
0138,2008,0.405
0138,2009,0.406
0138,2010,0.425
0138,2011,0.435
0138,2012,0.467
0138,2013,0.485
0138,2014,0.497
0138,2015,0.491
0138,2016,0.495
0138,2017,0.495
0138,2018,0.483
0138,2019,0.484
0138,2020,0.462
0138,2021,0.479
0139,2005,0.38
0139,2006,0.369
0139,2007,0.366
0139,2008,0.401
0139,2009,0.416
0139,2010,0.405
0139,2011,0.444
0139,2012,0.471
0139,2013,0.479
0139,2014,0.48
0139,2015,0.49
0139,2016,0.491
0139,2017,0.48
0139,2018,0.466
0139,2019,0.468
0139,2020,0.439
0139,2021,0.456
0140,2005,0.405
0140,2006,0.386
0140,2007,0.378
0140,2008,0.431
0140,2009,0.419
0140,2010,0.418
0140,2011,0.418
0140,2012,0.436
0140,2013,0.452
0140,2014,0.495
0140,2015,0.49
0140,2016,0.496
0140,2017,0.506
0140,2018,0.494
0140,2019,0.495
0140,2020,0.484
0140,2021,0.501
0160,2005,0.33
0160,2006,0.332
0160,2007,0.338
0160,2008,0.408
0160,2009,0.379
0160,2010,0.384
0160,2011,0.425
0160,2012,0.478
0160,2013,0.514
0160,2014,0.519
0160,2015,0.516
0160,2016,0.518
0160,2017,0.513
0160,2018,0.5
0160,2019,0.504
0160,2020,0.477
0160,2021,0.487
0162,2005,0.344
0162,2006,0.354
0162,2007,0.365
0162,2008,0.427
0162,2009,0.412
0162,2010,0.416
0162,2011,0.452
0162,2012,0.498
0162,2013,0.521
0162,2014,0.522
0162,2015,0.518
0162,2016,0.518
0162,2017,0.516
0162,2018,0.514
0162,2019,0.511
0162,2020,0.491
0162,2021,0.502
0163,2005,0.369
0163,2006,0.363
0163,2007,0.365
0163,2008,0.391
0163,2009,0.386
0163,2010,0.391
0163,2011,0.425
0163,2012,0.459
0163,2013,0.479
0163,2014,0.475
0163,2015,0.478
0163,2016,0.486
0163,2017,0.481
0163,2018,0.479
0163,2019,0.479
0163,2020,0.462
0163,2021,0.47
0180,2005,0.366
0180,2006,0.368
0180,2007,0.372
0180,2008,0.402
0180,2009,0.397
0180,2010,0.399
0180,2011,0.416
0180,2012,0.456
0180,2013,0.474
0180,2014,0.483
0180,2015,0.479
0180,2016,0.483
0180,2017,0.483
0180,2018,0.474
0180,2019,0.477
0180,2020,0.457
0180,2021,0.469
0181,2005,0.411
0181,2006,0.413
0181,2007,0.396
0181,2008,0.446
0181,2009,0.436
0181,2010,0.437
0181,2011,0.437
0181,2012,0.462
0181,2013,0.482
0181,2014,0.502
0181,2015,0.507
0181,2016,0.504
0181,2017,0.509
0181,2018,0.499
0181,2019,0.5
0181,2020,0.485
0181,2021,0.491
0182,2005,0.456
0182,2006,0.445
0182,2007,0.437
0182,2008,0.457
0182,2009,0.451
0182,2010,0.458
0182,2011,0.468
0182,2012,0.497
0182,2013,0.482
0182,2014,0.486
0182,2015,0.47
0182,2016,0.475
0182,2017,0.479
0182,2018,0.474
0182,2019,0.475
0182,2020,0.461
0182,2021,0.469
0183,2005,0.371
0183,2006,0.368
0183,2007,0.373
0183,2008,0.404
0183,2009,0.398
0183,2010,0.405
0183,2011,0.425
0183,2012,0.465
0183,2013,0.479
0183,2014,0.482
0183,2015,0.479
0183,2016,0.482
0183,2017,0.472
0183,2018,0.457
0183,2019,0.464
0183,2020,0.45
0183,2021,0.455
0184,2005,0.367
0184,2006,0.369
0184,2007,0.365
0184,2008,0.397
0184,2009,0.391
0184,2010,0.39
0184,2011,0.415
0184,2012,0.454
0184,2013,0.471
0184,2014,0.474
0184,2015,0.471
0184,2016,0.474
0184,2017,0.462
0184,2018,0.454
0184,2019,0.463
0184,2020,0.441
0184,2021,0.446
0186,2005,0.335
0186,2006,0.338
0186,2007,0.34
0186,2008,0.407
0186,2009,0.409
0186,2010,0.414
0186,2011,0.423
0186,2012,0.475
0186,2013,0.514
0186,2014,0.514
0186,2015,0.509
0186,2016,0.505
0186,2017,0.519
0186,2018,0.512
0186,2019,0.515
0186,2020,0.496
0186,2021,0.503
0187,2005,0.336
0187,2006,0.339
0187,2007,0.344
0187,2008,0.404
0187,2009,0.382
0187,2010,0.386
0187,2011,0.427
0187,2012,0.479
0187,2013,0.492
0187,2014,0.498
0187,2015,0.492
0187,2016,0.514
0187,2017,0.51
0187,2018,0.491
0187,2019,0.496
0187,2020,0.474
0187,2021,0.487
0188,2005,0.445
0188,2006,0.466
0188,2007,0.453
0188,2008,0.479
0188,2009,0.482
0188,2010,0.484
0188,2011,0.503
0188,2012,0.511
0188,2013,0.516
0188,2014,0.524
0188,2015,0.528
0188,2016,0.526
0188,2017,0.531
0188,2018,0.526
0188,2019,0.52
0188,2020,0.46
0188,2021,0.479
0191,2005,0.364
0191,2006,0.334
0191,2007,0.35
0191,2008,0.38
0191,2009,0.381
0191,2010,0.385
0191,2011,0.435
0191,2012,0.439
0191,2013,0.449
0191,2014,0.454
0191,2015,0.463
0191,2016,0.445
0191,2017,0.438
0191,2018,0.434
0191,2019,0.437
0191,2020,0.423
0191,2021,0.433
0192,2005,0.431
0192,2006,0.44
0192,2007,0.427
0192,2008,0.415
0192,2009,0.422
0192,2010,0.423
0192,2011,0.444
0192,2012,0.475
0192,2013,0.492
0192,2014,0.507
0192,2015,0.504
0192,2016,0.499
0192,2017,0.484
0192,2018,0.487
0192,2019,0.484
0192,2020,0.455
0192,2021,0.472
0305,2005,0.408
0305,2006,0.414
0305,2007,0.381
0305,2008,0.427
0305,2009,0.432
0305,2010,0.429
0305,2011,0.436
0305,2012,0.439
0305,2013,0.456
0305,2014,0.442
0305,2015,0.438
0305,2016,0.431
0305,2017,0.455
0305,2018,0.449
0305,2019,0.449
0305,2020,0.427
0305,2021,0.433
0319,2005,0.32
0319,2006,0.332
0319,2007,0.364
0319,2008,0.4
0319,2009,0.384
0319,2010,0.393
0319,2011,0.397
0319,2012,0.384
0319,2013,0.386
0319,2014,0.385
0319,2015,0.383
0319,2016,0.393
0319,2017,0.396
0319,2018,0.393
0319,2019,0.397
0319,2020,0.366
0319,2021,0.382
0330,2005,0.351
0330,2006,0.363
0330,2007,0.355
0330,2008,0.362
0330,2009,0.369
0330,2010,0.375
0330,2011,0.396
0330,2012,0.394
0330,2013,0.399
0330,2014,0.405
0330,2015,0.397
0330,2016,0.403
0330,2017,0.409
0330,2018,0.403
0330,2019,0.409
0330,2020,0.386
0330,2021,0.391
0331,2005,0.362
0331,2006,0.375
0331,2007,0.373
0331,2008,0.39
0331,2009,0.392
0331,2010,0.4
0331,2011,0.419
0331,2012,0.423
0331,2013,0.435
0331,2014,0.432
0331,2015,0.418
0331,2016,0.426
0331,2017,0.43
0331,2018,0.415
0331,2019,0.408
0331,2020,0.397
0331,2021,0.413
0360,2005,0.32
0360,2006,0.331
0360,2007,0.333
0360,2008,0.342
0360,2009,0.337
0360,2010,0.361
0360,2011,0.377
0360,2012,0.378
0360,2013,0.381
0360,2014,0.378
0360,2015,0.391
0360,2016,0.391
0360,2017,0.395
0360,2018,0.386
0360,2019,0.39
0360,2020,0.369
0360,2021,0.372
0380,2005,0.365
0380,2006,0.377
0380,2007,0.368
0380,2008,0.369
0380,2009,0.37
0380,2010,0.379
0380,2011,0.41
0380,2012,0.4
0380,2013,0.398
0380,2014,0.403
0380,2015,0.403
0380,2016,0.412
0380,2017,0.42
0380,2018,0.417
0380,2019,0.413
0380,2020,0.396
0380,2021,0.399
0381,2005,0.458
0381,2006,0.452
0381,2007,0.415
0381,2008,0.459
0381,2009,0.456
0381,2010,0.458
0381,2011,0.472
0381,2012,0.478
0381,2013,0.487
0381,2014,0.482
0381,2015,0.483
0381,2016,0.48
0381,2017,0.486
0381,2018,0.489
0381,2019,0.486
0381,2020,0.468
0381,2021,0.475
0382,2005,0.321
0382,2006,0.334
0382,2007,0.33
0382,2008,0.341
0382,2009,0.339
0382,2010,0.361
0382,2011,0.376
0382,2012,0.365
0382,2013,0.381
0382,2014,0.38
0382,2015,0.382
0382,2016,0.392
0382,2017,0.388
0382,2018,0.386
0382,2019,0.385
0382,2020,0.376
0382,2021,0.383
0428,2005,0.348
0428,2006,0.341
0428,2007,0.369
0428,2008,0.366
0428,2009,0.377
0428,2010,0.392
0428,2011,0.401
0428,2012,0.396
0428,2013,0.42
0428,2014,0.426
0428,2015,0.415
0428,2016,0.422
0428,2017,0.428
0428,2018,0.449
0428,2019,0.449
0428,2020,0.404
0428,2021,0.428
0461,2005,0.344
0461,2006,0.354
0461,2007,0.359
0461,2008,0.387
0461,2009,0.383
0461,2010,0.39
0461,2011,0.397
0461,2012,0.399
0461,2013,0.403
0461,2014,0.415
0461,2015,0.418
0461,2016,0.423
0461,2017,0.439
0461,2018,0.436
0461,2019,0.427
0461,2020,0.387
0461,2021,0.418
0480,2005,0.369
0480,2006,0.376
0480,2007,0.385
0480,2008,0.397
0480,2009,0.405
0480,2010,0.413
0480,2011,0.425
0480,2012,0.427
0480,2013,0.419
0480,2014,0.427
0480,2015,0.417
0480,2016,0.427
0480,2017,0.428
0480,2018,0.425
0480,2019,0.422
0480,2020,0.387
0480,2021,0.405
0481,2005,0.383
0481,2006,0.389
0481,2007,0.388
0481,2008,0.408
0481,2009,0.411
0481,2010,0.417
0481,2011,0.438
0481,2012,0.445
0481,2013,0.441
0481,2014,0.428
0481,2015,0.425
0481,2016,0.442
0481,2017,0.431
0481,2018,0.435
0481,2019,0.429
0481,2020,0.391
0481,2021,0.407
0482,2005,0.346
0482,2006,0.359
0482,2007,0.375
0482,2008,0.379
0482,2009,0.39
0482,2010,0.386
0482,2011,0.401
0482,2012,0.388
0482,2013,0.402
0482,2014,0.42
0482,2015,0.409
0482,2016,0.418
0482,2017,0.425
0482,2018,0.43
0482,2019,0.426
0482,2020,0.414
0482,2021,0.43
0483,2005,0.373
0483,2006,0.377
0483,2007,0.388
0483,2008,0.396
0483,2009,0.398
0483,2010,0.398
0483,2011,0.413
0483,2012,0.407
0483,2013,0.416
0483,2014,0.424
0483,2015,0.419
0483,2016,0.424
0483,2017,0.43
0483,2018,0.445
0483,2019,0.443
0483,2020,0.408
0483,2021,0.43
0484,2005,0.37
0484,2006,0.371
0484,2007,0.38
0484,2008,0.395
0484,2009,0.398
0484,2010,0.403
0484,2011,0.419
0484,2012,0.408
0484,2013,0.421
0484,2014,0.419
0484,2015,0.412
0484,2016,0.408
0484,2017,0.41
0484,2018,0.421
0484,2019,0.419
0484,2020,0.398
0484,2021,0.415
0486,2005,0.327
0486,2006,0.323
0486,2007,0.327
0486,2008,0.35
0486,2009,0.364
0486,2010,0.373
0486,2011,0.386
0486,2012,0.379
0486,2013,0.394
0486,2014,0.401
0486,2015,0.391
0486,2016,0.401
0486,2017,0.404
0486,2018,0.408
0486,2019,0.406
0486,2020,0.394
0486,2021,0.416
0488,2005,0.343
0488,2006,0.349
0488,2007,0.354
0488,2008,0.389
0488,2009,0.391
0488,2010,0.416
0488,2011,0.419
0488,2012,0.424
0488,2013,0.43
0488,2014,0.429
0488,2015,0.417
0488,2016,0.434
0488,2017,0.429
0488,2018,0.421
0488,2019,0.432
0488,2020,0.398
0488,2021,0.399
0509,2005,0.361
0509,2006,0.363
0509,2007,0.358
0509,2008,0.37
0509,2009,0.374
0509,2010,0.377
0509,2011,0.371
0509,2012,0.401
0509,2013,0.405
0509,2014,0.393
0509,2015,0.391
0509,2016,0.4
0509,2017,0.393
0509,2018,0.417
0509,2019,0.43
0509,2020,0.406
0509,2021,0.431
0512,2005,0.352
0512,2006,0.37
0512,2007,0.399
0512,2008,0.387
0512,2009,0.37
0512,2010,0.375
0512,2011,0.406
0512,2012,0.393
0512,2013,0.408
0512,2014,0.41
0512,2015,0.426
0512,2016,0.407
0512,2017,0.413
0512,2018,0.421
0512,2019,0.428
0512,2020,0.411
0512,2021,0.432
0513,2005,0.365
0513,2006,0.379
0513,2007,0.364
0513,2008,0.351
0513,2009,0.358
0513,2010,0.367
0513,2011,0.38
0513,2012,0.394
0513,2013,0.393
0513,2014,0.402
0513,2015,0.422
0513,2016,0.426
0513,2017,0.402
0513,2018,0.412
0513,2019,0.416
0513,2020,0.402
0513,2021,0.427
0560,2005,0.355
0560,2006,0.371
0560,2007,0.375
0560,2008,0.364
0560,2009,0.4
0560,2010,0.393
0560,2011,0.393
0560,2012,0.415
0560,2013,0.405
0560,2014,0.41
0560,2015,0.414
0560,2016,0.419
0560,2017,0.407
0560,2018,0.408
0560,2019,0.416
0560,2020,0.386
0560,2021,0.399
0561,2005,0.345
0561,2006,0.365
0561,2007,0.354
0561,2008,0.339
0561,2009,0.352
0561,2010,0.358
0561,2011,0.353
0561,2012,0.372
0561,2013,0.372
0561,2014,0.378
0561,2015,0.386
0561,2016,0.385
0561,2017,0.383
0561,2018,0.39
0561,2019,0.405
0561,2020,0.379
0561,2021,0.401
0562,2005,0.298
0562,2006,0.311
0562,2007,0.303
0562,2008,0.596
0562,2009,0.343
0562,2010,0.353
0562,2011,0.364
0562,2012,0.363
0562,2013,0.382
0562,2014,0.364
0562,2015,0.373
0562,2016,0.373
0562,2017,0.369
0562,2018,0.375
0562,2019,0.391
0562,2020,0.372
0562,2021,0.378
0563,2005,0.319
0563,2006,0.308
0563,2007,0.3
0563,2008,0.351
0563,2009,0.343
0563,2010,0.354
0563,2011,0.369
0563,2012,0.38
0563,2013,0.4
0563,2014,0.373
0563,2015,0.378
0563,2016,0.379
0563,2017,0.377
0563,2018,0.382
0563,2019,0.391
0563,2020,0.37
0563,2021,0.384
0580,2005,0.384
0580,2006,0.392
0580,2007,0.385
0580,2008,0.375
0580,2009,0.378
0580,2010,0.382
0580,2011,0.382
0580,2012,0.396
0580,2013,0.403
0580,2014,0.395
0580,2015,0.404
0580,2016,0.398
0580,2017,0.396
0580,2018,0.401
0580,2019,0.407
0580,2020,0.387
0580,2021,0.401
0581,2005,0.338
0581,2006,0.308
0581,2007,0.314
0581,2008,0.362
0581,2009,0.36
0581,2010,0.372
0581,2011,0.381
0581,2012,0.39
0581,2013,0.428
0581,2014,0.39
0581,2015,0.39
0581,2016,0.39
0581,2017,0.393
0581,2018,0.395
0581,2019,0.403
0581,2020,0.387
0581,2021,0.398
0582,2005,0.313
0582,2006,0.288
0582,2007,0.286
0582,2008,0.329
0582,2009,0.334
0582,2010,0.353
0582,2011,0.367
0582,2012,0.38
0582,2013,0.408
0582,2014,0.375
0582,2015,0.385
0582,2016,0.396
0582,2017,0.396
0582,2018,0.406
0582,2019,0.401
0582,2020,0.395
0582,2021,0.392
0583,2005,0.39
0583,2006,0.402
0583,2007,0.397
0583,2008,0.403
0583,2009,0.408
0583,2010,0.426
0583,2011,0.425
0583,2012,0.435
0583,2013,0.437
0583,2014,0.436
0583,2015,0.438
0583,2016,0.442
0583,2017,0.431
0583,2018,0.444
0583,2019,0.448
0583,2020,0.425
0583,2021,0.449
0584,2005,0.357
0584,2006,0.355
0584,2007,0.354
0584,2008,0.364
0584,2009,0.391
0584,2010,0.395
0584,2011,0.401
0584,2012,0.407
0584,2013,0.428
0584,2014,0.425
0584,2015,0.439
0584,2016,0.432
0584,2017,0.433
0584,2018,0.445
0584,2019,0.451
0584,2020,0.436
0584,2021,0.45
0586,2005,0.381
0586,2006,0.391
0586,2007,0.401
0586,2008,0.391
0586,2009,0.399
0586,2010,0.4
0586,2011,0.404
0586,2012,0.417
0586,2013,0.417
0586,2014,0.413
0586,2015,0.419
0586,2016,0.42
0586,2017,0.411
0586,2018,0.419
0586,2019,0.42
0586,2020,0.401
0586,2021,0.424
0604,2005,0.356
0604,2006,0.367
0604,2007,0.369
0604,2008,0.387
0604,2009,0.374
0604,2010,0.366
0604,2011,0.386
0604,2012,0.42
0604,2013,0.401
0604,2014,0.407
0604,2015,0.409
0604,2016,0.418
0604,2017,0.429
0604,2018,0.436
0604,2019,0.43
0604,2020,0.4
0604,2021,0.414
0617,2005,0.354
0617,2006,0.347
0617,2007,0.365
0617,2008,0.376
0617,2009,0.368
0617,2010,0.362
0617,2011,0.394
0617,2012,0.397
0617,2013,0.408
0617,2014,0.415
0617,2015,0.395
0617,2016,0.391
0617,2017,0.411
0617,2018,0.412
0617,2019,0.41
0617,2020,0.396
0617,2021,0.417
0642,2005,0.322
0642,2006,0.336
0642,2007,0.33
0642,2008,0.338
0642,2009,0.351
0642,2010,0.338
0642,2011,0.372
0642,2012,0.397
0642,2013,0.396
0642,2014,0.409
0642,2015,0.405
0642,2016,0.403
0642,2017,0.404
0642,2018,0.419
0642,2019,0.424
0642,2020,0.405
0642,2021,0.413
0643,2005,0.316
0643,2006,0.327
0643,2007,0.331
0643,2008,0.336
0643,2009,0.344
0643,2010,0.352
0643,2011,0.377
0643,2012,0.405
0643,2013,0.394
0643,2014,0.398
0643,2015,0.39
0643,2016,0.388
0643,2017,0.391
0643,2018,0.402
0643,2019,0.395
0643,2020,0.386
0643,2021,0.413
0662,2005,0.366
0662,2006,0.371
0662,2007,0.372
0662,2008,0.415
0662,2009,0.372
0662,2010,0.365
0662,2011,0.383
0662,2012,0.409
0662,2013,0.413
0662,2014,0.424
0662,2015,0.409
0662,2016,0.387
0662,2017,0.413
0662,2018,0.416
0662,2019,0.418
0662,2020,0.402
0662,2021,0.416
0665,2005,0.374
0665,2006,0.371
0665,2007,0.37
0665,2008,0.368
0665,2009,0.366
0665,2010,0.37
0665,2011,0.383
0665,2012,0.403
0665,2013,0.413
0665,2014,0.424
0665,2015,0.403
0665,2016,0.402
0665,2017,0.413
0665,2018,0.418
0665,2019,0.416
0665,2020,0.401
0665,2021,0.425
0680,2005,0.362
0680,2006,0.364
0680,2007,0.356
0680,2008,0.358
0680,2009,0.358
0680,2010,0.363
0680,2011,0.393
0680,2012,0.42
0680,2013,0.422
0680,2014,0.425
0680,2015,0.403
0680,2016,0.39
0680,2017,0.397
0680,2018,0.41
0680,2019,0.403
0680,2020,0.388
0680,2021,0.402
0682,2005,0.381
0682,2006,0.385
0682,2007,0.398
0682,2008,0.413
0682,2009,0.39
0682,2010,0.371
0682,2011,0.397
0682,2012,0.435
0682,2013,0.434
0682,2014,0.42
0682,2015,0.417
0682,2016,0.419
0682,2017,0.433
0682,2018,0.427
0682,2019,0.425
0682,2020,0.42
0682,2021,0.435
0683,2005,0.413
0683,2006,0.415
0683,2007,0.41
0683,2008,0.419
0683,2009,0.415
0683,2010,0.409
0683,2011,0.425
0683,2012,0.441
0683,2013,0.451
0683,2014,0.456
0683,2015,0.433
0683,2016,0.433
0683,2017,0.45
0683,2018,0.449
0683,2019,0.449
0683,2020,0.429
0683,2021,0.446
0684,2005,0.365
0684,2006,0.373
0684,2007,0.376
0684,2008,0.36
0684,2009,0.358
0684,2010,0.349
0684,2011,0.37
0684,2012,0.387
0684,2013,0.392
0684,2014,0.391
0684,2015,0.39
0684,2016,0.375
0684,2017,0.39
0684,2018,0.417
0684,2019,0.427
0684,2020,0.42
0684,2021,0.441
0685,2005,0.393
0685,2006,0.388
0685,2007,0.392
0685,2008,0.391
0685,2009,0.391
0685,2010,0.379
0685,2011,0.393
0685,2012,0.413
0685,2013,0.413
0685,2014,0.412
0685,2015,0.405
0685,2016,0.409
0685,2017,0.426
0685,2018,0.431
0685,2019,0.425
0685,2020,0.419
0685,2021,0.43
0686,2005,0.42
0686,2006,0.417
0686,2007,0.421
0686,2008,0.426
0686,2009,0.417
0686,2010,0.406
0686,2011,0.423
0686,2012,0.438
0686,2013,0.436
0686,2014,0.437
0686,2015,0.424
0686,2016,0.422
0686,2017,0.445
0686,2018,0.458
0686,2019,0.453
0686,2020,0.454
0686,2021,0.463
0687,2005,0.343
0687,2006,0.35
0687,2007,0.353
0687,2008,0.355
0687,2009,0.351
0687,2010,0.346
0687,2011,0.361
0687,2012,0.384
0687,2013,0.38
0687,2014,0.387
0687,2015,0.373
0687,2016,0.366
0687,2017,0.384
0687,2018,0.396
0687,2019,0.405
0687,2020,0.394
0687,2021,0.408
0760,2005,0.358
0760,2006,0.348
0760,2007,0.357
0760,2008,0.376
0760,2009,0.388
0760,2010,0.365
0760,2011,0.395
0760,2012,0.403
0760,2013,0.394
0760,2014,0.405
0760,2015,0.394
0760,2016,0.388
0760,2017,0.387
0760,2018,0.387
0760,2019,0.401
0760,2020,0.365
0760,2021,0.373
0761,2005,0.365
0761,2006,0.357
0761,2007,0.371
0761,2008,0.407
0761,2009,0.411
0761,2010,0.375
0761,2011,0.411
0761,2012,0.441
0761,2013,0.398
0761,2014,0.387
0761,2015,0.39
0761,2016,0.379
0761,2017,0.394
0761,2018,0.394
0761,2019,0.398
0761,2020,0.369
0761,2021,0.375
0763,2005,0.354
0763,2006,0.349
0763,2007,0.347
0763,2008,0.393
0763,2009,0.396
0763,2010,0.367
0763,2011,0.386
0763,2012,0.419
0763,2013,0.389
0763,2014,0.399
0763,2015,0.396
0763,2016,0.371
0763,2017,0.39
0763,2018,0.388
0763,2019,0.405
0763,2020,0.375
0763,2021,0.381
0764,2005,0.348
0764,2006,0.347
0764,2007,0.351
0764,2008,0.393
0764,2009,0.397
0764,2010,0.374
0764,2011,0.409
0764,2012,0.43
0764,2013,0.409
0764,2014,0.403
0764,2015,0.398
0764,2016,0.382
0764,2017,0.39
0764,2018,0.389
0764,2019,0.408
0764,2020,0.38
0764,2021,0.377
0765,2005,0.372
0765,2006,0.334
0765,2007,0.327
0765,2008,0.35
0765,2009,0.366
0765,2010,0.358
0765,2011,0.376
0765,2012,0.385
0765,2013,0.388
0765,2014,0.394
0765,2015,0.391
0765,2016,0.379
0765,2017,0.383
0765,2018,0.386
0765,2019,0.401
0765,2020,0.371
0765,2021,0.374
0767,2005,0.401
0767,2006,0.367
0767,2007,0.357
0767,2008,0.38
0767,2009,0.384
0767,2010,0.386
0767,2011,0.388
0767,2012,0.391
0767,2013,0.391
0767,2014,0.389
0767,2015,0.388
0767,2016,0.387
0767,2017,0.393
0767,2018,0.389
0767,2019,0.394
0767,2020,0.374
0767,2021,0.381
0780,2005,0.351
0780,2006,0.351
0780,2007,0.353
0780,2008,0.413
0780,2009,0.408
0780,2010,0.36
0780,2011,0.409
0780,2012,0.442
0780,2013,0.416
0780,2014,0.403
0780,2015,0.402
0780,2016,0.387
0780,2017,0.387
0780,2018,0.389
0780,2019,0.405
0780,2020,0.382
0780,2021,0.381
0781,2005,0.469
0781,2006,0.425
0781,2007,0.406
0781,2008,0.416
0781,2009,0.427
0781,2010,0.421
0781,2011,0.434
0781,2012,0.434
0781,2013,0.43
0781,2014,0.426
0781,2015,0.424
0781,2016,0.426
0781,2017,0.428
0781,2018,0.428
0781,2019,0.444
0781,2020,0.415
0781,2021,0.424
0821,2005,0.376
0821,2006,0.386
0821,2007,0.378
0821,2008,0.391
0821,2009,0.37
0821,2010,0.376
0821,2011,0.395
0821,2012,0.405
0821,2013,0.439
0821,2014,0.464
0821,2015,0.453
0821,2016,0.446
0821,2017,0.449
0821,2018,0.469
0821,2019,0.456
0821,2020,0.429
0821,2021,0.424
0834,2005,0.377
0834,2006,0.384
0834,2007,0.39
0834,2008,0.366
0834,2009,0.37
0834,2010,0.385
0834,2011,0.39
0834,2012,0.399
0834,2013,0.406
0834,2014,0.423
0834,2015,0.433
0834,2016,0.428
0834,2017,0.428
0834,2018,0.433
0834,2019,0.443
0834,2020,0.418
0834,2021,0.431
0840,2005,0.383
0840,2006,0.372
0840,2007,0.383
0840,2008,0.395
0840,2009,0.395
0840,2010,0.405
0840,2011,0.408
0840,2012,0.409
0840,2013,0.405
0840,2014,0.409
0840,2015,0.406
0840,2016,0.42
0840,2017,0.432
0840,2018,0.424
0840,2019,0.423
0840,2020,0.392
0840,2021,0.412
0860,2005,0.256
0860,2006,0.383
0860,2007,0.382
0860,2008,0.399
0860,2009,0.393
0860,2010,0.39
0860,2011,0.393
0860,2012,0.411
0860,2013,0.413
0860,2014,0.42
0860,2015,0.43
0860,2016,0.424
0860,2017,0.433
0860,2018,0.449
0860,2019,0.459
0860,2020,0.441
0860,2021,0.433
0861,2005,0.375
0861,2006,0.385
0861,2007,0.401
0861,2008,0.401
0861,2009,0.421
0861,2010,0.415
0861,2011,0.419
0861,2012,0.436
0861,2013,0.457
0861,2014,0.452
0861,2015,0.46
0861,2016,0.468
0861,2017,0.467
0861,2018,0.461
0861,2019,0.482
0861,2020,0.445
0861,2021,0.461
0862,2005,0.37
0862,2006,0.352
0862,2007,0.362
0862,2008,0.366
0862,2009,0.364
0862,2010,0.361
0862,2011,0.381
0862,2012,0.378
0862,2013,0.396
0862,2014,0.399
0862,2015,0.399
0862,2016,0.398
0862,2017,0.393
0862,2018,0.394
0862,2019,0.391
0862,2020,0.366
0862,2021,0.386
0880,2005,0.396
0880,2006,0.386
0880,2007,0.415
0880,2008,0.41
0880,2009,0.418
0880,2010,0.424
0880,2011,0.424
0880,2012,0.433
0880,2013,0.424
0880,2014,0.433
0880,2015,0.436
0880,2016,0.448
0880,2017,0.439
0880,2018,0.435
0880,2019,0.447
0880,2020,0.42
0880,2021,0.424
0881,2005,0.384
0881,2006,0.379
0881,2007,0.398
0881,2008,0.405
0881,2009,0.407
0881,2010,0.422
0881,2011,0.415
0881,2012,0.422
0881,2013,0.42
0881,2014,0.419
0881,2015,0.42
0881,2016,0.432
0881,2017,0.432
0881,2018,0.432
0881,2019,0.44
0881,2020,0.406
0881,2021,0.415
0882,2005,0.368
0882,2006,0.417
0882,2007,0.405
0882,2008,0.403
0882,2009,0.399
0882,2010,0.396
0882,2011,0.413
0882,2012,0.421
0882,2013,0.462
0882,2014,0.475
0882,2015,0.476
0882,2016,0.463
0882,2017,0.466
0882,2018,0.479
0882,2019,0.474
0882,2020,0.452
0882,2021,0.464
0883,2005,0.165
0883,2006,0.443
0883,2007,0.432
0883,2008,0.437
0883,2009,0.443
0883,2010,0.444
0883,2011,0.458
0883,2012,0.468
0883,2013,0.466
0883,2014,0.474
0883,2015,0.484
0883,2016,0.477
0883,2017,0.476
0883,2018,0.473
0883,2019,0.477
0883,2020,0.46
0883,2021,0.48
0884,2005,0.218
0884,2006,0.378
0884,2007,0.386
0884,2008,0.382
0884,2009,0.378
0884,2010,0.373
0884,2011,0.395
0884,2012,0.417
0884,2013,0.411
0884,2014,0.41
0884,2015,0.409
0884,2016,0.416
0884,2017,0.41
0884,2018,0.416
0884,2019,0.434
0884,2020,0.421
0884,2021,0.435
0885,2005,0.364
0885,2006,0.363
0885,2007,0.38
0885,2008,0.386
0885,2009,0.397
0885,2010,0.406
0885,2011,0.411
0885,2012,0.428
0885,2013,0.421
0885,2014,0.428
0885,2015,0.408
0885,2016,0.417
0885,2017,0.425
0885,2018,0.418
0885,2019,0.439
0885,2020,0.413
0885,2021,0.421
0980,2005,0.415
0980,2006,0.416
0980,2007,0.432
0980,2008,0.437
0980,2009,0.471
0980,2010,0.445
0980,2011,0.479
0980,2012,0.488
0980,2013,0.498
0980,2014,0.499
0980,2015,0.487
0980,2016,0.48
0980,2017,0.492
0980,2018,0.492
0980,2019,0.503
0980,2020,0.495
0980,2021,0.488
1060,2005,0.364
1060,2006,0.363
1060,2007,0.356
1060,2008,0.38
1060,2009,0.384
1060,2010,0.381
1060,2011,0.395
1060,2012,0.398
1060,2013,0.385
1060,2014,0.384
1060,2015,0.387
1060,2016,0.389
1060,2017,0.391
1060,2018,0.393
1060,2019,0.401
1060,2020,0.384
1060,2021,0.384
1080,2005,0.439
1080,2006,0.442
1080,2007,0.43
1080,2008,0.425
1080,2009,0.42
1080,2010,0.394
1080,2011,0.411
1080,2012,0.42
1080,2013,0.414
1080,2014,0.422
1080,2015,0.411
1080,2016,0.419
1080,2017,0.423
1080,2018,0.415
1080,2019,0.416
1080,2020,0.395
1080,2021,0.409
1081,2005,0.393
1081,2006,0.395
1081,2007,0.392
1081,2008,0.408
1081,2009,0.41
1081,2010,0.395
1081,2011,0.42
1081,2012,0.417
1081,2013,0.416
1081,2014,0.423
1081,2015,0.406
1081,2016,0.414
1081,2017,0.422
1081,2018,0.419
1081,2019,0.429
1081,2020,0.403
1081,2021,0.413
1082,2005,0.409
1082,2006,0.402
1082,2007,0.388
1082,2008,0.421
1082,2009,0.432
1082,2010,0.423
1082,2011,0.437
1082,2012,0.438
1082,2013,0.433
1082,2014,0.427
1082,2015,0.431
1082,2016,0.426
1082,2017,0.426
1082,2018,0.411
1082,2019,0.421
1082,2020,0.394
1082,2021,0.406
1083,2005,0.387
1083,2006,0.38
1083,2007,0.378
1083,2008,0.403
1083,2009,0.415
1083,2010,0.402
1083,2011,0.414
1083,2012,0.42
1083,2013,0.428
1083,2014,0.421
1083,2015,0.428
1083,2016,0.427
1083,2017,0.42
1083,2018,0.413
1083,2019,0.42
1083,2020,0.393
1083,2021,0.401
1214,2005,0.348
1214,2006,0.36
1214,2007,0.353
1214,2008,0.366
1214,2009,0.37
1214,2010,0.385
1214,2011,0.435
1214,2012,0.431
1214,2013,0.43
1214,2014,0.448
1214,2015,0.423
1214,2016,0.423
1214,2017,0.411
1214,2018,0.387
1214,2019,0.39
1214,2020,0.391
1214,2021,0.414
1230,2005,0.372
1230,2006,0.382
1230,2007,0.406
1230,2008,0.387
1230,2009,0.395
1230,2010,0.409
1230,2011,0.452
1230,2012,0.443
1230,2013,0.426
1230,2014,0.455
1230,2015,0.416
1230,2016,0.419
1230,2017,0.413
1230,2018,0.399
1230,2019,0.381
1230,2020,0.367
1230,2021,0.389
1231,2005,0.402
1231,2006,0.421
1231,2007,0.414
1231,2008,0.417
1231,2009,0.418
1231,2010,0.429
1231,2011,0.443
1231,2012,0.438
1231,2013,0.428
1231,2014,0.438
1231,2015,0.405
1231,2016,0.404
1231,2017,0.408
1231,2018,0.388
1231,2019,0.387
1231,2020,0.367
1231,2021,0.376
1233,2005,0.365
1233,2006,0.381
1233,2007,0.383
1233,2008,0.395
1233,2009,0.385
1233,2010,0.384
1233,2011,0.44
1233,2012,0.451
1233,2013,0.431
1233,2014,0.448
1233,2015,0.415
1233,2016,0.412
1233,2017,0.428
1233,2018,0.418
1233,2019,0.414
1233,2020,0.391
1233,2021,0.402
1256,2005,0.392
1256,2006,0.389
1256,2007,0.404
1256,2008,0.397
1256,2009,0.406
1256,2010,0.416
1256,2011,0.424
1256,2012,0.423
1256,2013,0.431
1256,2014,0.439
1256,2015,0.433
1256,2016,0.423
1256,2017,0.424
1256,2018,0.431
1256,2019,0.433
1256,2020,0.409
1256,2021,0.43
1257,2005,0.401
1257,2006,0.4
1257,2007,0.397
1257,2008,0.385
1257,2009,0.379
1257,2010,0.392
1257,2011,0.402
1257,2012,0.395
1257,2013,0.418
1257,2014,0.431
1257,2015,0.414
1257,2016,0.403
1257,2017,0.396
1257,2018,0.39
1257,2019,0.386
1257,2020,0.381
1257,2021,0.377
1260,2005,0.357
1260,2006,0.372
1260,2007,0.381
1260,2008,0.403
1260,2009,0.413
1260,2010,0.405
1260,2011,0.42
1260,2012,0.427
1260,2013,0.432
1260,2014,0.441
1260,2015,0.416
1260,2016,0.428
1260,2017,0.413
1260,2018,0.409
1260,2019,0.397
1260,2020,0.386
1260,2021,0.386
1261,2005,0.379
1261,2006,0.378
1261,2007,0.399
1261,2008,0.383
1261,2009,0.386
1261,2010,0.391
1261,2011,0.45
1261,2012,0.45
1261,2013,0.444
1261,2014,0.472
1261,2015,0.431
1261,2016,0.432
1261,2017,0.433
1261,2018,0.396
1261,2019,0.381
1261,2020,0.38
1261,2021,0.398
1262,2005,0.379
1262,2006,0.384
1262,2007,0.412
1262,2008,0.392
1262,2009,0.4
1262,2010,0.408
1262,2011,0.45
1262,2012,0.446
1262,2013,0.42
1262,2014,0.451
1262,2015,0.417
1262,2016,0.403
1262,2017,0.419
1262,2018,0.398
1262,2019,0.381
1262,2020,0.383
1262,2021,0.403
1263,2005,0.389
1263,2006,0.394
1263,2007,0.407
1263,2008,0.399
1263,2009,0.385
1263,2010,0.394
1263,2011,0.423
1263,2012,0.426
1263,2013,0.418
1263,2014,0.432
1263,2015,0.408
1263,2016,0.39
1263,2017,0.405
1263,2018,0.394
1263,2019,0.4
1263,2020,0.381
1263,2021,0.386
1264,2005,0.403
1264,2006,0.393
1264,2007,0.396
1264,2008,0.403
1264,2009,0.406
1264,2010,0.413
1264,2011,0.432
1264,2012,0.422
1264,2013,0.433
1264,2014,0.438
1264,2015,0.426
1264,2016,0.433
1264,2017,0.423
1264,2018,0.416
1264,2019,0.409
1264,2020,0.394
1264,2021,0.414
1265,2005,0.397
1265,2006,0.4
1265,2007,0.403
1265,2008,0.407
1265,2009,0.414
1265,2010,0.427
1265,2011,0.438
1265,2012,0.429
1265,2013,0.432
1265,2014,0.426
1265,2015,0.426
1265,2016,0.432
1265,2017,0.426
1265,2018,0.421
1265,2019,0.422
1265,2020,0.4
1265,2021,0.419
1266,2005,0.339
1266,2006,0.347
1266,2007,0.359
1266,2008,0.353
1266,2009,0.353
1266,2010,0.368
1266,2011,0.478
1266,2012,0.486
1266,2013,0.477
1266,2014,0.48
1266,2015,0.447
1266,2016,0.444
1266,2017,0.437
1266,2018,0.395
1266,2019,0.385
1266,2020,0.407
1266,2021,0.432
1267,2005,0.319
1267,2006,0.334
1267,2007,0.332
1267,2008,0.329
1267,2009,0.341
1267,2010,0.359
1267,2011,0.481
1267,2012,0.495
1267,2013,0.486
1267,2014,0.49
1267,2015,0.463
1267,2016,0.444
1267,2017,0.439
1267,2018,0.388
1267,2019,0.366
1267,2020,0.409
1267,2021,0.431
1270,2005,0.432
1270,2006,0.443
1270,2007,0.463
1270,2008,0.464
1270,2009,0.469
1270,2010,0.457
1270,2011,0.469
1270,2012,0.47
1270,2013,0.467
1270,2014,0.469
1270,2015,0.46
1270,2016,0.467
1270,2017,0.46
1270,2018,0.459
1270,2019,0.461
1270,2020,0.441
1270,2021,0.466
1272,2005,0.375
1272,2006,0.381
1272,2007,0.383
1272,2008,0.398
1272,2009,0.409
1272,2010,0.412
1272,2011,0.417
1272,2012,0.43
1272,2013,0.432
1272,2014,0.458
1272,2015,0.443
1272,2016,0.437
1272,2017,0.425
1272,2018,0.431
1272,2019,0.443
1272,2020,0.403
1272,2021,0.415
1273,2005,0.374
1273,2006,0.366
1273,2007,0.377
1273,2008,0.377
1273,2009,0.401
1273,2010,0.402
1273,2011,0.434
1273,2012,0.435
1273,2013,0.445
1273,2014,0.445
1273,2015,0.444
1273,2016,0.444
1273,2017,0.439
1273,2018,0.429
1273,2019,0.426
1273,2020,0.404
1273,2021,0.408
1275,2005,0.419
1275,2006,0.414
1275,2007,0.402
1275,2008,0.404
1275,2009,0.396
1275,2010,0.423
1275,2011,0.431
1275,2012,0.45
1275,2013,0.452
1275,2014,0.458
1275,2015,0.431
1275,2016,0.428
1275,2017,0.429
1275,2018,0.409
1275,2019,0.416
1275,2020,0.407
1275,2021,0.404
1276,2005,0.386
1276,2006,0.393
1276,2007,0.392
1276,2008,0.395
1276,2009,0.401
1276,2010,0.413
1276,2011,0.416
1276,2012,0.416
1276,2013,0.431
1276,2014,0.446
1276,2015,0.421
1276,2016,0.411
1276,2017,0.404
1276,2018,0.403
1276,2019,0.395
1276,2020,0.382
1276,2021,0.392
1277,2005,0.371
1277,2006,0.376
1277,2007,0.379
1277,2008,0.391
1277,2009,0.398
1277,2010,0.408
1277,2011,0.412
1277,2012,0.413
1277,2013,0.429
1277,2014,0.443
1277,2015,0.427
1277,2016,0.418
1277,2017,0.408
1277,2018,0.405
1277,2019,0.392
1277,2020,0.376
1277,2021,0.376
1278,2005,0.404
1278,2006,0.416
1278,2007,0.408
1278,2008,0.403
1278,2009,0.42
1278,2010,0.425
1278,2011,0.427
1278,2012,0.418
1278,2013,0.457
1278,2014,0.459
1278,2015,0.421
1278,2016,0.422
1278,2017,0.413
1278,2018,0.408
1278,2019,0.404
1278,2020,0.398
1278,2021,0.384
1280,2005,0.345
1280,2006,0.351
1280,2007,0.359
1280,2008,0.368
1280,2009,0.358
1280,2010,0.372
1280,2011,0.402
1280,2012,0.405
1280,2013,0.396
1280,2014,0.405
1280,2015,0.372
1280,2016,0.361
1280,2017,0.369
1280,2018,0.354
1280,2019,0.347
1280,2020,0.336
1280,2021,0.347
1281,2005,0.374
1281,2006,0.38
1281,2007,0.394
1281,2008,0.373
1281,2009,0.397
1281,2010,0.39
1281,2011,0.422
1281,2012,0.41
1281,2013,0.403
1281,2014,0.42
1281,2015,0.389
1281,2016,0.393
1281,2017,0.391
1281,2018,0.368
1281,2019,0.354
1281,2020,0.345
1281,2021,0.37
1282,2005,0.401
1282,2006,0.41
1282,2007,0.407
1282,2008,0.408
1282,2009,0.405
1282,2010,0.41
1282,2011,0.435
1282,2012,0.443
1282,2013,0.445
1282,2014,0.48
1282,2015,0.444
1282,2016,0.447
1282,2017,0.437
1282,2018,0.426
1282,2019,0.424
1282,2020,0.426
1282,2021,0.446
1283,2005,0.349
1283,2006,0.364
1283,2007,0.371
1283,2008,0.412
1283,2009,0.429
1283,2010,0.411
1283,2011,0.43
1283,2012,0.435
1283,2013,0.424
1283,2014,0.444
1283,2015,0.422
1283,2016,0.415
1283,2017,0.4
1283,2018,0.397
1283,2019,0.389
1283,2020,0.386
1283,2021,0.39
1284,2005,0.343
1284,2006,0.361
1284,2007,0.373
1284,2008,0.387
1284,2009,0.384
1284,2010,0.407
1284,2011,0.428
1284,2012,0.436
1284,2013,0.425
1284,2014,0.435
1284,2015,0.423
1284,2016,0.417
1284,2017,0.409
1284,2018,0.404
1284,2019,0.393
1284,2020,0.394
1284,2021,0.4
1285,2005,0.32
1285,2006,0.33
1285,2007,0.335
1285,2008,0.334
1285,2009,0.339
1285,2010,0.353
1285,2011,0.488
1285,2012,0.488
1285,2013,0.476
1285,2014,0.497
1285,2015,0.455
1285,2016,0.444
1285,2017,0.431
1285,2018,0.378
1285,2019,0.355
1285,2020,0.406
1285,2021,0.435
1286,2005,0.436
1286,2006,0.431
1286,2007,0.434
1286,2008,0.45
1286,2009,0.457
1286,2010,0.466
1286,2011,0.474
1286,2012,0.469
1286,2013,0.475
1286,2014,0.479
1286,2015,0.465
1286,2016,0.466
1286,2017,0.463
1286,2018,0.451
1286,2019,0.447
1286,2020,0.419
1286,2021,0.462
1287,2005,0.428
1287,2006,0.439
1287,2007,0.44
1287,2008,0.441
1287,2009,0.437
1287,2010,0.42
1287,2011,0.447
1287,2012,0.455
1287,2013,0.454
1287,2014,0.462
1287,2015,0.448
1287,2016,0.453
1287,2017,0.46
1287,2018,0.444
1287,2019,0.444
1287,2020,0.422
1287,2021,0.431
1290,2005,0.387
1290,2006,0.393
1290,2007,0.392
1290,2008,0.399
1290,2009,0.407
1290,2010,0.409
1290,2011,0.429
1290,2012,0.435
1290,2013,0.435
1290,2014,0.46
1290,2015,0.454
1290,2016,0.438
1290,2017,0.438
1290,2018,0.44
1290,2019,0.434
1290,2020,0.422
1290,2021,0.432
1291,2005,0.456
1291,2006,0.495
1291,2007,0.535
1291,2008,0.537
1291,2009,0.519
1291,2010,0.502
1291,2011,0.509
1291,2012,0.517
1291,2013,0.531
1291,2014,0.523
1291,2015,0.497
1291,2016,0.502
1291,2017,0.512
1291,2018,0.5
1291,2019,0.507
1291,2020,0.485
1291,2021,0.509
1292,2005,0.414
1292,2006,0.417
1292,2007,0.416
1292,2008,0.42
1292,2009,0.431
1292,2010,0.449
1292,2011,0.441
1292,2012,0.426
1292,2013,0.452
1292,2014,0.454
1292,2015,0.424
1292,2016,0.426
1292,2017,0.411
1292,2018,0.413
1292,2019,0.407
1292,2020,0.392
1292,2021,0.39
1293,2005,0.401
1293,2006,0.398
1293,2007,0.397
1293,2008,0.39
1293,2009,0.399
1293,2010,0.426
1293,2011,0.453
1293,2012,0.463
1293,2013,0.463
1293,2014,0.45
1293,2015,0.451
1293,2016,0.443
1293,2017,0.441
1293,2018,0.443
1293,2019,0.445
1293,2020,0.415
1293,2021,0.422
1315,2005,0.343
1315,2006,0.355
1315,2007,0.351
1315,2008,0.338
1315,2009,0.354
1315,2010,0.316
1315,2011,0.354
1315,2012,0.371
1315,2013,0.359
1315,2014,0.345
1315,2015,0.339
1315,2016,0.347
1315,2017,0.358
1315,2018,0.373
1315,2019,0.365
1315,2020,0.342
1315,2021,0.352
1380,2005,0.422
1380,2006,0.423
1380,2007,0.418
1380,2008,0.412
1380,2009,0.434
1380,2010,0.374
1380,2011,0.399
1380,2012,0.409
1380,2013,0.407
1380,2014,0.402
1380,2015,0.395
1380,2016,0.397
1380,2017,0.399
1380,2018,0.405
1380,2019,0.422
1380,2020,0.388
1380,2021,0.401
1381,2005,0.383
1381,2006,0.402
1381,2007,0.388
1381,2008,0.391
1381,2009,0.405
1381,2010,0.367
1381,2011,0.384
1381,2012,0.413
1381,2013,0.405
1381,2014,0.393
1381,2015,0.383
1381,2016,0.39
1381,2017,0.395
1381,2018,0.393
1381,2019,0.392
1381,2020,0.362
1381,2021,0.373
1382,2005,0.416
1382,2006,0.423
1382,2007,0.411
1382,2008,0.408
1382,2009,0.418
1382,2010,0.382
1382,2011,0.393
1382,2012,0.389
1382,2013,0.382
1382,2014,0.382
1382,2015,0.38
1382,2016,0.394
1382,2017,0.394
1382,2018,0.407
1382,2019,0.416
1382,2020,0.384
1382,2021,0.421
1383,2005,0.454
1383,2006,0.461
1383,2007,0.445
1383,2008,0.441
1383,2009,0.451
1383,2010,0.424
1383,2011,0.443
1383,2012,0.448
1383,2013,0.444
1383,2014,0.431
1383,2015,0.431
1383,2016,0.438
1383,2017,0.441
1383,2018,0.456
1383,2019,0.457
1383,2020,0.438
1383,2021,0.448
1384,2005,0.425
1384,2006,0.456
1384,2007,0.418
1384,2008,0.427
1384,2009,0.428
1384,2010,0.418
1384,2011,0.43
1384,2012,0.434
1384,2013,0.433
1384,2014,0.448
1384,2015,0.39
1384,2016,0.397
1384,2017,0.394
1384,2018,0.403
1384,2019,0.421
1384,2020,0.404
1384,2021,0.414
1401,2005,0.351
1401,2006,0.425
1401,2007,0.365
1401,2008,0.376
1401,2009,0.362
1401,2010,0.366
1401,2011,0.387
1401,2012,0.389
1401,2013,0.383
1401,2014,0.401
1401,2015,0.369
1401,2016,0.368
1401,2017,0.364
1401,2018,0.379
1401,2019,0.373
1401,2020,0.334
1401,2021,0.328
1402,2005,0.362
1402,2006,0.446
1402,2007,0.365
1402,2008,0.381
1402,2009,0.36
1402,2010,0.359
1402,2011,0.385
1402,2012,0.381
1402,2013,0.386
1402,2014,0.405
1402,2015,0.365
1402,2016,0.37
1402,2017,0.375
1402,2018,0.378
1402,2019,0.384
1402,2020,0.344
1402,2021,0.34
1407,2005,0.35
1407,2006,0.41
1407,2007,0.367
1407,2008,0.372
1407,2009,0.317
1407,2010,0.333
1407,2011,0.389
1407,2012,0.358
1407,2013,0.399
1407,2014,0.415
1407,2015,0.385
1407,2016,0.39
1407,2017,0.386
1407,2018,0.411
1407,2019,0.403
1407,2020,0.364
1407,2021,0.361
1415,2005,0.343
1415,2006,0.4
1415,2007,0.352
1415,2008,0.362
1415,2009,0.362
1415,2010,0.361
1415,2011,0.38
1415,2012,0.388
1415,2013,0.389
1415,2014,0.4
1415,2015,0.385
1415,2016,0.376
1415,2017,0.398
1415,2018,0.399
1415,2019,0.408
1415,2020,0.383
1415,2021,0.378
1419,2005,0.336
1419,2006,0.414
1419,2007,0.348
1419,2008,0.357
1419,2009,0.343
1419,2010,0.342
1419,2011,0.355
1419,2012,0.363
1419,2013,0.366
1419,2014,0.394
1419,2015,0.373
1419,2016,0.38
1419,2017,0.404
1419,2018,0.412
1419,2019,0.414
1419,2020,0.384
1419,2021,0.394
1421,2005,0.37
1421,2006,0.425
1421,2007,0.357
1421,2008,0.36
1421,2009,0.365
1421,2010,0.359
1421,2011,0.403
1421,2012,0.407
1421,2013,0.402
1421,2014,0.418
1421,2015,0.375
1421,2016,0.372
1421,2017,0.381
1421,2018,0.393
1421,2019,0.388
1421,2020,0.359
1421,2021,0.366
1427,2005,0.376
1427,2006,0.399
1427,2007,0.359
1427,2008,0.382
1427,2009,0.347
1427,2010,0.35
1427,2011,0.363
1427,2012,0.36
1427,2013,0.36
1427,2014,0.374
1427,2015,0.344
1427,2016,0.337
1427,2017,0.342
1427,2018,0.344
1427,2019,0.35
1427,2020,0.323
1427,2021,0.336
1430,2005,0.392
1430,2006,0.418
1430,2007,0.376
1430,2008,0.379
1430,2009,0.354
1430,2010,0.361
1430,2011,0.38
1430,2012,0.377
1430,2013,0.377
1430,2014,0.385
1430,2015,0.36
1430,2016,0.341
1430,2017,0.36
1430,2018,0.356
1430,2019,0.366
1430,2020,0.338
1430,2021,0.332
1435,2005,0.382
1435,2006,0.4
1435,2007,0.36
1435,2008,0.369
1435,2009,0.357
1435,2010,0.354
1435,2011,0.369
1435,2012,0.366
1435,2013,0.367
1435,2014,0.385
1435,2015,0.368
1435,2016,0.34
1435,2017,0.348
1435,2018,0.356
1435,2019,0.343
1435,2020,0.319
1435,2021,0.326
1438,2005,0.373
1438,2006,0.385
1438,2007,0.362
1438,2008,0.383
1438,2009,0.373
1438,2010,0.357
1438,2011,0.379
1438,2012,0.369
1438,2013,0.354
1438,2014,0.359
1438,2015,0.332
1438,2016,0.326
1438,2017,0.305
1438,2018,0.334
1438,2019,0.327
1438,2020,0.305
1438,2021,0.306
1439,2005,0.367
1439,2006,0.37
1439,2007,0.365
1439,2008,0.387
1439,2009,0.366
1439,2010,0.371
1439,2011,0.38
1439,2012,0.393
1439,2013,0.378
1439,2014,0.396
1439,2015,0.368
1439,2016,0.352
1439,2017,0.343
1439,2018,0.349
1439,2019,0.339
1439,2020,0.318
1439,2021,0.309
1440,2005,0.371
1440,2006,0.423
1440,2007,0.383
1440,2008,0.379
1440,2009,0.373
1440,2010,0.364
1440,2011,0.389
1440,2012,0.394
1440,2013,0.398
1440,2014,0.413
1440,2015,0.392
1440,2016,0.386
1440,2017,0.404
1440,2018,0.409
1440,2019,0.405
1440,2020,0.373
1440,2021,0.373
1441,2005,0.358
1441,2006,0.425
1441,2007,0.366
1441,2008,0.372
1441,2009,0.367
1441,2010,0.375
1441,2011,0.395
1441,2012,0.394
1441,2013,0.398
1441,2014,0.417
1441,2015,0.383
1441,2016,0.374
1441,2017,0.384
1441,2018,0.385
1441,2019,0.393
1441,2020,0.368
1441,2021,0.358
1442,2005,0.401
1442,2006,0.422
1442,2007,0.375
1442,2008,0.379
1442,2009,0.38
1442,2010,0.387
1442,2011,0.389
1442,2012,0.372
1442,2013,0.397
1442,2014,0.399
1442,2015,0.378
1442,2016,0.378
1442,2017,0.391
1442,2018,0.393
1442,2019,0.381
1442,2020,0.348
1442,2021,0.358
1443,2005,0.374
1443,2006,0.401
1443,2007,0.364
1443,2008,0.385
1443,2009,0.389
1443,2010,0.359
1443,2011,0.389
1443,2012,0.398
1443,2013,0.39
1443,2014,0.408
1443,2015,0.392
1443,2016,0.402
1443,2017,0.386
1443,2018,0.384
1443,2019,0.389
1443,2020,0.348
1443,2021,0.368
1444,2005,0.36
1444,2006,0.38
1444,2007,0.357
1444,2008,0.384
1444,2009,0.379
1444,2010,0.37
1444,2011,0.396
1444,2012,0.409
1444,2013,0.378
1444,2014,0.393
1444,2015,0.363
1444,2016,0.376
1444,2017,0.36
1444,2018,0.366
1444,2019,0.367
1444,2020,0.343
1444,2021,0.333
1445,2005,0.358
1445,2006,0.364
1445,2007,0.319
1445,2008,0.35
1445,2009,0.33
1445,2010,0.341
1445,2011,0.372
1445,2012,0.363
1445,2013,0.371
1445,2014,0.381
1445,2015,0.367
1445,2016,0.382
1445,2017,0.385
1445,2018,0.404
1445,2019,0.402
1445,2020,0.37
1445,2021,0.365
1446,2005,0.311
1446,2006,0.337
1446,2007,0.331
1446,2008,0.349
1446,2009,0.356
1446,2010,0.384
1446,2011,0.381
1446,2012,0.364
1446,2013,0.38
1446,2014,0.385
1446,2015,0.381
1446,2016,0.376
1446,2017,0.397
1446,2018,0.389
1446,2019,0.391
1446,2020,0.357
1446,2021,0.383
1447,2005,0.35
1447,2006,0.372
1447,2007,0.372
1447,2008,0.387
1447,2009,0.374
1447,2010,0.371
1447,2011,0.388
1447,2012,0.341
1447,2013,0.378
1447,2014,0.373
1447,2015,0.373
1447,2016,0.371
1447,2017,0.387
1447,2018,0.393
1447,2019,0.391
1447,2020,0.354
1447,2021,0.385
1452,2005,0.308
1452,2006,0.338
1452,2007,0.319
1452,2008,0.344
1452,2009,0.347
1452,2010,0.331
1452,2011,0.345
1452,2012,0.354
1452,2013,0.35
1452,2014,0.353
1452,2015,0.355
1452,2016,0.363
1452,2017,0.36
1452,2018,0.372
1452,2019,0.374
1452,2020,0.344
1452,2021,0.342
1460,2005,0.359
1460,2006,0.372
1460,2007,0.356
1460,2008,0.381
1460,2009,0.357
1460,2010,0.356
1460,2011,0.374
1460,2012,0.358
1460,2013,0.349
1460,2014,0.364
1460,2015,0.322
1460,2016,0.304
1460,2017,0.299
1460,2018,0.311
1460,2019,0.302
1460,2020,0.286
1460,2021,0.282
1461,2005,0.366
1461,2006,0.385
1461,2007,0.356
1461,2008,0.377
1461,2009,0.349
1461,2010,0.343
1461,2011,0.374
1461,2012,0.367
1461,2013,0.36
1461,2014,0.359
1461,2015,0.333
1461,2016,0.329
1461,2017,0.325
1461,2018,0.325
1461,2019,0.315
1461,2020,0.296
1461,2021,0.303
1462,2005,0.42
1462,2006,0.431
1462,2007,0.384
1462,2008,0.395
1462,2009,0.387
1462,2010,0.382
1462,2011,0.389
1462,2012,0.374
1462,2013,0.376
1462,2014,0.405
1462,2015,0.386
1462,2016,0.38
1462,2017,0.378
1462,2018,0.381
1462,2019,0.375
1462,2020,0.353
1462,2021,0.357
1463,2005,0.351
1463,2006,0.371
1463,2007,0.352
1463,2008,0.366
1463,2009,0.377
1463,2010,0.362
1463,2011,0.373
1463,2012,0.383
1463,2013,0.38
1463,2014,0.393
1463,2015,0.377
1463,2016,0.377
1463,2017,0.375
1463,2018,0.39
1463,2019,0.39
1463,2020,0.347
1463,2021,0.348
1465,2005,0.331
1465,2006,0.357
1465,2007,0.336
1465,2008,0.364
1465,2009,0.383
1465,2010,0.365
1465,2011,0.37
1465,2012,0.38
1465,2013,0.374
1465,2014,0.39
1465,2015,0.379
1465,2016,0.379
1465,2017,0.383
1465,2018,0.392
1465,2019,0.39
1465,2020,0.349
1465,2021,0.354
1466,2005,0.38
1466,2006,0.394
1466,2007,0.363
1466,2008,0.36
1466,2009,0.377
1466,2010,0.379
1466,2011,0.391
1466,2012,0.388
1466,2013,0.385
1466,2014,0.399
1466,2015,0.383
1466,2016,0.384
1466,2017,0.394
1466,2018,0.38
1466,2019,0.392
1466,2020,0.344
1466,2021,0.353
1470,2005,0.331
1470,2006,0.365
1470,2007,0.333
1470,2008,0.363
1470,2009,0.368
1470,2010,0.373
1470,2011,0.392
1470,2012,0.341
1470,2013,0.349
1470,2014,0.389
1470,2015,0.374
1470,2016,0.379
1470,2017,0.375
1470,2018,0.369
1470,2019,0.386
1470,2020,0.358
1470,2021,0.362
1471,2005,0.349
1471,2006,0.387
1471,2007,0.355
1471,2008,0.389
1471,2009,0.39
1471,2010,0.397
1471,2011,0.412
1471,2012,0.366
1471,2013,0.377
1471,2014,0.39
1471,2015,0.367
1471,2016,0.379
1471,2017,0.38
1471,2018,0.376
1471,2019,0.399
1471,2020,0.378
1471,2021,0.378
1472,2005,0.365
1472,2006,0.363
1472,2007,0.373
1472,2008,0.374
1472,2009,0.378
1472,2010,0.403
1472,2011,0.411
1472,2012,0.365
1472,2013,0.397
1472,2014,0.384
1472,2015,0.378
1472,2016,0.385
1472,2017,0.381
1472,2018,0.394
1472,2019,0.391
1472,2020,0.359
1472,2021,0.376
1473,2005,0.377
1473,2006,0.397
1473,2007,0.37
1473,2008,0.395
1473,2009,0.381
1473,2010,0.375
1473,2011,0.402
1473,2012,0.374
1473,2013,0.389
1473,2014,0.381
1473,2015,0.38
1473,2016,0.393
1473,2017,0.397
1473,2018,0.397
1473,2019,0.393
1473,2020,0.351
1473,2021,0.381
1480,2005,0.359
1480,2006,0.448
1480,2007,0.378
1480,2008,0.383
1480,2009,0.352
1480,2010,0.342
1480,2011,0.384
1480,2012,0.372
1480,2013,0.39
1480,2014,0.412
1480,2015,0.378
1480,2016,0.37
1480,2017,0.371
1480,2018,0.384
1480,2019,0.381
1480,2020,0.346
1480,2021,0.338
1481,2005,0.374
1481,2006,0.441
1481,2007,0.372
1481,2008,0.381
1481,2009,0.37
1481,2010,0.366
1481,2011,0.381
1481,2012,0.386
1481,2013,0.379
1481,2014,0.398
1481,2015,0.372
1481,2016,0.367
1481,2017,0.372
1481,2018,0.377
1481,2019,0.383
1481,2020,0.344
1481,2021,0.337
1482,2005,0.369
1482,2006,0.427
1482,2007,0.384
1482,2008,0.385
1482,2009,0.375
1482,2010,0.372
1482,2011,0.392
1482,2012,0.399
1482,2013,0.398
1482,2014,0.415
1482,2015,0.393
1482,2016,0.392
1482,2017,0.414
1482,2018,0.422
1482,2019,0.425
1482,2020,0.385
1482,2021,0.386
1484,2005,0.382
1484,2006,0.406
1484,2007,0.366
1484,2008,0.377
1484,2009,0.374
1484,2010,0.373
1484,2011,0.396
1484,2012,0.403
1484,2013,0.405
1484,2014,0.412
1484,2015,0.357
1484,2016,0.333
1484,2017,0.355
1484,2018,0.356
1484,2019,0.344
1484,2020,0.313
1484,2021,0.317
1485,2005,0.429
1485,2006,0.435
1485,2007,0.39
1485,2008,0.404
1485,2009,0.368
1485,2010,0.38
1485,2011,0.395
1485,2012,0.396
1485,2013,0.395
1485,2014,0.4
1485,2015,0.395
1485,2016,0.383
1485,2017,0.389
1485,2018,0.391
1485,2019,0.394
1485,2020,0.365
1485,2021,0.373
1486,2005,0.355
1486,2006,0.378
1486,2007,0.34
1486,2008,0.357
1486,2009,0.35
1486,2010,0.34
1486,2011,0.351
1486,2012,0.342
1486,2013,0.337
1486,2014,0.348
1486,2015,0.319
1486,2016,0.303
1486,2017,0.298
1486,2018,0.31
1486,2019,0.312
1486,2020,0.291
1486,2021,0.294
1487,2005,0.38
1487,2006,0.392
1487,2007,0.353
1487,2008,0.367
1487,2009,0.365
1487,2010,0.368
1487,2011,0.376
1487,2012,0.389
1487,2013,0.381
1487,2014,0.396
1487,2015,0.382
1487,2016,0.385
1487,2017,0.389
1487,2018,0.397
1487,2019,0.396
1487,2020,0.363
1487,2021,0.369
1488,2005,0.397
1488,2006,0.388
1488,2007,0.362
1488,2008,0.368
1488,2009,0.359
1488,2010,0.345
1488,2011,0.364
1488,2012,0.373
1488,2013,0.362
1488,2014,0.378
1488,2015,0.367
1488,2016,0.374
1488,2017,0.375
1488,2018,0.376
1488,2019,0.375
1488,2020,0.349
1488,2021,0.345
1489,2005,0.421
1489,2006,0.451
1489,2007,0.395
1489,2008,0.391
1489,2009,0.392
1489,2010,0.406
1489,2011,0.42
1489,2012,0.397
1489,2013,0.414
1489,2014,0.433
1489,2015,0.413
1489,2016,0.407
1489,2017,0.409
1489,2018,0.402
1489,2019,0.397
1489,2020,0.371
1489,2021,0.375
1490,2005,0.404
1490,2006,0.438
1490,2007,0.369
1490,2008,0.383
1490,2009,0.404
1490,2010,0.373
1490,2011,0.386
1490,2012,0.386
1490,2013,0.397
1490,2014,0.404
1490,2015,0.392
1490,2016,0.394
1490,2017,0.399
1490,2018,0.394
1490,2019,0.395
1490,2020,0.354
1490,2021,0.367
1491,2005,0.317
1491,2006,0.333
1491,2007,0.321
1491,2008,0.322
1491,2009,0.336
1491,2010,0.346
1491,2011,0.354
1491,2012,0.349
1491,2013,0.348
1491,2014,0.348
1491,2015,0.355
1491,2016,0.362
1491,2017,0.359
1491,2018,0.376
1491,2019,0.373
1491,2020,0.336
1491,2021,0.35
1492,2005,0.331
1492,2006,0.374
1492,2007,0.326
1492,2008,0.361
1492,2009,0.342
1492,2010,0.344
1492,2011,0.366
1492,2012,0.375
1492,2013,0.376
1492,2014,0.369
1492,2015,0.346
1492,2016,0.317
1492,2017,0.319
1492,2018,0.319
1492,2019,0.319
1492,2020,0.301
1492,2021,0.293
1493,2005,0.361
1493,2006,0.384
1493,2007,0.375
1493,2008,0.371
1493,2009,0.378
1493,2010,0.396
1493,2011,0.398
1493,2012,0.368
1493,2013,0.391
1493,2014,0.392
1493,2015,0.391
1493,2016,0.39
1493,2017,0.399
1493,2018,0.401
1493,2019,0.399
1493,2020,0.366
1493,2021,0.384
1494,2005,0.366
1494,2006,0.407
1494,2007,0.354
1494,2008,0.394
1494,2009,0.403
1494,2010,0.396
1494,2011,0.421
1494,2012,0.38
1494,2013,0.378
1494,2014,0.414
1494,2015,0.383
1494,2016,0.387
1494,2017,0.39
1494,2018,0.389
1494,2019,0.396
1494,2020,0.373
1494,2021,0.376
1495,2005,0.341
1495,2006,0.387
1495,2007,0.362
1495,2008,0.391
1495,2009,0.38
1495,2010,0.384
1495,2011,0.389
1495,2012,0.364
1495,2013,0.379
1495,2014,0.395
1495,2015,0.382
1495,2016,0.397
1495,2017,0.401
1495,2018,0.397
1495,2019,0.401
1495,2020,0.37
1495,2021,0.384
1496,2005,0.358
1496,2006,0.384
1496,2007,0.362
1496,2008,0.373
1496,2009,0.368
1496,2010,0.382
1496,2011,0.387
1496,2012,0.354
1496,2013,0.383
1496,2014,0.392
1496,2015,0.383
1496,2016,0.391
1496,2017,0.393
1496,2018,0.402
1496,2019,0.392
1496,2020,0.359
1496,2021,0.374
1497,2005,0.34
1497,2006,0.364
1497,2007,0.354
1497,2008,0.368
1497,2009,0.356
1497,2010,0.358
1497,2011,0.377
1497,2012,0.357
1497,2013,0.376
1497,2014,0.384
1497,2015,0.372
1497,2016,0.381
1497,2017,0.385
1497,2018,0.403
1497,2019,0.414
1497,2020,0.375
1497,2021,0.378
1498,2005,0.346
1498,2006,0.369
1498,2007,0.344
1498,2008,0.359
1498,2009,0.357
1498,2010,0.367
1498,2011,0.377
1498,2012,0.357
1498,2013,0.374
1498,2014,0.368
1498,2015,0.365
1498,2016,0.371
1498,2017,0.383
1498,2018,0.393
1498,2019,0.388
1498,2020,0.356
1498,2021,0.393
1499,2005,0.355
1499,2006,0.371
1499,2007,0.354
1499,2008,0.364
1499,2009,0.368
1499,2010,0.366
1499,2011,0.389
1499,2012,0.366
1499,2013,0.383
1499,2014,0.384
1499,2015,0.378
1499,2016,0.386
1499,2017,0.392
1499,2018,0.393
1499,2019,0.394
1499,2020,0.365
1499,2021,0.374
1715,2005,0.357
1715,2006,0.358
1715,2007,0.384
1715,2008,0.394
1715,2009,0.371
1715,2010,0.401
1715,2011,0.377
1715,2012,0.425
1715,2013,0.426
1715,2014,0.424
1715,2015,0.429
1715,2016,0.44
1715,2017,0.443
1715,2018,0.441
1715,2019,0.433
1715,2020,0.41
1715,2021,0.416
1730,2005,0.255
1730,2006,0.264
1730,2007,0.313
1730,2008,0.327
1730,2009,0.346
1730,2010,0.384
1730,2011,0.376
1730,2012,0.379
1730,2013,0.401
1730,2014,0.405
1730,2015,0.398
1730,2016,0.404
1730,2017,0.403
1730,2018,0.395
1730,2019,0.411
1730,2020,0.376
1730,2021,0.389
1737,2005,0.269
1737,2006,0.25
1737,2007,0.293
1737,2008,0.31
1737,2009,0.383
1737,2010,0.406
1737,2011,0.41
1737,2012,0.316
1737,2013,0.455
1737,2014,0.47
1737,2015,0.459
1737,2016,0.454
1737,2017,0.475
1737,2018,0.484
1737,2019,0.477
1737,2020,0.435
1737,2021,0.442
1760,2005,0.351
1760,2006,0.313
1760,2007,0.327
1760,2008,0.349
1760,2009,0.377
1760,2010,0.428
1760,2011,0.425
1760,2012,0.418
1760,2013,0.41
1760,2014,0.436
1760,2015,0.433
1760,2016,0.429
1760,2017,0.435
1760,2018,0.432
1760,2019,0.434
1760,2020,0.406
1760,2021,0.419
1761,2005,0.342
1761,2006,0.348
1761,2007,0.37
1761,2008,0.386
1761,2009,0.369
1761,2010,0.385
1761,2011,0.366
1761,2012,0.406
1761,2013,0.403
1761,2014,0.409
1761,2015,0.4
1761,2016,0.407
1761,2017,0.42
1761,2018,0.41
1761,2019,0.41
1761,2020,0.378
1761,2021,0.388
1762,2005,0.323
1762,2006,0.308
1762,2007,0.345
1762,2008,0.343
1762,2009,0.368
1762,2010,0.398
1762,2011,0.382
1762,2012,0.348
1762,2013,0.433
1762,2014,0.448
1762,2015,0.419
1762,2016,0.422
1762,2017,0.437
1762,2018,0.432
1762,2019,0.42
1762,2020,0.383
1762,2021,0.391
1763,2005,0.356
1763,2006,0.353
1763,2007,0.384
1763,2008,0.398
1763,2009,0.377
1763,2010,0.387
1763,2011,0.365
1763,2012,0.406
1763,2013,0.403
1763,2014,0.43
1763,2015,0.417
1763,2016,0.429
1763,2017,0.42
1763,2018,0.429
1763,2019,0.435
1763,2020,0.392
1763,2021,0.407
1764,2005,0.343
1764,2006,0.366
1764,2007,0.35
1764,2008,0.382
1764,2009,0.359
1764,2010,0.394
1764,2011,0.385
1764,2012,0.419
1764,2013,0.409
1764,2014,0.417
1764,2015,0.409
1764,2016,0.418
1764,2017,0.423
1764,2018,0.426
1764,2019,0.428
1764,2020,0.398
1764,2021,0.41
1765,2005,0.251
1765,2006,0.299
1765,2007,0.29
1765,2008,0.335
1765,2009,0.346
1765,2010,0.38
1765,2011,0.344
1765,2012,0.36
1765,2013,0.378
1765,2014,0.391
1765,2015,0.384
1765,2016,0.384
1765,2017,0.381
1765,2018,0.379
1765,2019,0.379
1765,2020,0.357
1765,2021,0.371
1766,2005,0.278
1766,2006,0.266
1766,2007,0.29
1766,2008,0.303
1766,2009,0.345
1766,2010,0.365
1766,2011,0.351
1766,2012,0.304
1766,2013,0.408
1766,2014,0.416
1766,2015,0.409
1766,2016,0.423
1766,2017,0.427
1766,2018,0.441
1766,2019,0.444
1766,2020,0.405
1766,2021,0.416
1780,2005,0.361
1780,2006,0.365
1780,2007,0.38
1780,2008,0.397
1780,2009,0.384
1780,2010,0.401
1780,2011,0.385
1780,2012,0.422
1780,2013,0.418
1780,2014,0.427
1780,2015,0.414
1780,2016,0.428
1780,2017,0.429
1780,2018,0.42
1780,2019,0.417
1780,2020,0.39
1780,2021,0.392
1781,2005,0.32
1781,2006,0.265
1781,2007,0.276
1781,2008,0.319
1781,2009,0.348
1781,2010,0.421
1781,2011,0.41
1781,2012,0.418
1781,2013,0.422
1781,2014,0.435
1781,2015,0.423
1781,2016,0.428
1781,2017,0.431
1781,2018,0.43
1781,2019,0.431
1781,2020,0.404
1781,2021,0.418
1782,2005,0.335
1782,2006,0.293
1782,2007,0.305
1782,2008,0.329
1782,2009,0.349
1782,2010,0.382
1782,2011,0.373
1782,2012,0.398
1782,2013,0.394
1782,2014,0.406
1782,2015,0.399
1782,2016,0.397
1782,2017,0.414
1782,2018,0.405
1782,2019,0.412
1782,2020,0.388
1782,2021,0.396
1783,2005,0.263
1783,2006,0.26
1783,2007,0.29
1783,2008,0.315
1783,2009,0.369
1783,2010,0.403
1783,2011,0.379
1783,2012,0.335
1783,2013,0.444
1783,2014,0.442
1783,2015,0.45
1783,2016,0.454
1783,2017,0.471
1783,2018,0.462
1783,2019,0.452
1783,2020,0.426
1783,2021,0.437
1784,2005,0.284
1784,2006,0.286
1784,2007,0.33
1784,2008,0.354
1784,2009,0.371
1784,2010,0.413
1784,2011,0.385
1784,2012,0.423
1784,2013,0.459
1784,2014,0.441
1784,2015,0.437
1784,2016,0.433
1784,2017,0.441
1784,2018,0.437
1784,2019,0.441
1784,2020,0.403
1784,2021,0.42
1785,2005,0.275
1785,2006,0.36
1785,2007,0.286
1785,2008,0.362
1785,2009,0.321
1785,2010,0.371
1785,2011,0.364
1785,2012,0.39
1785,2013,0.39
1785,2014,0.408
1785,2015,0.39
1785,2016,0.392
1785,2017,0.385
1785,2018,0.402
1785,2019,0.398
1785,2020,0.372
1785,2021,0.378
1814,2005,0.361
1814,2006,0.375
1814,2007,0.374
1814,2008,0.373
1814,2009,0.375
1814,2010,0.402
1814,2011,0.415
1814,2012,0.432
1814,2013,0.411
1814,2014,0.429
1814,2015,0.408
1814,2016,0.411
1814,2017,0.382
1814,2018,0.377
1814,2019,0.407
1814,2020,0.381
1814,2021,0.399
1860,2005,0.387
1860,2006,0.397
1860,2007,0.394
1860,2008,0.392
1860,2009,0.405
1860,2010,0.416
1860,2011,0.431
1860,2012,0.431
1860,2013,0.422
1860,2014,0.427
1860,2015,0.418
1860,2016,0.435
1860,2017,0.44
1860,2018,0.416
1860,2019,0.421
1860,2020,0.403
1860,2021,0.426
1861,2005,0.371
1861,2006,0.384
1861,2007,0.385
1861,2008,0.396
1861,2009,0.388
1861,2010,0.398
1861,2011,0.413
1861,2012,0.44
1861,2013,0.423
1861,2014,0.429
1861,2015,0.401
1861,2016,0.412
1861,2017,0.385
1861,2018,0.395
1861,2019,0.413
1861,2020,0.403
1861,2021,0.418
1862,2005,0.433
1862,2006,0.452
1862,2007,0.468
1862,2008,0.455
1862,2009,0.459
1862,2010,0.469
1862,2011,0.462
1862,2012,0.459
1862,2013,0.451
1862,2014,0.463
1862,2015,0.457
1862,2016,0.473
1862,2017,0.468
1862,2018,0.452
1862,2019,0.469
1862,2020,0.443
1862,2021,0.453
1863,2005,0.377
1863,2006,0.395
1863,2007,0.38
1863,2008,0.401
1863,2009,0.401
1863,2010,0.408
1863,2011,0.425
1863,2012,0.418
1863,2013,0.416
1863,2014,0.419
1863,2015,0.405
1863,2016,0.412
1863,2017,0.413
1863,2018,0.421
1863,2019,0.428
1863,2020,0.398
1863,2021,0.416
1864,2005,0.395
1864,2006,0.399
1864,2007,0.403
1864,2008,0.434
1864,2009,0.424
1864,2010,0.432
1864,2011,0.432
1864,2012,0.447
1864,2013,0.423
1864,2014,0.423
1864,2015,0.442
1864,2016,0.439
1864,2017,0.414
1864,2018,0.433
1864,2019,0.427
1864,2020,0.402
1864,2021,0.421
1880,2005,0.367
1880,2006,0.373
1880,2007,0.371
1880,2008,0.383
1880,2009,0.386
1880,2010,0.401
1880,2011,0.437
1880,2012,0.448
1880,2013,0.439
1880,2014,0.441
1880,2015,0.413
1880,2016,0.423
1880,2017,0.402
1880,2018,0.406
1880,2019,0.416
1880,2020,0.408
1880,2021,0.419
1881,2005,0.35
1881,2006,0.354
1881,2007,0.362
1881,2008,0.368
1881,2009,0.376
1881,2010,0.383
1881,2011,0.41
1881,2012,0.421
1881,2013,0.415
1881,2014,0.425
1881,2015,0.403
1881,2016,0.413
1881,2017,0.393
1881,2018,0.405
1881,2019,0.414
1881,2020,0.405
1881,2021,0.413
1882,2005,0.359
1882,2006,0.364
1882,2007,0.361
1882,2008,0.37
1882,2009,0.372
1882,2010,0.382
1882,2011,0.399
1882,2012,0.428
1882,2013,0.412
1882,2014,0.409
1882,2015,0.387
1882,2016,0.402
1882,2017,0.401
1882,2018,0.404
1882,2019,0.417
1882,2020,0.392
1882,2021,0.403
1883,2005,0.454
1883,2006,0.456
1883,2007,0.459
1883,2008,0.462
1883,2009,0.461
1883,2010,0.475
1883,2011,0.462
1883,2012,0.459
1883,2013,0.461
1883,2014,0.468
1883,2015,0.471
1883,2016,0.472
1883,2017,0.475
1883,2018,0.463
1883,2019,0.465
1883,2020,0.432
1883,2021,0.454
1884,2005,0.405
1884,2006,0.405
1884,2007,0.399
1884,2008,0.411
1884,2009,0.408
1884,2010,0.421
1884,2011,0.424
1884,2012,0.433
1884,2013,0.435
1884,2014,0.438
1884,2015,0.423
1884,2016,0.429
1884,2017,0.424
1884,2018,0.429
1884,2019,0.443
1884,2020,0.42
1884,2021,0.443
1885,2005,0.414
1885,2006,0.424
1885,2007,0.423
1885,2008,0.44
1885,2009,0.444
1885,2010,0.445
1885,2011,0.442
1885,2012,0.447
1885,2013,0.44
1885,2014,0.451
1885,2015,0.432
1885,2016,0.448
1885,2017,0.448
1885,2018,0.453
1885,2019,0.458
1885,2020,0.427
1885,2021,0.451
1904,2005,0.353
1904,2006,0.358
1904,2007,0.361
1904,2008,0.368
1904,2009,0.371
1904,2010,0.4
1904,2011,0.413
1904,2012,0.437
1904,2013,0.433
1904,2014,0.422
1904,2015,0.427
1904,2016,0.463
1904,2017,0.449
1904,2018,0.446
1904,2019,0.447
1904,2020,0.427
1904,2021,0.456
1907,2005,0.342
1907,2006,0.359
1907,2007,0.357
1907,2008,0.35
1907,2009,0.374
1907,2010,0.377
1907,2011,0.41
1907,2012,0.422
1907,2013,0.421
1907,2014,0.437
1907,2015,0.424
1907,2016,0.416
1907,2017,0.423
1907,2018,0.427
1907,2019,0.429
1907,2020,0.41
1907,2021,0.444
1960,2005,0.35
1960,2006,0.373
1960,2007,0.387
1960,2008,0.413
1960,2009,0.402
1960,2010,0.401
1960,2011,0.421
1960,2012,0.435
1960,2013,0.432
1960,2014,0.407
1960,2015,0.407
1960,2016,0.412
1960,2017,0.42
1960,2018,0.429
1960,2019,0.423
1960,2020,0.413
1960,2021,0.424
1961,2005,0.347
1961,2006,0.353
1961,2007,0.358
1961,2008,0.378
1961,2009,0.395
1961,2010,0.393
1961,2011,0.416
1961,2012,0.45
1961,2013,0.443
1961,2014,0.455
1961,2015,0.432
1961,2016,0.429
1961,2017,0.428
1961,2018,0.417
1961,2019,0.411
1961,2020,0.428
1961,2021,0.443
1962,2005,0.297
1962,2006,0.328
1962,2007,0.326
1962,2008,0.339
1962,2009,0.345
1962,2010,0.352
1962,2011,0.38
1962,2012,0.392
1962,2013,0.407
1962,2014,0.412
1962,2015,0.389
1962,2016,0.418
1962,2017,0.453
1962,2018,0.444
1962,2019,0.449
1962,2020,0.435
1962,2021,0.443
1980,2005,0.364
1980,2006,0.367
1980,2007,0.376
1980,2008,0.371
1980,2009,0.388
1980,2010,0.393
1980,2011,0.434
1980,2012,0.45
1980,2013,0.445
1980,2014,0.449
1980,2015,0.434
1980,2016,0.421
1980,2017,0.419
1980,2018,0.417
1980,2019,0.416
1980,2020,0.424
1980,2021,0.442
1981,2005,0.374
1981,2006,0.379
1981,2007,0.389
1981,2008,0.395
1981,2009,0.409
1981,2010,0.408
1981,2011,0.43
1981,2012,0.441
1981,2013,0.435
1981,2014,0.439
1981,2015,0.424
1981,2016,0.426
1981,2017,0.419
1981,2018,0.418
1981,2019,0.425
1981,2020,0.413
1981,2021,0.436
1982,2005,0.307
1982,2006,0.333
1982,2007,0.333
1982,2008,0.33
1982,2009,0.359
1982,2010,0.357
1982,2011,0.378
1982,2012,0.389
1982,2013,0.399
1982,2014,0.403
1982,2015,0.386
1982,2016,0.415
1982,2017,0.437
1982,2018,0.43
1982,2019,0.441
1982,2020,0.433
1982,2021,0.45
1983,2005,0.385
1983,2006,0.398
1983,2007,0.402
1983,2008,0.409
1983,2009,0.397
1983,2010,0.398
1983,2011,0.416
1983,2012,0.44
1983,2013,0.446
1983,2014,0.426
1983,2015,0.431
1983,2016,0.441
1983,2017,0.435
1983,2018,0.429
1983,2019,0.429
1983,2020,0.415
1983,2021,0.434
1984,2005,0.365
1984,2006,0.379
1984,2007,0.397
1984,2008,0.407
1984,2009,0.404
1984,2010,0.394
1984,2011,0.428
1984,2012,0.442
1984,2013,0.431
1984,2014,0.427
1984,2015,0.423
1984,2016,0.42
1984,2017,0.421
1984,2018,0.42
1984,2019,0.422
1984,2020,0.419
1984,2021,0.427
2021,2005,0.348
2021,2006,0.355
2021,2007,0.381
2021,2008,0.371
2021,2009,0.38
2021,2010,0.381
2021,2011,0.396
2021,2012,0.404
2021,2013,0.406
2021,2014,0.403
2021,2015,0.405
2021,2016,0.404
2021,2017,0.404
2021,2018,0.414
2021,2019,0.413
2021,2020,0.374
2021,2021,0.397
2023,2005,0.327
2023,2006,0.343
2023,2007,0.351
2023,2008,0.349
2023,2009,0.356
2023,2010,0.354
2023,2011,0.365
2023,2012,0.355
2023,2013,0.368
2023,2014,0.375
2023,2015,0.381
2023,2016,0.369
2023,2017,0.368
2023,2018,0.38
2023,2019,0.385
2023,2020,0.338
2023,2021,0.37
2026,2005,0.368
2026,2006,0.388
2026,2007,0.381
2026,2008,0.397
2026,2009,0.406
2026,2010,0.409
2026,2011,0.421
2026,2012,0.405
2026,2013,0.405
2026,2014,0.416
2026,2015,0.419
2026,2016,0.414
2026,2017,0.422
2026,2018,0.418
2026,2019,0.417
2026,2020,0.386
2026,2021,0.393
2029,2005,0.357
2029,2006,0.373
2029,2007,0.382
2029,2008,0.381
2029,2009,0.396
2029,2010,0.397
2029,2011,0.405
2029,2012,0.403
2029,2013,0.399
2029,2014,0.406
2029,2015,0.408
2029,2016,0.396
2029,2017,0.4
2029,2018,0.401
2029,2019,0.409
2029,2020,0.367
2029,2021,0.395
2031,2005,0.373
2031,2006,0.385
2031,2007,0.381
2031,2008,0.393
2031,2009,0.405
2031,2010,0.417
2031,2011,0.443
2031,2012,0.443
2031,2013,0.448
2031,2014,0.459
2031,2015,0.452
2031,2016,0.435
2031,2017,0.436
2031,2018,0.445
2031,2019,0.447
2031,2020,0.395
2031,2021,0.425
2034,2005,0.391
2034,2006,0.421
2034,2007,0.447
2034,2008,0.442
2034,2009,0.435
2034,2010,0.431
2034,2011,0.447
2034,2012,0.447
2034,2013,0.464
2034,2014,0.469
2034,2015,0.488
2034,2016,0.473
2034,2017,0.45
2034,2018,0.474
2034,2019,0.466
2034,2020,0.423
2034,2021,0.447
2039,2005,0.339
2039,2006,0.338
2039,2007,0.344
2039,2008,0.348
2039,2009,0.356
2039,2010,0.373
2039,2011,0.371
2039,2012,0.372
2039,2013,0.38
2039,2014,0.391
2039,2015,0.403
2039,2016,0.396
2039,2017,0.381
2039,2018,0.391
2039,2019,0.396
2039,2020,0.348
2039,2021,0.373
2061,2005,0.326
2061,2006,0.348
2061,2007,0.345
2061,2008,0.365
2061,2009,0.378
2061,2010,0.384
2061,2011,0.406
2061,2012,0.4
2061,2013,0.411
2061,2014,0.42
2061,2015,0.409
2061,2016,0.395
2061,2017,0.405
2061,2018,0.401
2061,2019,0.406
2061,2020,0.377
2061,2021,0.389
2062,2005,0.429
2062,2006,0.427
2062,2007,0.444
2062,2008,0.442
2062,2009,0.446
2062,2010,0.438
2062,2011,0.451
2062,2012,0.448
2062,2013,0.464
2062,2014,0.475
2062,2015,0.484
2062,2016,0.476
2062,2017,0.458
2062,2018,0.469
2062,2019,0.468
2062,2020,0.422
2062,2021,0.436
2080,2005,0.4
2080,2006,0.406
2080,2007,0.399
2080,2008,0.415
2080,2009,0.419
2080,2010,0.419
2080,2011,0.433
2080,2012,0.426
2080,2013,0.416
2080,2014,0.426
2080,2015,0.431
2080,2016,0.422
2080,2017,0.425
2080,2018,0.426
2080,2019,0.428
2080,2020,0.397
2080,2021,0.414
2081,2005,0.371
2081,2006,0.384
2081,2007,0.385
2081,2008,0.394
2081,2009,0.395
2081,2010,0.399
2081,2011,0.41
2081,2012,0.396
2081,2013,0.406
2081,2014,0.411
2081,2015,0.414
2081,2016,0.401
2081,2017,0.402
2081,2018,0.402
2081,2019,0.412
2081,2020,0.378
2081,2021,0.398
2082,2005,0.376
2082,2006,0.383
2082,2007,0.391
2082,2008,0.386
2082,2009,0.392
2082,2010,0.392
2082,2011,0.402
2082,2012,0.404
2082,2013,0.402
2082,2014,0.405
2082,2015,0.403
2082,2016,0.414
2082,2017,0.406
2082,2018,0.413
2082,2019,0.413
2082,2020,0.388
2082,2021,0.412
2083,2005,0.379
2083,2006,0.391
2083,2007,0.377
2083,2008,0.386
2083,2009,0.41
2083,2010,0.415
2083,2011,0.414
2083,2012,0.398
2083,2013,0.425
2083,2014,0.425
2083,2015,0.419
2083,2016,0.409
2083,2017,0.416
2083,2018,0.427
2083,2019,0.419
2083,2020,0.384
2083,2021,0.401
2084,2005,0.401
2084,2006,0.413
2084,2007,0.404
2084,2008,0.406
2084,2009,0.42
2084,2010,0.445
2084,2011,0.413
2084,2012,0.402
2084,2013,0.431
2084,2014,0.435
2084,2015,0.425
2084,2016,0.41
2084,2017,0.426
2084,2018,0.431
2084,2019,0.436
2084,2020,0.393
2084,2021,0.42
2085,2005,0.323
2085,2006,0.355
2085,2007,0.36
2085,2008,0.352
2085,2009,0.372
2085,2010,0.376
2085,2011,0.386
2085,2012,0.378
2085,2013,0.396
2085,2014,0.405
2085,2015,0.389
2085,2016,0.38
2085,2017,0.398
2085,2018,0.396
2085,2019,0.404
2085,2020,0.38
2085,2021,0.381
2101,2005,0.286
2101,2006,0.288
2101,2007,0.312
2101,2008,0.327
2101,2009,0.328
2101,2010,0.324
2101,2011,0.357
2101,2012,0.344
2101,2013,0.362
2101,2014,0.363
2101,2015,0.378
2101,2016,0.36
2101,2017,0.359
2101,2018,0.374
2101,2019,0.389
2101,2020,0.355
2101,2021,0.366
2104,2005,0.318
2104,2006,0.312
2104,2007,0.323
2104,2008,0.351
2104,2009,0.355
2104,2010,0.365
2104,2011,0.391
2104,2012,0.391
2104,2013,0.383
2104,2014,0.379
2104,2015,0.415
2104,2016,0.41
2104,2017,0.403
2104,2018,0.402
2104,2019,0.409
2104,2020,0.369
2104,2021,0.373
2121,2005,0.279
2121,2006,0.29
2121,2007,0.318
2121,2008,0.315
2121,2009,0.318
2121,2010,0.34
2121,2011,0.378
2121,2012,0.36
2121,2013,0.36
2121,2014,0.36
2121,2015,0.372
2121,2016,0.396
2121,2017,0.399
2121,2018,0.405
2121,2019,0.399
2121,2020,0.385
2121,2021,0.398
2132,2005,0.357
2132,2006,0.355
2132,2007,0.362
2132,2008,0.387
2132,2009,0.403
2132,2010,0.406
2132,2011,0.421
2132,2012,0.427
2132,2013,0.408
2132,2014,0.415
2132,2015,0.431
2132,2016,0.436
2132,2017,0.436
2132,2018,0.438
2132,2019,0.44
2132,2020,0.416
2132,2021,0.407
2161,2005,0.323
2161,2006,0.327
2161,2007,0.33
2161,2008,0.332
2161,2009,0.347
2161,2010,0.35
2161,2011,0.363
2161,2012,0.37
2161,2013,0.377
2161,2014,0.38
2161,2015,0.394
2161,2016,0.393
2161,2017,0.393
2161,2018,0.393
2161,2019,0.385
2161,2020,0.366
2161,2021,0.375
2180,2005,0.334
2180,2006,0.322
2180,2007,0.359
2180,2008,0.385
2180,2009,0.384
2180,2010,0.379
2180,2011,0.404
2180,2012,0.401
2180,2013,0.4
2180,2014,0.405
2180,2015,0.419
2180,2016,0.416
2180,2017,0.414
2180,2018,0.417
2180,2019,0.424
2180,2020,0.389
2180,2021,0.397
2181,2005,0.319
2181,2006,0.311
2181,2007,0.335
2181,2008,0.354
2181,2009,0.364
2181,2010,0.368
2181,2011,0.381
2181,2012,0.383
2181,2013,0.377
2181,2014,0.379
2181,2015,0.398
2181,2016,0.398
2181,2017,0.396
2181,2018,0.393
2181,2019,0.399
2181,2020,0.378
2181,2021,0.386
2182,2005,0.315
2182,2006,0.321
2182,2007,0.342
2182,2008,0.368
2182,2009,0.536
2182,2010,0.534
2182,2011,0.4
2182,2012,0.384
2182,2013,0.399
2182,2014,0.399
2182,2015,0.418
2182,2016,0.402
2182,2017,0.4
2182,2018,0.412
2182,2019,0.407
2182,2020,0.386
2182,2021,0.401
2183,2005,0.333
2183,2006,0.336
2183,2007,0.34
2183,2008,0.349
2183,2009,0.354
2183,2010,0.362
2183,2011,0.401
2183,2012,0.367
2183,2013,0.356
2183,2014,0.368
2183,2015,0.393
2183,2016,0.405
2183,2017,0.408
2183,2018,0.416
2183,2019,0.411
2183,2020,0.388
2183,2021,0.406
2184,2005,0.38
2184,2006,0.386
2184,2007,0.386
2184,2008,0.412
2184,2009,0.416
2184,2010,0.43
2184,2011,0.426
2184,2012,0.437
2184,2013,0.419
2184,2014,0.429
2184,2015,0.442
2184,2016,0.437
2184,2017,0.44
2184,2018,0.442
2184,2019,0.441
2184,2020,0.418
2184,2021,0.42
2260,2005,0.327
2260,2006,0.348
2260,2007,0.341
2260,2008,0.33
2260,2009,0.338
2260,2010,0.345
2260,2011,0.346
2260,2012,0.366
2260,2013,0.358
2260,2014,0.38
2260,2015,0.37
2260,2016,0.376
2260,2017,0.378
2260,2018,0.382
2260,2019,0.386
2260,2020,0.348
2260,2021,0.354
2262,2005,0.325
2262,2006,0.354
2262,2007,0.337
2262,2008,0.348
2262,2009,0.355
2262,2010,0.359
2262,2011,0.356
2262,2012,0.371
2262,2013,0.376
2262,2014,0.402
2262,2015,0.399
2262,2016,0.405
2262,2017,0.404
2262,2018,0.408
2262,2019,0.404
2262,2020,0.383
2262,2021,0.393
2280,2005,0.336
2280,2006,0.361
2280,2007,0.359
2280,2008,0.362
2280,2009,0.352
2280,2010,0.39
2280,2011,0.363
2280,2012,0.4
2280,2013,0.39
2280,2014,0.412
2280,2015,0.417
2280,2016,0.366
2280,2017,0.367
2280,2018,0.372
2280,2019,0.368
2280,2020,0.357
2280,2021,0.374
2281,2005,0.337
2281,2006,0.362
2281,2007,0.357
2281,2008,0.358
2281,2009,0.357
2281,2010,0.356
2281,2011,0.364
2281,2012,0.387
2281,2013,0.386
2281,2014,0.418
2281,2015,0.412
2281,2016,0.408
2281,2017,0.411
2281,2018,0.413
2281,2019,0.412
2281,2020,0.38
2281,2021,0.389
2282,2005,0.348
2282,2006,0.37
2282,2007,0.38
2282,2008,0.39
2282,2009,0.378
2282,2010,0.394
2282,2011,0.401
2282,2012,0.419
2282,2013,0.415
2282,2014,0.429
2282,2015,0.427
2282,2016,0.418
2282,2017,0.44
2282,2018,0.432
2282,2019,0.432
2282,2020,0.406
2282,2021,0.423
2283,2005,0.419
2283,2006,0.434
2283,2007,0.447
2283,2008,0.449
2283,2009,0.44
2283,2010,0.441
2283,2011,0.451
2283,2012,0.466
2283,2013,0.475
2283,2014,0.475
2283,2015,0.481
2283,2016,0.468
2283,2017,0.47
2283,2018,0.463
2283,2019,0.465
2283,2020,0.436
2283,2021,0.437
2284,2005,0.32
2284,2006,0.395
2284,2007,0.394
2284,2008,0.398
2284,2009,0.395
2284,2010,0.381
2284,2011,0.398
2284,2012,0.412
2284,2013,0.414
2284,2014,0.416
2284,2015,0.42
2284,2016,0.422
2284,2017,0.431
2284,2018,0.437
2284,2019,0.44
2284,2020,0.424
2284,2021,0.427
2303,2005,0.347
2303,2006,0.318
2303,2007,0.356
2303,2008,0.384
2303,2009,0.376
2303,2010,0.389
2303,2011,0.382
2303,2012,0.401
2303,2013,0.402
2303,2014,0.422
2303,2015,0.384
2303,2016,0.376
2303,2017,0.404
2303,2018,0.404
2303,2019,0.407
2303,2020,0.386
2303,2021,0.395
2305,2005,0.333
2305,2006,0.323
2305,2007,0.355
2305,2008,0.369
2305,2009,0.357
2305,2010,0.372
2305,2011,0.353
2305,2012,0.379
2305,2013,0.377
2305,2014,0.401
2305,2015,0.366
2305,2016,0.383
2305,2017,0.39
2305,2018,0.371
2305,2019,0.396
2305,2020,0.371
2305,2021,0.379
2309,2005,0.345
2309,2006,0.311
2309,2007,0.351
2309,2008,0.357
2309,2009,0.347
2309,2010,0.361
2309,2011,0.345
2309,2012,0.362
2309,2013,0.382
2309,2014,0.397
2309,2015,0.374
2309,2016,0.372
2309,2017,0.379
2309,2018,0.382
2309,2019,0.39
2309,2020,0.376
2309,2021,0.375
2313,2005,0.322
2313,2006,0.315
2313,2007,0.331
2313,2008,0.333
2313,2009,0.337
2313,2010,0.342
2313,2011,0.342
2313,2012,0.349
2313,2013,0.345
2313,2014,0.355
2313,2015,0.338
2313,2016,0.351
2313,2017,0.372
2313,2018,0.367
2313,2019,0.374
2313,2020,0.357
2313,2021,0.363
2321,2005,0.305
2321,2006,0.279
2321,2007,0.301
2321,2008,0.307
2321,2009,0.306
2321,2010,0.317
2321,2011,0.315
2321,2012,0.329
2321,2013,0.34
2321,2014,0.357
2321,2015,0.33
2321,2016,0.339
2321,2017,0.355
2321,2018,0.34
2321,2019,0.36
2321,2020,0.326
2321,2021,0.334
2326,2005,0.349
2326,2006,0.31
2326,2007,0.349
2326,2008,0.36
2326,2009,0.352
2326,2010,0.366
2326,2011,0.355
2326,2012,0.388
2326,2013,0.385
2326,2014,0.395
2326,2015,0.358
2326,2016,0.373
2326,2017,0.389
2326,2018,0.385
2326,2019,0.391
2326,2020,0.378
2326,2021,0.384
2361,2005,0.302
2361,2006,0.289
2361,2007,0.323
2361,2008,0.305
2361,2009,0.305
2361,2010,0.327
2361,2011,0.32
2361,2012,0.347
2361,2013,0.337
2361,2014,0.349
2361,2015,0.321
2361,2016,0.337
2361,2017,0.337
2361,2018,0.33
2361,2019,0.341
2361,2020,0.321
2361,2021,0.338
2380,2005,0.375
2380,2006,0.335
2380,2007,0.385
2380,2008,0.388
2380,2009,0.373
2380,2010,0.4
2380,2011,0.383
2380,2012,0.412
2380,2013,0.419
2380,2014,0.439
2380,2015,0.407
2380,2016,0.422
2380,2017,0.424
2380,2018,0.415
2380,2019,0.425
2380,2020,0.406
2380,2021,0.411
2401,2005,0.394
2401,2006,0.377
2401,2007,0.4
2401,2008,0.425
2401,2009,0.424
2401,2010,0.423
2401,2011,0.406
2401,2012,0.403
2401,2013,0.409
2401,2014,0.414
2401,2015,0.426
2401,2016,0.43
2401,2017,0.425
2401,2018,0.43
2401,2019,0.44
2401,2020,0.421
2401,2021,0.435
2403,2005,0.349
2403,2006,0.349
2403,2007,0.41
2403,2008,0.42
2403,2009,0.405
2403,2010,0.419
2403,2011,0.416
2403,2012,0.405
2403,2013,0.409
2403,2014,0.422
2403,2015,0.426
2403,2016,0.412
2403,2017,0.427
2403,2018,0.423
2403,2019,0.418
2403,2020,0.382
2403,2021,0.402
2404,2005,0.379
2404,2006,0.364
2404,2007,0.447
2404,2008,0.461
2404,2009,0.439
2404,2010,0.441
2404,2011,0.433
2404,2012,0.417
2404,2013,0.422
2404,2014,0.407
2404,2015,0.423
2404,2016,0.419
2404,2017,0.413
2404,2018,0.413
2404,2019,0.424
2404,2020,0.406
2404,2021,0.415
2409,2005,0.364
2409,2006,0.337
2409,2007,0.399
2409,2008,0.407
2409,2009,0.406
2409,2010,0.393
2409,2011,0.41
2409,2012,0.399
2409,2013,0.411
2409,2014,0.424
2409,2015,0.427
2409,2016,0.41
2409,2017,0.425
2409,2018,0.435
2409,2019,0.444
2409,2020,0.393
2409,2021,0.39
2417,2005,0.323
2417,2006,0.323
2417,2007,0.397
2417,2008,0.408
2417,2009,0.417
2417,2010,0.385
2417,2011,0.391
2417,2012,0.373
2417,2013,0.402
2417,2014,0.378
2417,2015,0.383
2417,2016,0.379
2417,2017,0.376
2417,2018,0.377
2417,2019,0.393
2417,2020,0.381
2417,2021,0.38
2418,2005,0.252
2418,2006,0.312
2418,2007,0.347
2418,2008,0.356
2418,2009,0.358
2418,2010,0.352
2418,2011,0.377
2418,2012,0.369
2418,2013,0.395
2418,2014,0.393
2418,2015,0.4
2418,2016,0.397
2418,2017,0.422
2418,2018,0.402
2418,2019,0.42
2418,2020,0.386
2418,2021,0.372
2421,2005,0.254
2421,2006,0.28
2421,2007,0.345
2421,2008,0.348
2421,2009,0.366
2421,2010,0.355
2421,2011,0.379
2421,2012,0.37
2421,2013,0.365
2421,2014,0.387
2421,2015,0.386
2421,2016,0.377
2421,2017,0.39
2421,2018,0.39
2421,2019,0.411
2421,2020,0.38
2421,2021,0.403
2422,2005,0.289
2422,2006,0.316
2422,2007,0.375
2422,2008,0.368
2422,2009,0.365
2422,2010,0.382
2422,2011,0.378
2422,2012,0.393
2422,2013,0.401
2422,2014,0.408
2422,2015,0.416
2422,2016,0.396
2422,2017,0.433
2422,2018,0.417
2422,2019,0.427
2422,2020,0.391
2422,2021,0.42
2425,2005,0.26
2425,2006,0.279
2425,2007,0.342
2425,2008,0.34
2425,2009,0.357
2425,2010,0.374
2425,2011,0.399
2425,2012,0.387
2425,2013,0.374
2425,2014,0.374
2425,2015,0.384
2425,2016,0.415
2425,2017,0.414
2425,2018,0.391
2425,2019,0.411
2425,2020,0.379
2425,2021,0.387
2460,2005,0.38
2460,2006,0.353
2460,2007,0.434
2460,2008,0.443
2460,2009,0.423
2460,2010,0.421
2460,2011,0.403
2460,2012,0.399
2460,2013,0.39
2460,2014,0.408
2460,2015,0.413
2460,2016,0.407
2460,2017,0.416
2460,2018,0.424
2460,2019,0.414
2460,2020,0.398
2460,2021,0.391
2462,2005,0.259
2462,2006,0.289
2462,2007,0.331
2462,2008,0.343
2462,2009,0.358
2462,2010,0.333
2462,2011,0.357
2462,2012,0.369
2462,2013,0.377
2462,2014,0.373
2462,2015,0.383
2462,2016,0.375
2462,2017,0.385
2462,2018,0.396
2462,2019,0.401
2462,2020,0.371
2462,2021,0.379
2463,2005,0.257
2463,2006,0.292
2463,2007,0.377
2463,2008,0.373
2463,2009,0.384
2463,2010,0.395
2463,2011,0.383
2463,2012,0.372
2463,2013,0.388
2463,2014,0.387
2463,2015,0.388
2463,2016,0.383
2463,2017,0.409
2463,2018,0.397
2463,2019,0.408
2463,2020,0.382
2463,2021,0.4
2480,2005,0.359
2480,2006,0.339
2480,2007,0.42
2480,2008,0.432
2480,2009,0.428
2480,2010,0.41
2480,2011,0.399
2480,2012,0.391
2480,2013,0.389
2480,2014,0.392
2480,2015,0.399
2480,2016,0.392
2480,2017,0.402
2480,2018,0.401
2480,2019,0.4
2480,2020,0.382
2480,2021,0.382
2481,2005,0.291
2481,2006,0.362
2481,2007,0.433
2481,2008,0.429
2481,2009,0.447
2481,2010,0.448
2481,2011,0.462
2481,2012,0.452
2481,2013,0.459
2481,2014,0.461
2481,2015,0.476
2481,2016,0.462
2481,2017,0.465
2481,2018,0.454
2481,2019,0.472
2481,2020,0.451
2481,2021,0.458
2482,2005,0.316
2482,2006,0.317
2482,2007,0.404
2482,2008,0.405
2482,2009,0.406
2482,2010,0.403
2482,2011,0.407
2482,2012,0.411
2482,2013,0.419
2482,2014,0.419
2482,2015,0.397
2482,2016,0.398
2482,2017,0.406
2482,2018,0.407
2482,2019,0.408
2482,2020,0.393
2482,2021,0.392
2505,2005,0.289
2505,2006,0.336
2505,2007,0.328
2505,2008,0.323
2505,2009,0.327
2505,2010,0.324
2505,2011,0.354
2505,2012,0.345
2505,2013,0.343
2505,2014,0.333
2505,2015,0.35
2505,2016,0.35
2505,2017,0.337
2505,2018,0.33
2505,2019,0.347
2505,2020,0.317
2505,2021,0.329
2506,2005,0.283
2506,2006,0.359
2506,2007,0.351
2506,2008,0.363
2506,2009,0.339
2506,2010,0.356
2506,2011,0.36
2506,2012,0.374
2506,2013,0.36
2506,2014,0.326
2506,2015,0.358
2506,2016,0.351
2506,2017,0.352
2506,2018,0.338
2506,2019,0.345
2506,2020,0.325
2506,2021,0.344
2510,2005,0.31
2510,2006,0.346
2510,2007,0.351
2510,2008,0.343
2510,2009,0.345
2510,2010,0.329
2510,2011,0.356
2510,2012,0.361
2510,2013,0.335
2510,2014,0.311
2510,2015,0.325
2510,2016,0.333
2510,2017,0.349
2510,2018,0.361
2510,2019,0.357
2510,2020,0.327
2510,2021,0.352
2513,2005,0.321
2513,2006,0.338
2513,2007,0.382
2513,2008,0.363
2513,2009,0.375
2513,2010,0.356
2513,2011,0.386
2513,2012,0.392
2513,2013,0.347
2513,2014,0.327
2513,2015,0.355
2513,2016,0.348
2513,2017,0.351
2513,2018,0.35
2513,2019,0.355
2513,2020,0.334
2513,2021,0.352
2514,2005,0.354
2514,2006,0.374
2514,2007,0.394
2514,2008,0.392
2514,2009,0.39
2514,2010,0.392
2514,2011,0.414
2514,2012,0.419
2514,2013,0.39
2514,2014,0.344
2514,2015,0.391
2514,2016,0.38
2514,2017,0.369
2514,2018,0.361
2514,2019,0.369
2514,2020,0.349
2514,2021,0.358
2518,2005,0.308
2518,2006,0.339
2518,2007,0.356
2518,2008,0.348
2518,2009,0.324
2518,2010,0.351
2518,2011,0.366
2518,2012,0.366
2518,2013,0.349
2518,2014,0.327
2518,2015,0.349
2518,2016,0.357
2518,2017,0.357
2518,2018,0.342
2518,2019,0.346
2518,2020,0.332
2518,2021,0.344
2521,2005,0.334
2521,2006,0.346
2521,2007,0.382
2521,2008,0.366
2521,2009,0.381
2521,2010,0.374
2521,2011,0.397
2521,2012,0.39
2521,2013,0.339
2521,2014,0.351
2521,2015,0.349
2521,2016,0.353
2521,2017,0.356
2521,2018,0.356
2521,2019,0.371
2521,2020,0.354
2521,2021,0.363
2523,2005,0.384
2523,2006,0.402
2523,2007,0.465
2523,2008,0.411
2523,2009,0.467
2523,2010,0.461
2523,2011,0.482
2523,2012,0.474
2523,2013,0.416
2523,2014,0.395
2523,2015,0.42
2523,2016,0.421
2523,2017,0.416
2523,2018,0.412
2523,2019,0.427
2523,2020,0.391
2523,2021,0.398
2560,2005,0.298
2560,2006,0.354
2560,2007,0.37
2560,2008,0.382
2560,2009,0.389
2560,2010,0.375
2560,2011,0.41
2560,2012,0.394
2560,2013,0.38
2560,2014,0.335
2560,2015,0.371
2560,2016,0.373
2560,2017,0.364
2560,2018,0.368
2560,2019,0.373
2560,2020,0.342
2560,2021,0.369
2580,2005,0.31
2580,2006,0.327
2580,2007,0.405
2580,2008,0.405
2580,2009,0.357
2580,2010,0.333
2580,2011,0.425
2580,2012,0.42
2580,2013,0.345
2580,2014,0.292
2580,2015,0.353
2580,2016,0.353
2580,2017,0.353
2580,2018,0.357
2580,2019,0.362
2580,2020,0.335
2580,2021,0.344
2581,2005,0.282
2581,2006,0.351
2581,2007,0.356
2581,2008,0.366
2581,2009,0.358
2581,2010,0.361
2581,2011,0.386
2581,2012,0.392
2581,2013,0.377
2581,2014,0.332
2581,2015,0.377
2581,2016,0.369
2581,2017,0.37
2581,2018,0.353
2581,2019,0.37
2581,2020,0.347
2581,2021,0.353
2582,2005,0.347
2582,2006,0.358
2582,2007,0.386
2582,2008,0.384
2582,2009,0.363
2582,2010,0.355
2582,2011,0.393
2582,2012,0.402
2582,2013,0.365
2582,2014,0.316
2582,2015,0.381
2582,2016,0.382
2582,2017,0.38
2582,2018,0.382
2582,2019,0.378
2582,2020,0.353
2582,2021,0.355
2583,2005,0.299
2583,2006,0.299
2583,2007,0.33
2583,2008,0.331
2583,2009,0.329
2583,2010,0.321
2583,2011,0.345
2583,2012,0.351
2583,2013,0.323
2583,2014,0.314
2583,2015,0.342
2583,2016,0.332
2583,2017,0.325
2583,2018,0.312
2583,2019,0.349
2583,2020,0.328
2583,2021,0.336
2584,2005,0.342
2584,2006,0.384
2584,2007,0.387
2584,2008,0.396
2584,2009,0.392
2584,2010,0.392
2584,2011,0.404
2584,2012,0.407
2584,2013,0.389
2584,2014,0.331
2584,2015,0.389
2584,2016,0.389
2584,2017,0.391
2584,2018,0.411
2584,2019,0.413
2584,2020,0.386
2584,2021,0.398
