kommun,year,sjuk
0114,2005,0.375
0114,2006,0.342
0114,2007,0.368
0114,2008,0.391
0114,2009,0.393
0114,2010,0.388
0114,2011,0.42
0114,2012,0.45
0114,2013,0.453
0114,2014,0.457
0114,2015,0.468
0114,2016,0.468
0114,2017,0.465
0114,2018,0.455
0114,2019,0.449
0114,2020,0.434
0114,2021,0.446
0115,2005,0.351
0115,2006,0.354
0115,2007,0.354
0115,2008,0.396
0115,2009,0.369
0115,2010,0.368
0115,2011,0.415
0115,2012,0.433
0115,2013,0.463
0115,2014,0.467
0115,2015,0.473
0115,2016,0.488
0115,2017,0.48
0115,2018,0.466
0115,2019,0.466
0115,2020,0.443
0115,2021,0.453
0117,2005,0.321
0117,2006,0.328
0117,2007,0.32
0117,2008,0.366
0117,2009,0.345
0117,2010,0.34
0117,2011,0.388
0117,2012,0.429
0117,2013,0.449
0117,2014,0.456
0117,2015,0.452
0117,2016,0.477
0117,2017,0.47
0117,2018,0.458
0117,2019,0.462
0117,2020,0.439
0117,2021,0.447
0120,2005,0.43
0120,2006,0.422
0120,2007,0.414
0120,2008,0.427
0120,2009,0.421
0120,2010,0.432
0120,2011,0.435
0120,2012,0.45
0120,2013,0.418
0120,2014,0.424
0120,2015,0.417
0120,2016,0.424
0120,2017,0.434
0120,2018,0.435
0120,2019,0.435
0120,2020,0.419
0120,2021,0.432
0123,2005,0.35
0123,2006,0.345
0123,2007,0.345
0123,2008,0.377
0123,2009,0.392
0123,2010,0.373
0123,2011,0.415
0123,2012,0.453
0123,2013,0.459
0123,2014,0.468
0123,2015,0.473
0123,2016,0.476
0123,2017,0.47
0123,2018,0.456
0123,2019,0.462
0123,2020,0.449
0123,2021,0.46
0125,2005,0.326
0125,2006,0.326
0125,2007,0.328
0125,2008,0.375
0125,2009,0.369
0125,2010,0.364
0125,2011,0.393
0125,2012,0.425
0125,2013,0.44
0125,2014,0.453
0125,2015,0.441
0125,2016,0.435
0125,2017,0.443
0125,2018,0.436
0125,2019,0.446
0125,2020,0.43
0125,2021,0.454
0126,2005,0.379
0126,2006,0.383
0126,2007,0.373
0126,2008,0.39
0126,2009,0.386
0126,2010,0.384
0126,2011,0.389
0126,2012,0.42
0126,2013,0.437
0126,2014,0.452
0126,2015,0.451
0126,2016,0.453
0126,2017,0.458
0126,2018,0.446
0126,2019,0.447
0126,2020,0.429
0126,2021,0.443
0127,2005,0.38
0127,2006,0.385
0127,2007,0.38
0127,2008,0.4
0127,2009,0.383
0127,2010,0.383
0127,2011,0.373
0127,2012,0.424
0127,2013,0.442
0127,2014,0.463
0127,2015,0.465
0127,2016,0.469
0127,2017,0.476
0127,2018,0.466
0127,2019,0.465
0127,2020,0.447
0127,2021,0.464
0128,2005,0.399
0128,2006,0.403
0128,2007,0.387
0128,2008,0.42
0128,2009,0.405
0128,2010,0.407
0128,2011,0.41
0128,2012,0.428
0128,2013,0.453
0128,2014,0.476
0128,2015,0.465
0128,2016,0.467
0128,2017,0.478
0128,2018,0.466
0128,2019,0.465
0128,2020,0.438
0128,2021,0.46
0136,2005,0.406
0136,2006,0.407
0136,2007,0.39
0136,2008,0.402
0136,2009,0.405
0136,2010,0.422
0136,2011,0.428
0136,2012,0.444
0136,2013,0.462
0136,2014,0.469
0136,2015,0.464
0136,2016,0.465
0136,2017,0.459
0136,2018,0.448
0136,2019,0.44
0136,2020,0.425
0136,2021,0.437
0138,2005,0.367
0138,2006,0.36
0138,2007,0.356
0138,2008,0.38
0138,2009,0.382
0138,2010,0.404
0138,2011,0.416
0138,2012,0.442
0138,2013,0.457
0138,2014,0.47
0138,2015,0.464
0138,2016,0.47
0138,2017,0.469
0138,2018,0.458
0138,2019,0.458
0138,2020,0.438
0138,2021,0.455
0139,2005,0.37
0139,2006,0.36
0139,2007,0.35
0139,2008,0.379
0139,2009,0.39
0139,2010,0.382
0139,2011,0.417
0139,2012,0.444
0139,2013,0.449
0139,2014,0.457
0139,2015,0.471
0139,2016,0.473
0139,2017,0.462
0139,2018,0.444
0139,2019,0.448
0139,2020,0.423
0139,2021,0.441
0140,2005,0.394
0140,2006,0.379
0140,2007,0.362
0140,2008,0.407
0140,2009,0.395
0140,2010,0.403
0140,2011,0.403
0140,2012,0.419
0140,2013,0.433
0140,2014,0.474
0140,2015,0.472
0140,2016,0.472
0140,2017,0.482
0140,2018,0.466
0140,2019,0.467
0140,2020,0.46
0140,2021,0.473
0160,2005,0.315
0160,2006,0.319
0160,2007,0.321
0160,2008,0.374
0160,2009,0.352
0160,2010,0.348
0160,2011,0.412
0160,2012,0.455
0160,2013,0.484
0160,2014,0.488
0160,2015,0.485
0160,2016,0.49
0160,2017,0.484
0160,2018,0.468
0160,2019,0.475
0160,2020,0.454
0160,2021,0.465
0162,2005,0.346
0162,2006,0.356
0162,2007,0.365
0162,2008,0.411
0162,2009,0.392
0162,2010,0.38
0162,2011,0.428
0162,2012,0.464
0162,2013,0.48
0162,2014,0.484
0162,2015,0.48
0162,2016,0.487
0162,2017,0.479
0162,2018,0.477
0162,2019,0.477
0162,2020,0.462
0162,2021,0.475
0163,2005,0.365
0163,2006,0.359
0163,2007,0.358
0163,2008,0.374
0163,2009,0.368
0163,2010,0.366
0163,2011,0.404
0163,2012,0.433
0163,2013,0.446
0163,2014,0.447
0163,2015,0.449
0163,2016,0.458
0163,2017,0.454
0163,2018,0.448
0163,2019,0.45
0163,2020,0.44
0163,2021,0.451
0180,2005,0.359
0180,2006,0.361
0180,2007,0.362
0180,2008,0.386
0180,2009,0.379
0180,2010,0.383
0180,2011,0.397
0180,2012,0.437
0180,2013,0.45
0180,2014,0.46
0180,2015,0.458
0180,2016,0.465
0180,2017,0.467
0180,2018,0.459
0180,2019,0.462
0180,2020,0.443
0180,2021,0.458
0181,2005,0.405
0181,2006,0.403
0181,2007,0.386
0181,2008,0.429
0181,2009,0.42
0181,2010,0.423
0181,2011,0.42
0181,2012,0.444
0181,2013,0.465
0181,2014,0.487
0181,2015,0.493
0181,2016,0.493
0181,2017,0.496
0181,2018,0.484
0181,2019,0.482
0181,2020,0.464
0181,2021,0.476
0182,2005,0.45
0182,2006,0.442
0182,2007,0.435
0182,2008,0.448
0182,2009,0.439
0182,2010,0.445
0182,2011,0.452
0182,2012,0.477
0182,2013,0.447
0182,2014,0.452
0182,2015,0.441
0182,2016,0.448
0182,2017,0.452
0182,2018,0.445
0182,2019,0.448
0182,2020,0.432
0182,2021,0.445
0183,2005,0.371
0183,2006,0.371
0183,2007,0.371
0183,2008,0.388
0183,2009,0.388
0183,2010,0.391
0183,2011,0.406
0183,2012,0.446
0183,2013,0.454
0183,2014,0.458
0183,2015,0.461
0183,2016,0.468
0183,2017,0.461
0183,2018,0.446
0183,2019,0.453
0183,2020,0.446
0183,2021,0.457
0184,2005,0.367
0184,2006,0.369
0184,2007,0.362
0184,2008,0.386
0184,2009,0.38
0184,2010,0.381
0184,2011,0.401
0184,2012,0.441
0184,2013,0.454
0184,2014,0.46
0184,2015,0.46
0184,2016,0.467
0184,2017,0.458
0184,2018,0.45
0184,2019,0.461
0184,2020,0.443
0184,2021,0.451
0186,2005,0.331
0186,2006,0.333
0186,2007,0.327
0186,2008,0.385
0186,2009,0.385
0186,2010,0.387
0186,2011,0.399
0186,2012,0.442
0186,2013,0.476
0186,2014,0.481
0186,2015,0.477
0186,2016,0.479
0186,2017,0.49
0186,2018,0.479
0186,2019,0.486
0186,2020,0.467
0186,2021,0.475
0187,2005,0.326
0187,2006,0.33
0187,2007,0.33
0187,2008,0.377
0187,2009,0.358
0187,2010,0.358
0187,2011,0.403
0187,2012,0.445
0187,2013,0.454
0187,2014,0.467
0187,2015,0.455
0187,2016,0.478
0187,2017,0.478
0187,2018,0.454
0187,2019,0.458
0187,2020,0.442
0187,2021,0.456
0188,2005,0.434
0188,2006,0.454
0188,2007,0.442
0188,2008,0.465
0188,2009,0.47
0188,2010,0.475
0188,2011,0.494
0188,2012,0.503
0188,2013,0.508
0188,2014,0.516
0188,2015,0.515
0188,2016,0.514
0188,2017,0.518
0188,2018,0.513
0188,2019,0.509
0188,2020,0.447
0188,2021,0.464
0191,2005,0.358
0191,2006,0.335
0191,2007,0.346
0191,2008,0.368
0191,2009,0.368
0191,2010,0.373
0191,2011,0.402
0191,2012,0.419
0191,2013,0.429
0191,2014,0.434
0191,2015,0.439
0191,2016,0.424
0191,2017,0.417
0191,2018,0.408
0191,2019,0.407
0191,2020,0.399
0191,2021,0.416
0192,2005,0.403
0192,2006,0.415
0192,2007,0.398
0192,2008,0.388
0192,2009,0.397
0192,2010,0.402
0192,2011,0.421
0192,2012,0.449
0192,2013,0.463
0192,2014,0.477
0192,2015,0.472
0192,2016,0.468
0192,2017,0.456
0192,2018,0.458
0192,2019,0.455
0192,2020,0.428
0192,2021,0.446
0305,2005,0.387
0305,2006,0.391
0305,2007,0.356
0305,2008,0.401
0305,2009,0.41
0305,2010,0.403
0305,2011,0.414
0305,2012,0.413
0305,2013,0.439
0305,2014,0.43
0305,2015,0.423
0305,2016,0.419
0305,2017,0.431
0305,2018,0.433
0305,2019,0.432
0305,2020,0.408
0305,2021,0.413
0319,2005,0.307
0319,2006,0.32
0319,2007,0.341
0319,2008,0.373
0319,2009,0.36
0319,2010,0.373
0319,2011,0.372
0319,2012,0.366
0319,2013,0.378
0319,2014,0.384
0319,2015,0.379
0319,2016,0.378
0319,2017,0.377
0319,2018,0.378
0319,2019,0.382
0319,2020,0.358
0319,2021,0.369
0330,2005,0.339
0330,2006,0.352
0330,2007,0.344
0330,2008,0.348
0330,2009,0.353
0330,2010,0.357
0330,2011,0.373
0330,2012,0.375
0330,2013,0.387
0330,2014,0.395
0330,2015,0.386
0330,2016,0.391
0330,2017,0.392
0330,2018,0.389
0330,2019,0.387
0330,2020,0.37
0330,2021,0.373
0331,2005,0.349
0331,2006,0.36
0331,2007,0.358
0331,2008,0.374
0331,2009,0.371
0331,2010,0.377
0331,2011,0.399
0331,2012,0.405
0331,2013,0.422
0331,2014,0.419
0331,2015,0.408
0331,2016,0.414
0331,2017,0.418
0331,2018,0.4
0331,2019,0.392
0331,2020,0.381
0331,2021,0.396
0360,2005,0.289
0360,2006,0.303
0360,2007,0.303
0360,2008,0.314
0360,2009,0.307
0360,2010,0.33
0360,2011,0.345
0360,2012,0.349
0360,2013,0.376
0360,2014,0.373
0360,2015,0.38
0360,2016,0.375
0360,2017,0.376
0360,2018,0.369
0360,2019,0.372
0360,2020,0.351
0360,2021,0.353
0380,2005,0.356
0380,2006,0.368
0380,2007,0.361
0380,2008,0.361
0380,2009,0.362
0380,2010,0.369
0380,2011,0.398
0380,2012,0.393
0380,2013,0.394
0380,2014,0.399
0380,2015,0.396
0380,2016,0.407
0380,2017,0.412
0380,2018,0.409
0380,2019,0.405
0380,2020,0.386
0380,2021,0.391
0381,2005,0.439
0381,2006,0.428
0381,2007,0.393
0381,2008,0.432
0381,2009,0.433
0381,2010,0.431
0381,2011,0.447
0381,2012,0.451
0381,2013,0.479
0381,2014,0.472
0381,2015,0.471
0381,2016,0.467
0381,2017,0.467
0381,2018,0.471
0381,2019,0.47
0381,2020,0.448
0381,2021,0.457
0382,2005,0.293
0382,2006,0.306
0382,2007,0.304
0382,2008,0.316
0382,2009,0.314
0382,2010,0.336
0382,2011,0.353
0382,2012,0.344
0382,2013,0.372
0382,2014,0.37
0382,2015,0.373
0382,2016,0.38
0382,2017,0.378
0382,2018,0.371
0382,2019,0.371
0382,2020,0.362
0382,2021,0.368
0428,2005,0.347
0428,2006,0.336
0428,2007,0.35
0428,2008,0.363
0428,2009,0.372
0428,2010,0.385
0428,2011,0.392
0428,2012,0.384
0428,2013,0.403
0428,2014,0.408
0428,2015,0.395
0428,2016,0.401
0428,2017,0.407
0428,2018,0.425
0428,2019,0.427
0428,2020,0.384
0428,2021,0.406
0461,2005,0.335
0461,2006,0.342
0461,2007,0.348
0461,2008,0.374
0461,2009,0.374
0461,2010,0.371
0461,2011,0.38
0461,2012,0.38
0461,2013,0.387
0461,2014,0.395
0461,2015,0.402
0461,2016,0.405
0461,2017,0.418
0461,2018,0.413
0461,2019,0.405
0461,2020,0.37
0461,2021,0.398
0480,2005,0.356
0480,2006,0.359
0480,2007,0.365
0480,2008,0.394
0480,2009,0.391
0480,2010,0.399
0480,2011,0.409
0480,2012,0.412
0480,2013,0.404
0480,2014,0.411
0480,2015,0.402
0480,2016,0.409
0480,2017,0.412
0480,2018,0.406
0480,2019,0.401
0480,2020,0.366
0480,2021,0.387
0481,2005,0.366
0481,2006,0.369
0481,2007,0.367
0481,2008,0.403
0481,2009,0.398
0481,2010,0.404
0481,2011,0.424
0481,2012,0.433
0481,2013,0.428
0481,2014,0.417
0481,2015,0.414
0481,2016,0.42
0481,2017,0.416
0481,2018,0.411
0481,2019,0.41
0481,2020,0.369
0481,2021,0.392
0482,2005,0.336
0482,2006,0.344
0482,2007,0.361
0482,2008,0.366
0482,2009,0.372
0482,2010,0.372
0482,2011,0.385
0482,2012,0.371
0482,2013,0.384
0482,2014,0.402
0482,2015,0.394
0482,2016,0.397
0482,2017,0.405
0482,2018,0.408
0482,2019,0.405
0482,2020,0.389
0482,2021,0.409
0483,2005,0.371
0483,2006,0.365
0483,2007,0.376
0483,2008,0.389
0483,2009,0.392
0483,2010,0.393
0483,2011,0.402
0483,2012,0.397
0483,2013,0.406
0483,2014,0.412
0483,2015,0.407
0483,2016,0.411
0483,2017,0.413
0483,2018,0.426
0483,2019,0.426
0483,2020,0.388
0483,2021,0.413
0484,2005,0.367
0484,2006,0.366
0484,2007,0.373
0484,2008,0.39
0484,2009,0.392
0484,2010,0.397
0484,2011,0.411
0484,2012,0.401
0484,2013,0.411
0484,2014,0.413
0484,2015,0.406
0484,2016,0.403
0484,2017,0.402
0484,2018,0.412
0484,2019,0.413
0484,2020,0.386
0484,2021,0.408
0486,2005,0.313
0486,2006,0.308
0486,2007,0.314
0486,2008,0.336
0486,2009,0.35
0486,2010,0.363
0486,2011,0.367
0486,2012,0.361
0486,2013,0.376
0486,2014,0.383
0486,2015,0.375
0486,2016,0.38
0486,2017,0.382
0486,2018,0.384
0486,2019,0.386
0486,2020,0.371
0486,2021,0.393
0488,2005,0.325
0488,2006,0.328
0488,2007,0.334
0488,2008,0.372
0488,2009,0.373
0488,2010,0.396
0488,2011,0.396
0488,2012,0.406
0488,2013,0.405
0488,2014,0.409
0488,2015,0.399
0488,2016,0.413
0488,2017,0.413
0488,2018,0.4
0488,2019,0.408
0488,2020,0.378
0488,2021,0.378
0509,2005,0.335
0509,2006,0.338
0509,2007,0.33
0509,2008,0.339
0509,2009,0.349
0509,2010,0.359
0509,2011,0.352
0509,2012,0.384
0509,2013,0.383
0509,2014,0.366
0509,2015,0.375
0509,2016,0.379
0509,2017,0.38
0509,2018,0.397
0509,2019,0.41
0509,2020,0.385
0509,2021,0.403
0512,2005,0.314
0512,2006,0.331
0512,2007,0.36
0512,2008,0.35
0512,2009,0.337
0512,2010,0.346
0512,2011,0.374
0512,2012,0.371
0512,2013,0.38
0512,2014,0.382
0512,2015,0.397
0512,2016,0.383
0512,2017,0.392
0512,2018,0.397
0512,2019,0.407
0512,2020,0.395
0512,2021,0.405
0513,2005,0.338
0513,2006,0.344
0513,2007,0.339
0513,2008,0.33
0513,2009,0.337
0513,2010,0.345
0513,2011,0.354
0513,2012,0.368
0513,2013,0.367
0513,2014,0.374
0513,2015,0.395
0513,2016,0.4
0513,2017,0.378
0513,2018,0.388
0513,2019,0.393
0513,2020,0.378
0513,2021,0.401
0560,2005,0.336
0560,2006,0.348
0560,2007,0.353
0560,2008,0.346
0560,2009,0.383
0560,2010,0.38
0560,2011,0.377
0560,2012,0.395
0560,2013,0.39
0560,2014,0.385
0560,2015,0.393
0560,2016,0.399
0560,2017,0.393
0560,2018,0.387
0560,2019,0.398
0560,2020,0.37
0560,2021,0.382
0561,2005,0.329
0561,2006,0.338
0561,2007,0.33
0561,2008,0.323
0561,2009,0.333
0561,2010,0.34
0561,2011,0.339
0561,2012,0.35
0561,2013,0.352
0561,2014,0.357
0561,2015,0.366
0561,2016,0.366
0561,2017,0.368
0561,2018,0.376
0561,2019,0.391
0561,2020,0.362
0561,2021,0.385
0562,2005,0.282
0562,2006,0.311
0562,2007,0.304
0562,2008,0.597
0562,2009,0.32
0562,2010,0.331
0562,2011,0.342
0562,2012,0.341
0562,2013,0.374
0562,2014,0.357
0562,2015,0.363
0562,2016,0.363
0562,2017,0.363
0562,2018,0.37
0562,2019,0.384
0562,2020,0.362
0562,2021,0.372
0563,2005,0.299
0563,2006,0.294
0563,2007,0.29
0563,2008,0.336
0563,2009,0.327
0563,2010,0.342
0563,2011,0.356
0563,2012,0.364
0563,2013,0.38
0563,2014,0.358
0563,2015,0.361
0563,2016,0.362
0563,2017,0.358
0563,2018,0.363
0563,2019,0.369
0563,2020,0.348
0563,2021,0.361
0580,2005,0.373
0580,2006,0.37
0580,2007,0.367
0580,2008,0.359
0580,2009,0.362
0580,2010,0.368
0580,2011,0.37
0580,2012,0.379
0580,2013,0.389
0580,2014,0.379
0580,2015,0.386
0580,2016,0.38
0580,2017,0.38
0580,2018,0.386
0580,2019,0.393
0580,2020,0.373
0580,2021,0.388
0581,2005,0.331
0581,2006,0.294
0581,2007,0.302
0581,2008,0.348
0581,2009,0.348
0581,2010,0.362
0581,2011,0.373
0581,2012,0.377
0581,2013,0.409
0581,2014,0.375
0581,2015,0.374
0581,2016,0.373
0581,2017,0.376
0581,2018,0.378
0581,2019,0.383
0581,2020,0.365
0581,2021,0.379
0582,2005,0.299
0582,2006,0.276
0582,2007,0.274
0582,2008,0.319
0582,2009,0.321
0582,2010,0.34
0582,2011,0.357
0582,2012,0.369
0582,2013,0.396
0582,2014,0.365
0582,2015,0.371
0582,2016,0.38
0582,2017,0.383
0582,2018,0.387
0582,2019,0.384
0582,2020,0.373
0582,2021,0.373
0583,2005,0.372
0583,2006,0.384
0583,2007,0.379
0583,2008,0.381
0583,2009,0.389
0583,2010,0.407
0583,2011,0.406
0583,2012,0.414
0583,2013,0.417
0583,2014,0.414
0583,2015,0.418
0583,2016,0.418
0583,2017,0.413
0583,2018,0.422
0583,2019,0.428
0583,2020,0.403
0583,2021,0.427
0584,2005,0.336
0584,2006,0.334
0584,2007,0.334
0584,2008,0.342
0584,2009,0.369
0584,2010,0.373
0584,2011,0.387
0584,2012,0.387
0584,2013,0.404
0584,2014,0.403
0584,2015,0.416
0584,2016,0.408
0584,2017,0.416
0584,2018,0.422
0584,2019,0.431
0584,2020,0.413
0584,2021,0.429
0586,2005,0.363
0586,2006,0.37
0586,2007,0.381
0586,2008,0.369
0586,2009,0.378
0586,2010,0.383
0586,2011,0.386
0586,2012,0.394
0586,2013,0.397
0586,2014,0.391
0586,2015,0.398
0586,2016,0.397
0586,2017,0.393
0586,2018,0.4
0586,2019,0.401
0586,2020,0.383
0586,2021,0.404
0604,2005,0.311
0604,2006,0.33
0604,2007,0.332
0604,2008,0.355
0604,2009,0.344
0604,2010,0.338
0604,2011,0.36
0604,2012,0.401
0604,2013,0.386
0604,2014,0.394
0604,2015,0.398
0604,2016,0.407
0604,2017,0.413
0604,2018,0.425
0604,2019,0.418
0604,2020,0.386
0604,2021,0.398
0617,2005,0.326
0617,2006,0.324
0617,2007,0.336
0617,2008,0.348
0617,2009,0.34
0617,2010,0.34
0617,2011,0.371
0617,2012,0.374
0617,2013,0.383
0617,2014,0.391
0617,2015,0.371
0617,2016,0.37
0617,2017,0.382
0617,2018,0.389
0617,2019,0.388
0617,2020,0.375
0617,2021,0.394
0642,2005,0.299
0642,2006,0.315
0642,2007,0.306
0642,2008,0.32
0642,2009,0.328
0642,2010,0.322
0642,2011,0.349
0642,2012,0.386
0642,2013,0.389
0642,2014,0.399
0642,2015,0.393
0642,2016,0.39
0642,2017,0.388
0642,2018,0.405
0642,2019,0.41
0642,2020,0.387
0642,2021,0.399
0643,2005,0.292
0643,2006,0.302
0643,2007,0.311
0643,2008,0.314
0643,2009,0.322
0643,2010,0.33
0643,2011,0.347
0643,2012,0.387
0643,2013,0.374
0643,2014,0.381
0643,2015,0.376
0643,2016,0.379
0643,2017,0.382
0643,2018,0.387
0643,2019,0.383
0643,2020,0.377
0643,2021,0.4
0662,2005,0.332
0662,2006,0.336
0662,2007,0.339
0662,2008,0.371
0662,2009,0.337
0662,2010,0.333
0662,2011,0.348
0662,2012,0.384
0662,2013,0.388
0662,2014,0.4
0662,2015,0.389
0662,2016,0.37
0662,2017,0.389
0662,2018,0.394
0662,2019,0.396
0662,2020,0.383
0662,2021,0.396
0665,2005,0.353
0665,2006,0.347
0665,2007,0.356
0665,2008,0.35
0665,2009,0.349
0665,2010,0.351
0665,2011,0.357
0665,2012,0.384
0665,2013,0.394
0665,2014,0.404
0665,2015,0.389
0665,2016,0.385
0665,2017,0.398
0665,2018,0.399
0665,2019,0.4
0665,2020,0.384
0665,2021,0.406
0680,2005,0.343
0680,2006,0.345
0680,2007,0.339
0680,2008,0.342
0680,2009,0.343
0680,2010,0.349
0680,2011,0.375
0680,2012,0.412
0680,2013,0.41
0680,2014,0.413
0680,2015,0.394
0680,2016,0.383
0680,2017,0.387
0680,2018,0.4
0680,2019,0.393
0680,2020,0.377
0680,2021,0.392
0682,2005,0.343
0682,2006,0.351
0682,2007,0.368
0682,2008,0.381
0682,2009,0.359
0682,2010,0.345
0682,2011,0.372
0682,2012,0.421
0682,2013,0.418
0682,2014,0.41
0682,2015,0.404
0682,2016,0.405
0682,2017,0.414
0682,2018,0.407
0682,2019,0.408
0682,2020,0.399
0682,2021,0.414
0683,2005,0.392
0683,2006,0.393
0683,2007,0.39
0683,2008,0.394
0683,2009,0.394
0683,2010,0.387
0683,2011,0.401
0683,2012,0.415
0683,2013,0.423
0683,2014,0.433
0683,2015,0.414
0683,2016,0.414
0683,2017,0.426
0683,2018,0.427
0683,2019,0.428
0683,2020,0.409
0683,2021,0.424
0684,2005,0.325
0684,2006,0.337
0684,2007,0.341
0684,2008,0.333
0684,2009,0.33
0684,2010,0.322
0684,2011,0.345
0684,2012,0.366
0684,2013,0.374
0684,2014,0.375
0684,2015,0.374
0684,2016,0.361
0684,2017,0.372
0684,2018,0.396
0684,2019,0.402
0684,2020,0.396
0684,2021,0.416
0685,2005,0.348
0685,2006,0.351
0685,2007,0.359
0685,2008,0.359
0685,2009,0.361
0685,2010,0.349
0685,2011,0.365
0685,2012,0.395
0685,2013,0.394
0685,2014,0.398
0685,2015,0.39
0685,2016,0.393
0685,2017,0.407
0685,2018,0.411
0685,2019,0.405
0685,2020,0.397
0685,2021,0.406
0686,2005,0.372
0686,2006,0.375
0686,2007,0.385
0686,2008,0.39
0686,2009,0.38
0686,2010,0.371
0686,2011,0.387
0686,2012,0.423
0686,2013,0.417
0686,2014,0.421
0686,2015,0.409
0686,2016,0.402
0686,2017,0.421
0686,2018,0.433
0686,2019,0.428
0686,2020,0.429
0686,2021,0.437
0687,2005,0.302
0687,2006,0.309
0687,2007,0.317
0687,2008,0.321
0687,2009,0.32
0687,2010,0.318
0687,2011,0.334
0687,2012,0.371
0687,2013,0.365
0687,2014,0.373
0687,2015,0.359
0687,2016,0.353
0687,2017,0.368
0687,2018,0.376
0687,2019,0.382
0687,2020,0.371
0687,2021,0.383
0760,2005,0.349
0760,2006,0.347
0760,2007,0.356
0760,2008,0.369
0760,2009,0.38
0760,2010,0.354
0760,2011,0.384
0760,2012,0.389
0760,2013,0.378
0760,2014,0.385
0760,2015,0.375
0760,2016,0.368
0760,2017,0.37
0760,2018,0.368
0760,2019,0.378
0760,2020,0.345
0760,2021,0.354
0761,2005,0.358
0761,2006,0.347
0761,2007,0.36
0761,2008,0.399
0761,2009,0.401
0761,2010,0.368
0761,2011,0.404
0761,2012,0.427
0761,2013,0.386
0761,2014,0.372
0761,2015,0.377
0761,2016,0.358
0761,2017,0.378
0761,2018,0.381
0761,2019,0.382
0761,2020,0.354
0761,2021,0.355
0763,2005,0.342
0763,2006,0.337
0763,2007,0.337
0763,2008,0.379
0763,2009,0.384
0763,2010,0.353
0763,2011,0.373
0763,2012,0.397
0763,2013,0.369
0763,2014,0.378
0763,2015,0.374
0763,2016,0.35
0763,2017,0.372
0763,2018,0.366
0763,2019,0.384
0763,2020,0.352
0763,2021,0.362
0764,2005,0.338
0764,2006,0.336
0764,2007,0.346
0764,2008,0.389
0764,2009,0.392
0764,2010,0.367
0764,2011,0.4
0764,2012,0.414
0764,2013,0.393
0764,2014,0.389
0764,2015,0.381
0764,2016,0.365
0764,2017,0.376
0764,2018,0.375
0764,2019,0.391
0764,2020,0.359
0764,2021,0.362
0765,2005,0.371
0765,2006,0.326
0765,2007,0.318
0765,2008,0.34
0765,2009,0.351
0765,2010,0.343
0765,2011,0.366
0765,2012,0.372
0765,2013,0.375
0765,2014,0.375
0765,2015,0.374
0765,2016,0.359
0765,2017,0.363
0765,2018,0.364
0765,2019,0.378
0765,2020,0.348
0765,2021,0.352
0767,2005,0.404
0767,2006,0.362
0767,2007,0.354
0767,2008,0.381
0767,2009,0.384
0767,2010,0.386
0767,2011,0.385
0767,2012,0.381
0767,2013,0.38
0767,2014,0.374
0767,2015,0.371
0767,2016,0.367
0767,2017,0.375
0767,2018,0.373
0767,2019,0.375
0767,2020,0.353
0767,2021,0.359
0780,2005,0.347
0780,2006,0.348
0780,2007,0.351
0780,2008,0.412
0780,2009,0.407
0780,2010,0.359
0780,2011,0.41
0780,2012,0.429
0780,2013,0.406
0780,2014,0.392
0780,2015,0.389
0780,2016,0.377
0780,2017,0.379
0780,2018,0.38
0780,2019,0.392
0780,2020,0.368
0780,2021,0.369
0781,2005,0.483
0781,2006,0.433
0781,2007,0.405
0781,2008,0.418
0781,2009,0.427
0781,2010,0.42
0781,2011,0.434
0781,2012,0.427
0781,2013,0.417
0781,2014,0.409
0781,2015,0.407
0781,2016,0.406
0781,2017,0.406
0781,2018,0.409
0781,2019,0.424
0781,2020,0.393
0781,2021,0.404
0821,2005,0.346
0821,2006,0.366
0821,2007,0.35
0821,2008,0.365
0821,2009,0.347
0821,2010,0.358
0821,2011,0.376
0821,2012,0.385
0821,2013,0.427
0821,2014,0.449
0821,2015,0.434
0821,2016,0.419
0821,2017,0.424
0821,2018,0.448
0821,2019,0.428
0821,2020,0.403
0821,2021,0.399
0834,2005,0.357
0834,2006,0.359
0834,2007,0.365
0834,2008,0.345
0834,2009,0.353
0834,2010,0.365
0834,2011,0.374
0834,2012,0.381
0834,2013,0.385
0834,2014,0.405
0834,2015,0.412
0834,2016,0.404
0834,2017,0.404
0834,2018,0.41
0834,2019,0.422
0834,2020,0.396
0834,2021,0.409
0840,2005,0.358
0840,2006,0.349
0840,2007,0.358
0840,2008,0.374
0840,2009,0.373
0840,2010,0.388
0840,2011,0.389
0840,2012,0.39
0840,2013,0.388
0840,2014,0.392
0840,2015,0.386
0840,2016,0.394
0840,2017,0.402
0840,2018,0.401
0840,2019,0.403
0840,2020,0.37
0840,2021,0.386
0860,2005,0.242
0860,2006,0.364
0860,2007,0.368
0860,2008,0.379
0860,2009,0.378
0860,2010,0.375
0860,2011,0.381
0860,2012,0.393
0860,2013,0.399
0860,2014,0.406
0860,2015,0.413
0860,2016,0.403
0860,2017,0.418
0860,2018,0.43
0860,2019,0.438
0860,2020,0.413
0860,2021,0.409
0861,2005,0.35
0861,2006,0.363
0861,2007,0.38
0861,2008,0.381
0861,2009,0.399
0861,2010,0.402
0861,2011,0.404
0861,2012,0.419
0861,2013,0.442
0861,2014,0.438
0861,2015,0.443
0861,2016,0.445
0861,2017,0.444
0861,2018,0.444
0861,2019,0.46
0861,2020,0.423
0861,2021,0.437
0862,2005,0.349
0862,2006,0.329
0862,2007,0.339
0862,2008,0.351
0862,2009,0.351
0862,2010,0.346
0862,2011,0.369
0862,2012,0.365
0862,2013,0.382
0862,2014,0.385
0862,2015,0.379
0862,2016,0.378
0862,2017,0.374
0862,2018,0.376
0862,2019,0.374
0862,2020,0.347
0862,2021,0.369
0880,2005,0.378
0880,2006,0.371
0880,2007,0.392
0880,2008,0.388
0880,2009,0.398
0880,2010,0.406
0880,2011,0.41
0880,2012,0.416
0880,2013,0.411
0880,2014,0.419
0880,2015,0.42
0880,2016,0.43
0880,2017,0.422
0880,2018,0.419
0880,2019,0.43
0880,2020,0.402
0880,2021,0.408
0881,2005,0.367
0881,2006,0.359
0881,2007,0.373
0881,2008,0.385
0881,2009,0.388
0881,2010,0.401
0881,2011,0.399
0881,2012,0.408
0881,2013,0.407
0881,2014,0.403
0881,2015,0.404
0881,2016,0.407
0881,2017,0.412
0881,2018,0.412
0881,2019,0.416
0881,2020,0.386
0881,2021,0.393
0882,2005,0.343
0882,2006,0.391
0882,2007,0.381
0882,2008,0.386
0882,2009,0.385
0882,2010,0.379
0882,2011,0.399
0882,2012,0.403
0882,2013,0.452
0882,2014,0.47
0882,2015,0.464
0882,2016,0.453
0882,2017,0.455
0882,2018,0.464
0882,2019,0.458
0882,2020,0.43
0882,2021,0.439
0883,2005,0.17
0883,2006,0.427
0883,2007,0.417
0883,2008,0.425
0883,2009,0.427
0883,2010,0.431
0883,2011,0.446
0883,2012,0.455
0883,2013,0.452
0883,2014,0.458
0883,2015,0.464
0883,2016,0.456
0883,2017,0.459
0883,2018,0.454
0883,2019,0.459
0883,2020,0.437
0883,2021,0.458
0884,2005,0.207
0884,2006,0.358
0884,2007,0.366
0884,2008,0.366
0884,2009,0.36
0884,2010,0.362
0884,2011,0.383
0884,2012,0.402
0884,2013,0.397
0884,2014,0.395
0884,2015,0.393
0884,2016,0.398
0884,2017,0.394
0884,2018,0.397
0884,2019,0.417
0884,2020,0.399
0884,2021,0.414
0885,2005,0.343
0885,2006,0.337
0885,2007,0.353
0885,2008,0.358
0885,2009,0.372
0885,2010,0.382
0885,2011,0.389
0885,2012,0.402
0885,2013,0.402
0885,2014,0.404
0885,2015,0.39
0885,2016,0.395
0885,2017,0.407
0885,2018,0.401
0885,2019,0.422
0885,2020,0.397
0885,2021,0.402
0980,2005,0.4
0980,2006,0.399
0980,2007,0.415
0980,2008,0.416
0980,2009,0.454
0980,2010,0.437
0980,2011,0.467
0980,2012,0.475
0980,2013,0.484
0980,2014,0.488
0980,2015,0.476
0980,2016,0.47
0980,2017,0.479
0980,2018,0.481
0980,2019,0.492
0980,2020,0.484
0980,2021,0.477
1060,2005,0.337
1060,2006,0.337
1060,2007,0.326
1060,2008,0.366
1060,2009,0.363
1060,2010,0.362
1060,2011,0.378
1060,2012,0.38
1060,2013,0.369
1060,2014,0.364
1060,2015,0.368
1060,2016,0.368
1060,2017,0.367
1060,2018,0.373
1060,2019,0.379
1060,2020,0.362
1060,2021,0.362
1080,2005,0.448
1080,2006,0.451
1080,2007,0.439
1080,2008,0.423
1080,2009,0.41
1080,2010,0.389
1080,2011,0.403
1080,2012,0.408
1080,2013,0.403
1080,2014,0.408
1080,2015,0.396
1080,2016,0.405
1080,2017,0.407
1080,2018,0.399
1080,2019,0.399
1080,2020,0.378
1080,2021,0.392
1081,2005,0.389
1081,2006,0.393
1081,2007,0.385
1081,2008,0.398
1081,2009,0.393
1081,2010,0.384
1081,2011,0.408
1081,2012,0.402
1081,2013,0.401
1081,2014,0.404
1081,2015,0.387
1081,2016,0.396
1081,2017,0.401
1081,2018,0.397
1081,2019,0.406
1081,2020,0.38
1081,2021,0.389
1082,2005,0.39
1082,2006,0.389
1082,2007,0.369
1082,2008,0.412
1082,2009,0.419
1082,2010,0.41
1082,2011,0.421
1082,2012,0.423
1082,2013,0.417
1082,2014,0.412
1082,2015,0.412
1082,2016,0.404
1082,2017,0.404
1082,2018,0.389
1082,2019,0.399
1082,2020,0.377
1082,2021,0.386
1083,2005,0.361
1083,2006,0.361
1083,2007,0.357
1083,2008,0.386
1083,2009,0.395
1083,2010,0.384
1083,2011,0.396
1083,2012,0.402
1083,2013,0.408
1083,2014,0.405
1083,2015,0.406
1083,2016,0.405
1083,2017,0.394
1083,2018,0.39
1083,2019,0.4
1083,2020,0.374
1083,2021,0.384
1214,2005,0.358
1214,2006,0.364
1214,2007,0.363
1214,2008,0.374
1214,2009,0.376
1214,2010,0.388
1214,2011,0.434
1214,2012,0.432
1214,2013,0.427
1214,2014,0.44
1214,2015,0.414
1214,2016,0.408
1214,2017,0.4
1214,2018,0.376
1214,2019,0.377
1214,2020,0.372
1214,2021,0.391
1230,2005,0.366
1230,2006,0.374
1230,2007,0.408
1230,2008,0.377
1230,2009,0.402
1230,2010,0.409
1230,2011,0.449
1230,2012,0.437
1230,2013,0.422
1230,2014,0.427
1230,2015,0.395
1230,2016,0.399
1230,2017,0.391
1230,2018,0.377
1230,2019,0.358
1230,2020,0.343
1230,2021,0.367
1231,2005,0.397
1231,2006,0.409
1231,2007,0.411
1231,2008,0.408
1231,2009,0.419
1231,2010,0.424
1231,2011,0.436
1231,2012,0.429
1231,2013,0.42
1231,2014,0.411
1231,2015,0.382
1231,2016,0.384
1231,2017,0.387
1231,2018,0.368
1231,2019,0.365
1231,2020,0.347
1231,2021,0.357
1233,2005,0.368
1233,2006,0.383
1233,2007,0.384
1233,2008,0.387
1233,2009,0.377
1233,2010,0.368
1233,2011,0.424
1233,2012,0.431
1233,2013,0.407
1233,2014,0.416
1233,2015,0.39
1233,2016,0.387
1233,2017,0.401
1233,2018,0.389
1233,2019,0.389
1233,2020,0.365
1233,2021,0.374
1256,2005,0.383
1256,2006,0.379
1256,2007,0.391
1256,2008,0.384
1256,2009,0.393
1256,2010,0.406
1256,2011,0.413
1256,2012,0.414
1256,2013,0.423
1256,2014,0.421
1256,2015,0.412
1256,2016,0.4
1256,2017,0.402
1256,2018,0.408
1256,2019,0.411
1256,2020,0.387
1256,2021,0.404
1257,2005,0.374
1257,2006,0.38
1257,2007,0.372
1257,2008,0.372
1257,2009,0.364
1257,2010,0.378
1257,2011,0.387
1257,2012,0.383
1257,2013,0.403
1257,2014,0.416
1257,2015,0.401
1257,2016,0.389
1257,2017,0.378
1257,2018,0.374
1257,2019,0.373
1257,2020,0.362
1257,2021,0.358
1260,2005,0.348
1260,2006,0.365
1260,2007,0.369
1260,2008,0.393
1260,2009,0.406
1260,2010,0.391
1260,2011,0.413
1260,2012,0.413
1260,2013,0.423
1260,2014,0.423
1260,2015,0.401
1260,2016,0.407
1260,2017,0.394
1260,2018,0.391
1260,2019,0.381
1260,2020,0.365
1260,2021,0.37
1261,2005,0.369
1261,2006,0.374
1261,2007,0.4
1261,2008,0.378
1261,2009,0.39
1261,2010,0.397
1261,2011,0.446
1261,2012,0.447
1261,2013,0.437
1261,2014,0.44
1261,2015,0.405
1261,2016,0.408
1261,2017,0.408
1261,2018,0.377
1261,2019,0.365
1261,2020,0.359
1261,2021,0.378
1262,2005,0.361
1262,2006,0.37
1262,2007,0.402
1262,2008,0.376
1262,2009,0.398
1262,2010,0.401
1262,2011,0.434
1262,2012,0.429
1262,2013,0.402
1262,2014,0.419
1262,2015,0.388
1262,2016,0.379
1262,2017,0.388
1262,2018,0.373
1262,2019,0.354
1262,2020,0.354
1262,2021,0.369
1263,2005,0.392
1263,2006,0.398
1263,2007,0.41
1263,2008,0.398
1263,2009,0.388
1263,2010,0.39
1263,2011,0.413
1263,2012,0.42
1263,2013,0.409
1263,2014,0.417
1263,2015,0.395
1263,2016,0.379
1263,2017,0.389
1263,2018,0.381
1263,2019,0.384
1263,2020,0.359
1263,2021,0.366
1264,2005,0.397
1264,2006,0.391
1264,2007,0.393
1264,2008,0.397
1264,2009,0.403
1264,2010,0.413
1264,2011,0.429
1264,2012,0.424
1264,2013,0.431
1264,2014,0.431
1264,2015,0.418
1264,2016,0.42
1264,2017,0.413
1264,2018,0.408
1264,2019,0.4
1264,2020,0.381
1264,2021,0.4
1265,2005,0.384
1265,2006,0.386
1265,2007,0.39
1265,2008,0.399
1265,2009,0.4
1265,2010,0.418
1265,2011,0.426
1265,2012,0.423
1265,2013,0.422
1265,2014,0.412
1265,2015,0.414
1265,2016,0.42
1265,2017,0.411
1265,2018,0.408
1265,2019,0.406
1265,2020,0.385
1265,2021,0.402
1266,2005,0.335
1266,2006,0.345
1266,2007,0.359
1266,2008,0.351
1266,2009,0.355
1266,2010,0.362
1266,2011,0.471
1266,2012,0.477
1266,2013,0.468
1266,2014,0.468
1266,2015,0.427
1266,2016,0.427
1266,2017,0.423
1266,2018,0.376
1266,2019,0.376
1266,2020,0.395
1266,2021,0.416
1267,2005,0.322
1267,2006,0.336
1267,2007,0.333
1267,2008,0.329
1267,2009,0.342
1267,2010,0.358
1267,2011,0.475
1267,2012,0.488
1267,2013,0.478
1267,2014,0.48
1267,2015,0.439
1267,2016,0.427
1267,2017,0.423
1267,2018,0.364
1267,2019,0.358
1267,2020,0.395
1267,2021,0.412
1270,2005,0.424
1270,2006,0.439
1270,2007,0.452
1270,2008,0.456
1270,2009,0.457
1270,2010,0.452
1270,2011,0.462
1270,2012,0.462
1270,2013,0.463
1270,2014,0.46
1270,2015,0.451
1270,2016,0.453
1270,2017,0.445
1270,2018,0.446
1270,2019,0.448
1270,2020,0.428
1270,2021,0.445
1272,2005,0.362
1272,2006,0.365
1272,2007,0.369
1272,2008,0.381
1272,2009,0.391
1272,2010,0.398
1272,2011,0.403
1272,2012,0.413
1272,2013,0.419
1272,2014,0.435
1272,2015,0.422
1272,2016,0.411
1272,2017,0.404
1272,2018,0.404
1272,2019,0.418
1272,2020,0.382
1272,2021,0.389
1273,2005,0.361
1273,2006,0.354
1273,2007,0.363
1273,2008,0.363
1273,2009,0.389
1273,2010,0.394
1273,2011,0.416
1273,2012,0.423
1273,2013,0.434
1273,2014,0.433
1273,2015,0.422
1273,2016,0.422
1273,2017,0.415
1273,2018,0.405
1273,2019,0.408
1273,2020,0.384
1273,2021,0.385
1275,2005,0.395
1275,2006,0.388
1275,2007,0.383
1275,2008,0.381
1275,2009,0.376
1275,2010,0.407
1275,2011,0.414
1275,2012,0.43
1275,2013,0.43
1275,2014,0.433
1275,2015,0.41
1275,2016,0.404
1275,2017,0.4
1275,2018,0.385
1275,2019,0.393
1275,2020,0.377
1275,2021,0.374
1276,2005,0.373
1276,2006,0.375
1276,2007,0.375
1276,2008,0.381
1276,2009,0.388
1276,2010,0.403
1276,2011,0.408
1276,2012,0.407
1276,2013,0.425
1276,2014,0.434
1276,2015,0.412
1276,2016,0.4
1276,2017,0.393
1276,2018,0.392
1276,2019,0.385
1276,2020,0.365
1276,2021,0.372
1277,2005,0.361
1277,2006,0.367
1277,2007,0.37
1277,2008,0.38
1277,2009,0.392
1277,2010,0.4
1277,2011,0.406
1277,2012,0.408
1277,2013,0.414
1277,2014,0.432
1277,2015,0.414
1277,2016,0.4
1277,2017,0.386
1277,2018,0.387
1277,2019,0.379
1277,2020,0.353
1277,2021,0.352
1278,2005,0.388
1278,2006,0.396
1278,2007,0.385
1278,2008,0.382
1278,2009,0.399
1278,2010,0.407
1278,2011,0.41
1278,2012,0.404
1278,2013,0.435
1278,2014,0.436
1278,2015,0.4
1278,2016,0.402
1278,2017,0.394
1278,2018,0.388
1278,2019,0.386
1278,2020,0.376
1278,2021,0.364
1280,2005,0.341
1280,2006,0.345
1280,2007,0.351
1280,2008,0.357
1280,2009,0.349
1280,2010,0.362
1280,2011,0.389
1280,2012,0.393
1280,2013,0.383
1280,2014,0.389
1280,2015,0.358
1280,2016,0.349
1280,2017,0.352
1280,2018,0.341
1280,2019,0.334
1280,2020,0.32
1280,2021,0.331
1281,2005,0.369
1281,2006,0.374
1281,2007,0.394
1281,2008,0.368
1281,2009,0.401
1281,2010,0.396
1281,2011,0.424
1281,2012,0.41
1281,2013,0.405
1281,2014,0.406
1281,2015,0.378
1281,2016,0.381
1281,2017,0.378
1281,2018,0.358
1281,2019,0.345
1281,2020,0.334
1281,2021,0.357
1282,2005,0.406
1282,2006,0.412
1282,2007,0.41
1282,2008,0.409
1282,2009,0.406
1282,2010,0.411
1282,2011,0.435
1282,2012,0.437
1282,2013,0.435
1282,2014,0.466
1282,2015,0.429
1282,2016,0.432
1282,2017,0.423
1282,2018,0.411
1282,2019,0.405
1282,2020,0.401
1282,2021,0.418
1283,2005,0.348
1283,2006,0.358
1283,2007,0.37
1283,2008,0.406
1283,2009,0.424
1283,2010,0.4
1283,2011,0.42
1283,2012,0.425
1283,2013,0.419
1283,2014,0.434
1283,2015,0.41
1283,2016,0.402
1283,2017,0.387
1283,2018,0.383
1283,2019,0.376
1283,2020,0.369
1283,2021,0.371
1284,2005,0.332
1284,2006,0.35
1284,2007,0.359
1284,2008,0.37
1284,2009,0.372
1284,2010,0.387
1284,2011,0.408
1284,2012,0.42
1284,2013,0.411
1284,2014,0.42
1284,2015,0.406
1284,2016,0.4
1284,2017,0.387
1284,2018,0.384
1284,2019,0.374
1284,2020,0.373
1284,2021,0.378
1285,2005,0.32
1285,2006,0.332
1285,2007,0.337
1285,2008,0.334
1285,2009,0.341
1285,2010,0.35
1285,2011,0.478
1285,2012,0.479
1285,2013,0.465
1285,2014,0.482
1285,2015,0.432
1285,2016,0.426
1285,2017,0.418
1285,2018,0.357
1285,2019,0.348
1285,2020,0.389
1285,2021,0.414
1286,2005,0.438
1286,2006,0.433
1286,2007,0.434
1286,2008,0.448
1286,2009,0.453
1286,2010,0.463
1286,2011,0.47
1286,2012,0.465
1286,2013,0.471
1286,2014,0.471
1286,2015,0.456
1286,2016,0.454
1286,2017,0.453
1286,2018,0.445
1286,2019,0.441
1286,2020,0.41
1286,2021,0.444
1287,2005,0.442
1287,2006,0.452
1287,2007,0.453
1287,2008,0.447
1287,2009,0.443
1287,2010,0.416
1287,2011,0.441
1287,2012,0.449
1287,2013,0.444
1287,2014,0.445
1287,2015,0.436
1287,2016,0.436
1287,2017,0.443
1287,2018,0.429
1287,2019,0.428
1287,2020,0.405
1287,2021,0.413
1290,2005,0.377
1290,2006,0.382
1290,2007,0.379
1290,2008,0.385
1290,2009,0.397
1290,2010,0.397
1290,2011,0.422
1290,2012,0.427
1290,2013,0.426
1290,2014,0.446
1290,2015,0.434
1290,2016,0.42
1290,2017,0.418
1290,2018,0.42
1290,2019,0.415
1290,2020,0.402
1290,2021,0.409
1291,2005,0.45
1291,2006,0.494
1291,2007,0.535
1291,2008,0.541
1291,2009,0.514
1291,2010,0.494
1291,2011,0.504
1291,2012,0.514
1291,2013,0.525
1291,2014,0.516
1291,2015,0.493
1291,2016,0.491
1291,2017,0.496
1291,2018,0.489
1291,2019,0.492
1291,2020,0.469
1291,2021,0.49
1292,2005,0.402
1292,2006,0.401
1292,2007,0.4
1292,2008,0.407
1292,2009,0.419
1292,2010,0.438
1292,2011,0.434
1292,2012,0.419
1292,2013,0.441
1292,2014,0.44
1292,2015,0.411
1292,2016,0.412
1292,2017,0.396
1292,2018,0.397
1292,2019,0.391
1292,2020,0.374
1292,2021,0.37
1293,2005,0.391
1293,2006,0.387
1293,2007,0.386
1293,2008,0.381
1293,2009,0.388
1293,2010,0.417
1293,2011,0.44
1293,2012,0.448
1293,2013,0.449
1293,2014,0.432
1293,2015,0.435
1293,2016,0.425
1293,2017,0.421
1293,2018,0.421
1293,2019,0.424
1293,2020,0.396
1293,2021,0.4
1315,2005,0.331
1315,2006,0.344
1315,2007,0.338
1315,2008,0.325
1315,2009,0.339
1315,2010,0.306
1315,2011,0.335
1315,2012,0.357
1315,2013,0.348
1315,2014,0.336
1315,2015,0.333
1315,2016,0.337
1315,2017,0.339
1315,2018,0.356
1315,2019,0.349
1315,2020,0.328
1315,2021,0.336
1380,2005,0.418
1380,2006,0.417
1380,2007,0.413
1380,2008,0.405
1380,2009,0.423
1380,2010,0.366
1380,2011,0.388
1380,2012,0.399
1380,2013,0.399
1380,2014,0.393
1380,2015,0.388
1380,2016,0.388
1380,2017,0.389
1380,2018,0.395
1380,2019,0.408
1380,2020,0.375
1380,2021,0.386
1381,2005,0.377
1381,2006,0.394
1381,2007,0.383
1381,2008,0.381
1381,2009,0.388
1381,2010,0.352
1381,2011,0.373
1381,2012,0.399
1381,2013,0.394
1381,2014,0.383
1381,2015,0.372
1381,2016,0.379
1381,2017,0.381
1381,2018,0.378
1381,2019,0.376
1381,2020,0.346
1381,2021,0.354
1382,2005,0.405
1382,2006,0.413
1382,2007,0.398
1382,2008,0.393
1382,2009,0.399
1382,2010,0.366
1382,2011,0.374
1382,2012,0.375
1382,2013,0.37
1382,2014,0.37
1382,2015,0.37
1382,2016,0.38
1382,2017,0.38
1382,2018,0.391
1382,2019,0.398
1382,2020,0.367
1382,2021,0.398
1383,2005,0.428
1383,2006,0.436
1383,2007,0.422
1383,2008,0.416
1383,2009,0.425
1383,2010,0.407
1383,2011,0.424
1383,2012,0.432
1383,2013,0.428
1383,2014,0.416
1383,2015,0.416
1383,2016,0.42
1383,2017,0.421
1383,2018,0.436
1383,2019,0.434
1383,2020,0.414
1383,2021,0.423
1384,2005,0.409
1384,2006,0.431
1384,2007,0.401
1384,2008,0.407
1384,2009,0.404
1384,2010,0.398
1384,2011,0.409
1384,2012,0.412
1384,2013,0.411
1384,2014,0.424
1384,2015,0.379
1384,2016,0.381
1384,2017,0.374
1384,2018,0.38
1384,2019,0.393
1384,2020,0.375
1384,2021,0.383
1401,2005,0.336
1401,2006,0.39
1401,2007,0.342
1401,2008,0.352
1401,2009,0.342
1401,2010,0.342
1401,2011,0.361
1401,2012,0.359
1401,2013,0.354
1401,2014,0.37
1401,2015,0.344
1401,2016,0.34
1401,2017,0.333
1401,2018,0.337
1401,2019,0.337
1401,2020,0.302
1401,2021,0.298
1402,2005,0.353
1402,2006,0.424
1402,2007,0.357
1402,2008,0.366
1402,2009,0.346
1402,2010,0.347
1402,2011,0.372
1402,2012,0.363
1402,2013,0.369
1402,2014,0.384
1402,2015,0.351
1402,2016,0.351
1402,2017,0.351
1402,2018,0.348
1402,2019,0.354
1402,2020,0.317
1402,2021,0.314
1407,2005,0.331
1407,2006,0.379
1407,2007,0.346
1407,2008,0.345
1407,2009,0.296
1407,2010,0.311
1407,2011,0.362
1407,2012,0.334
1407,2013,0.369
1407,2014,0.384
1407,2015,0.357
1407,2016,0.365
1407,2017,0.361
1407,2018,0.375
1407,2019,0.371
1407,2020,0.335
1407,2021,0.332
1415,2005,0.323
1415,2006,0.37
1415,2007,0.333
1415,2008,0.342
1415,2009,0.338
1415,2010,0.337
1415,2011,0.353
1415,2012,0.362
1415,2013,0.363
1415,2014,0.371
1415,2015,0.358
1415,2016,0.35
1415,2017,0.366
1415,2018,0.367
1415,2019,0.371
1415,2020,0.349
1415,2021,0.348
1419,2005,0.32
1419,2006,0.384
1419,2007,0.328
1419,2008,0.34
1419,2009,0.324
1419,2010,0.324
1419,2011,0.335
1419,2012,0.342
1419,2013,0.349
1419,2014,0.368
1419,2015,0.349
1419,2016,0.354
1419,2017,0.375
1419,2018,0.38
1419,2019,0.379
1419,2020,0.352
1419,2021,0.362
1421,2005,0.36
1421,2006,0.4
1421,2007,0.347
1421,2008,0.351
1421,2009,0.352
1421,2010,0.346
1421,2011,0.392
1421,2012,0.389
1421,2013,0.387
1421,2014,0.4
1421,2015,0.364
1421,2016,0.361
1421,2017,0.367
1421,2018,0.38
1421,2019,0.374
1421,2020,0.344
1421,2021,0.348
1427,2005,0.365
1427,2006,0.38
1427,2007,0.352
1427,2008,0.373
1427,2009,0.34
1427,2010,0.342
1427,2011,0.356
1427,2012,0.351
1427,2013,0.351
1427,2014,0.365
1427,2015,0.335
1427,2016,0.324
1427,2017,0.33
1427,2018,0.332
1427,2019,0.335
1427,2020,0.309
1427,2021,0.32
1430,2005,0.38
1430,2006,0.399
1430,2007,0.367
1430,2008,0.374
1430,2009,0.348
1430,2010,0.355
1430,2011,0.38
1430,2012,0.37
1430,2013,0.367
1430,2014,0.375
1430,2015,0.353
1430,2016,0.332
1430,2017,0.35
1430,2018,0.343
1430,2019,0.358
1430,2020,0.326
1430,2021,0.322
1435,2005,0.361
1435,2006,0.376
1435,2007,0.35
1435,2008,0.358
1435,2009,0.342
1435,2010,0.338
1435,2011,0.36
1435,2012,0.356
1435,2013,0.36
1435,2014,0.373
1435,2015,0.354
1435,2016,0.326
1435,2017,0.324
1435,2018,0.333
1435,2019,0.316
1435,2020,0.299
1435,2021,0.307
1438,2005,0.357
1438,2006,0.358
1438,2007,0.343
1438,2008,0.358
1438,2009,0.351
1438,2010,0.341
1438,2011,0.361
1438,2012,0.359
1438,2013,0.346
1438,2014,0.344
1438,2015,0.312
1438,2016,0.295
1438,2017,0.285
1438,2018,0.313
1438,2019,0.306
1438,2020,0.28
1438,2021,0.283
1439,2005,0.351
1439,2006,0.345
1439,2007,0.343
1439,2008,0.368
1439,2009,0.348
1439,2010,0.35
1439,2011,0.366
1439,2012,0.377
1439,2013,0.368
1439,2014,0.388
1439,2015,0.355
1439,2016,0.332
1439,2017,0.322
1439,2018,0.333
1439,2019,0.324
1439,2020,0.302
1439,2021,0.299
1440,2005,0.354
1440,2006,0.394
1440,2007,0.365
1440,2008,0.361
1440,2009,0.352
1440,2010,0.343
1440,2011,0.364
1440,2012,0.366
1440,2013,0.371
1440,2014,0.384
1440,2015,0.368
1440,2016,0.36
1440,2017,0.372
1440,2018,0.372
1440,2019,0.37
1440,2020,0.337
1440,2021,0.34
1441,2005,0.345
1441,2006,0.4
1441,2007,0.348
1441,2008,0.354
1441,2009,0.347
1441,2010,0.356
1441,2011,0.37
1441,2012,0.364
1441,2013,0.39
1441,2014,0.397
1441,2015,0.375
1441,2016,0.365
1441,2017,0.372
1441,2018,0.373
1441,2019,0.38
1441,2020,0.345
1441,2021,0.326
1442,2005,0.378
1442,2006,0.408
1442,2007,0.349
1442,2008,0.354
1442,2009,0.357
1442,2010,0.36
1442,2011,0.358
1442,2012,0.342
1442,2013,0.38
1442,2014,0.378
1442,2015,0.366
1442,2016,0.364
1442,2017,0.376
1442,2018,0.381
1442,2019,0.366
1442,2020,0.326
1442,2021,0.33
1443,2005,0.363
1443,2006,0.382
1443,2007,0.338
1443,2008,0.363
1443,2009,0.375
1443,2010,0.346
1443,2011,0.37
1443,2012,0.375
1443,2013,0.375
1443,2014,0.383
1443,2015,0.374
1443,2016,0.384
1443,2017,0.37
1443,2018,0.371
1443,2019,0.375
1443,2020,0.329
1443,2021,0.34
1444,2005,0.361
1444,2006,0.363
1444,2007,0.352
1444,2008,0.379
1444,2009,0.37
1444,2010,0.36
1444,2011,0.382
1444,2012,0.397
1444,2013,0.373
1444,2014,0.378
1444,2015,0.35
1444,2016,0.363
1444,2017,0.347
1444,2018,0.352
1444,2019,0.357
1444,2020,0.329
1444,2021,0.325
1445,2005,0.345
1445,2006,0.341
1445,2007,0.309
1445,2008,0.334
1445,2009,0.317
1445,2010,0.332
1445,2011,0.358
1445,2012,0.351
1445,2013,0.359
1445,2014,0.368
1445,2015,0.355
1445,2016,0.367
1445,2017,0.37
1445,2018,0.385
1445,2019,0.388
1445,2020,0.352
1445,2021,0.348
1446,2005,0.306
1446,2006,0.328
1446,2007,0.321
1446,2008,0.341
1446,2009,0.347
1446,2010,0.373
1446,2011,0.374
1446,2012,0.35
1446,2013,0.377
1446,2014,0.382
1446,2015,0.384
1446,2016,0.368
1446,2017,0.387
1446,2018,0.38
1446,2019,0.386
1446,2020,0.344
1446,2021,0.371
1447,2005,0.342
1447,2006,0.354
1447,2007,0.361
1447,2008,0.372
1447,2009,0.366
1447,2010,0.363
1447,2011,0.372
1447,2012,0.322
1447,2013,0.365
1447,2014,0.363
1447,2015,0.36
1447,2016,0.354
1447,2017,0.373
1447,2018,0.377
1447,2019,0.377
1447,2020,0.341
1447,2021,0.369
1452,2005,0.297
1452,2006,0.322
1452,2007,0.295
1452,2008,0.318
1452,2009,0.329
1452,2010,0.312
1452,2011,0.321
1452,2012,0.334
1452,2013,0.339
1452,2014,0.341
1452,2015,0.346
1452,2016,0.351
1452,2017,0.348
1452,2018,0.355
1452,2019,0.36
1452,2020,0.321
1452,2021,0.321
1460,2005,0.339
1460,2006,0.344
1460,2007,0.335
1460,2008,0.359
1460,2009,0.344
1460,2010,0.345
1460,2011,0.364
1460,2012,0.348
1460,2013,0.342
1460,2014,0.351
1460,2015,0.305
1460,2016,0.281
1460,2017,0.28
1460,2018,0.292
1460,2019,0.285
1460,2020,0.266
1460,2021,0.261
1461,2005,0.348
1461,2006,0.364
1461,2007,0.341
1461,2008,0.358
1461,2009,0.334
1461,2010,0.326
1461,2011,0.357
1461,2012,0.352
1461,2013,0.347
1461,2014,0.346
1461,2015,0.317
1461,2016,0.306
1461,2017,0.302
1461,2018,0.303
1461,2019,0.295
1461,2020,0.275
1461,2021,0.285
1462,2005,0.412
1462,2006,0.409
1462,2007,0.372
1462,2008,0.382
1462,2009,0.372
1462,2010,0.371
1462,2011,0.38
1462,2012,0.365
1462,2013,0.367
1462,2014,0.393
1462,2015,0.376
1462,2016,0.371
1462,2017,0.365
1462,2018,0.364
1462,2019,0.365
1462,2020,0.341
1462,2021,0.344
1463,2005,0.326
1463,2006,0.343
1463,2007,0.322
1463,2008,0.335
1463,2009,0.346
1463,2010,0.335
1463,2011,0.347
1463,2012,0.356
1463,2013,0.372
1463,2014,0.379
1463,2015,0.37
1463,2016,0.366
1463,2017,0.363
1463,2018,0.373
1463,2019,0.373
1463,2020,0.323
1463,2021,0.323
1465,2005,0.315
1465,2006,0.334
1465,2007,0.312
1465,2008,0.335
1465,2009,0.359
1465,2010,0.344
1465,2011,0.351
1465,2012,0.358
1465,2013,0.362
1465,2014,0.379
1465,2015,0.367
1465,2016,0.364
1465,2017,0.363
1465,2018,0.375
1465,2019,0.374
1465,2020,0.326
1465,2021,0.331
1466,2005,0.361
1466,2006,0.373
1466,2007,0.339
1466,2008,0.338
1466,2009,0.362
1466,2010,0.359
1466,2011,0.372
1466,2012,0.364
1466,2013,0.378
1466,2014,0.384
1466,2015,0.371
1466,2016,0.369
1466,2017,0.379
1466,2018,0.368
1466,2019,0.377
1466,2020,0.322
1466,2021,0.332
1470,2005,0.306
1470,2006,0.336
1470,2007,0.311
1470,2008,0.338
1470,2009,0.346
1470,2010,0.353
1470,2011,0.365
1470,2012,0.323
1470,2013,0.343
1470,2014,0.37
1470,2015,0.364
1470,2016,0.367
1470,2017,0.362
1470,2018,0.358
1470,2019,0.371
1470,2020,0.347
1470,2021,0.353
1471,2005,0.345
1471,2006,0.379
1471,2007,0.353
1471,2008,0.375
1471,2009,0.382
1471,2010,0.389
1471,2011,0.401
1471,2012,0.35
1471,2013,0.371
1471,2014,0.381
1471,2015,0.362
1471,2016,0.369
1471,2017,0.371
1471,2018,0.367
1471,2019,0.389
1471,2020,0.367
1471,2021,0.37
1472,2005,0.359
1472,2006,0.35
1472,2007,0.359
1472,2008,0.366
1472,2009,0.376
1472,2010,0.398
1472,2011,0.399
1472,2012,0.354
1472,2013,0.391
1472,2014,0.378
1472,2015,0.37
1472,2016,0.374
1472,2017,0.37
1472,2018,0.381
1472,2019,0.383
1472,2020,0.345
1472,2021,0.37
1473,2005,0.361
1473,2006,0.374
1473,2007,0.357
1473,2008,0.379
1473,2009,0.371
1473,2010,0.367
1473,2011,0.394
1473,2012,0.358
1473,2013,0.383
1473,2014,0.376
1473,2015,0.375
1473,2016,0.384
1473,2017,0.386
1473,2018,0.387
1473,2019,0.385
1473,2020,0.341
1473,2021,0.368
1480,2005,0.358
1480,2006,0.434
1480,2007,0.373
1480,2008,0.376
1480,2009,0.343
1480,2010,0.334
1480,2011,0.373
1480,2012,0.361
1480,2013,0.379
1480,2014,0.398
1480,2015,0.367
1480,2016,0.358
1480,2017,0.356
1480,2018,0.366
1480,2019,0.362
1480,2020,0.328
1480,2021,0.322
1481,2005,0.368
1481,2006,0.423
1481,2007,0.363
1481,2008,0.368
1481,2009,0.356
1481,2010,0.354
1481,2011,0.365
1481,2012,0.366
1481,2013,0.358
1481,2014,0.376
1481,2015,0.353
1481,2016,0.344
1481,2017,0.346
1481,2018,0.347
1481,2019,0.352
1481,2020,0.317
1481,2021,0.311
1482,2005,0.348
1482,2006,0.394
1482,2007,0.363
1482,2008,0.363
1482,2009,0.353
1482,2010,0.346
1482,2011,0.364
1482,2012,0.37
1482,2013,0.37
1482,2014,0.385
1482,2015,0.366
1482,2016,0.363
1482,2017,0.378
1482,2018,0.384
1482,2019,0.386
1482,2020,0.349
1482,2021,0.352
1484,2005,0.375
1484,2006,0.395
1484,2007,0.361
1484,2008,0.365
1484,2009,0.359
1484,2010,0.362
1484,2011,0.384
1484,2012,0.388
1484,2013,0.39
1484,2014,0.399
1484,2015,0.342
1484,2016,0.317
1484,2017,0.328
1484,2018,0.331
1484,2019,0.32
1484,2020,0.29
1484,2021,0.296
1485,2005,0.424
1485,2006,0.424
1485,2007,0.387
1485,2008,0.402
1485,2009,0.358
1485,2010,0.371
1485,2011,0.393
1485,2012,0.387
1485,2013,0.383
1485,2014,0.385
1485,2015,0.383
1485,2016,0.373
1485,2017,0.376
1485,2018,0.377
1485,2019,0.38
1485,2020,0.351
1485,2021,0.36
1486,2005,0.332
1486,2006,0.348
1486,2007,0.319
1486,2008,0.339
1486,2009,0.337
1486,2010,0.327
1486,2011,0.341
1486,2012,0.335
1486,2013,0.329
1486,2014,0.337
1486,2015,0.306
1486,2016,0.281
1486,2017,0.276
1486,2018,0.284
1486,2019,0.283
1486,2020,0.266
1486,2021,0.27
1487,2005,0.382
1487,2006,0.383
1487,2007,0.349
1487,2008,0.359
1487,2009,0.359
1487,2010,0.362
1487,2011,0.371
1487,2012,0.381
1487,2013,0.373
1487,2014,0.387
1487,2015,0.374
1487,2016,0.372
1487,2017,0.378
1487,2018,0.384
1487,2019,0.387
1487,2020,0.354
1487,2021,0.359
1488,2005,0.399
1488,2006,0.377
1488,2007,0.356
1488,2008,0.363
1488,2009,0.351
1488,2010,0.341
1488,2011,0.36
1488,2012,0.364
1488,2013,0.355
1488,2014,0.368
1488,2015,0.361
1488,2016,0.362
1488,2017,0.365
1488,2018,0.365
1488,2019,0.367
1488,2020,0.34
1488,2021,0.339
1489,2005,0.406
1489,2006,0.435
1489,2007,0.369
1489,2008,0.367
1489,2009,0.371
1489,2010,0.385
1489,2011,0.395
1489,2012,0.367
1489,2013,0.401
1489,2014,0.413
1489,2015,0.399
1489,2016,0.39
1489,2017,0.392
1489,2018,0.384
1489,2019,0.381
1489,2020,0.346
1489,2021,0.345
1490,2005,0.398
1490,2006,0.425
1490,2007,0.352
1490,2008,0.365
1490,2009,0.393
1490,2010,0.36
1490,2011,0.371
1490,2012,0.37
1490,2013,0.387
1490,2014,0.389
1490,2015,0.381
1490,2016,0.38
1490,2017,0.383
1490,2018,0.381
1490,2019,0.383
1490,2020,0.336
1490,2021,0.345
1491,2005,0.297
1491,2006,0.313
1491,2007,0.296
1491,2008,0.297
1491,2009,0.313
1491,2010,0.322
1491,2011,0.333
1491,2012,0.325
1491,2013,0.341
1491,2014,0.339
1491,2015,0.343
1491,2016,0.348
1491,2017,0.347
1491,2018,0.366
1491,2019,0.364
1491,2020,0.321
1491,2021,0.327
1492,2005,0.311
1492,2006,0.353
1492,2007,0.307
1492,2008,0.341
1492,2009,0.327
1492,2010,0.33
1492,2011,0.351
1492,2012,0.359
1492,2013,0.36
1492,2014,0.351
1492,2015,0.323
1492,2016,0.293
1492,2017,0.295
1492,2018,0.292
1492,2019,0.296
1492,2020,0.276
1492,2021,0.272
1493,2005,0.348
1493,2006,0.371
1493,2007,0.365
1493,2008,0.359
1493,2009,0.363
1493,2010,0.385
1493,2011,0.39
1493,2012,0.35
1493,2013,0.377
1493,2014,0.386
1493,2015,0.384
1493,2016,0.384
1493,2017,0.386
1493,2018,0.392
1493,2019,0.391
1493,2020,0.353
1493,2021,0.371
1494,2005,0.357
1494,2006,0.4
1494,2007,0.354
1494,2008,0.385
1494,2009,0.396
1494,2010,0.391
1494,2011,0.413
1494,2012,0.364
1494,2013,0.374
1494,2014,0.401
1494,2015,0.375
1494,2016,0.376
1494,2017,0.38
1494,2018,0.379
1494,2019,0.384
1494,2020,0.361
1494,2021,0.367
1495,2005,0.326
1495,2006,0.364
1495,2007,0.348
1495,2008,0.376
1495,2009,0.37
1495,2010,0.371
1495,2011,0.375
1495,2012,0.346
1495,2013,0.367
1495,2014,0.382
1495,2015,0.372
1495,2016,0.385
1495,2017,0.39
1495,2018,0.386
1495,2019,0.393
1495,2020,0.36
1495,2021,0.374
1496,2005,0.354
1496,2006,0.372
1496,2007,0.355
1496,2008,0.364
1496,2009,0.361
1496,2010,0.375
1496,2011,0.38
1496,2012,0.337
1496,2013,0.374
1496,2014,0.385
1496,2015,0.378
1496,2016,0.386
1496,2017,0.383
1496,2018,0.394
1496,2019,0.388
1496,2020,0.352
1496,2021,0.368
1497,2005,0.326
1497,2006,0.345
1497,2007,0.338
1497,2008,0.35
1497,2009,0.345
1497,2010,0.35
1497,2011,0.363
1497,2012,0.337
1497,2013,0.362
1497,2014,0.373
1497,2015,0.363
1497,2016,0.367
1497,2017,0.372
1497,2018,0.393
1497,2019,0.402
1497,2020,0.363
1497,2021,0.366
1498,2005,0.327
1498,2006,0.345
1498,2007,0.328
1498,2008,0.338
1498,2009,0.341
1498,2010,0.353
1498,2011,0.364
1498,2012,0.337
1498,2013,0.366
1498,2014,0.362
1498,2015,0.364
1498,2016,0.368
1498,2017,0.375
1498,2018,0.384
1498,2019,0.381
1498,2020,0.341
1498,2021,0.382
1499,2005,0.345
1499,2006,0.362
1499,2007,0.347
1499,2008,0.351
1499,2009,0.355
1499,2010,0.351
1499,2011,0.371
1499,2012,0.336
1499,2013,0.362
1499,2014,0.368
1499,2015,0.363
1499,2016,0.367
1499,2017,0.373
1499,2018,0.375
1499,2019,0.377
1499,2020,0.345
1499,2021,0.358
1715,2005,0.339
1715,2006,0.339
1715,2007,0.358
1715,2008,0.383
1715,2009,0.359
1715,2010,0.375
1715,2011,0.365
1715,2012,0.41
1715,2013,0.412
1715,2014,0.414
1715,2015,0.415
1715,2016,0.43
1715,2017,0.43
1715,2018,0.426
1715,2019,0.419
1715,2020,0.389
1715,2021,0.393
1730,2005,0.234
1730,2006,0.241
1730,2007,0.283
1730,2008,0.299
1730,2009,0.321
1730,2010,0.351
1730,2011,0.347
1730,2012,0.365
1730,2013,0.385
1730,2014,0.39
1730,2015,0.385
1730,2016,0.386
1730,2017,0.382
1730,2018,0.381
1730,2019,0.395
1730,2020,0.353
1730,2021,0.365
1737,2005,0.246
1737,2006,0.232
1737,2007,0.273
1737,2008,0.292
1737,2009,0.353
1737,2010,0.37
1737,2011,0.378
1737,2012,0.302
1737,2013,0.436
1737,2014,0.451
1737,2015,0.44
1737,2016,0.438
1737,2017,0.459
1737,2018,0.464
1737,2019,0.456
1737,2020,0.412
1737,2021,0.422
1760,2005,0.337
1760,2006,0.292
1760,2007,0.307
1760,2008,0.331
1760,2009,0.362
1760,2010,0.404
1760,2011,0.402
1760,2012,0.392
1760,2013,0.393
1760,2014,0.413
1760,2015,0.414
1760,2016,0.411
1760,2017,0.415
1760,2018,0.404
1760,2019,0.415
1760,2020,0.389
1760,2021,0.401
1761,2005,0.323
1761,2006,0.326
1761,2007,0.353
1761,2008,0.377
1761,2009,0.359
1761,2010,0.358
1761,2011,0.352
1761,2012,0.388
1761,2013,0.389
1761,2014,0.388
1761,2015,0.377
1761,2016,0.388
1761,2017,0.398
1761,2018,0.383
1761,2019,0.387
1761,2020,0.349
1761,2021,0.362
1762,2005,0.315
1762,2006,0.294
1762,2007,0.323
1762,2008,0.331
1762,2009,0.346
1762,2010,0.373
1762,2011,0.363
1762,2012,0.345
1762,2013,0.42
1762,2014,0.423
1762,2015,0.402
1762,2016,0.397
1762,2017,0.411
1762,2018,0.413
1762,2019,0.403
1762,2020,0.36
1762,2021,0.371
1763,2005,0.333
1763,2006,0.329
1763,2007,0.348
1763,2008,0.381
1763,2009,0.362
1763,2010,0.363
1763,2011,0.353
1763,2012,0.391
1763,2013,0.387
1763,2014,0.411
1763,2015,0.401
1763,2016,0.412
1763,2017,0.399
1763,2018,0.404
1763,2019,0.413
1763,2020,0.368
1763,2021,0.381
1764,2005,0.324
1764,2006,0.343
1764,2007,0.337
1764,2008,0.376
1764,2009,0.353
1764,2010,0.377
1764,2011,0.373
1764,2012,0.409
1764,2013,0.399
1764,2014,0.407
1764,2015,0.398
1764,2016,0.406
1764,2017,0.408
1764,2018,0.412
1764,2019,0.411
1764,2020,0.381
1764,2021,0.388
1765,2005,0.243
1765,2006,0.277
1765,2007,0.271
1765,2008,0.314
1765,2009,0.319
1765,2010,0.344
1765,2011,0.323
1765,2012,0.344
1765,2013,0.36
1765,2014,0.371
1765,2015,0.368
1765,2016,0.362
1765,2017,0.363
1765,2018,0.36
1765,2019,0.362
1765,2020,0.335
1765,2021,0.351
1766,2005,0.257
1766,2006,0.245
1766,2007,0.268
1766,2008,0.288
1766,2009,0.322
1766,2010,0.336
1766,2011,0.329
1766,2012,0.297
1766,2013,0.392
1766,2014,0.402
1766,2015,0.39
1766,2016,0.401
1766,2017,0.407
1766,2018,0.415
1766,2019,0.423
1766,2020,0.382
1766,2021,0.393
1780,2005,0.348
1780,2006,0.351
1780,2007,0.366
1780,2008,0.394
1780,2009,0.378
1780,2010,0.383
1780,2011,0.378
1780,2012,0.413
1780,2013,0.412
1780,2014,0.418
1780,2015,0.404
1780,2016,0.417
1780,2017,0.417
1780,2018,0.408
1780,2019,0.405
1780,2020,0.371
1780,2021,0.376
1781,2005,0.299
1781,2006,0.244
1781,2007,0.258
1781,2008,0.3
1781,2009,0.33
1781,2010,0.392
1781,2011,0.388
1781,2012,0.398
1781,2013,0.404
1781,2014,0.414
1781,2015,0.403
1781,2016,0.408
1781,2017,0.412
1781,2018,0.412
1781,2019,0.411
1781,2020,0.379
1781,2021,0.393
1782,2005,0.319
1782,2006,0.273
1782,2007,0.283
1782,2008,0.313
1782,2009,0.33
1782,2010,0.354
1782,2011,0.354
1782,2012,0.378
1782,2013,0.377
1782,2014,0.384
1782,2015,0.376
1782,2016,0.379
1782,2017,0.389
1782,2018,0.379
1782,2019,0.388
1782,2020,0.363
1782,2021,0.37
1783,2005,0.248
1783,2006,0.242
1783,2007,0.272
1783,2008,0.302
1783,2009,0.343
1783,2010,0.37
1783,2011,0.359
1783,2012,0.32
1783,2013,0.423
1783,2014,0.419
1783,2015,0.429
1783,2016,0.429
1783,2017,0.446
1783,2018,0.437
1783,2019,0.427
1783,2020,0.399
1783,2021,0.408
1784,2005,0.261
1784,2006,0.257
1784,2007,0.301
1784,2008,0.323
1784,2009,0.336
1784,2010,0.375
1784,2011,0.35
1784,2012,0.401
1784,2013,0.436
1784,2014,0.423
1784,2015,0.42
1784,2016,0.413
1784,2017,0.419
1784,2018,0.415
1784,2019,0.42
1784,2020,0.38
1784,2021,0.395
1785,2005,0.25
1785,2006,0.329
1785,2007,0.266
1785,2008,0.345
1785,2009,0.31
1785,2010,0.343
1785,2011,0.346
1785,2012,0.375
1785,2013,0.374
1785,2014,0.386
1785,2015,0.37
1785,2016,0.374
1785,2017,0.368
1785,2018,0.377
1785,2019,0.376
1785,2020,0.346
1785,2021,0.356
1814,2005,0.344
1814,2006,0.35
1814,2007,0.349
1814,2008,0.353
1814,2009,0.356
1814,2010,0.38
1814,2011,0.388
1814,2012,0.407
1814,2013,0.391
1814,2014,0.405
1814,2015,0.389
1814,2016,0.394
1814,2017,0.37
1814,2018,0.361
1814,2019,0.388
1814,2020,0.358
1814,2021,0.373
1860,2005,0.361
1860,2006,0.368
1860,2007,0.368
1860,2008,0.37
1860,2009,0.388
1860,2010,0.398
1860,2011,0.407
1860,2012,0.408
1860,2013,0.398
1860,2014,0.405
1860,2015,0.401
1860,2016,0.42
1860,2017,0.422
1860,2018,0.395
1860,2019,0.409
1860,2020,0.386
1860,2021,0.41
1861,2005,0.344
1861,2006,0.357
1861,2007,0.361
1861,2008,0.371
1861,2009,0.366
1861,2010,0.378
1861,2011,0.391
1861,2012,0.421
1861,2013,0.407
1861,2014,0.413
1861,2015,0.393
1861,2016,0.399
1861,2017,0.375
1861,2018,0.383
1861,2019,0.398
1861,2020,0.383
1861,2021,0.4
1862,2005,0.418
1862,2006,0.437
1862,2007,0.456
1862,2008,0.445
1862,2009,0.454
1862,2010,0.464
1862,2011,0.45
1862,2012,0.449
1862,2013,0.437
1862,2014,0.451
1862,2015,0.447
1862,2016,0.46
1862,2017,0.46
1862,2018,0.439
1862,2019,0.457
1862,2020,0.429
1862,2021,0.44
1863,2005,0.346
1863,2006,0.366
1863,2007,0.352
1863,2008,0.378
1863,2009,0.379
1863,2010,0.386
1863,2011,0.401
1863,2012,0.397
1863,2013,0.398
1863,2014,0.395
1863,2015,0.387
1863,2016,0.382
1863,2017,0.39
1863,2018,0.401
1863,2019,0.405
1863,2020,0.379
1863,2021,0.396
1864,2005,0.37
1864,2006,0.37
1864,2007,0.381
1864,2008,0.403
1864,2009,0.39
1864,2010,0.409
1864,2011,0.412
1864,2012,0.428
1864,2013,0.406
1864,2014,0.405
1864,2015,0.426
1864,2016,0.419
1864,2017,0.399
1864,2018,0.414
1864,2019,0.407
1864,2020,0.389
1864,2021,0.412
1880,2005,0.356
1880,2006,0.361
1880,2007,0.359
1880,2008,0.369
1880,2009,0.372
1880,2010,0.385
1880,2011,0.418
1880,2012,0.425
1880,2013,0.417
1880,2014,0.421
1880,2015,0.4
1880,2016,0.408
1880,2017,0.392
1880,2018,0.396
1880,2019,0.405
1880,2020,0.391
1880,2021,0.406
1881,2005,0.328
1881,2006,0.334
1881,2007,0.341
1881,2008,0.348
1881,2009,0.353
1881,2010,0.361
1881,2011,0.387
1881,2012,0.402
1881,2013,0.395
1881,2014,0.407
1881,2015,0.392
1881,2016,0.397
1881,2017,0.381
1881,2018,0.396
1881,2019,0.4
1881,2020,0.384
1881,2021,0.394
1882,2005,0.333
1882,2006,0.339
1882,2007,0.337
1882,2008,0.347
1882,2009,0.355
1882,2010,0.359
1882,2011,0.378
1882,2012,0.406
1882,2013,0.393
1882,2014,0.389
1882,2015,0.373
1882,2016,0.389
1882,2017,0.389
1882,2018,0.393
1882,2019,0.406
1882,2020,0.378
1882,2021,0.393
1883,2005,0.436
1883,2006,0.442
1883,2007,0.448
1883,2008,0.452
1883,2009,0.452
1883,2010,0.466
1883,2011,0.446
1883,2012,0.444
1883,2013,0.446
1883,2014,0.454
1883,2015,0.457
1883,2016,0.458
1883,2017,0.459
1883,2018,0.451
1883,2019,0.451
1883,2020,0.417
1883,2021,0.44
1884,2005,0.376
1884,2006,0.382
1884,2007,0.381
1884,2008,0.39
1884,2009,0.385
1884,2010,0.4
1884,2011,0.402
1884,2012,0.408
1884,2013,0.408
1884,2014,0.414
1884,2015,0.405
1884,2016,0.405
1884,2017,0.407
1884,2018,0.407
1884,2019,0.425
1884,2020,0.405
1884,2021,0.426
1885,2005,0.405
1885,2006,0.411
1885,2007,0.412
1885,2008,0.423
1885,2009,0.423
1885,2010,0.425
1885,2011,0.424
1885,2012,0.423
1885,2013,0.421
1885,2014,0.434
1885,2015,0.417
1885,2016,0.433
1885,2017,0.433
1885,2018,0.439
1885,2019,0.444
1885,2020,0.416
1885,2021,0.439
1904,2005,0.336
1904,2006,0.341
1904,2007,0.348
1904,2008,0.358
1904,2009,0.355
1904,2010,0.375
1904,2011,0.397
1904,2012,0.421
1904,2013,0.417
1904,2014,0.403
1904,2015,0.405
1904,2016,0.434
1904,2017,0.424
1904,2018,0.418
1904,2019,0.423
1904,2020,0.405
1904,2021,0.427
1907,2005,0.327
1907,2006,0.343
1907,2007,0.345
1907,2008,0.342
1907,2009,0.357
1907,2010,0.363
1907,2011,0.392
1907,2012,0.404
1907,2013,0.4
1907,2014,0.417
1907,2015,0.404
1907,2016,0.402
1907,2017,0.4
1907,2018,0.402
1907,2019,0.405
1907,2020,0.386
1907,2021,0.419
1960,2005,0.342
1960,2006,0.362
1960,2007,0.369
1960,2008,0.397
1960,2009,0.384
1960,2010,0.377
1960,2011,0.398
1960,2012,0.416
1960,2013,0.413
1960,2014,0.386
1960,2015,0.389
1960,2016,0.392
1960,2017,0.395
1960,2018,0.407
1960,2019,0.398
1960,2020,0.38
1960,2021,0.391
1961,2005,0.33
1961,2006,0.343
1961,2007,0.349
1961,2008,0.365
1961,2009,0.379
1961,2010,0.377
1961,2011,0.403
1961,2012,0.436
1961,2013,0.431
1961,2014,0.445
1961,2015,0.42
1961,2016,0.418
1961,2017,0.409
1961,2018,0.401
1961,2019,0.398
1961,2020,0.404
1961,2021,0.418
1962,2005,0.285
1962,2006,0.316
1962,2007,0.314
1962,2008,0.328
1962,2009,0.332
1962,2010,0.339
1962,2011,0.362
1962,2012,0.374
1962,2013,0.392
1962,2014,0.398
1962,2015,0.378
1962,2016,0.404
1962,2017,0.421
1962,2018,0.424
1962,2019,0.423
1962,2020,0.41
1962,2021,0.421
1980,2005,0.354
1980,2006,0.358
1980,2007,0.366
1980,2008,0.364
1980,2009,0.376
1980,2010,0.381
1980,2011,0.419
1980,2012,0.433
1980,2013,0.43
1980,2014,0.432
1980,2015,0.419
1980,2016,0.41
1980,2017,0.403
1980,2018,0.401
1980,2019,0.401
1980,2020,0.402
1980,2021,0.42
1981,2005,0.369
1981,2006,0.368
1981,2007,0.381
1981,2008,0.389
1981,2009,0.399
1981,2010,0.397
1981,2011,0.417
1981,2012,0.424
1981,2013,0.422
1981,2014,0.427
1981,2015,0.414
1981,2016,0.416
1981,2017,0.407
1981,2018,0.394
1981,2019,0.406
1981,2020,0.392
1981,2021,0.413
1982,2005,0.307
1982,2006,0.331
1982,2007,0.333
1982,2008,0.332
1982,2009,0.353
1982,2010,0.351
1982,2011,0.368
1982,2012,0.377
1982,2013,0.387
1982,2014,0.391
1982,2015,0.365
1982,2016,0.395
1982,2017,0.41
1982,2018,0.402
1982,2019,0.408
1982,2020,0.406
1982,2021,0.421
1983,2005,0.374
1983,2006,0.386
1983,2007,0.39
1983,2008,0.399
1983,2009,0.378
1983,2010,0.378
1983,2011,0.4
1983,2012,0.427
1983,2013,0.431
1983,2014,0.405
1983,2015,0.411
1983,2016,0.421
1983,2017,0.41
1983,2018,0.402
1983,2019,0.403
1983,2020,0.386
1983,2021,0.406
1984,2005,0.356
1984,2006,0.371
1984,2007,0.388
1984,2008,0.393
1984,2009,0.387
1984,2010,0.375
1984,2011,0.406
1984,2012,0.425
1984,2013,0.417
1984,2014,0.405
1984,2015,0.402
1984,2016,0.403
1984,2017,0.401
1984,2018,0.399
1984,2019,0.402
1984,2020,0.393
1984,2021,0.405
2021,2005,0.327
2021,2006,0.328
2021,2007,0.356
2021,2008,0.346
2021,2009,0.355
2021,2010,0.369
2021,2011,0.378
2021,2012,0.381
2021,2013,0.382
2021,2014,0.38
2021,2015,0.384
2021,2016,0.379
2021,2017,0.381
2021,2018,0.394
2021,2019,0.393
2021,2020,0.356
2021,2021,0.38
2023,2005,0.302
2023,2006,0.319
2023,2007,0.33
2023,2008,0.331
2023,2009,0.333
2023,2010,0.333
2023,2011,0.341
2023,2012,0.331
2023,2013,0.349
2023,2014,0.351
2023,2015,0.361
2023,2016,0.351
2023,2017,0.351
2023,2018,0.361
2023,2019,0.367
2023,2020,0.324
2023,2021,0.35
2026,2005,0.348
2026,2006,0.37
2026,2007,0.364
2026,2008,0.381
2026,2009,0.384
2026,2010,0.39
2026,2011,0.397
2026,2012,0.384
2026,2013,0.389
2026,2014,0.395
2026,2015,0.399
2026,2016,0.393
2026,2017,0.396
2026,2018,0.398
2026,2019,0.395
2026,2020,0.368
2026,2021,0.375
2029,2005,0.339
2029,2006,0.355
2029,2007,0.368
2029,2008,0.369
2029,2009,0.381
2029,2010,0.379
2029,2011,0.387
2029,2012,0.388
2029,2013,0.382
2029,2014,0.387
2029,2015,0.391
2029,2016,0.378
2029,2017,0.383
2029,2018,0.386
2029,2019,0.389
2029,2020,0.352
2029,2021,0.381
2031,2005,0.35
2031,2006,0.367
2031,2007,0.368
2031,2008,0.374
2031,2009,0.388
2031,2010,0.403
2031,2011,0.427
2031,2012,0.429
2031,2013,0.432
2031,2014,0.444
2031,2015,0.441
2031,2016,0.421
2031,2017,0.423
2031,2018,0.43
2031,2019,0.434
2031,2020,0.384
2031,2021,0.414
2034,2005,0.372
2034,2006,0.391
2034,2007,0.42
2034,2008,0.424
2034,2009,0.415
2034,2010,0.419
2034,2011,0.433
2034,2012,0.431
2034,2013,0.447
2034,2014,0.454
2034,2015,0.473
2034,2016,0.455
2034,2017,0.444
2034,2018,0.46
2034,2019,0.449
2034,2020,0.41
2034,2021,0.436
2039,2005,0.319
2039,2006,0.315
2039,2007,0.32
2039,2008,0.331
2039,2009,0.335
2039,2010,0.355
2039,2011,0.355
2039,2012,0.352
2039,2013,0.36
2039,2014,0.37
2039,2015,0.384
2039,2016,0.375
2039,2017,0.363
2039,2018,0.37
2039,2019,0.376
2039,2020,0.335
2039,2021,0.352
2061,2005,0.313
2061,2006,0.332
2061,2007,0.329
2061,2008,0.352
2061,2009,0.361
2061,2010,0.367
2061,2011,0.387
2061,2012,0.38
2061,2013,0.389
2061,2014,0.393
2061,2015,0.387
2061,2016,0.374
2061,2017,0.382
2061,2018,0.378
2061,2019,0.384
2061,2020,0.353
2061,2021,0.362
2062,2005,0.41
2062,2006,0.41
2062,2007,0.426
2062,2008,0.427
2062,2009,0.427
2062,2010,0.428
2062,2011,0.439
2062,2012,0.434
2062,2013,0.453
2062,2014,0.46
2062,2015,0.467
2062,2016,0.461
2062,2017,0.442
2062,2018,0.455
2062,2019,0.455
2062,2020,0.409
2062,2021,0.421
2080,2005,0.393
2080,2006,0.4
2080,2007,0.393
2080,2008,0.41
2080,2009,0.41
2080,2010,0.414
2080,2011,0.429
2080,2012,0.419
2080,2013,0.409
2080,2014,0.414
2080,2015,0.418
2080,2016,0.41
2080,2017,0.407
2080,2018,0.41
2080,2019,0.413
2080,2020,0.381
2080,2021,0.399
2081,2005,0.363
2081,2006,0.376
2081,2007,0.377
2081,2008,0.386
2081,2009,0.385
2081,2010,0.387
2081,2011,0.398
2081,2012,0.386
2081,2013,0.397
2081,2014,0.396
2081,2015,0.398
2081,2016,0.387
2081,2017,0.383
2081,2018,0.384
2081,2019,0.393
2081,2020,0.359
2081,2021,0.381
2082,2005,0.355
2082,2006,0.368
2082,2007,0.381
2082,2008,0.373
2082,2009,0.374
2082,2010,0.371
2082,2011,0.382
2082,2012,0.383
2082,2013,0.379
2082,2014,0.377
2082,2015,0.381
2082,2016,0.387
2082,2017,0.382
2082,2018,0.389
2082,2019,0.39
2082,2020,0.366
2082,2021,0.383
2083,2005,0.362
2083,2006,0.372
2083,2007,0.365
2083,2008,0.373
2083,2009,0.393
2083,2010,0.398
2083,2011,0.396
2083,2012,0.383
2083,2013,0.409
2083,2014,0.407
2083,2015,0.403
2083,2016,0.392
2083,2017,0.395
2083,2018,0.409
2083,2019,0.395
2083,2020,0.362
2083,2021,0.383
2084,2005,0.376
2084,2006,0.391
2084,2007,0.384
2084,2008,0.385
2084,2009,0.396
2084,2010,0.428
2084,2011,0.392
2084,2012,0.38
2084,2013,0.411
2084,2014,0.415
2084,2015,0.403
2084,2016,0.391
2084,2017,0.408
2084,2018,0.411
2084,2019,0.415
2084,2020,0.367
2084,2021,0.398
2085,2005,0.307
2085,2006,0.333
2085,2007,0.337
2085,2008,0.333
2085,2009,0.349
2085,2010,0.353
2085,2011,0.361
2085,2012,0.355
2085,2013,0.374
2085,2014,0.381
2085,2015,0.367
2085,2016,0.357
2085,2017,0.371
2085,2018,0.371
2085,2019,0.375
2085,2020,0.351
2085,2021,0.351
2101,2005,0.273
2101,2006,0.271
2101,2007,0.293
2101,2008,0.311
2101,2009,0.311
2101,2010,0.303
2101,2011,0.338
2101,2012,0.327
2101,2013,0.347
2101,2014,0.343
2101,2015,0.368
2101,2016,0.347
2101,2017,0.345
2101,2018,0.358
2101,2019,0.374
2101,2020,0.337
2101,2021,0.346
2104,2005,0.3
2104,2006,0.299
2104,2007,0.307
2104,2008,0.336
2104,2009,0.339
2104,2010,0.351
2104,2011,0.378
2104,2012,0.374
2104,2013,0.372
2104,2014,0.369
2104,2015,0.406
2104,2016,0.394
2104,2017,0.388
2104,2018,0.393
2104,2019,0.398
2104,2020,0.355
2104,2021,0.364
2121,2005,0.261
2121,2006,0.269
2121,2007,0.296
2121,2008,0.293
2121,2009,0.295
2121,2010,0.315
2121,2011,0.359
2121,2012,0.335
2121,2013,0.333
2121,2014,0.333
2121,2015,0.348
2121,2016,0.361
2121,2017,0.363
2121,2018,0.376
2121,2019,0.378
2121,2020,0.353
2121,2021,0.363
2132,2005,0.334
2132,2006,0.334
2132,2007,0.34
2132,2008,0.371
2132,2009,0.383
2132,2010,0.394
2132,2011,0.404
2132,2012,0.412
2132,2013,0.387
2132,2014,0.398
2132,2015,0.413
2132,2016,0.417
2132,2017,0.419
2132,2018,0.416
2132,2019,0.423
2132,2020,0.39
2132,2021,0.388
2161,2005,0.305
2161,2006,0.305
2161,2007,0.308
2161,2008,0.313
2161,2009,0.323
2161,2010,0.325
2161,2011,0.338
2161,2012,0.342
2161,2013,0.349
2161,2014,0.352
2161,2015,0.366
2161,2016,0.364
2161,2017,0.362
2161,2018,0.363
2161,2019,0.358
2161,2020,0.341
2161,2021,0.35
2180,2005,0.331
2180,2006,0.319
2180,2007,0.345
2180,2008,0.369
2180,2009,0.37
2180,2010,0.367
2180,2011,0.391
2180,2012,0.389
2180,2013,0.389
2180,2014,0.394
2180,2015,0.408
2180,2016,0.403
2180,2017,0.4
2180,2018,0.403
2180,2019,0.412
2180,2020,0.377
2180,2021,0.385
2181,2005,0.3
2181,2006,0.294
2181,2007,0.315
2181,2008,0.334
2181,2009,0.343
2181,2010,0.35
2181,2011,0.365
2181,2012,0.366
2181,2013,0.36
2181,2014,0.365
2181,2015,0.384
2181,2016,0.381
2181,2017,0.377
2181,2018,0.374
2181,2019,0.382
2181,2020,0.36
2181,2021,0.368
2182,2005,0.297
2182,2006,0.299
2182,2007,0.318
2182,2008,0.346
2182,2009,0.528
2182,2010,0.527
2182,2011,0.374
2182,2012,0.361
2182,2013,0.373
2182,2014,0.378
2182,2015,0.396
2182,2016,0.381
2182,2017,0.378
2182,2018,0.388
2182,2019,0.386
2182,2020,0.364
2182,2021,0.381
2183,2005,0.309
2183,2006,0.306
2183,2007,0.317
2183,2008,0.325
2183,2009,0.328
2183,2010,0.334
2183,2011,0.388
2183,2012,0.343
2183,2013,0.332
2183,2014,0.347
2183,2015,0.368
2183,2016,0.378
2183,2017,0.373
2183,2018,0.388
2183,2019,0.398
2183,2020,0.357
2183,2021,0.374
2184,2005,0.363
2184,2006,0.367
2184,2007,0.366
2184,2008,0.404
2184,2009,0.409
2184,2010,0.422
2184,2011,0.42
2184,2012,0.43
2184,2013,0.403
2184,2014,0.413
2184,2015,0.427
2184,2016,0.422
2184,2017,0.417
2184,2018,0.421
2184,2019,0.422
2184,2020,0.398
2184,2021,0.403
2260,2005,0.309
2260,2006,0.325
2260,2007,0.327
2260,2008,0.32
2260,2009,0.324
2260,2010,0.333
2260,2011,0.332
2260,2012,0.35
2260,2013,0.344
2260,2014,0.364
2260,2015,0.359
2260,2016,0.359
2260,2017,0.363
2260,2018,0.365
2260,2019,0.371
2260,2020,0.336
2260,2021,0.344
2262,2005,0.316
2262,2006,0.341
2262,2007,0.332
2262,2008,0.339
2262,2009,0.344
2262,2010,0.345
2262,2011,0.343
2262,2012,0.361
2262,2013,0.36
2262,2014,0.384
2262,2015,0.386
2262,2016,0.393
2262,2017,0.395
2262,2018,0.396
2262,2019,0.396
2262,2020,0.378
2262,2021,0.387
2280,2005,0.337
2280,2006,0.365
2280,2007,0.367
2280,2008,0.375
2280,2009,0.362
2280,2010,0.385
2280,2011,0.356
2280,2012,0.388
2280,2013,0.378
2280,2014,0.394
2280,2015,0.397
2280,2016,0.353
2280,2017,0.356
2280,2018,0.359
2280,2019,0.355
2280,2020,0.342
2280,2021,0.36
2281,2005,0.33
2281,2006,0.354
2281,2007,0.352
2281,2008,0.352
2281,2009,0.351
2281,2010,0.35
2281,2011,0.356
2281,2012,0.377
2281,2013,0.376
2281,2014,0.403
2281,2015,0.399
2281,2016,0.397
2281,2017,0.399
2281,2018,0.397
2281,2019,0.402
2281,2020,0.37
2281,2021,0.379
2282,2005,0.333
2282,2006,0.357
2282,2007,0.365
2282,2008,0.376
2282,2009,0.364
2282,2010,0.379
2282,2011,0.387
2282,2012,0.402
2282,2013,0.403
2282,2014,0.417
2282,2015,0.417
2282,2016,0.405
2282,2017,0.423
2282,2018,0.42
2282,2019,0.417
2282,2020,0.39
2282,2021,0.407
2283,2005,0.422
2283,2006,0.436
2283,2007,0.444
2283,2008,0.451
2283,2009,0.435
2283,2010,0.437
2283,2011,0.445
2283,2012,0.457
2283,2013,0.466
2283,2014,0.468
2283,2015,0.476
2283,2016,0.463
2283,2017,0.465
2283,2018,0.458
2283,2019,0.465
2283,2020,0.437
2283,2021,0.437
2284,2005,0.3
2284,2006,0.388
2284,2007,0.386
2284,2008,0.389
2284,2009,0.384
2284,2010,0.371
2284,2011,0.381
2284,2012,0.394
2284,2013,0.399
2284,2014,0.4
2284,2015,0.406
2284,2016,0.41
2284,2017,0.413
2284,2018,0.422
2284,2019,0.425
2284,2020,0.405
2284,2021,0.408
2303,2005,0.337
2303,2006,0.301
2303,2007,0.348
2303,2008,0.382
2303,2009,0.374
2303,2010,0.386
2303,2011,0.382
2303,2012,0.392
2303,2013,0.392
2303,2014,0.408
2303,2015,0.375
2303,2016,0.365
2303,2017,0.387
2303,2018,0.39
2303,2019,0.391
2303,2020,0.367
2303,2021,0.377
2305,2005,0.323
2305,2006,0.3
2305,2007,0.339
2305,2008,0.351
2305,2009,0.341
2305,2010,0.356
2305,2011,0.345
2305,2012,0.37
2305,2013,0.367
2305,2014,0.381
2305,2015,0.352
2305,2016,0.363
2305,2017,0.37
2305,2018,0.357
2305,2019,0.38
2305,2020,0.352
2305,2021,0.365
2309,2005,0.331
2309,2006,0.294
2309,2007,0.339
2309,2008,0.346
2309,2009,0.336
2309,2010,0.346
2309,2011,0.335
2309,2012,0.348
2309,2013,0.363
2309,2014,0.377
2309,2015,0.358
2309,2016,0.356
2309,2017,0.363
2309,2018,0.364
2309,2019,0.373
2309,2020,0.358
2309,2021,0.362
2313,2005,0.301
2313,2006,0.293
2313,2007,0.309
2313,2008,0.315
2313,2009,0.317
2313,2010,0.325
2313,2011,0.324
2313,2012,0.334
2313,2013,0.328
2313,2014,0.336
2313,2015,0.322
2313,2016,0.331
2313,2017,0.348
2313,2018,0.349
2313,2019,0.357
2313,2020,0.34
2313,2021,0.347
2321,2005,0.285
2321,2006,0.26
2321,2007,0.284
2321,2008,0.293
2321,2009,0.291
2321,2010,0.304
2321,2011,0.299
2321,2012,0.311
2321,2013,0.317
2321,2014,0.333
2321,2015,0.309
2321,2016,0.316
2321,2017,0.332
2321,2018,0.323
2321,2019,0.341
2321,2020,0.308
2321,2021,0.314
2326,2005,0.333
2326,2006,0.285
2326,2007,0.333
2326,2008,0.346
2326,2009,0.334
2326,2010,0.35
2326,2011,0.344
2326,2012,0.37
2326,2013,0.366
2326,2014,0.375
2326,2015,0.342
2326,2016,0.354
2326,2017,0.369
2326,2018,0.363
2326,2019,0.367
2326,2020,0.356
2326,2021,0.361
2361,2005,0.284
2361,2006,0.274
2361,2007,0.303
2361,2008,0.292
2361,2009,0.289
2361,2010,0.313
2361,2011,0.307
2361,2012,0.33
2361,2013,0.323
2361,2014,0.333
2361,2015,0.303
2361,2016,0.318
2361,2017,0.322
2361,2018,0.314
2361,2019,0.323
2361,2020,0.302
2361,2021,0.32
2380,2005,0.37
2380,2006,0.323
2380,2007,0.378
2380,2008,0.381
2380,2009,0.368
2380,2010,0.391
2380,2011,0.376
2380,2012,0.4
2380,2013,0.407
2380,2014,0.428
2380,2015,0.396
2380,2016,0.409
2380,2017,0.409
2380,2018,0.4
2380,2019,0.413
2380,2020,0.389
2380,2021,0.396
2401,2005,0.368
2401,2006,0.358
2401,2007,0.386
2401,2008,0.413
2401,2009,0.406
2401,2010,0.402
2401,2011,0.384
2401,2012,0.379
2401,2013,0.389
2401,2014,0.392
2401,2015,0.405
2401,2016,0.406
2401,2017,0.401
2401,2018,0.406
2401,2019,0.414
2401,2020,0.404
2401,2021,0.414
2403,2005,0.329
2403,2006,0.333
2403,2007,0.398
2403,2008,0.412
2403,2009,0.394
2403,2010,0.403
2403,2011,0.385
2403,2012,0.373
2403,2013,0.382
2403,2014,0.398
2403,2015,0.402
2403,2016,0.393
2403,2017,0.396
2403,2018,0.403
2403,2019,0.394
2403,2020,0.363
2403,2021,0.375
2404,2005,0.359
2404,2006,0.352
2404,2007,0.432
2404,2008,0.444
2404,2009,0.422
2404,2010,0.423
2404,2011,0.411
2404,2012,0.4
2404,2013,0.402
2404,2014,0.385
2404,2015,0.402
2404,2016,0.396
2404,2017,0.388
2404,2018,0.386
2404,2019,0.401
2404,2020,0.382
2404,2021,0.394
2409,2005,0.338
2409,2006,0.32
2409,2007,0.383
2409,2008,0.394
2409,2009,0.389
2409,2010,0.38
2409,2011,0.39
2409,2012,0.38
2409,2013,0.396
2409,2014,0.399
2409,2015,0.406
2409,2016,0.396
2409,2017,0.403
2409,2018,0.416
2409,2019,0.418
2409,2020,0.372
2409,2021,0.372
2417,2005,0.301
2417,2006,0.309
2417,2007,0.388
2417,2008,0.394
2417,2009,0.411
2417,2010,0.38
2417,2011,0.386
2417,2012,0.371
2417,2013,0.387
2417,2014,0.367
2417,2015,0.358
2417,2016,0.361
2417,2017,0.358
2417,2018,0.36
2417,2019,0.374
2417,2020,0.359
2417,2021,0.357
2418,2005,0.243
2418,2006,0.3
2418,2007,0.333
2418,2008,0.336
2418,2009,0.34
2418,2010,0.337
2418,2011,0.362
2418,2012,0.356
2418,2013,0.374
2418,2014,0.375
2418,2015,0.383
2418,2016,0.379
2418,2017,0.4
2418,2018,0.379
2418,2019,0.394
2418,2020,0.362
2418,2021,0.358
2421,2005,0.236
2421,2006,0.261
2421,2007,0.323
2421,2008,0.327
2421,2009,0.342
2421,2010,0.334
2421,2011,0.356
2421,2012,0.347
2421,2013,0.348
2421,2014,0.367
2421,2015,0.365
2421,2016,0.358
2421,2017,0.37
2421,2018,0.371
2421,2019,0.386
2421,2020,0.361
2421,2021,0.378
2422,2005,0.276
2422,2006,0.307
2422,2007,0.356
2422,2008,0.348
2422,2009,0.343
2422,2010,0.351
2422,2011,0.353
2422,2012,0.367
2422,2013,0.379
2422,2014,0.385
2422,2015,0.385
2422,2016,0.374
2422,2017,0.405
2422,2018,0.39
2422,2019,0.396
2422,2020,0.361
2422,2021,0.387
2425,2005,0.249
2425,2006,0.26
2425,2007,0.33
2425,2008,0.328
2425,2009,0.339
2425,2010,0.359
2425,2011,0.372
2425,2012,0.364
2425,2013,0.36
2425,2014,0.352
2425,2015,0.365
2425,2016,0.392
2425,2017,0.393
2425,2018,0.375
2425,2019,0.381
2425,2020,0.364
2425,2021,0.365
2460,2005,0.354
2460,2006,0.34
2460,2007,0.427
2460,2008,0.434
2460,2009,0.411
2460,2010,0.409
2460,2011,0.39
2460,2012,0.377
2460,2013,0.372
2460,2014,0.388
2460,2015,0.392
2460,2016,0.386
2460,2017,0.397
2460,2018,0.4
2460,2019,0.392
2460,2020,0.382
2460,2021,0.374
2462,2005,0.249
2462,2006,0.278
2462,2007,0.313
2462,2008,0.326
2462,2009,0.342
2462,2010,0.32
2462,2011,0.337
2462,2012,0.347
2462,2013,0.353
2462,2014,0.352
2462,2015,0.364
2462,2016,0.356
2462,2017,0.365
2462,2018,0.373
2462,2019,0.376
2462,2020,0.358
2462,2021,0.362
2463,2005,0.258
2463,2006,0.291
2463,2007,0.356
2463,2008,0.357
2463,2009,0.367
2463,2010,0.374
2463,2011,0.365
2463,2012,0.351
2463,2013,0.364
2463,2014,0.366
2463,2015,0.37
2463,2016,0.368
2463,2017,0.381
2463,2018,0.38
2463,2019,0.381
2463,2020,0.37
2463,2021,0.384
2480,2005,0.351
2480,2006,0.335
2480,2007,0.42
2480,2008,0.432
2480,2009,0.428
2480,2010,0.41
2480,2011,0.392
2480,2012,0.381
2480,2013,0.38
2480,2014,0.382
2480,2015,0.389
2480,2016,0.382
2480,2017,0.389
2480,2018,0.389
2480,2019,0.388
2480,2020,0.368
2480,2021,0.369
2481,2005,0.285
2481,2006,0.354
2481,2007,0.422
2481,2008,0.421
2481,2009,0.435
2481,2010,0.431
2481,2011,0.444
2481,2012,0.435
2481,2013,0.442
2481,2014,0.441
2481,2015,0.459
2481,2016,0.448
2481,2017,0.448
2481,2018,0.436
2481,2019,0.451
2481,2020,0.436
2481,2021,0.45
2482,2005,0.31
2482,2006,0.312
2482,2007,0.397
2482,2008,0.4
2482,2009,0.399
2482,2010,0.401
2482,2011,0.404
2482,2012,0.406
2482,2013,0.413
2482,2014,0.411
2482,2015,0.379
2482,2016,0.38
2482,2017,0.389
2482,2018,0.388
2482,2019,0.386
2482,2020,0.374
2482,2021,0.375
2505,2005,0.269
2505,2006,0.318
2505,2007,0.308
2505,2008,0.307
2505,2009,0.304
2505,2010,0.306
2505,2011,0.332
2505,2012,0.327
2505,2013,0.32
2505,2014,0.309
2505,2015,0.331
2505,2016,0.328
2505,2017,0.317
2505,2018,0.308
2505,2019,0.324
2505,2020,0.298
2505,2021,0.306
2506,2005,0.267
2506,2006,0.329
2506,2007,0.329
2506,2008,0.332
2506,2009,0.315
2506,2010,0.338
2506,2011,0.341
2506,2012,0.36
2506,2013,0.346
2506,2014,0.323
2506,2015,0.343
2506,2016,0.337
2506,2017,0.338
2506,2018,0.327
2506,2019,0.333
2506,2020,0.314
2506,2021,0.33
2510,2005,0.289
2510,2006,0.322
2510,2007,0.324
2510,2008,0.319
2510,2009,0.319
2510,2010,0.316
2510,2011,0.338
2510,2012,0.343
2510,2013,0.321
2510,2014,0.301
2510,2015,0.312
2510,2016,0.311
2510,2017,0.328
2510,2018,0.344
2510,2019,0.338
2510,2020,0.313
2510,2021,0.339
2513,2005,0.297
2513,2006,0.309
2513,2007,0.351
2513,2008,0.338
2513,2009,0.348
2513,2010,0.342
2513,2011,0.365
2513,2012,0.368
2513,2013,0.328
2513,2014,0.307
2513,2015,0.328
2513,2016,0.327
2513,2017,0.33
2513,2018,0.323
2513,2019,0.328
2513,2020,0.312
2513,2021,0.328
2514,2005,0.35
2514,2006,0.364
2514,2007,0.38
2514,2008,0.381
2514,2009,0.379
2514,2010,0.379
2514,2011,0.394
2514,2012,0.402
2514,2013,0.376
2514,2014,0.328
2514,2015,0.368
2514,2016,0.362
2514,2017,0.348
2514,2018,0.342
2514,2019,0.348
2514,2020,0.329
2514,2021,0.338
2518,2005,0.282
2518,2006,0.318
2518,2007,0.329
2518,2008,0.327
2518,2009,0.3
2518,2010,0.329
2518,2011,0.341
2518,2012,0.342
2518,2013,0.325
2518,2014,0.301
2518,2015,0.331
2518,2016,0.334
2518,2017,0.335
2518,2018,0.32
2518,2019,0.324
2518,2020,0.312
2518,2021,0.327
2521,2005,0.31
2521,2006,0.324
2521,2007,0.353
2521,2008,0.337
2521,2009,0.349
2521,2010,0.348
2521,2011,0.367
2521,2012,0.356
2521,2013,0.312
2521,2014,0.318
2521,2015,0.327
2521,2016,0.329
2521,2017,0.329
2521,2018,0.329
2521,2019,0.344
2521,2020,0.334
2521,2021,0.342
2523,2005,0.384
2523,2006,0.4
2523,2007,0.453
2523,2008,0.408
2523,2009,0.449
2523,2010,0.449
2523,2011,0.468
2523,2012,0.463
2523,2013,0.414
2523,2014,0.382
2523,2015,0.415
2523,2016,0.418
2523,2017,0.41
2523,2018,0.413
2523,2019,0.423
2523,2020,0.382
2523,2021,0.392
2560,2005,0.288
2560,2006,0.337
2560,2007,0.361
2560,2008,0.37
2560,2009,0.372
2560,2010,0.364
2560,2011,0.395
2560,2012,0.379
2560,2013,0.37
2560,2014,0.316
2560,2015,0.355
2560,2016,0.354
2560,2017,0.349
2560,2018,0.353
2560,2019,0.359
2560,2020,0.327
2560,2021,0.35
2580,2005,0.284
2580,2006,0.301
2580,2007,0.388
2580,2008,0.389
2580,2009,0.348
2580,2010,0.328
2580,2011,0.405
2580,2012,0.399
2580,2013,0.338
2580,2014,0.284
2580,2015,0.343
2580,2016,0.342
2580,2017,0.343
2580,2018,0.346
2580,2019,0.352
2580,2020,0.324
2580,2021,0.333
2581,2005,0.271
2581,2006,0.334
2581,2007,0.341
2581,2008,0.346
2581,2009,0.342
2581,2010,0.347
2581,2011,0.371
2581,2012,0.374
2581,2013,0.36
2581,2014,0.316
2581,2015,0.357
2581,2016,0.349
2581,2017,0.348
2581,2018,0.333
2581,2019,0.349
2581,2020,0.328
2581,2021,0.333
2582,2005,0.316
2582,2006,0.327
2582,2007,0.373
2582,2008,0.369
2582,2009,0.349
2582,2010,0.344
2582,2011,0.378
2582,2012,0.38
2582,2013,0.35
2582,2014,0.3
2582,2015,0.366
2582,2016,0.365
2582,2017,0.365
2582,2018,0.364
2582,2019,0.361
2582,2020,0.339
2582,2021,0.342
2583,2005,0.289
2583,2006,0.288
2583,2007,0.316
2583,2008,0.316
2583,2009,0.314
2583,2010,0.307
2583,2011,0.329
2583,2012,0.334
2583,2013,0.31
2583,2014,0.299
2583,2015,0.319
2583,2016,0.316
2583,2017,0.305
2583,2018,0.297
2583,2019,0.329
2583,2020,0.315
2583,2021,0.321
2584,2005,0.336
2584,2006,0.375
2584,2007,0.374
2584,2008,0.38
2584,2009,0.37
2584,2010,0.374
2584,2011,0.386
2584,2012,0.387
2584,2013,0.375
2584,2014,0.315
2584,2015,0.373
2584,2016,0.377
2584,2017,0.382
2584,2018,0.399
2584,2019,0.407
2584,2020,0.378
2584,2021,0.391
