kommun,year,mean_pensionar
0114,2005,0.126
0114,2006,0.131
0114,2007,0.136
0114,2008,0.142
0114,2009,0.149
0114,2010,0.155
0114,2011,0.159
0114,2012,0.164
0114,2013,0.167
0114,2014,0.17
0114,2015,0.17
0114,2016,0.17
0114,2017,0.171
0114,2018,0.171
0114,2019,0.17
0114,2020,0.169
0114,2021,0.168
0115,2005,0.118
0115,2006,0.122
0115,2007,0.125
0115,2008,0.13
0115,2009,0.135
0115,2010,0.14
0115,2011,0.142
0115,2012,0.147
0115,2013,0.15
0115,2014,0.153
0115,2015,0.155
0115,2016,0.157
0115,2017,0.157
0115,2018,0.158
0115,2019,0.158
0115,2020,0.16
0115,2021,0.162
0117,2005,0.119
0117,2006,0.124
0117,2007,0.132
0117,2008,0.14
0117,2009,0.149
0117,2010,0.157
0117,2011,0.165
0117,2012,0.171
0117,2013,0.177
0117,2014,0.181
0117,2015,0.182
0117,2016,0.183
0117,2017,0.183
0117,2018,0.185
0117,2019,0.188
0117,2020,0.186
0117,2021,0.185
0120,2005,0.108
0120,2006,0.113
0120,2007,0.115
0120,2008,0.121
0120,2009,0.129
0120,2010,0.136
0120,2011,0.142
0120,2012,0.149
0120,2013,0.156
0120,2014,0.161
0120,2015,0.164
0120,2016,0.166
0120,2017,0.166
0120,2018,0.168
0120,2019,0.17
0120,2020,0.174
0120,2021,0.179
0123,2005,0.147
0123,2006,0.15
0123,2007,0.154
0123,2008,0.159
0123,2009,0.165
0123,2010,0.169
0123,2011,0.172
0123,2012,0.175
0123,2013,0.178
0123,2014,0.178
0123,2015,0.177
0123,2016,0.175
0123,2017,0.172
0123,2018,0.17
0123,2019,0.168
0123,2020,0.166
0123,2021,0.165
0125,2005,0.119
0125,2006,0.123
0125,2007,0.128
0125,2008,0.136
0125,2009,0.142
0125,2010,0.149
0125,2011,0.155
0125,2012,0.16
0125,2013,0.164
0125,2014,0.166
0125,2015,0.17
0125,2016,0.171
0125,2017,0.171
0125,2018,0.173
0125,2019,0.173
0125,2020,0.174
0125,2021,0.175
0126,2005,0.115
0126,2006,0.116
0126,2007,0.118
0126,2008,0.119
0126,2009,0.123
0126,2010,0.125
0126,2011,0.128
0126,2012,0.131
0126,2013,0.133
0126,2014,0.134
0126,2015,0.135
0126,2016,0.135
0126,2017,0.134
0126,2018,0.134
0126,2019,0.136
0126,2020,0.138
0126,2021,0.14
0127,2005,0.112
0127,2006,0.114
0127,2007,0.117
0127,2008,0.121
0127,2009,0.126
0127,2010,0.13
0127,2011,0.133
0127,2012,0.135
0127,2013,0.137
0127,2014,0.139
0127,2015,0.141
0127,2016,0.142
0127,2017,0.141
0127,2018,0.141
0127,2019,0.142
0127,2020,0.143
0127,2021,0.146
0128,2005,0.126
0128,2006,0.13
0128,2007,0.134
0128,2008,0.141
0128,2009,0.149
0128,2010,0.156
0128,2011,0.161
0128,2012,0.165
0128,2013,0.171
0128,2014,0.173
0128,2015,0.173
0128,2016,0.175
0128,2017,0.176
0128,2018,0.175
0128,2019,0.177
0128,2020,0.178
0128,2021,0.176
0136,2005,0.115
0136,2006,0.12
0136,2007,0.125
0136,2008,0.13
0136,2009,0.136
0136,2010,0.143
0136,2011,0.147
0136,2012,0.151
0136,2013,0.155
0136,2014,0.156
0136,2015,0.157
0136,2016,0.157
0136,2017,0.155
0136,2018,0.154
0136,2019,0.153
0136,2020,0.152
0136,2021,0.152
0138,2005,0.124
0138,2006,0.128
0138,2007,0.133
0138,2008,0.141
0138,2009,0.149
0138,2010,0.155
0138,2011,0.16
0138,2012,0.164
0138,2013,0.167
0138,2014,0.168
0138,2015,0.167
0138,2016,0.167
0138,2017,0.168
0138,2018,0.167
0138,2019,0.169
0138,2020,0.168
0138,2021,0.169
0139,2005,0.114
0139,2006,0.119
0139,2007,0.121
0139,2008,0.125
0139,2009,0.132
0139,2010,0.14
0139,2011,0.148
0139,2012,0.156
0139,2013,0.162
0139,2014,0.164
0139,2015,0.166
0139,2016,0.163
0139,2017,0.163
0139,2018,0.159
0139,2019,0.158
0139,2020,0.155
0139,2021,0.155
0140,2005,0.113
0140,2006,0.118
0140,2007,0.125
0140,2008,0.131
0140,2009,0.135
0140,2010,0.144
0140,2011,0.155
0140,2012,0.16
0140,2013,0.164
0140,2014,0.166
0140,2015,0.165
0140,2016,0.166
0140,2017,0.168
0140,2018,0.168
0140,2019,0.173
0140,2020,0.17
0140,2021,0.169
0160,2005,0.155
0160,2006,0.157
0160,2007,0.164
0160,2008,0.169
0160,2009,0.175
0160,2010,0.181
0160,2011,0.186
0160,2012,0.189
0160,2013,0.192
0160,2014,0.193
0160,2015,0.194
0160,2016,0.194
0160,2017,0.192
0160,2018,0.191
0160,2019,0.191
0160,2020,0.191
0160,2021,0.19
0162,2005,0.18
0162,2006,0.18
0162,2007,0.183
0162,2008,0.186
0162,2009,0.19
0162,2010,0.194
0162,2011,0.196
0162,2012,0.199
0162,2013,0.2
0162,2014,0.201
0162,2015,0.201
0162,2016,0.2
0162,2017,0.199
0162,2018,0.198
0162,2019,0.201
0162,2020,0.202
0162,2021,0.203
0163,2005,0.134
0163,2006,0.135
0163,2007,0.139
0163,2008,0.142
0163,2009,0.146
0163,2010,0.149
0163,2011,0.152
0163,2012,0.154
0163,2013,0.155
0163,2014,0.157
0163,2015,0.158
0163,2016,0.158
0163,2017,0.159
0163,2018,0.16
0163,2019,0.159
0163,2020,0.159
0163,2021,0.16
0180,2005,0.146
0180,2006,0.144
0180,2007,0.143
0180,2008,0.142
0180,2009,0.142
0180,2010,0.142
0180,2011,0.143
0180,2012,0.144
0180,2013,0.145
0180,2014,0.146
0180,2015,0.147
0180,2016,0.148
0180,2017,0.149
0180,2018,0.151
0180,2019,0.152
0180,2020,0.154
0180,2021,0.157
0181,2005,0.147
0181,2006,0.149
0181,2007,0.148
0181,2008,0.151
0181,2009,0.154
0181,2010,0.157
0181,2011,0.158
0181,2012,0.16
0181,2013,0.162
0181,2014,0.162
0181,2015,0.164
0181,2016,0.163
0181,2017,0.163
0181,2018,0.163
0181,2019,0.163
0181,2020,0.162
0181,2021,0.164
0182,2005,0.13
0182,2006,0.13
0182,2007,0.133
0182,2008,0.136
0182,2009,0.14
0182,2010,0.144
0182,2011,0.148
0182,2012,0.152
0182,2013,0.155
0182,2014,0.158
0182,2015,0.159
0182,2016,0.161
0182,2017,0.162
0182,2018,0.161
0182,2019,0.163
0182,2020,0.164
0182,2021,0.167
0183,2005,0.139
0183,2006,0.138
0183,2007,0.136
0183,2008,0.135
0183,2009,0.134
0183,2010,0.133
0183,2011,0.134
0183,2012,0.133
0183,2013,0.132
0183,2014,0.133
0183,2015,0.131
0183,2016,0.13
0183,2017,0.129
0183,2018,0.128
0183,2019,0.128
0183,2020,0.127
0183,2021,0.13
0184,2005,0.169
0184,2006,0.167
0184,2007,0.165
0184,2008,0.162
0184,2009,0.162
0184,2010,0.162
0184,2011,0.162
0184,2012,0.162
0184,2013,0.162
0184,2014,0.161
0184,2015,0.159
0184,2016,0.157
0184,2017,0.157
0184,2018,0.156
0184,2019,0.156
0184,2020,0.155
0184,2021,0.154
0186,2005,0.183
0186,2006,0.183
0186,2007,0.183
0186,2008,0.187
0186,2009,0.191
0186,2010,0.193
0186,2011,0.198
0186,2012,0.201
0186,2013,0.202
0186,2014,0.204
0186,2015,0.204
0186,2016,0.203
0186,2017,0.204
0186,2018,0.205
0186,2019,0.207
0186,2020,0.208
0186,2021,0.211
0187,2005,0.13
0187,2006,0.132
0187,2007,0.138
0187,2008,0.146
0187,2009,0.153
0187,2010,0.164
0187,2011,0.169
0187,2012,0.176
0187,2013,0.182
0187,2014,0.188
0187,2015,0.193
0187,2016,0.197
0187,2017,0.201
0187,2018,0.206
0187,2019,0.212
0187,2020,0.219
0187,2021,0.224
0188,2005,0.196
0188,2006,0.2
0188,2007,0.206
0188,2008,0.215
0188,2009,0.224
0188,2010,0.231
0188,2011,0.241
0188,2012,0.249
0188,2013,0.255
0188,2014,0.261
0188,2015,0.265
0188,2016,0.265
0188,2017,0.266
0188,2018,0.268
0188,2019,0.27
0188,2020,0.272
0188,2021,0.275
0191,2005,0.129
0191,2006,0.134
0191,2007,0.137
0191,2008,0.142
0191,2009,0.146
0191,2010,0.15
0191,2011,0.15
0191,2012,0.151
0191,2013,0.151
0191,2014,0.151
0191,2015,0.152
0191,2016,0.149
0191,2017,0.149
0191,2018,0.148
0191,2019,0.149
0191,2020,0.147
0191,2021,0.149
0192,2005,0.165
0192,2006,0.168
0192,2007,0.17
0192,2008,0.176
0192,2009,0.184
0192,2010,0.192
0192,2011,0.201
0192,2012,0.207
0192,2013,0.212
0192,2014,0.217
0192,2015,0.22
0192,2016,0.222
0192,2017,0.22
0192,2018,0.222
0192,2019,0.224
0192,2020,0.224
0192,2021,0.224
0305,2005,0.099
0305,2006,0.106
0305,2007,0.115
0305,2008,0.125
0305,2009,0.135
0305,2010,0.144
0305,2011,0.155
0305,2012,0.163
0305,2013,0.17
0305,2014,0.175
0305,2015,0.179
0305,2016,0.18
0305,2017,0.179
0305,2018,0.178
0305,2019,0.178
0305,2020,0.177
0305,2021,0.18
0319,2005,0.191
0319,2006,0.193
0319,2007,0.196
0319,2008,0.2
0319,2009,0.207
0319,2010,0.211
0319,2011,0.219
0319,2012,0.225
0319,2013,0.231
0319,2014,0.236
0319,2015,0.232
0319,2016,0.232
0319,2017,0.237
0319,2018,0.24
0319,2019,0.245
0319,2020,0.245
0319,2021,0.248
0330,2005,0.105
0330,2006,0.104
0330,2007,0.103
0330,2008,0.108
0330,2009,0.114
0330,2010,0.118
0330,2011,0.122
0330,2012,0.125
0330,2013,0.132
0330,2014,0.136
0330,2015,0.136
0330,2016,0.137
0330,2017,0.136
0330,2018,0.136
0330,2019,0.138
0330,2020,0.139
0330,2021,0.139
0331,2005,0.199
0331,2006,0.204
0331,2007,0.206
0331,2008,0.21
0331,2009,0.214
0331,2010,0.22
0331,2011,0.224
0331,2012,0.232
0331,2013,0.236
0331,2014,0.24
0331,2015,0.242
0331,2016,0.243
0331,2017,0.242
0331,2018,0.246
0331,2019,0.244
0331,2020,0.248
0331,2021,0.248
0360,2005,0.204
0360,2006,0.207
0360,2007,0.21
0360,2008,0.212
0360,2009,0.217
0360,2010,0.222
0360,2011,0.226
0360,2012,0.23
0360,2013,0.236
0360,2014,0.237
0360,2015,0.238
0360,2016,0.237
0360,2017,0.238
0360,2018,0.237
0360,2019,0.24
0360,2020,0.24
0360,2021,0.241
0380,2005,0.134
0380,2006,0.135
0380,2007,0.138
0380,2008,0.14
0380,2009,0.144
0380,2010,0.148
0380,2011,0.153
0380,2012,0.157
0380,2013,0.161
0380,2014,0.164
0380,2015,0.166
0380,2016,0.168
0380,2017,0.168
0380,2018,0.169
0380,2019,0.169
0380,2020,0.17
0380,2021,0.171
0381,2005,0.173
0381,2006,0.177
0381,2007,0.179
0381,2008,0.183
0381,2009,0.188
0381,2010,0.193
0381,2011,0.197
0381,2012,0.202
0381,2013,0.207
0381,2014,0.211
0381,2015,0.211
0381,2016,0.208
0381,2017,0.209
0381,2018,0.209
0381,2019,0.208
0381,2020,0.208
0381,2021,0.207
0382,2005,0.197
0382,2006,0.201
0382,2007,0.205
0382,2008,0.212
0382,2009,0.218
0382,2010,0.224
0382,2011,0.23
0382,2012,0.236
0382,2013,0.244
0382,2014,0.253
0382,2015,0.258
0382,2016,0.26
0382,2017,0.265
0382,2018,0.269
0382,2019,0.274
0382,2020,0.277
0382,2021,0.281
0428,2005,0.196
0428,2006,0.198
0428,2007,0.206
0428,2008,0.21
0428,2009,0.217
0428,2010,0.226
0428,2011,0.233
0428,2012,0.245
0428,2013,0.25
0428,2014,0.255
0428,2015,0.257
0428,2016,0.257
0428,2017,0.259
0428,2018,0.262
0428,2019,0.264
0428,2020,0.263
0428,2021,0.267
0461,2005,0.171
0461,2006,0.173
0461,2007,0.176
0461,2008,0.181
0461,2009,0.189
0461,2010,0.197
0461,2011,0.206
0461,2012,0.212
0461,2013,0.217
0461,2014,0.221
0461,2015,0.227
0461,2016,0.228
0461,2017,0.23
0461,2018,0.234
0461,2019,0.235
0461,2020,0.238
0461,2021,0.239
0480,2005,0.201
0480,2006,0.202
0480,2007,0.204
0480,2008,0.208
0480,2009,0.215
0480,2010,0.218
0480,2011,0.223
0480,2012,0.228
0480,2013,0.231
0480,2014,0.235
0480,2015,0.237
0480,2016,0.238
0480,2017,0.237
0480,2018,0.238
0480,2019,0.239
0480,2020,0.239
0480,2021,0.24
0481,2005,0.221
0481,2006,0.227
0481,2007,0.233
0481,2008,0.242
0481,2009,0.251
0481,2010,0.259
0481,2011,0.267
0481,2012,0.274
0481,2013,0.275
0481,2014,0.276
0481,2015,0.277
0481,2016,0.277
0481,2017,0.277
0481,2018,0.278
0481,2019,0.281
0481,2020,0.279
0481,2021,0.279
0482,2005,0.208
0482,2006,0.215
0482,2007,0.22
0482,2008,0.225
0482,2009,0.23
0482,2010,0.238
0482,2011,0.247
0482,2012,0.254
0482,2013,0.26
0482,2014,0.266
0482,2015,0.268
0482,2016,0.269
0482,2017,0.272
0482,2018,0.277
0482,2019,0.278
0482,2020,0.282
0482,2021,0.289
0483,2005,0.2
0483,2006,0.201
0483,2007,0.203
0483,2008,0.205
0483,2009,0.207
0483,2010,0.213
0483,2011,0.216
0483,2012,0.22
0483,2013,0.222
0483,2014,0.225
0483,2015,0.226
0483,2016,0.227
0483,2017,0.228
0483,2018,0.229
0483,2019,0.231
0483,2020,0.232
0483,2021,0.234
0484,2005,0.179
0484,2006,0.18
0484,2007,0.18
0484,2008,0.181
0484,2009,0.185
0484,2010,0.188
0484,2011,0.191
0484,2012,0.194
0484,2013,0.196
0484,2014,0.197
0484,2015,0.199
0484,2016,0.198
0484,2017,0.198
0484,2018,0.197
0484,2019,0.198
0484,2020,0.2
0484,2021,0.201
0486,2005,0.169
0486,2006,0.172
0486,2007,0.176
0486,2008,0.18
0486,2009,0.186
0486,2010,0.195
0486,2011,0.201
0486,2012,0.208
0486,2013,0.213
0486,2014,0.219
0486,2015,0.222
0486,2016,0.223
0486,2017,0.226
0486,2018,0.228
0486,2019,0.227
0486,2020,0.227
0486,2021,0.228
0488,2005,0.153
0488,2006,0.158
0488,2007,0.169
0488,2008,0.175
0488,2009,0.185
0488,2010,0.194
0488,2011,0.204
0488,2012,0.212
0488,2013,0.221
0488,2014,0.231
0488,2015,0.238
0488,2016,0.242
0488,2017,0.244
0488,2018,0.246
0488,2019,0.246
0488,2020,0.246
0488,2021,0.247
0509,2005,0.209
0509,2006,0.212
0509,2007,0.214
0509,2008,0.218
0509,2009,0.226
0509,2010,0.235
0509,2011,0.244
0509,2012,0.252
0509,2013,0.259
0509,2014,0.266
0509,2015,0.274
0509,2016,0.272
0509,2017,0.273
0509,2018,0.276
0509,2019,0.274
0509,2020,0.278
0509,2021,0.283
0512,2005,0.228
0512,2006,0.229
0512,2007,0.232
0512,2008,0.236
0512,2009,0.243
0512,2010,0.246
0512,2011,0.258
0512,2012,0.269
0512,2013,0.274
0512,2014,0.279
0512,2015,0.284
0512,2016,0.289
0512,2017,0.285
0512,2018,0.291
0512,2019,0.3
0512,2020,0.304
0512,2021,0.316
0513,2005,0.208
0513,2006,0.212
0513,2007,0.217
0513,2008,0.223
0513,2009,0.228
0513,2010,0.234
0513,2011,0.238
0513,2012,0.242
0513,2013,0.245
0513,2014,0.249
0513,2015,0.256
0513,2016,0.26
0513,2017,0.264
0513,2018,0.266
0513,2019,0.271
0513,2020,0.273
0513,2021,0.274
0560,2005,0.204
0560,2006,0.207
0560,2007,0.207
0560,2008,0.21
0560,2009,0.218
0560,2010,0.225
0560,2011,0.227
0560,2012,0.234
0560,2013,0.242
0560,2014,0.243
0560,2015,0.25
0560,2016,0.255
0560,2017,0.257
0560,2018,0.26
0560,2019,0.263
0560,2020,0.27
0560,2021,0.271
0561,2005,0.205
0561,2006,0.206
0561,2007,0.213
0561,2008,0.216
0561,2009,0.222
0561,2010,0.229
0561,2011,0.234
0561,2012,0.242
0561,2013,0.245
0561,2014,0.249
0561,2015,0.251
0561,2016,0.254
0561,2017,0.257
0561,2018,0.263
0561,2019,0.266
0561,2020,0.268
0561,2021,0.269
0562,2005,0.208
0562,2006,0.212
0562,2007,0.216
0562,2008,0.222
0562,2009,0.225
0562,2010,0.231
0562,2011,0.236
0562,2012,0.239
0562,2013,0.241
0562,2014,0.244
0562,2015,0.247
0562,2016,0.245
0562,2017,0.248
0562,2018,0.248
0562,2019,0.248
0562,2020,0.251
0562,2021,0.251
0563,2005,0.214
0563,2006,0.221
0563,2007,0.226
0563,2008,0.233
0563,2009,0.246
0563,2010,0.261
0563,2011,0.274
0563,2012,0.286
0563,2013,0.292
0563,2014,0.301
0563,2015,0.309
0563,2016,0.308
0563,2017,0.311
0563,2018,0.315
0563,2019,0.316
0563,2020,0.321
0563,2021,0.326
0580,2005,0.161
0580,2006,0.161
0580,2007,0.162
0580,2008,0.163
0580,2009,0.164
0580,2010,0.165
0580,2011,0.169
0580,2012,0.171
0580,2013,0.172
0580,2014,0.174
0580,2015,0.175
0580,2016,0.175
0580,2017,0.175
0580,2018,0.175
0580,2019,0.175
0580,2020,0.175
0580,2021,0.177
0581,2005,0.172
0581,2006,0.172
0581,2007,0.173
0581,2008,0.175
0581,2009,0.176
0581,2010,0.18
0581,2011,0.185
0581,2012,0.187
0581,2013,0.188
0581,2014,0.19
0581,2015,0.191
0581,2016,0.19
0581,2017,0.19
0581,2018,0.192
0581,2019,0.193
0581,2020,0.194
0581,2021,0.195
0582,2005,0.17
0582,2006,0.177
0582,2007,0.183
0582,2008,0.192
0582,2009,0.201
0582,2010,0.211
0582,2011,0.217
0582,2012,0.223
0582,2013,0.227
0582,2014,0.231
0582,2015,0.239
0582,2016,0.242
0582,2017,0.241
0582,2018,0.247
0582,2019,0.251
0582,2020,0.254
0582,2021,0.257
0583,2005,0.187
0583,2006,0.189
0583,2007,0.191
0583,2008,0.195
0583,2009,0.2
0583,2010,0.205
0583,2011,0.211
0583,2012,0.215
0583,2013,0.218
0583,2014,0.221
0583,2015,0.223
0583,2016,0.226
0583,2017,0.228
0583,2018,0.229
0583,2019,0.233
0583,2020,0.236
0583,2021,0.238
0584,2005,0.228
0584,2006,0.232
0584,2007,0.243
0584,2008,0.251
0584,2009,0.262
0584,2010,0.27
0584,2011,0.282
0584,2012,0.29
0584,2013,0.299
0584,2014,0.31
0584,2015,0.315
0584,2016,0.317
0584,2017,0.313
0584,2018,0.313
0584,2019,0.321
0584,2020,0.327
0584,2021,0.33
0586,2005,0.185
0586,2006,0.188
0586,2007,0.191
0586,2008,0.194
0586,2009,0.199
0586,2010,0.202
0586,2011,0.205
0586,2012,0.209
0586,2013,0.213
0586,2014,0.218
0586,2015,0.219
0586,2016,0.219
0586,2017,0.217
0586,2018,0.217
0586,2019,0.215
0586,2020,0.214
0586,2021,0.215
0604,2005,0.188
0604,2006,0.187
0604,2007,0.193
0604,2008,0.194
0604,2009,0.2
0604,2010,0.204
0604,2011,0.204
0604,2012,0.21
0604,2013,0.218
0604,2014,0.224
0604,2015,0.222
0604,2016,0.222
0604,2017,0.219
0604,2018,0.221
0604,2019,0.224
0604,2020,0.228
0604,2021,0.232
0617,2005,0.155
0617,2006,0.156
0617,2007,0.158
0617,2008,0.161
0617,2009,0.165
0617,2010,0.171
0617,2011,0.178
0617,2012,0.184
0617,2013,0.187
0617,2014,0.192
0617,2015,0.197
0617,2016,0.2
0617,2017,0.202
0617,2018,0.205
0617,2019,0.211
0617,2020,0.215
0617,2021,0.217
0642,2005,0.159
0642,2006,0.162
0642,2007,0.167
0642,2008,0.173
0642,2009,0.183
0642,2010,0.193
0642,2011,0.202
0642,2012,0.21
0642,2013,0.22
0642,2014,0.227
0642,2015,0.23
0642,2016,0.233
0642,2017,0.234
0642,2018,0.237
0642,2019,0.242
0642,2020,0.245
0642,2021,0.243
0643,2005,0.135
0643,2006,0.136
0643,2007,0.139
0643,2008,0.142
0643,2009,0.148
0643,2010,0.153
0643,2011,0.159
0643,2012,0.164
0643,2013,0.169
0643,2014,0.173
0643,2015,0.174
0643,2016,0.175
0643,2017,0.174
0643,2018,0.175
0643,2019,0.176
0643,2020,0.179
0643,2021,0.18
0662,2005,0.167
0662,2006,0.168
0662,2007,0.17
0662,2008,0.174
0662,2009,0.179
0662,2010,0.184
0662,2011,0.19
0662,2012,0.194
0662,2013,0.199
0662,2014,0.202
0662,2015,0.201
0662,2016,0.202
0662,2017,0.203
0662,2018,0.204
0662,2019,0.205
0662,2020,0.209
0662,2021,0.212
0665,2005,0.177
0665,2006,0.176
0665,2007,0.176
0665,2008,0.18
0665,2009,0.184
0665,2010,0.188
0665,2011,0.19
0665,2012,0.194
0665,2013,0.199
0665,2014,0.201
0665,2015,0.202
0665,2016,0.201
0665,2017,0.201
0665,2018,0.2
0665,2019,0.199
0665,2020,0.2
0665,2021,0.2
0680,2005,0.176
0680,2006,0.175
0680,2007,0.175
0680,2008,0.177
0680,2009,0.179
0680,2010,0.182
0680,2011,0.184
0680,2012,0.186
0680,2013,0.189
0680,2014,0.191
0680,2015,0.192
0680,2016,0.192
0680,2017,0.191
0680,2018,0.19
0680,2019,0.19
0680,2020,0.19
0680,2021,0.191
0682,2005,0.204
0682,2006,0.203
0682,2007,0.202
0682,2008,0.203
0682,2009,0.206
0682,2010,0.211
0682,2011,0.214
0682,2012,0.216
0682,2013,0.218
0682,2014,0.218
0682,2015,0.215
0682,2016,0.214
0682,2017,0.213
0682,2018,0.213
0682,2019,0.215
0682,2020,0.216
0682,2021,0.217
0683,2005,0.186
0683,2006,0.187
0683,2007,0.188
0683,2008,0.19
0683,2009,0.195
0683,2010,0.199
0683,2011,0.201
0683,2012,0.203
0683,2013,0.207
0683,2014,0.207
0683,2015,0.208
0683,2016,0.208
0683,2017,0.21
0683,2018,0.211
0683,2019,0.214
0683,2020,0.216
0683,2021,0.219
0684,2005,0.208
0684,2006,0.205
0684,2007,0.207
0684,2008,0.211
0684,2009,0.214
0684,2010,0.216
0684,2011,0.222
0684,2012,0.227
0684,2013,0.23
0684,2014,0.232
0684,2015,0.234
0684,2016,0.235
0684,2017,0.235
0684,2018,0.236
0684,2019,0.237
0684,2020,0.237
0684,2021,0.238
0685,2005,0.201
0685,2006,0.205
0685,2007,0.207
0685,2008,0.211
0685,2009,0.214
0685,2010,0.217
0685,2011,0.221
0685,2012,0.226
0685,2013,0.23
0685,2014,0.232
0685,2015,0.234
0685,2016,0.234
0685,2017,0.235
0685,2018,0.239
0685,2019,0.243
0685,2020,0.243
0685,2021,0.245
0686,2005,0.214
0686,2006,0.213
0686,2007,0.216
0686,2008,0.221
0686,2009,0.226
0686,2010,0.23
0686,2011,0.234
0686,2012,0.238
0686,2013,0.242
0686,2014,0.243
0686,2015,0.245
0686,2016,0.245
0686,2017,0.243
0686,2018,0.245
0686,2019,0.249
0686,2020,0.251
0686,2021,0.255
0687,2005,0.22
0687,2006,0.219
0687,2007,0.219
0687,2008,0.22
0687,2009,0.226
0687,2010,0.229
0687,2011,0.234
0687,2012,0.239
0687,2013,0.241
0687,2014,0.243
0687,2015,0.245
0687,2016,0.245
0687,2017,0.245
0687,2018,0.244
0687,2019,0.245
0687,2020,0.248
0687,2021,0.251
0760,2005,0.226
0760,2006,0.225
0760,2007,0.225
0760,2008,0.225
0760,2009,0.228
0760,2010,0.232
0760,2011,0.235
0760,2012,0.239
0760,2013,0.242
0760,2014,0.247
0760,2015,0.248
0760,2016,0.246
0760,2017,0.247
0760,2018,0.243
0760,2019,0.242
0760,2020,0.245
0760,2021,0.248
0761,2005,0.199
0761,2006,0.198
0761,2007,0.201
0761,2008,0.203
0761,2009,0.208
0761,2010,0.217
0761,2011,0.225
0761,2012,0.232
0761,2013,0.238
0761,2014,0.237
0761,2015,0.23
0761,2016,0.229
0761,2017,0.228
0761,2018,0.23
0761,2019,0.233
0761,2020,0.237
0761,2021,0.242
0763,2005,0.245
0763,2006,0.246
0763,2007,0.249
0763,2008,0.254
0763,2009,0.261
0763,2010,0.267
0763,2011,0.269
0763,2012,0.273
0763,2013,0.274
0763,2014,0.278
0763,2015,0.277
0763,2016,0.275
0763,2017,0.276
0763,2018,0.28
0763,2019,0.281
0763,2020,0.281
0763,2021,0.287
0764,2005,0.194
0764,2006,0.194
0764,2007,0.194
0764,2008,0.199
0764,2009,0.204
0764,2010,0.206
0764,2011,0.21
0764,2012,0.211
0764,2013,0.212
0764,2014,0.214
0764,2015,0.217
0764,2016,0.219
0764,2017,0.221
0764,2018,0.224
0764,2019,0.226
0764,2020,0.225
0764,2021,0.229
0765,2005,0.203
0765,2006,0.204
0765,2007,0.203
0765,2008,0.202
0765,2009,0.202
0765,2010,0.205
0765,2011,0.208
0765,2012,0.208
0765,2013,0.211
0765,2014,0.213
0765,2015,0.212
0765,2016,0.211
0765,2017,0.204
0765,2018,0.2
0765,2019,0.202
0765,2020,0.2
0765,2021,0.203
0767,2005,0.221
0767,2006,0.22
0767,2007,0.223
0767,2008,0.227
0767,2009,0.233
0767,2010,0.239
0767,2011,0.248
0767,2012,0.255
0767,2013,0.259
0767,2014,0.26
0767,2015,0.258
0767,2016,0.254
0767,2017,0.253
0767,2018,0.253
0767,2019,0.254
0767,2020,0.253
0767,2021,0.253
0780,2005,0.162
0780,2006,0.162
0780,2007,0.165
0780,2008,0.166
0780,2009,0.17
0780,2010,0.173
0780,2011,0.177
0780,2012,0.18
0780,2013,0.182
0780,2014,0.185
0780,2015,0.187
0780,2016,0.188
0780,2017,0.187
0780,2018,0.187
0780,2019,0.188
0780,2020,0.189
0780,2021,0.189
0781,2005,0.197
0781,2006,0.198
0781,2007,0.2
0781,2008,0.202
0781,2009,0.207
0781,2010,0.212
0781,2011,0.218
0781,2012,0.222
0781,2013,0.228
0781,2014,0.23
0781,2015,0.232
0781,2016,0.233
0781,2017,0.234
0781,2018,0.236
0781,2019,0.239
0781,2020,0.24
0781,2021,0.244
0821,2005,0.234
0821,2006,0.231
0821,2007,0.237
0821,2008,0.239
0821,2009,0.244
0821,2010,0.254
0821,2011,0.256
0821,2012,0.262
0821,2013,0.262
0821,2014,0.259
0821,2015,0.258
0821,2016,0.248
0821,2017,0.248
0821,2018,0.254
0821,2019,0.259
0821,2020,0.269
0821,2021,0.277
0834,2005,0.22
0834,2006,0.225
0834,2007,0.229
0834,2008,0.229
0834,2009,0.234
0834,2010,0.24
0834,2011,0.251
0834,2012,0.261
0834,2013,0.268
0834,2014,0.275
0834,2015,0.278
0834,2016,0.277
0834,2017,0.278
0834,2018,0.281
0834,2019,0.283
0834,2020,0.286
0834,2021,0.291
0840,2005,0.203
0840,2006,0.205
0840,2007,0.211
0840,2008,0.216
0840,2009,0.22
0840,2010,0.224
0840,2011,0.228
0840,2012,0.236
0840,2013,0.246
0840,2014,0.253
0840,2015,0.259
0840,2016,0.262
0840,2017,0.263
0840,2018,0.267
0840,2019,0.273
0840,2020,0.277
0840,2021,0.28
0860,2005,0.232
0860,2006,0.234
0860,2007,0.235
0860,2008,0.24
0860,2009,0.248
0860,2010,0.252
0860,2011,0.256
0860,2012,0.262
0860,2013,0.264
0860,2014,0.264
0860,2015,0.264
0860,2016,0.254
0860,2017,0.256
0860,2018,0.261
0860,2019,0.265
0860,2020,0.272
0860,2021,0.276
0861,2005,0.208
0861,2006,0.21
0861,2007,0.214
0861,2008,0.22
0861,2009,0.226
0861,2010,0.234
0861,2011,0.24
0861,2012,0.246
0861,2013,0.248
0861,2014,0.251
0861,2015,0.251
0861,2016,0.252
0861,2017,0.253
0861,2018,0.255
0861,2019,0.26
0861,2020,0.265
0861,2021,0.27
0862,2005,0.23
0862,2006,0.229
0862,2007,0.233
0862,2008,0.238
0862,2009,0.246
0862,2010,0.251
0862,2011,0.259
0862,2012,0.264
0862,2013,0.269
0862,2014,0.269
0862,2015,0.27
0862,2016,0.266
0862,2017,0.267
0862,2018,0.271
0862,2019,0.27
0862,2020,0.275
0862,2021,0.28
0880,2005,0.173
0880,2006,0.174
0880,2007,0.175
0880,2008,0.178
0880,2009,0.18
0880,2010,0.184
0880,2011,0.189
0880,2012,0.191
0880,2013,0.194
0880,2014,0.197
0880,2015,0.198
0880,2016,0.199
0880,2017,0.199
0880,2018,0.201
0880,2019,0.202
0880,2020,0.203
0880,2021,0.204
0881,2005,0.22
0881,2006,0.221
0881,2007,0.225
0881,2008,0.228
0881,2009,0.236
0881,2010,0.239
0881,2011,0.242
0881,2012,0.246
0881,2013,0.25
0881,2014,0.25
0881,2015,0.251
0881,2016,0.245
0881,2017,0.246
0881,2018,0.247
0881,2019,0.251
0881,2020,0.253
0881,2021,0.252
0882,2005,0.197
0882,2006,0.201
0882,2007,0.205
0882,2008,0.21
0882,2009,0.214
0882,2010,0.221
0882,2011,0.228
0882,2012,0.231
0882,2013,0.235
0882,2014,0.238
0882,2015,0.239
0882,2016,0.237
0882,2017,0.241
0882,2018,0.243
0882,2019,0.246
0882,2020,0.248
0882,2021,0.249
0883,2005,0.219
0883,2006,0.223
0883,2007,0.226
0883,2008,0.233
0883,2009,0.238
0883,2010,0.247
0883,2011,0.254
0883,2012,0.261
0883,2013,0.266
0883,2014,0.27
0883,2015,0.274
0883,2016,0.277
0883,2017,0.281
0883,2018,0.283
0883,2019,0.288
0883,2020,0.292
0883,2021,0.296
0884,2005,0.201
0884,2006,0.203
0884,2007,0.205
0884,2008,0.208
0884,2009,0.213
0884,2010,0.221
0884,2011,0.228
0884,2012,0.235
0884,2013,0.241
0884,2014,0.248
0884,2015,0.246
0884,2016,0.245
0884,2017,0.246
0884,2018,0.247
0884,2019,0.252
0884,2020,0.254
0884,2021,0.258
0885,2005,0.254
0885,2006,0.261
0885,2007,0.267
0885,2008,0.273
0885,2009,0.28
0885,2010,0.29
0885,2011,0.302
0885,2012,0.307
0885,2013,0.321
0885,2014,0.326
0885,2015,0.335
0885,2016,0.333
0885,2017,0.341
0885,2018,0.348
0885,2019,0.359
0885,2020,0.369
0885,2021,0.375
0980,2005,0.185
0980,2006,0.188
0980,2007,0.194
0980,2008,0.201
0980,2009,0.206
0980,2010,0.213
0980,2011,0.221
0980,2012,0.227
0980,2013,0.233
0980,2014,0.24
0980,2015,0.246
0980,2016,0.248
0980,2017,0.252
0980,2018,0.255
0980,2019,0.258
0980,2020,0.263
0980,2021,0.266
1060,2005,0.221
1060,2006,0.224
1060,2007,0.228
1060,2008,0.232
1060,2009,0.238
1060,2010,0.248
1060,2011,0.254
1060,2012,0.258
1060,2013,0.262
1060,2014,0.264
1060,2015,0.262
1060,2016,0.259
1060,2017,0.259
1060,2018,0.258
1060,2019,0.261
1060,2020,0.265
1060,2021,0.266
1080,2005,0.189
1080,2006,0.188
1080,2007,0.19
1080,2008,0.192
1080,2009,0.194
1080,2010,0.197
1080,2011,0.201
1080,2012,0.207
1080,2013,0.21
1080,2014,0.212
1080,2015,0.213
1080,2016,0.213
1080,2017,0.215
1080,2018,0.218
1080,2019,0.22
1080,2020,0.222
1080,2021,0.223
1081,2005,0.206
1081,2006,0.207
1081,2007,0.21
1081,2008,0.217
1081,2009,0.221
1081,2010,0.227
1081,2011,0.237
1081,2012,0.243
1081,2013,0.248
1081,2014,0.25
1081,2015,0.247
1081,2016,0.245
1081,2017,0.245
1081,2018,0.245
1081,2019,0.248
1081,2020,0.249
1081,2021,0.253
1082,2005,0.21
1082,2006,0.211
1082,2007,0.216
1082,2008,0.222
1082,2009,0.226
1082,2010,0.232
1082,2011,0.237
1082,2012,0.241
1082,2013,0.244
1082,2014,0.246
1082,2015,0.247
1082,2016,0.247
1082,2017,0.247
1082,2018,0.247
1082,2019,0.249
1082,2020,0.251
1082,2021,0.254
1083,2005,0.21
1083,2006,0.213
1083,2007,0.218
1083,2008,0.222
1083,2009,0.231
1083,2010,0.235
1083,2011,0.24
1083,2012,0.245
1083,2013,0.25
1083,2014,0.252
1083,2015,0.253
1083,2016,0.253
1083,2017,0.255
1083,2018,0.257
1083,2019,0.261
1083,2020,0.266
1083,2021,0.268
1214,2005,0.158
1214,2006,0.16
1214,2007,0.161
1214,2008,0.166
1214,2009,0.171
1214,2010,0.176
1214,2011,0.181
1214,2012,0.186
1214,2013,0.19
1214,2014,0.189
1214,2015,0.186
1214,2016,0.185
1214,2017,0.186
1214,2018,0.186
1214,2019,0.183
1214,2020,0.185
1214,2021,0.186
1230,2005,0.142
1230,2006,0.146
1230,2007,0.153
1230,2008,0.159
1230,2009,0.168
1230,2010,0.174
1230,2011,0.18
1230,2012,0.182
1230,2013,0.188
1230,2014,0.19
1230,2015,0.192
1230,2016,0.191
1230,2017,0.19
1230,2018,0.189
1230,2019,0.184
1230,2020,0.181
1230,2021,0.181
1231,2005,0.163
1231,2006,0.163
1231,2007,0.165
1231,2008,0.169
1231,2009,0.17
1231,2010,0.171
1231,2011,0.176
1231,2012,0.178
1231,2013,0.181
1231,2014,0.181
1231,2015,0.18
1231,2016,0.181
1231,2017,0.18
1231,2018,0.179
1231,2019,0.175
1231,2020,0.174
1231,2021,0.171
1233,2005,0.161
1233,2006,0.164
1233,2007,0.172
1233,2008,0.181
1233,2009,0.19
1233,2010,0.199
1233,2011,0.206
1233,2012,0.214
1233,2013,0.219
1233,2014,0.225
1233,2015,0.226
1233,2016,0.226
1233,2017,0.226
1233,2018,0.226
1233,2019,0.229
1233,2020,0.23
1233,2021,0.229
1256,2005,0.192
1256,2006,0.192
1256,2007,0.197
1256,2008,0.204
1256,2009,0.211
1256,2010,0.215
1256,2011,0.221
1256,2012,0.227
1256,2013,0.229
1256,2014,0.229
1256,2015,0.227
1256,2016,0.224
1256,2017,0.223
1256,2018,0.221
1256,2019,0.221
1256,2020,0.221
1256,2021,0.226
1257,2005,0.201
1257,2006,0.206
1257,2007,0.209
1257,2008,0.211
1257,2009,0.214
1257,2010,0.218
1257,2011,0.225
1257,2012,0.234
1257,2013,0.239
1257,2014,0.243
1257,2015,0.245
1257,2016,0.245
1257,2017,0.244
1257,2018,0.242
1257,2019,0.242
1257,2020,0.238
1257,2021,0.237
1260,2005,0.163
1260,2006,0.164
1260,2007,0.164
1260,2008,0.167
1260,2009,0.171
1260,2010,0.175
1260,2011,0.179
1260,2012,0.183
1260,2013,0.188
1260,2014,0.19
1260,2015,0.193
1260,2016,0.189
1260,2017,0.188
1260,2018,0.188
1260,2019,0.188
1260,2020,0.188
1260,2021,0.19
1261,2005,0.138
1261,2006,0.139
1261,2007,0.144
1261,2008,0.149
1261,2009,0.155
1261,2010,0.162
1261,2011,0.168
1261,2012,0.175
1261,2013,0.181
1261,2014,0.185
1261,2015,0.186
1261,2016,0.187
1261,2017,0.188
1261,2018,0.188
1261,2019,0.189
1261,2020,0.188
1261,2021,0.188
1262,2005,0.177
1262,2006,0.179
1262,2007,0.184
1262,2008,0.188
1262,2009,0.19
1262,2010,0.197
1262,2011,0.201
1262,2012,0.204
1262,2013,0.207
1262,2014,0.209
1262,2015,0.209
1262,2016,0.209
1262,2017,0.208
1262,2018,0.206
1262,2019,0.205
1262,2020,0.209
1262,2021,0.211
1263,2005,0.134
1263,2006,0.136
1263,2007,0.138
1263,2008,0.141
1263,2009,0.148
1263,2010,0.154
1263,2011,0.16
1263,2012,0.164
1263,2013,0.17
1263,2014,0.174
1263,2015,0.177
1263,2016,0.177
1263,2017,0.177
1263,2018,0.18
1263,2019,0.179
1263,2020,0.178
1263,2021,0.176
1264,2005,0.165
1264,2006,0.165
1264,2007,0.164
1264,2008,0.169
1264,2009,0.175
1264,2010,0.183
1264,2011,0.187
1264,2012,0.192
1264,2013,0.197
1264,2014,0.201
1264,2015,0.203
1264,2016,0.204
1264,2017,0.205
1264,2018,0.206
1264,2019,0.207
1264,2020,0.208
1264,2021,0.208
1265,2005,0.184
1265,2006,0.185
1265,2007,0.187
1265,2008,0.192
1265,2009,0.197
1265,2010,0.205
1265,2011,0.211
1265,2012,0.217
1265,2013,0.219
1265,2014,0.224
1265,2015,0.228
1265,2016,0.231
1265,2017,0.231
1265,2018,0.233
1265,2019,0.236
1265,2020,0.235
1265,2021,0.236
1266,2005,0.189
1266,2006,0.189
1266,2007,0.192
1266,2008,0.193
1266,2009,0.197
1266,2010,0.201
1266,2011,0.207
1266,2012,0.212
1266,2013,0.215
1266,2014,0.219
1266,2015,0.221
1266,2016,0.223
1266,2017,0.222
1266,2018,0.224
1266,2019,0.225
1266,2020,0.229
1266,2021,0.232
1267,2005,0.171
1267,2006,0.174
1267,2007,0.175
1267,2008,0.181
1267,2009,0.185
1267,2010,0.187
1267,2011,0.193
1267,2012,0.196
1267,2013,0.2
1267,2014,0.202
1267,2015,0.204
1267,2016,0.205
1267,2017,0.207
1267,2018,0.209
1267,2019,0.211
1267,2020,0.216
1267,2021,0.218
1270,2005,0.216
1270,2006,0.215
1270,2007,0.216
1270,2008,0.217
1270,2009,0.222
1270,2010,0.226
1270,2011,0.232
1270,2012,0.235
1270,2013,0.238
1270,2014,0.241
1270,2015,0.243
1270,2016,0.244
1270,2017,0.246
1270,2018,0.248
1270,2019,0.253
1270,2020,0.255
1270,2021,0.261
1272,2005,0.191
1272,2006,0.196
1272,2007,0.203
1272,2008,0.207
1272,2009,0.211
1272,2010,0.215
1272,2011,0.221
1272,2012,0.225
1272,2013,0.23
1272,2014,0.234
1272,2015,0.238
1272,2016,0.239
1272,2017,0.244
1272,2018,0.244
1272,2019,0.245
1272,2020,0.248
1272,2021,0.248
1273,2005,0.212
1273,2006,0.214
1273,2007,0.215
1273,2008,0.22
1273,2009,0.225
1273,2010,0.227
1273,2011,0.234
1273,2012,0.24
1273,2013,0.243
1273,2014,0.246
1273,2015,0.249
1273,2016,0.248
1273,2017,0.25
1273,2018,0.249
1273,2019,0.253
1273,2020,0.256
1273,2021,0.256
1275,2005,0.192
1275,2006,0.195
1275,2007,0.194
1275,2008,0.2
1275,2009,0.205
1275,2010,0.21
1275,2011,0.208
1275,2012,0.21
1275,2013,0.214
1275,2014,0.214
1275,2015,0.217
1275,2016,0.217
1275,2017,0.219
1275,2018,0.216
1275,2019,0.215
1275,2020,0.219
1275,2021,0.22
1276,2005,0.193
1276,2006,0.193
1276,2007,0.194
1276,2008,0.198
1276,2009,0.201
1276,2010,0.203
1276,2011,0.208
1276,2012,0.213
1276,2013,0.218
1276,2014,0.225
1276,2015,0.227
1276,2016,0.227
1276,2017,0.226
1276,2018,0.228
1276,2019,0.228
1276,2020,0.228
1276,2021,0.228
1277,2005,0.154
1277,2006,0.154
1277,2007,0.156
1277,2008,0.159
1277,2009,0.165
1277,2010,0.169
1277,2011,0.171
1277,2012,0.174
1277,2013,0.18
1277,2014,0.183
1277,2015,0.185
1277,2016,0.183
1277,2017,0.182
1277,2018,0.181
1277,2019,0.183
1277,2020,0.179
1277,2021,0.177
1278,2005,0.246
1278,2006,0.249
1278,2007,0.254
1278,2008,0.261
1278,2009,0.268
1278,2010,0.275
1278,2011,0.284
1278,2012,0.291
1278,2013,0.297
1278,2014,0.3
1278,2015,0.303
1278,2016,0.302
1278,2017,0.307
1278,2018,0.309
1278,2019,0.311
1278,2020,0.315
1278,2021,0.315
1280,2005,0.17
1280,2006,0.166
1280,2007,0.163
1280,2008,0.16
1280,2009,0.158
1280,2010,0.156
1280,2011,0.156
1280,2012,0.156
1280,2013,0.155
1280,2014,0.155
1280,2015,0.155
1280,2016,0.154
1280,2017,0.154
1280,2018,0.153
1280,2019,0.153
1280,2020,0.153
1280,2021,0.153
1281,2005,0.129
1281,2006,0.132
1281,2007,0.134
1281,2008,0.137
1281,2009,0.141
1281,2010,0.145
1281,2011,0.149
1281,2012,0.153
1281,2013,0.156
1281,2014,0.159
1281,2015,0.162
1281,2016,0.165
1281,2017,0.166
1281,2018,0.168
1281,2019,0.169
1281,2020,0.171
1281,2021,0.172
1282,2005,0.188
1282,2006,0.187
1282,2007,0.187
1282,2008,0.189
1282,2009,0.191
1282,2010,0.192
1282,2011,0.196
1282,2012,0.197
1282,2013,0.198
1282,2014,0.2
1282,2015,0.203
1282,2016,0.202
1282,2017,0.202
1282,2018,0.203
1282,2019,0.206
1282,2020,0.208
1282,2021,0.21
1283,2005,0.178
1283,2006,0.177
1283,2007,0.177
1283,2008,0.179
1283,2009,0.182
1283,2010,0.184
1283,2011,0.186
1283,2012,0.187
1283,2013,0.189
1283,2014,0.19
1283,2015,0.19
1283,2016,0.19
1283,2017,0.189
1283,2018,0.188
1283,2019,0.189
1283,2020,0.189
1283,2021,0.191
1284,2005,0.208
1284,2006,0.209
1284,2007,0.214
1284,2008,0.218
1284,2009,0.225
1284,2010,0.231
1284,2011,0.238
1284,2012,0.244
1284,2013,0.249
1284,2014,0.257
1284,2015,0.259
1284,2016,0.263
1284,2017,0.265
1284,2018,0.267
1284,2019,0.269
1284,2020,0.273
1284,2021,0.275
1285,2005,0.165
1285,2006,0.167
1285,2007,0.168
1285,2008,0.169
1285,2009,0.172
1285,2010,0.176
1285,2011,0.178
1285,2012,0.182
1285,2013,0.184
1285,2014,0.186
1285,2015,0.187
1285,2016,0.187
1285,2017,0.187
1285,2018,0.188
1285,2019,0.188
1285,2020,0.189
1285,2021,0.188
1286,2005,0.223
1286,2006,0.226
1286,2007,0.229
1286,2008,0.233
1286,2009,0.238
1286,2010,0.242
1286,2011,0.247
1286,2012,0.252
1286,2013,0.257
1286,2014,0.262
1286,2015,0.264
1286,2016,0.266
1286,2017,0.27
1286,2018,0.272
1286,2019,0.276
1286,2020,0.28
1286,2021,0.281
1287,2005,0.187
1287,2006,0.188
1287,2007,0.19
1287,2008,0.193
1287,2009,0.196
1287,2010,0.199
1287,2011,0.203
1287,2012,0.207
1287,2013,0.211
1287,2014,0.214
1287,2015,0.216
1287,2016,0.216
1287,2017,0.216
1287,2018,0.216
1287,2019,0.216
1287,2020,0.216
1287,2021,0.217
1290,2005,0.184
1290,2006,0.186
1290,2007,0.188
1290,2008,0.191
1290,2009,0.194
1290,2010,0.198
1290,2011,0.203
1290,2012,0.207
1290,2013,0.21
1290,2014,0.212
1290,2015,0.214
1290,2016,0.215
1290,2017,0.216
1290,2018,0.217
1290,2019,0.219
1290,2020,0.22
1290,2021,0.222
1291,2005,0.255
1291,2006,0.257
1291,2007,0.264
1291,2008,0.269
1291,2009,0.277
1291,2010,0.284
1291,2011,0.294
1291,2012,0.301
1291,2013,0.31
1291,2014,0.319
1291,2015,0.326
1291,2016,0.325
1291,2017,0.329
1291,2018,0.336
1291,2019,0.343
1291,2020,0.345
1291,2021,0.351
1292,2005,0.197
1292,2006,0.199
1292,2007,0.202
1292,2008,0.207
1292,2009,0.212
1292,2010,0.216
1292,2011,0.221
1292,2012,0.225
1292,2013,0.23
1292,2014,0.234
1292,2015,0.237
1292,2016,0.237
1292,2017,0.238
1292,2018,0.238
1292,2019,0.241
1292,2020,0.241
1292,2021,0.242
1293,2005,0.197
1293,2006,0.198
1293,2007,0.201
1293,2008,0.205
1293,2009,0.21
1293,2010,0.215
1293,2011,0.221
1293,2012,0.224
1293,2013,0.227
1293,2014,0.23
1293,2015,0.231
1293,2016,0.232
1293,2017,0.233
1293,2018,0.234
1293,2019,0.235
1293,2020,0.236
1293,2021,0.237
1315,2005,0.203
1315,2006,0.201
1315,2007,0.2
1315,2008,0.203
1315,2009,0.204
1315,2010,0.211
1315,2011,0.215
1315,2012,0.219
1315,2013,0.223
1315,2014,0.22
1315,2015,0.219
1315,2016,0.212
1315,2017,0.215
1315,2018,0.218
1315,2019,0.223
1315,2020,0.228
1315,2021,0.232
1380,2005,0.181
1380,2006,0.182
1380,2007,0.184
1380,2008,0.188
1380,2009,0.191
1380,2010,0.194
1380,2011,0.198
1380,2012,0.201
1380,2013,0.204
1380,2014,0.205
1380,2015,0.206
1380,2016,0.206
1380,2017,0.206
1380,2018,0.207
1380,2019,0.207
1380,2020,0.208
1380,2021,0.208
1381,2005,0.198
1381,2006,0.198
1381,2007,0.201
1381,2008,0.207
1381,2009,0.213
1381,2010,0.219
1381,2011,0.227
1381,2012,0.232
1381,2013,0.238
1381,2014,0.242
1381,2015,0.244
1381,2016,0.245
1381,2017,0.246
1381,2018,0.251
1381,2019,0.253
1381,2020,0.258
1381,2021,0.259
1382,2005,0.2
1382,2006,0.202
1382,2007,0.205
1382,2008,0.208
1382,2009,0.213
1382,2010,0.217
1382,2011,0.221
1382,2012,0.227
1382,2013,0.23
1382,2014,0.233
1382,2015,0.236
1382,2016,0.237
1382,2017,0.24
1382,2018,0.242
1382,2019,0.243
1382,2020,0.244
1382,2021,0.247
1383,2005,0.186
1383,2006,0.188
1383,2007,0.19
1383,2008,0.193
1383,2009,0.197
1383,2010,0.202
1383,2011,0.208
1383,2012,0.213
1383,2013,0.219
1383,2014,0.224
1383,2015,0.228
1383,2016,0.23
1383,2017,0.232
1383,2018,0.234
1383,2019,0.237
1383,2020,0.24
1383,2021,0.243
1384,2005,0.148
1384,2006,0.152
1384,2007,0.156
1384,2008,0.163
1384,2009,0.168
1384,2010,0.174
1384,2011,0.179
1384,2012,0.183
1384,2013,0.189
1384,2014,0.192
1384,2015,0.195
1384,2016,0.196
1384,2017,0.196
1384,2018,0.197
1384,2019,0.198
1384,2020,0.2
1384,2021,0.203
1401,2005,0.127
1401,2006,0.128
1401,2007,0.131
1401,2008,0.134
1401,2009,0.138
1401,2010,0.143
1401,2011,0.147
1401,2012,0.151
1401,2013,0.155
1401,2014,0.157
1401,2015,0.16
1401,2016,0.16
1401,2017,0.161
1401,2018,0.161
1401,2019,0.164
1401,2020,0.165
1401,2021,0.164
1402,2005,0.146
1402,2006,0.147
1402,2007,0.15
1402,2008,0.152
1402,2009,0.155
1402,2010,0.158
1402,2011,0.161
1402,2012,0.164
1402,2013,0.166
1402,2014,0.168
1402,2015,0.168
1402,2016,0.169
1402,2017,0.17
1402,2018,0.171
1402,2019,0.17
1402,2020,0.17
1402,2021,0.172
1407,2005,0.171
1407,2006,0.174
1407,2007,0.178
1407,2008,0.182
1407,2009,0.189
1407,2010,0.197
1407,2011,0.206
1407,2012,0.214
1407,2013,0.222
1407,2014,0.231
1407,2015,0.236
1407,2016,0.237
1407,2017,0.242
1407,2018,0.246
1407,2019,0.252
1407,2020,0.257
1407,2021,0.264
1415,2005,0.146
1415,2006,0.147
1415,2007,0.154
1415,2008,0.16
1415,2009,0.166
1415,2010,0.173
1415,2011,0.176
1415,2012,0.181
1415,2013,0.187
1415,2014,0.19
1415,2015,0.193
1415,2016,0.194
1415,2017,0.195
1415,2018,0.195
1415,2019,0.197
1415,2020,0.2
1415,2021,0.202
1419,2005,0.186
1419,2006,0.191
1419,2007,0.195
1419,2008,0.203
1419,2009,0.211
1419,2010,0.22
1419,2011,0.227
1419,2012,0.235
1419,2013,0.245
1419,2014,0.252
1419,2015,0.257
1419,2016,0.265
1419,2017,0.268
1419,2018,0.273
1419,2019,0.278
1419,2020,0.283
1419,2021,0.285
1421,2005,0.198
1421,2006,0.203
1421,2007,0.209
1421,2008,0.214
1421,2009,0.225
1421,2010,0.236
1421,2011,0.248
1421,2012,0.255
1421,2013,0.267
1421,2014,0.275
1421,2015,0.282
1421,2016,0.285
1421,2017,0.29
1421,2018,0.297
1421,2019,0.301
1421,2020,0.303
1421,2021,0.31
1427,2005,0.242
1427,2006,0.245
1427,2007,0.247
1427,2008,0.256
1427,2009,0.261
1427,2010,0.27
1427,2011,0.279
1427,2012,0.286
1427,2013,0.297
1427,2014,0.307
1427,2015,0.316
1427,2016,0.319
1427,2017,0.324
1427,2018,0.329
1427,2019,0.334
1427,2020,0.343
1427,2021,0.353
1430,2005,0.209
1430,2006,0.21
1430,2007,0.214
1430,2008,0.22
1430,2009,0.226
1430,2010,0.229
1430,2011,0.232
1430,2012,0.238
1430,2013,0.243
1430,2014,0.247
1430,2015,0.248
1430,2016,0.245
1430,2017,0.245
1430,2018,0.247
1430,2019,0.249
1430,2020,0.252
1430,2021,0.255
1435,2005,0.22
1435,2006,0.223
1435,2007,0.225
1435,2008,0.232
1435,2009,0.238
1435,2010,0.243
1435,2011,0.251
1435,2012,0.258
1435,2013,0.263
1435,2014,0.271
1435,2015,0.276
1435,2016,0.278
1435,2017,0.279
1435,2018,0.286
1435,2019,0.289
1435,2020,0.291
1435,2021,0.298
1438,2005,0.199
1438,2006,0.203
1438,2007,0.208
1438,2008,0.215
1438,2009,0.224
1438,2010,0.231
1438,2011,0.241
1438,2012,0.247
1438,2013,0.249
1438,2014,0.258
1438,2015,0.261
1438,2016,0.267
1438,2017,0.274
1438,2018,0.274
1438,2019,0.276
1438,2020,0.28
1438,2021,0.283
1439,2005,0.204
1439,2006,0.206
1439,2007,0.205
1439,2008,0.211
1439,2009,0.218
1439,2010,0.227
1439,2011,0.23
1439,2012,0.235
1439,2013,0.243
1439,2014,0.248
1439,2015,0.252
1439,2016,0.251
1439,2017,0.255
1439,2018,0.256
1439,2019,0.258
1439,2020,0.261
1439,2021,0.262
1440,2005,0.139
1440,2006,0.14
1440,2007,0.145
1440,2008,0.151
1440,2009,0.158
1440,2010,0.166
1440,2011,0.171
1440,2012,0.175
1440,2013,0.18
1440,2014,0.182
1440,2015,0.182
1440,2016,0.18
1440,2017,0.178
1440,2018,0.177
1440,2019,0.176
1440,2020,0.174
1440,2021,0.175
1441,2005,0.14
1441,2006,0.142
1441,2007,0.146
1441,2008,0.152
1441,2009,0.159
1441,2010,0.164
1441,2011,0.168
1441,2012,0.173
1441,2013,0.177
1441,2014,0.179
1441,2015,0.18
1441,2016,0.18
1441,2017,0.179
1441,2018,0.178
1441,2019,0.178
1441,2020,0.178
1441,2021,0.178
1442,2005,0.156
1442,2006,0.155
1442,2007,0.16
1442,2008,0.163
1442,2009,0.169
1442,2010,0.176
1442,2011,0.182
1442,2012,0.188
1442,2013,0.194
1442,2014,0.199
1442,2015,0.205
1442,2016,0.205
1442,2017,0.207
1442,2018,0.21
1442,2019,0.21
1442,2020,0.211
1442,2021,0.211
1443,2005,0.15
1443,2006,0.151
1443,2007,0.155
1443,2008,0.163
1443,2009,0.168
1443,2010,0.172
1443,2011,0.18
1443,2012,0.188
1443,2013,0.196
1443,2014,0.199
1443,2015,0.201
1443,2016,0.202
1443,2017,0.205
1443,2018,0.207
1443,2019,0.211
1443,2020,0.214
1443,2021,0.214
1444,2005,0.196
1444,2006,0.194
1444,2007,0.194
1444,2008,0.198
1444,2009,0.202
1444,2010,0.207
1444,2011,0.214
1444,2012,0.224
1444,2013,0.228
1444,2014,0.237
1444,2015,0.239
1444,2016,0.244
1444,2017,0.249
1444,2018,0.254
1444,2019,0.256
1444,2020,0.261
1444,2021,0.264
1445,2005,0.201
1445,2006,0.203
1445,2007,0.203
1445,2008,0.206
1445,2009,0.211
1445,2010,0.217
1445,2011,0.222
1445,2012,0.229
1445,2013,0.239
1445,2014,0.244
1445,2015,0.247
1445,2016,0.249
1445,2017,0.254
1445,2018,0.257
1445,2019,0.261
1445,2020,0.265
1445,2021,0.268
1446,2005,0.231
1446,2006,0.232
1446,2007,0.235
1446,2008,0.245
1446,2009,0.254
1446,2010,0.262
1446,2011,0.267
1446,2012,0.276
1446,2013,0.283
1446,2014,0.286
1446,2015,0.291
1446,2016,0.29
1446,2017,0.298
1446,2018,0.301
1446,2019,0.304
1446,2020,0.303
1446,2021,0.303
1447,2005,0.224
1447,2006,0.232
1447,2007,0.235
1447,2008,0.243
1447,2009,0.253
1447,2010,0.261
1447,2011,0.271
1447,2012,0.278
1447,2013,0.287
1447,2014,0.294
1447,2015,0.297
1447,2016,0.295
1447,2017,0.303
1447,2018,0.308
1447,2019,0.313
1447,2020,0.32
1447,2021,0.323
1452,2005,0.2
1452,2006,0.201
1452,2007,0.201
1452,2008,0.204
1452,2009,0.21
1452,2010,0.217
1452,2011,0.222
1452,2012,0.229
1452,2013,0.234
1452,2014,0.237
1452,2015,0.24
1452,2016,0.241
1452,2017,0.244
1452,2018,0.245
1452,2019,0.245
1452,2020,0.249
1452,2021,0.253
1460,2005,0.244
1460,2006,0.246
1460,2007,0.25
1460,2008,0.251
1460,2009,0.258
1460,2010,0.262
1460,2011,0.272
1460,2012,0.277
1460,2013,0.279
1460,2014,0.285
1460,2015,0.29
1460,2016,0.286
1460,2017,0.288
1460,2018,0.291
1460,2019,0.295
1460,2020,0.298
1460,2021,0.305
1461,2005,0.232
1461,2006,0.238
1461,2007,0.24
1461,2008,0.244
1461,2009,0.251
1461,2010,0.258
1461,2011,0.266
1461,2012,0.274
1461,2013,0.275
1461,2014,0.277
1461,2015,0.272
1461,2016,0.268
1461,2017,0.274
1461,2018,0.275
1461,2019,0.278
1461,2020,0.28
1461,2021,0.281
1462,2005,0.159
1462,2006,0.161
1462,2007,0.164
1462,2008,0.167
1462,2009,0.175
1462,2010,0.183
1462,2011,0.189
1462,2012,0.194
1462,2013,0.197
1462,2014,0.2
1462,2015,0.2
1462,2016,0.197
1462,2017,0.197
1462,2018,0.197
1462,2019,0.201
1462,2020,0.202
1462,2021,0.202
1463,2005,0.192
1463,2006,0.191
1463,2007,0.193
1463,2008,0.195
1463,2009,0.199
1463,2010,0.201
1463,2011,0.208
1463,2012,0.212
1463,2013,0.216
1463,2014,0.22
1463,2015,0.224
1463,2016,0.225
1463,2017,0.225
1463,2018,0.228
1463,2019,0.23
1463,2020,0.231
1463,2021,0.233
1465,2005,0.199
1465,2006,0.202
1465,2007,0.201
1465,2008,0.207
1465,2009,0.213
1465,2010,0.217
1465,2011,0.223
1465,2012,0.231
1465,2013,0.237
1465,2014,0.243
1465,2015,0.245
1465,2016,0.243
1465,2017,0.248
1465,2018,0.251
1465,2019,0.253
1465,2020,0.255
1465,2021,0.255
1466,2005,0.192
1466,2006,0.192
1466,2007,0.193
1466,2008,0.196
1466,2009,0.201
1466,2010,0.209
1466,2011,0.214
1466,2012,0.218
1466,2013,0.223
1466,2014,0.227
1466,2015,0.229
1466,2016,0.233
1466,2017,0.238
1466,2018,0.243
1466,2019,0.245
1466,2020,0.249
1466,2021,0.252
1470,2005,0.205
1470,2006,0.208
1470,2007,0.21
1470,2008,0.211
1470,2009,0.214
1470,2010,0.219
1470,2011,0.223
1470,2012,0.229
1470,2013,0.231
1470,2014,0.233
1470,2015,0.235
1470,2016,0.234
1470,2017,0.235
1470,2018,0.236
1470,2019,0.239
1470,2020,0.242
1470,2021,0.244
1471,2005,0.184
1471,2006,0.185
1471,2007,0.188
1471,2008,0.193
1471,2009,0.197
1471,2010,0.203
1471,2011,0.212
1471,2012,0.218
1471,2013,0.227
1471,2014,0.233
1471,2015,0.236
1471,2016,0.239
1471,2017,0.245
1471,2018,0.25
1471,2019,0.254
1471,2020,0.258
1471,2021,0.262
1472,2005,0.199
1472,2006,0.202
1472,2007,0.209
1472,2008,0.214
1472,2009,0.218
1472,2010,0.224
1472,2011,0.228
1472,2012,0.236
1472,2013,0.24
1472,2014,0.243
1472,2015,0.243
1472,2016,0.243
1472,2017,0.243
1472,2018,0.243
1472,2019,0.245
1472,2020,0.246
1472,2021,0.248
1473,2005,0.204
1473,2006,0.206
1473,2007,0.208
1473,2008,0.214
1473,2009,0.217
1473,2010,0.222
1473,2011,0.233
1473,2012,0.238
1473,2013,0.243
1473,2014,0.246
1473,2015,0.244
1473,2016,0.243
1473,2017,0.25
1473,2018,0.254
1473,2019,0.256
1473,2020,0.259
1473,2021,0.265
1480,2005,0.149
1480,2006,0.148
1480,2007,0.147
1480,2008,0.147
1480,2009,0.148
1480,2010,0.149
1480,2011,0.15
1480,2012,0.152
1480,2013,0.153
1480,2014,0.154
1480,2015,0.155
1480,2016,0.155
1480,2017,0.155
1480,2018,0.156
1480,2019,0.156
1480,2020,0.158
1480,2021,0.159
1481,2005,0.147
1481,2006,0.146
1481,2007,0.147
1481,2008,0.149
1481,2009,0.151
1481,2010,0.153
1481,2011,0.155
1481,2012,0.158
1481,2013,0.162
1481,2014,0.162
1481,2015,0.163
1481,2016,0.162
1481,2017,0.16
1481,2018,0.158
1481,2019,0.156
1481,2020,0.157
1481,2021,0.159
1482,2005,0.166
1482,2006,0.168
1482,2007,0.172
1482,2008,0.176
1482,2009,0.18
1482,2010,0.186
1482,2011,0.191
1482,2012,0.196
1482,2013,0.2
1482,2014,0.205
1482,2015,0.207
1482,2016,0.206
1482,2017,0.204
1482,2018,0.204
1482,2019,0.201
1482,2020,0.202
1482,2021,0.203
1484,2005,0.22
1484,2006,0.226
1484,2007,0.231
1484,2008,0.235
1484,2009,0.243
1484,2010,0.251
1484,2011,0.258
1484,2012,0.264
1484,2013,0.27
1484,2014,0.28
1484,2015,0.283
1484,2016,0.284
1484,2017,0.288
1484,2018,0.294
1484,2019,0.301
1484,2020,0.307
1484,2021,0.313
1485,2005,0.195
1485,2006,0.193
1485,2007,0.193
1485,2008,0.196
1485,2009,0.197
1485,2010,0.201
1485,2011,0.204
1485,2012,0.207
1485,2013,0.209
1485,2014,0.21
1485,2015,0.21
1485,2016,0.209
1485,2017,0.209
1485,2018,0.211
1485,2019,0.212
1485,2020,0.215
1485,2021,0.218
1486,2005,0.2
1486,2006,0.202
1486,2007,0.204
1486,2008,0.209
1486,2009,0.213
1486,2010,0.217
1486,2011,0.218
1486,2012,0.219
1486,2013,0.219
1486,2014,0.22
1486,2015,0.223
1486,2016,0.224
1486,2017,0.225
1486,2018,0.227
1486,2019,0.231
1486,2020,0.234
1486,2021,0.238
1487,2005,0.19
1487,2006,0.192
1487,2007,0.196
1487,2008,0.201
1487,2009,0.207
1487,2010,0.21
1487,2011,0.215
1487,2012,0.219
1487,2013,0.22
1487,2014,0.221
1487,2015,0.223
1487,2016,0.221
1487,2017,0.222
1487,2018,0.224
1487,2019,0.227
1487,2020,0.229
1487,2021,0.231
1488,2005,0.172
1488,2006,0.171
1488,2007,0.173
1488,2008,0.174
1488,2009,0.176
1488,2010,0.178
1488,2011,0.181
1488,2012,0.183
1488,2013,0.185
1488,2014,0.187
1488,2015,0.189
1488,2016,0.189
1488,2017,0.19
1488,2018,0.191
1488,2019,0.192
1488,2020,0.192
1488,2021,0.194
1489,2005,0.178
1489,2006,0.18
1489,2007,0.182
1489,2008,0.186
1489,2009,0.191
1489,2010,0.196
1489,2011,0.2
1489,2012,0.206
1489,2013,0.212
1489,2014,0.215
1489,2015,0.218
1489,2016,0.22
1489,2017,0.223
1489,2018,0.222
1489,2019,0.224
1489,2020,0.225
1489,2021,0.228
1490,2005,0.181
1490,2006,0.181
1490,2007,0.18
1490,2008,0.182
1490,2009,0.185
1490,2010,0.186
1490,2011,0.188
1490,2012,0.19
1490,2013,0.192
1490,2014,0.193
1490,2015,0.194
1490,2016,0.194
1490,2017,0.193
1490,2018,0.193
1490,2019,0.194
1490,2020,0.193
1490,2021,0.195
1491,2005,0.198
1491,2006,0.199
1491,2007,0.2
1491,2008,0.204
1491,2009,0.209
1491,2010,0.216
1491,2011,0.22
1491,2012,0.224
1491,2013,0.227
1491,2014,0.231
1491,2015,0.234
1491,2016,0.234
1491,2017,0.234
1491,2018,0.237
1491,2019,0.237
1491,2020,0.24
1491,2021,0.242
1492,2005,0.228
1492,2006,0.23
1492,2007,0.235
1492,2008,0.237
1492,2009,0.242
1492,2010,0.248
1492,2011,0.255
1492,2012,0.258
1492,2013,0.263
1492,2014,0.262
1492,2015,0.258
1492,2016,0.255
1492,2017,0.258
1492,2018,0.259
1492,2019,0.265
1492,2020,0.268
1492,2021,0.274
1493,2005,0.205
1493,2006,0.209
1493,2007,0.215
1493,2008,0.22
1493,2009,0.227
1493,2010,0.234
1493,2011,0.241
1493,2012,0.249
1493,2013,0.252
1493,2014,0.257
1493,2015,0.258
1493,2016,0.259
1493,2017,0.259
1493,2018,0.261
1493,2019,0.263
1493,2020,0.264
1493,2021,0.266
1494,2005,0.186
1494,2006,0.187
1494,2007,0.19
1494,2008,0.193
1494,2009,0.198
1494,2010,0.202
1494,2011,0.207
1494,2012,0.213
1494,2013,0.217
1494,2014,0.221
1494,2015,0.223
1494,2016,0.225
1494,2017,0.227
1494,2018,0.229
1494,2019,0.231
1494,2020,0.232
1494,2021,0.236
1495,2005,0.184
1495,2006,0.186
1495,2007,0.188
1495,2008,0.19
1495,2009,0.196
1495,2010,0.202
1495,2011,0.207
1495,2012,0.211
1495,2013,0.213
1495,2014,0.214
1495,2015,0.219
1495,2016,0.218
1495,2017,0.221
1495,2018,0.222
1495,2019,0.223
1495,2020,0.225
1495,2021,0.228
1496,2005,0.17
1496,2006,0.171
1496,2007,0.174
1496,2008,0.175
1496,2009,0.177
1496,2010,0.179
1496,2011,0.183
1496,2012,0.186
1496,2013,0.188
1496,2014,0.19
1496,2015,0.193
1496,2016,0.194
1496,2017,0.195
1496,2018,0.196
1496,2019,0.197
1496,2020,0.197
1496,2021,0.198
1497,2005,0.199
1497,2006,0.201
1497,2007,0.207
1497,2008,0.213
1497,2009,0.219
1497,2010,0.227
1497,2011,0.233
1497,2012,0.239
1497,2013,0.245
1497,2014,0.25
1497,2015,0.253
1497,2016,0.258
1497,2017,0.262
1497,2018,0.27
1497,2019,0.274
1497,2020,0.275
1497,2021,0.275
1498,2005,0.205
1498,2006,0.204
1498,2007,0.207
1498,2008,0.211
1498,2009,0.216
1498,2010,0.22
1498,2011,0.223
1498,2012,0.226
1498,2013,0.228
1498,2014,0.227
1498,2015,0.23
1498,2016,0.231
1498,2017,0.233
1498,2018,0.235
1498,2019,0.237
1498,2020,0.239
1498,2021,0.245
1499,2005,0.206
1499,2006,0.205
1499,2007,0.208
1499,2008,0.208
1499,2009,0.211
1499,2010,0.212
1499,2011,0.214
1499,2012,0.218
1499,2013,0.219
1499,2014,0.22
1499,2015,0.219
1499,2016,0.218
1499,2017,0.218
1499,2018,0.219
1499,2019,0.22
1499,2020,0.223
1499,2021,0.225
1715,2005,0.172
1715,2006,0.175
1715,2007,0.179
1715,2008,0.185
1715,2009,0.195
1715,2010,0.201
1715,2011,0.21
1715,2012,0.216
1715,2013,0.222
1715,2014,0.226
1715,2015,0.233
1715,2016,0.239
1715,2017,0.24
1715,2018,0.242
1715,2019,0.245
1715,2020,0.247
1715,2021,0.248
1730,2005,0.219
1730,2006,0.22
1730,2007,0.223
1730,2008,0.226
1730,2009,0.23
1730,2010,0.236
1730,2011,0.241
1730,2012,0.245
1730,2013,0.25
1730,2014,0.247
1730,2015,0.247
1730,2016,0.246
1730,2017,0.242
1730,2018,0.245
1730,2019,0.249
1730,2020,0.251
1730,2021,0.255
1737,2005,0.25
1737,2006,0.249
1737,2007,0.252
1737,2008,0.255
1737,2009,0.258
1737,2010,0.263
1737,2011,0.268
1737,2012,0.271
1737,2013,0.275
1737,2014,0.277
1737,2015,0.284
1737,2016,0.276
1737,2017,0.283
1737,2018,0.287
1737,2019,0.293
1737,2020,0.295
1737,2021,0.299
1760,2005,0.212
1760,2006,0.208
1760,2007,0.21
1760,2008,0.221
1760,2009,0.225
1760,2010,0.232
1760,2011,0.239
1760,2012,0.248
1760,2013,0.258
1760,2014,0.26
1760,2015,0.266
1760,2016,0.271
1760,2017,0.267
1760,2018,0.275
1760,2019,0.287
1760,2020,0.296
1760,2021,0.304
1761,2005,0.151
1761,2006,0.152
1761,2007,0.154
1761,2008,0.158
1761,2009,0.163
1761,2010,0.166
1761,2011,0.173
1761,2012,0.176
1761,2013,0.182
1761,2014,0.185
1761,2015,0.188
1761,2016,0.192
1761,2017,0.191
1761,2018,0.192
1761,2019,0.195
1761,2020,0.198
1761,2021,0.2
1762,2005,0.264
1762,2006,0.265
1762,2007,0.269
1762,2008,0.273
1762,2009,0.278
1762,2010,0.284
1762,2011,0.285
1762,2012,0.293
1762,2013,0.294
1762,2014,0.293
1762,2015,0.289
1762,2016,0.284
1762,2017,0.283
1762,2018,0.284
1762,2019,0.288
1762,2020,0.285
1762,2021,0.29
1763,2005,0.174
1763,2006,0.179
1763,2007,0.185
1763,2008,0.191
1763,2009,0.198
1763,2010,0.206
1763,2011,0.216
1763,2012,0.22
1763,2013,0.225
1763,2014,0.228
1763,2015,0.23
1763,2016,0.232
1763,2017,0.232
1763,2018,0.232
1763,2019,0.233
1763,2020,0.232
1763,2021,0.231
1764,2005,0.202
1764,2006,0.205
1764,2007,0.208
1764,2008,0.213
1764,2009,0.221
1764,2010,0.227
1764,2011,0.238
1764,2012,0.243
1764,2013,0.249
1764,2014,0.254
1764,2015,0.258
1764,2016,0.253
1764,2017,0.257
1764,2018,0.261
1764,2019,0.263
1764,2020,0.266
1764,2021,0.267
1765,2005,0.209
1765,2006,0.208
1765,2007,0.211
1765,2008,0.214
1765,2009,0.221
1765,2010,0.225
1765,2011,0.23
1765,2012,0.232
1765,2013,0.234
1765,2014,0.239
1765,2015,0.241
1765,2016,0.243
1765,2017,0.246
1765,2018,0.246
1765,2019,0.249
1765,2020,0.252
1765,2021,0.257
1766,2005,0.214
1766,2006,0.212
1766,2007,0.213
1766,2008,0.216
1766,2009,0.22
1766,2010,0.223
1766,2011,0.228
1766,2012,0.232
1766,2013,0.234
1766,2014,0.239
1766,2015,0.24
1766,2016,0.239
1766,2017,0.243
1766,2018,0.248
1766,2019,0.252
1766,2020,0.253
1766,2021,0.26
1780,2005,0.175
1780,2006,0.175
1780,2007,0.178
1780,2008,0.181
1780,2009,0.183
1780,2010,0.186
1780,2011,0.19
1780,2012,0.194
1780,2013,0.197
1780,2014,0.201
1780,2015,0.202
1780,2016,0.202
1780,2017,0.204
1780,2018,0.204
1780,2019,0.204
1780,2020,0.206
1780,2021,0.208
1781,2005,0.217
1781,2006,0.217
1781,2007,0.219
1781,2008,0.222
1781,2009,0.228
1781,2010,0.234
1781,2011,0.241
1781,2012,0.247
1781,2013,0.25
1781,2014,0.252
1781,2015,0.255
1781,2016,0.256
1781,2017,0.259
1781,2018,0.264
1781,2019,0.266
1781,2020,0.268
1781,2021,0.273
1782,2005,0.242
1782,2006,0.242
1782,2007,0.246
1782,2008,0.249
1782,2009,0.257
1782,2010,0.263
1782,2011,0.268
1782,2012,0.27
1782,2013,0.271
1782,2014,0.272
1782,2015,0.273
1782,2016,0.264
1782,2017,0.273
1782,2018,0.272
1782,2019,0.278
1782,2020,0.283
1782,2021,0.285
1783,2005,0.254
1783,2006,0.257
1783,2007,0.26
1783,2008,0.265
1783,2009,0.269
1783,2010,0.273
1783,2011,0.279
1783,2012,0.279
1783,2013,0.283
1783,2014,0.286
1783,2015,0.289
1783,2016,0.289
1783,2017,0.293
1783,2018,0.297
1783,2019,0.3
1783,2020,0.303
1783,2021,0.304
1784,2005,0.216
1784,2006,0.217
1784,2007,0.217
1784,2008,0.22
1784,2009,0.223
1784,2010,0.228
1784,2011,0.234
1784,2012,0.24
1784,2013,0.244
1784,2014,0.247
1784,2015,0.25
1784,2016,0.251
1784,2017,0.254
1784,2018,0.259
1784,2019,0.262
1784,2020,0.266
1784,2021,0.269
1785,2005,0.229
1785,2006,0.232
1785,2007,0.233
1785,2008,0.238
1785,2009,0.245
1785,2010,0.251
1785,2011,0.259
1785,2012,0.263
1785,2013,0.268
1785,2014,0.271
1785,2015,0.27
1785,2016,0.266
1785,2017,0.267
1785,2018,0.27
1785,2019,0.274
1785,2020,0.276
1785,2021,0.278
1814,2005,0.172
1814,2006,0.177
1814,2007,0.18
1814,2008,0.182
1814,2009,0.19
1814,2010,0.196
1814,2011,0.201
1814,2012,0.205
1814,2013,0.211
1814,2014,0.216
1814,2015,0.214
1814,2016,0.216
1814,2017,0.214
1814,2018,0.213
1814,2019,0.211
1814,2020,0.209
1814,2021,0.208
1860,2005,0.232
1860,2006,0.237
1860,2007,0.238
1860,2008,0.24
1860,2009,0.254
1860,2010,0.262
1860,2011,0.268
1860,2012,0.275
1860,2013,0.28
1860,2014,0.282
1860,2015,0.282
1860,2016,0.281
1860,2017,0.286
1860,2018,0.288
1860,2019,0.286
1860,2020,0.287
1860,2021,0.293
1861,2005,0.189
1861,2006,0.19
1861,2007,0.193
1861,2008,0.197
1861,2009,0.202
1861,2010,0.208
1861,2011,0.21
1861,2012,0.217
1861,2013,0.222
1861,2014,0.225
1861,2015,0.229
1861,2016,0.229
1861,2017,0.226
1861,2018,0.228
1861,2019,0.228
1861,2020,0.228
1861,2021,0.229
1862,2005,0.212
1862,2006,0.214
1862,2007,0.216
1862,2008,0.224
1862,2009,0.233
1862,2010,0.24
1862,2011,0.248
1862,2012,0.257
1862,2013,0.261
1862,2014,0.264
1862,2015,0.268
1862,2016,0.267
1862,2017,0.27
1862,2018,0.275
1862,2019,0.277
1862,2020,0.281
1862,2021,0.288
1863,2005,0.252
1863,2006,0.255
1863,2007,0.261
1863,2008,0.266
1863,2009,0.267
1863,2010,0.273
1863,2011,0.279
1863,2012,0.286
1863,2013,0.288
1863,2014,0.289
1863,2015,0.291
1863,2016,0.291
1863,2017,0.289
1863,2018,0.29
1863,2019,0.287
1863,2020,0.29
1863,2021,0.291
1864,2005,0.24
1864,2006,0.249
1864,2007,0.256
1864,2008,0.26
1864,2009,0.266
1864,2010,0.275
1864,2011,0.282
1864,2012,0.29
1864,2013,0.284
1864,2014,0.28
1864,2015,0.279
1864,2016,0.278
1864,2017,0.288
1864,2018,0.299
1864,2019,0.304
1864,2020,0.316
1864,2021,0.323
1880,2005,0.161
1880,2006,0.161
1880,2007,0.163
1880,2008,0.164
1880,2009,0.166
1880,2010,0.169
1880,2011,0.173
1880,2012,0.176
1880,2013,0.178
1880,2014,0.179
1880,2015,0.182
1880,2016,0.181
1880,2017,0.181
1880,2018,0.18
1880,2019,0.181
1880,2020,0.183
1880,2021,0.186
1881,2005,0.163
1881,2006,0.164
1881,2007,0.167
1881,2008,0.169
1881,2009,0.174
1881,2010,0.178
1881,2011,0.182
1881,2012,0.184
1881,2013,0.188
1881,2014,0.192
1881,2015,0.193
1881,2016,0.196
1881,2017,0.196
1881,2018,0.199
1881,2019,0.2
1881,2020,0.202
1881,2021,0.202
1882,2005,0.211
1882,2006,0.215
1882,2007,0.222
1882,2008,0.228
1882,2009,0.235
1882,2010,0.245
1882,2011,0.252
1882,2012,0.26
1882,2013,0.266
1882,2014,0.274
1882,2015,0.277
1882,2016,0.276
1882,2017,0.28
1882,2018,0.283
1882,2019,0.287
1882,2020,0.29
1882,2021,0.291
1883,2005,0.222
1883,2006,0.223
1883,2007,0.226
1883,2008,0.232
1883,2009,0.237
1883,2010,0.243
1883,2011,0.248
1883,2012,0.249
1883,2013,0.249
1883,2014,0.248
1883,2015,0.247
1883,2016,0.243
1883,2017,0.246
1883,2018,0.248
1883,2019,0.248
1883,2020,0.25
1883,2021,0.249
1884,2005,0.197
1884,2006,0.202
1884,2007,0.207
1884,2008,0.213
1884,2009,0.219
1884,2010,0.227
1884,2011,0.238
1884,2012,0.249
1884,2013,0.253
1884,2014,0.261
1884,2015,0.262
1884,2016,0.261
1884,2017,0.263
1884,2018,0.268
1884,2019,0.271
1884,2020,0.274
1884,2021,0.275
1885,2005,0.2
1885,2006,0.201
1885,2007,0.202
1885,2008,0.207
1885,2009,0.214
1885,2010,0.221
1885,2011,0.228
1885,2012,0.232
1885,2013,0.234
1885,2014,0.237
1885,2015,0.24
1885,2016,0.241
1885,2017,0.244
1885,2018,0.246
1885,2019,0.249
1885,2020,0.252
1885,2021,0.256
1904,2005,0.208
1904,2006,0.213
1904,2007,0.217
1904,2008,0.227
1904,2009,0.24
1904,2010,0.255
1904,2011,0.265
1904,2012,0.275
1904,2013,0.28
1904,2014,0.284
1904,2015,0.283
1904,2016,0.287
1904,2017,0.29
1904,2018,0.294
1904,2019,0.299
1904,2020,0.302
1904,2021,0.3
1907,2005,0.185
1907,2006,0.188
1907,2007,0.192
1907,2008,0.199
1907,2009,0.21
1907,2010,0.22
1907,2011,0.228
1907,2012,0.236
1907,2013,0.244
1907,2014,0.246
1907,2015,0.249
1907,2016,0.251
1907,2017,0.253
1907,2018,0.25
1907,2019,0.25
1907,2020,0.251
1907,2021,0.249
1960,2005,0.184
1960,2006,0.19
1960,2007,0.192
1960,2008,0.198
1960,2009,0.21
1960,2010,0.218
1960,2011,0.225
1960,2012,0.234
1960,2013,0.235
1960,2014,0.239
1960,2015,0.243
1960,2016,0.241
1960,2017,0.24
1960,2018,0.241
1960,2019,0.242
1960,2020,0.241
1960,2021,0.241
1961,2005,0.206
1961,2006,0.209
1961,2007,0.211
1961,2008,0.214
1961,2009,0.218
1961,2010,0.22
1961,2011,0.225
1961,2012,0.23
1961,2013,0.236
1961,2014,0.24
1961,2015,0.24
1961,2016,0.242
1961,2017,0.243
1961,2018,0.241
1961,2019,0.241
1961,2020,0.239
1961,2021,0.237
1962,2005,0.202
1962,2006,0.202
1962,2007,0.208
1962,2008,0.215
1962,2009,0.224
1962,2010,0.229
1962,2011,0.236
1962,2012,0.245
1962,2013,0.258
1962,2014,0.257
1962,2015,0.254
1962,2016,0.26
1962,2017,0.266
1962,2018,0.269
1962,2019,0.277
1962,2020,0.281
1962,2021,0.284
1980,2005,0.17
1980,2006,0.171
1980,2007,0.173
1980,2008,0.175
1980,2009,0.179
1980,2010,0.183
1980,2011,0.187
1980,2012,0.19
1980,2013,0.194
1980,2014,0.196
1980,2015,0.198
1980,2016,0.198
1980,2017,0.197
1980,2018,0.195
1980,2019,0.195
1980,2020,0.195
1980,2021,0.196
1981,2005,0.194
1981,2006,0.196
1981,2007,0.2
1981,2008,0.205
1981,2009,0.21
1981,2010,0.216
1981,2011,0.221
1981,2012,0.225
1981,2013,0.231
1981,2014,0.236
1981,2015,0.241
1981,2016,0.243
1981,2017,0.246
1981,2018,0.247
1981,2019,0.249
1981,2020,0.25
1981,2021,0.251
1982,2005,0.227
1982,2006,0.231
1982,2007,0.231
1982,2008,0.23
1982,2009,0.234
1982,2010,0.234
1982,2011,0.238
1982,2012,0.239
1982,2013,0.237
1982,2014,0.235
1982,2015,0.235
1982,2016,0.232
1982,2017,0.234
1982,2018,0.235
1982,2019,0.239
1982,2020,0.24
1982,2021,0.241
1983,2005,0.201
1983,2006,0.202
1983,2007,0.205
1983,2008,0.207
1983,2009,0.212
1983,2010,0.218
1983,2011,0.223
1983,2012,0.226
1983,2013,0.229
1983,2014,0.233
1983,2015,0.235
1983,2016,0.235
1983,2017,0.237
1983,2018,0.237
1983,2019,0.239
1983,2020,0.242
1983,2021,0.244
1984,2005,0.209
1984,2006,0.214
1984,2007,0.218
1984,2008,0.223
1984,2009,0.23
1984,2010,0.238
1984,2011,0.245
1984,2012,0.248
1984,2013,0.249
1984,2014,0.254
1984,2015,0.253
1984,2016,0.254
1984,2017,0.255
1984,2018,0.255
1984,2019,0.259
1984,2020,0.264
1984,2021,0.263
2021,2005,0.225
2021,2006,0.226
2021,2007,0.232
2021,2008,0.237
2021,2009,0.243
2021,2010,0.249
2021,2011,0.252
2021,2012,0.257
2021,2013,0.263
2021,2014,0.268
2021,2015,0.268
2021,2016,0.264
2021,2017,0.269
2021,2018,0.274
2021,2019,0.272
2021,2020,0.271
2021,2021,0.274
2023,2005,0.217
2023,2006,0.217
2023,2007,0.22
2023,2008,0.223
2023,2009,0.226
2023,2010,0.231
2023,2011,0.239
2023,2012,0.245
2023,2013,0.25
2023,2014,0.257
2023,2015,0.259
2023,2016,0.259
2023,2017,0.26
2023,2018,0.262
2023,2019,0.266
2023,2020,0.269
2023,2021,0.273
2026,2005,0.184
2026,2006,0.188
2026,2007,0.191
2026,2008,0.194
2026,2009,0.2
2026,2010,0.206
2026,2011,0.212
2026,2012,0.22
2026,2013,0.226
2026,2014,0.234
2026,2015,0.238
2026,2016,0.243
2026,2017,0.244
2026,2018,0.247
2026,2019,0.25
2026,2020,0.25
2026,2021,0.252
2029,2005,0.211
2029,2006,0.213
2029,2007,0.222
2029,2008,0.231
2029,2009,0.236
2029,2010,0.243
2029,2011,0.25
2029,2012,0.258
2029,2013,0.264
2029,2014,0.271
2029,2015,0.275
2029,2016,0.276
2029,2017,0.279
2029,2018,0.284
2029,2019,0.288
2029,2020,0.291
2029,2021,0.294
2031,2005,0.253
2031,2006,0.255
2031,2007,0.257
2031,2008,0.263
2031,2009,0.273
2031,2010,0.278
2031,2011,0.287
2031,2012,0.296
2031,2013,0.306
2031,2014,0.315
2031,2015,0.323
2031,2016,0.322
2031,2017,0.328
2031,2018,0.329
2031,2019,0.336
2031,2020,0.337
2031,2021,0.335
2034,2005,0.217
2034,2006,0.215
2034,2007,0.217
2034,2008,0.223
2034,2009,0.23
2034,2010,0.235
2034,2011,0.243
2034,2012,0.248
2034,2013,0.252
2034,2014,0.261
2034,2015,0.269
2034,2016,0.264
2034,2017,0.265
2034,2018,0.273
2034,2019,0.271
2034,2020,0.278
2034,2021,0.284
2039,2005,0.236
2039,2006,0.237
2039,2007,0.241
2039,2008,0.242
2039,2009,0.242
2039,2010,0.245
2039,2011,0.249
2039,2012,0.255
2039,2013,0.268
2039,2014,0.272
2039,2015,0.279
2039,2016,0.279
2039,2017,0.28
2039,2018,0.281
2039,2019,0.286
2039,2020,0.286
2039,2021,0.289
2061,2005,0.205
2061,2006,0.208
2061,2007,0.212
2061,2008,0.218
2061,2009,0.224
2061,2010,0.235
2061,2011,0.243
2061,2012,0.252
2061,2013,0.26
2061,2014,0.265
2061,2015,0.271
2061,2016,0.27
2061,2017,0.277
2061,2018,0.28
2061,2019,0.286
2061,2020,0.288
2061,2021,0.29
2062,2005,0.199
2062,2006,0.203
2062,2007,0.208
2062,2008,0.212
2062,2009,0.219
2062,2010,0.226
2062,2011,0.235
2062,2012,0.241
2062,2013,0.247
2062,2014,0.253
2062,2015,0.257
2062,2016,0.26
2062,2017,0.265
2062,2018,0.27
2062,2019,0.273
2062,2020,0.278
2062,2021,0.281
2080,2005,0.173
2080,2006,0.174
2080,2007,0.177
2080,2008,0.18
2080,2009,0.185
2080,2010,0.19
2080,2011,0.197
2080,2012,0.201
2080,2013,0.205
2080,2014,0.211
2080,2015,0.213
2080,2016,0.215
2080,2017,0.218
2080,2018,0.221
2080,2019,0.223
2080,2020,0.227
2080,2021,0.229
2081,2005,0.175
2081,2006,0.176
2081,2007,0.177
2081,2008,0.18
2081,2009,0.182
2081,2010,0.184
2081,2011,0.19
2081,2012,0.193
2081,2013,0.196
2081,2014,0.197
2081,2015,0.198
2081,2016,0.198
2081,2017,0.197
2081,2018,0.199
2081,2019,0.2
2081,2020,0.202
2081,2021,0.207
2082,2005,0.183
2082,2006,0.187
2082,2007,0.192
2082,2008,0.196
2082,2009,0.203
2082,2010,0.21
2082,2011,0.217
2082,2012,0.224
2082,2013,0.232
2082,2014,0.237
2082,2015,0.24
2082,2016,0.245
2082,2017,0.248
2082,2018,0.256
2082,2019,0.262
2082,2020,0.262
2082,2021,0.268
2083,2005,0.208
2083,2006,0.21
2083,2007,0.213
2083,2008,0.216
2083,2009,0.219
2083,2010,0.225
2083,2011,0.231
2083,2012,0.237
2083,2013,0.244
2083,2014,0.249
2083,2015,0.25
2083,2016,0.249
2083,2017,0.251
2083,2018,0.254
2083,2019,0.256
2083,2020,0.261
2083,2021,0.263
2084,2005,0.212
2084,2006,0.215
2084,2007,0.218
2084,2008,0.224
2084,2009,0.228
2084,2010,0.233
2084,2011,0.24
2084,2012,0.242
2084,2013,0.247
2084,2014,0.249
2084,2015,0.244
2084,2016,0.243
2084,2017,0.245
2084,2018,0.246
2084,2019,0.252
2084,2020,0.257
2084,2021,0.26
2085,2005,0.226
2085,2006,0.229
2085,2007,0.231
2085,2008,0.233
2085,2009,0.236
2085,2010,0.239
2085,2011,0.243
2085,2012,0.246
2085,2013,0.248
2085,2014,0.248
2085,2015,0.246
2085,2016,0.242
2085,2017,0.243
2085,2018,0.243
2085,2019,0.245
2085,2020,0.249
2085,2021,0.25
2101,2005,0.22
2101,2006,0.217
2101,2007,0.219
2101,2008,0.219
2101,2009,0.225
2101,2010,0.231
2101,2011,0.237
2101,2012,0.243
2101,2013,0.257
2101,2014,0.258
2101,2015,0.26
2101,2016,0.267
2101,2017,0.27
2101,2018,0.274
2101,2019,0.279
2101,2020,0.286
2101,2021,0.295
2104,2005,0.231
2104,2006,0.231
2104,2007,0.232
2104,2008,0.234
2104,2009,0.239
2104,2010,0.239
2104,2011,0.247
2104,2012,0.25
2104,2013,0.253
2104,2014,0.257
2104,2015,0.257
2104,2016,0.256
2104,2017,0.255
2104,2018,0.26
2104,2019,0.264
2104,2020,0.263
2104,2021,0.264
2121,2005,0.215
2121,2006,0.218
2121,2007,0.222
2121,2008,0.226
2121,2009,0.233
2121,2010,0.241
2121,2011,0.248
2121,2012,0.257
2121,2013,0.264
2121,2014,0.269
2121,2015,0.269
2121,2016,0.268
2121,2017,0.272
2121,2018,0.273
2121,2019,0.277
2121,2020,0.279
2121,2021,0.28
2132,2005,0.208
2132,2006,0.209
2132,2007,0.211
2132,2008,0.217
2132,2009,0.226
2132,2010,0.231
2132,2011,0.241
2132,2012,0.246
2132,2013,0.252
2132,2014,0.258
2132,2015,0.262
2132,2016,0.262
2132,2017,0.267
2132,2018,0.269
2132,2019,0.271
2132,2020,0.27
2132,2021,0.272
2161,2005,0.224
2161,2006,0.226
2161,2007,0.227
2161,2008,0.229
2161,2009,0.233
2161,2010,0.238
2161,2011,0.246
2161,2012,0.25
2161,2013,0.256
2161,2014,0.26
2161,2015,0.262
2161,2016,0.264
2161,2017,0.267
2161,2018,0.27
2161,2019,0.276
2161,2020,0.278
2161,2021,0.284
2180,2005,0.175
2180,2006,0.177
2180,2007,0.178
2180,2008,0.18
2180,2009,0.183
2180,2010,0.187
2180,2011,0.192
2180,2012,0.195
2180,2013,0.197
2180,2014,0.199
2180,2015,0.201
2180,2016,0.201
2180,2017,0.203
2180,2018,0.204
2180,2019,0.206
2180,2020,0.207
2180,2021,0.208
2181,2005,0.202
2181,2006,0.204
2181,2007,0.206
2181,2008,0.209
2181,2009,0.215
2181,2010,0.222
2181,2011,0.228
2181,2012,0.233
2181,2013,0.236
2181,2014,0.239
2181,2015,0.238
2181,2016,0.236
2181,2017,0.236
2181,2018,0.238
2181,2019,0.241
2181,2020,0.243
2181,2021,0.244
2182,2005,0.218
2182,2006,0.221
2182,2007,0.224
2182,2008,0.229
2182,2009,0.235
2182,2010,0.243
2182,2011,0.251
2182,2012,0.257
2182,2013,0.259
2182,2014,0.264
2182,2015,0.264
2182,2016,0.266
2182,2017,0.269
2182,2018,0.273
2182,2019,0.276
2182,2020,0.278
2182,2021,0.283
2183,2005,0.218
2183,2006,0.219
2183,2007,0.221
2183,2008,0.225
2183,2009,0.231
2183,2010,0.235
2183,2011,0.24
2183,2012,0.247
2183,2013,0.251
2183,2014,0.252
2183,2015,0.252
2183,2016,0.253
2183,2017,0.253
2183,2018,0.255
2183,2019,0.258
2183,2020,0.262
2183,2021,0.265
2184,2005,0.195
2184,2006,0.197
2184,2007,0.2
2184,2008,0.205
2184,2009,0.21
2184,2010,0.217
2184,2011,0.225
2184,2012,0.231
2184,2013,0.237
2184,2014,0.242
2184,2015,0.246
2184,2016,0.248
2184,2017,0.251
2184,2018,0.255
2184,2019,0.259
2184,2020,0.262
2184,2021,0.264
2260,2005,0.246
2260,2006,0.246
2260,2007,0.245
2260,2008,0.249
2260,2009,0.251
2260,2010,0.253
2260,2011,0.257
2260,2012,0.263
2260,2013,0.267
2260,2014,0.269
2260,2015,0.272
2260,2016,0.271
2260,2017,0.273
2260,2018,0.275
2260,2019,0.275
2260,2020,0.277
2260,2021,0.282
2262,2005,0.179
2262,2006,0.182
2262,2007,0.186
2262,2008,0.19
2262,2009,0.198
2262,2010,0.202
2262,2011,0.21
2262,2012,0.214
2262,2013,0.218
2262,2014,0.225
2262,2015,0.227
2262,2016,0.23
2262,2017,0.229
2262,2018,0.23
2262,2019,0.233
2262,2020,0.234
2262,2021,0.235
2280,2005,0.206
2280,2006,0.208
2280,2007,0.213
2280,2008,0.218
2280,2009,0.223
2280,2010,0.23
2280,2011,0.239
2280,2012,0.246
2280,2013,0.25
2280,2014,0.254
2280,2015,0.253
2280,2016,0.253
2280,2017,0.258
2280,2018,0.26
2280,2019,0.262
2280,2020,0.264
2280,2021,0.267
2281,2005,0.183
2281,2006,0.184
2281,2007,0.187
2281,2008,0.191
2281,2009,0.194
2281,2010,0.198
2281,2011,0.202
2281,2012,0.205
2281,2013,0.209
2281,2014,0.211
2281,2015,0.213
2281,2016,0.213
2281,2017,0.215
2281,2018,0.217
2281,2019,0.218
2281,2020,0.22
2281,2021,0.223
2282,2005,0.239
2282,2006,0.239
2282,2007,0.24
2282,2008,0.244
2282,2009,0.251
2282,2010,0.259
2282,2011,0.268
2282,2012,0.274
2282,2013,0.279
2282,2014,0.284
2282,2015,0.288
2282,2016,0.284
2282,2017,0.286
2282,2018,0.289
2282,2019,0.291
2282,2020,0.293
2282,2021,0.296
2283,2005,0.243
2283,2006,0.244
2283,2007,0.245
2283,2008,0.248
2283,2009,0.254
2283,2010,0.256
2283,2011,0.264
2283,2012,0.267
2283,2013,0.27
2283,2014,0.269
2283,2015,0.27
2283,2016,0.272
2283,2017,0.275
2283,2018,0.28
2283,2019,0.287
2283,2020,0.294
2283,2021,0.297
2284,2005,0.208
2284,2006,0.208
2284,2007,0.21
2284,2008,0.213
2284,2009,0.217
2284,2010,0.222
2284,2011,0.226
2284,2012,0.23
2284,2013,0.234
2284,2014,0.238
2284,2015,0.239
2284,2016,0.24
2284,2017,0.242
2284,2018,0.244
2284,2019,0.247
2284,2020,0.249
2284,2021,0.25
2303,2005,0.263
2303,2006,0.264
2303,2007,0.264
2303,2008,0.267
2303,2009,0.271
2303,2010,0.274
2303,2011,0.281
2303,2012,0.281
2303,2013,0.286
2303,2014,0.29
2303,2015,0.294
2303,2016,0.286
2303,2017,0.286
2303,2018,0.293
2303,2019,0.295
2303,2020,0.298
2303,2021,0.294
2305,2005,0.231
2305,2006,0.228
2305,2007,0.231
2305,2008,0.239
2305,2009,0.246
2305,2010,0.252
2305,2011,0.26
2305,2012,0.267
2305,2013,0.273
2305,2014,0.277
2305,2015,0.279
2305,2016,0.277
2305,2017,0.276
2305,2018,0.28
2305,2019,0.287
2305,2020,0.289
2305,2021,0.294
2309,2005,0.17
2309,2006,0.17
2309,2007,0.174
2309,2008,0.18
2309,2009,0.185
2309,2010,0.189
2309,2011,0.194
2309,2012,0.199
2309,2013,0.202
2309,2014,0.206
2309,2015,0.209
2309,2016,0.209
2309,2017,0.212
2309,2018,0.215
2309,2019,0.217
2309,2020,0.218
2309,2021,0.218
2313,2005,0.249
2313,2006,0.249
2313,2007,0.251
2313,2008,0.253
2313,2009,0.258
2313,2010,0.261
2313,2011,0.266
2313,2012,0.273
2313,2013,0.28
2313,2014,0.285
2313,2015,0.291
2313,2016,0.29
2313,2017,0.29
2313,2018,0.293
2313,2019,0.297
2313,2020,0.301
2313,2021,0.301
2321,2005,0.17
2321,2006,0.169
2321,2007,0.17
2321,2008,0.169
2321,2009,0.17
2321,2010,0.172
2321,2011,0.178
2321,2012,0.179
2321,2013,0.179
2321,2014,0.182
2321,2015,0.183
2321,2016,0.177
2321,2017,0.177
2321,2018,0.174
2321,2019,0.177
2321,2020,0.176
2321,2021,0.177
2326,2005,0.24
2326,2006,0.241
2326,2007,0.243
2326,2008,0.247
2326,2009,0.253
2326,2010,0.259
2326,2011,0.263
2326,2012,0.269
2326,2013,0.274
2326,2014,0.281
2326,2015,0.286
2326,2016,0.282
2326,2017,0.283
2326,2018,0.286
2326,2019,0.29
2326,2020,0.294
2326,2021,0.295
2361,2005,0.248
2361,2006,0.251
2361,2007,0.25
2361,2008,0.254
2361,2009,0.259
2361,2010,0.266
2361,2011,0.273
2361,2012,0.278
2361,2013,0.28
2361,2014,0.287
2361,2015,0.286
2361,2016,0.29
2361,2017,0.291
2361,2018,0.292
2361,2019,0.296
2361,2020,0.297
2361,2021,0.298
2380,2005,0.174
2380,2006,0.175
2380,2007,0.177
2380,2008,0.181
2380,2009,0.184
2380,2010,0.189
2380,2011,0.194
2380,2012,0.199
2380,2013,0.204
2380,2014,0.206
2380,2015,0.208
2380,2016,0.21
2380,2017,0.211
2380,2018,0.213
2380,2019,0.215
2380,2020,0.217
2380,2021,0.219
2401,2005,0.221
2401,2006,0.228
2401,2007,0.231
2401,2008,0.235
2401,2009,0.241
2401,2010,0.25
2401,2011,0.254
2401,2012,0.259
2401,2013,0.262
2401,2014,0.267
2401,2015,0.268
2401,2016,0.271
2401,2017,0.271
2401,2018,0.273
2401,2019,0.276
2401,2020,0.285
2401,2021,0.286
2403,2005,0.284
2403,2006,0.286
2403,2007,0.287
2403,2008,0.293
2403,2009,0.29
2403,2010,0.294
2403,2011,0.303
2403,2012,0.304
2403,2013,0.3
2403,2014,0.3
2403,2015,0.3
2403,2016,0.297
2403,2017,0.301
2403,2018,0.298
2403,2019,0.298
2403,2020,0.302
2403,2021,0.298
2404,2005,0.244
2404,2006,0.248
2404,2007,0.249
2404,2008,0.245
2404,2009,0.256
2404,2010,0.26
2404,2011,0.263
2404,2012,0.266
2404,2013,0.273
2404,2014,0.277
2404,2015,0.282
2404,2016,0.283
2404,2017,0.281
2404,2018,0.281
2404,2019,0.28
2404,2020,0.278
2404,2021,0.281
2409,2005,0.211
2409,2006,0.216
2409,2007,0.214
2409,2008,0.218
2409,2009,0.222
2409,2010,0.228
2409,2011,0.234
2409,2012,0.239
2409,2013,0.241
2409,2014,0.248
2409,2015,0.249
2409,2016,0.252
2409,2017,0.254
2409,2018,0.26
2409,2019,0.265
2409,2020,0.269
2409,2021,0.273
2417,2005,0.237
2417,2006,0.238
2417,2007,0.244
2417,2008,0.248
2417,2009,0.25
2417,2010,0.25
2417,2011,0.253
2417,2012,0.256
2417,2013,0.256
2417,2014,0.256
2417,2015,0.262
2417,2016,0.269
2417,2017,0.274
2417,2018,0.277
2417,2019,0.283
2417,2020,0.292
2417,2021,0.293
2418,2005,0.222
2418,2006,0.226
2418,2007,0.226
2418,2008,0.231
2418,2009,0.236
2418,2010,0.245
2418,2011,0.249
2418,2012,0.251
2418,2013,0.252
2418,2014,0.257
2418,2015,0.259
2418,2016,0.269
2418,2017,0.273
2418,2018,0.274
2418,2019,0.282
2418,2020,0.286
2418,2021,0.285
2421,2005,0.247
2421,2006,0.25
2421,2007,0.255
2421,2008,0.262
2421,2009,0.265
2421,2010,0.272
2421,2011,0.273
2421,2012,0.278
2421,2013,0.278
2421,2014,0.282
2421,2015,0.286
2421,2016,0.284
2421,2017,0.285
2421,2018,0.285
2421,2019,0.292
2421,2020,0.293
2421,2021,0.295
2422,2005,0.278
2422,2006,0.273
2422,2007,0.273
2422,2008,0.279
2422,2009,0.275
2422,2010,0.272
2422,2011,0.265
2422,2012,0.263
2422,2013,0.268
2422,2014,0.265
2422,2015,0.276
2422,2016,0.273
2422,2017,0.285
2422,2018,0.287
2422,2019,0.288
2422,2020,0.297
2422,2021,0.3
2425,2005,0.289
2425,2006,0.289
2425,2007,0.287
2425,2008,0.292
2425,2009,0.291
2425,2010,0.295
2425,2011,0.296
2425,2012,0.302
2425,2013,0.303
2425,2014,0.302
2425,2015,0.303
2425,2016,0.301
2425,2017,0.306
2425,2018,0.314
2425,2019,0.315
2425,2020,0.327
2425,2021,0.335
2460,2005,0.188
2460,2006,0.189
2460,2007,0.19
2460,2008,0.19
2460,2009,0.194
2460,2010,0.197
2460,2011,0.201
2460,2012,0.205
2460,2013,0.205
2460,2014,0.21
2460,2015,0.212
2460,2016,0.212
2460,2017,0.213
2460,2018,0.214
2460,2019,0.215
2460,2020,0.216
2460,2021,0.217
2462,2005,0.226
2462,2006,0.225
2462,2007,0.225
2462,2008,0.229
2462,2009,0.233
2462,2010,0.235
2462,2011,0.238
2462,2012,0.239
2462,2013,0.24
2462,2014,0.245
2462,2015,0.249
2462,2016,0.251
2462,2017,0.251
2462,2018,0.262
2462,2019,0.265
2462,2020,0.273
2462,2021,0.278
2463,2005,0.278
2463,2006,0.281
2463,2007,0.278
2463,2008,0.284
2463,2009,0.285
2463,2010,0.294
2463,2011,0.304
2463,2012,0.303
2463,2013,0.309
2463,2014,0.308
2463,2015,0.305
2463,2016,0.306
2463,2017,0.311
2463,2018,0.308
2463,2019,0.312
2463,2020,0.315
2463,2021,0.321
2480,2005,0.127
2480,2006,0.128
2480,2007,0.132
2480,2008,0.137
2480,2009,0.14
2480,2010,0.144
2480,2011,0.149
2480,2012,0.153
2480,2013,0.157
2480,2014,0.161
2480,2015,0.164
2480,2016,0.166
2480,2017,0.167
2480,2018,0.168
2480,2019,0.169
2480,2020,0.171
2480,2021,0.173
2481,2005,0.211
2481,2006,0.215
2481,2007,0.216
2481,2008,0.218
2481,2009,0.22
2481,2010,0.226
2481,2011,0.232
2481,2012,0.234
2481,2013,0.24
2481,2014,0.245
2481,2015,0.248
2481,2016,0.249
2481,2017,0.248
2481,2018,0.246
2481,2019,0.246
2481,2020,0.248
2481,2021,0.249
2482,2005,0.199
2482,2006,0.2
2482,2007,0.203
2482,2008,0.206
2482,2009,0.21
2482,2010,0.215
2482,2011,0.218
2482,2012,0.221
2482,2013,0.225
2482,2014,0.227
2482,2015,0.229
2482,2016,0.231
2482,2017,0.233
2482,2018,0.237
2482,2019,0.239
2482,2020,0.242
2482,2021,0.242
2505,2005,0.246
2505,2006,0.247
2505,2007,0.249
2505,2008,0.252
2505,2009,0.257
2505,2010,0.262
2505,2011,0.265
2505,2012,0.269
2505,2013,0.272
2505,2014,0.266
2505,2015,0.269
2505,2016,0.268
2505,2017,0.267
2505,2018,0.272
2505,2019,0.274
2505,2020,0.276
2505,2021,0.278
2506,2005,0.249
2506,2006,0.246
2506,2007,0.252
2506,2008,0.252
2506,2009,0.254
2506,2010,0.254
2506,2011,0.261
2506,2012,0.267
2506,2013,0.274
2506,2014,0.274
2506,2015,0.273
2506,2016,0.272
2506,2017,0.276
2506,2018,0.283
2506,2019,0.285
2506,2020,0.294
2506,2021,0.305
2510,2005,0.221
2510,2006,0.223
2510,2007,0.23
2510,2008,0.235
2510,2009,0.242
2510,2010,0.247
2510,2011,0.254
2510,2012,0.261
2510,2013,0.266
2510,2014,0.271
2510,2015,0.27
2510,2016,0.266
2510,2017,0.273
2510,2018,0.278
2510,2019,0.285
2510,2020,0.289
2510,2021,0.301
2513,2005,0.28
2513,2006,0.278
2513,2007,0.283
2513,2008,0.285
2513,2009,0.294
2513,2010,0.306
2513,2011,0.313
2513,2012,0.317
2513,2013,0.324
2513,2014,0.325
2513,2015,0.326
2513,2016,0.331
2513,2017,0.334
2513,2018,0.339
2513,2019,0.345
2513,2020,0.352
2513,2021,0.356
2514,2005,0.219
2514,2006,0.224
2514,2007,0.227
2514,2008,0.233
2514,2009,0.24
2514,2010,0.247
2514,2011,0.254
2514,2012,0.259
2514,2013,0.267
2514,2014,0.273
2514,2015,0.278
2514,2016,0.281
2514,2017,0.282
2514,2018,0.284
2514,2019,0.29
2514,2020,0.293
2514,2021,0.295
2518,2005,0.261
2518,2006,0.259
2518,2007,0.26
2518,2008,0.264
2518,2009,0.266
2518,2010,0.268
2518,2011,0.274
2518,2012,0.281
2518,2013,0.288
2518,2014,0.296
2518,2015,0.308
2518,2016,0.314
2518,2017,0.325
2518,2018,0.336
2518,2019,0.351
2518,2020,0.367
2518,2021,0.372
2521,2005,0.294
2521,2006,0.298
2521,2007,0.303
2521,2008,0.303
2521,2009,0.305
2521,2010,0.307
2521,2011,0.312
2521,2012,0.315
2521,2013,0.318
2521,2014,0.318
2521,2015,0.329
2521,2016,0.332
2521,2017,0.342
2521,2018,0.345
2521,2019,0.346
2521,2020,0.354
2521,2021,0.356
2523,2005,0.21
2523,2006,0.214
2523,2007,0.216
2523,2008,0.221
2523,2009,0.225
2523,2010,0.23
2523,2011,0.236
2523,2012,0.237
2523,2013,0.239
2523,2014,0.243
2523,2015,0.245
2523,2016,0.248
2523,2017,0.248
2523,2018,0.253
2523,2019,0.256
2523,2020,0.256
2523,2021,0.257
2560,2005,0.221
2560,2006,0.218
2560,2007,0.224
2560,2008,0.231
2560,2009,0.235
2560,2010,0.241
2560,2011,0.245
2560,2012,0.251
2560,2013,0.253
2560,2014,0.256
2560,2015,0.257
2560,2016,0.26
2560,2017,0.259
2560,2018,0.263
2560,2019,0.264
2560,2020,0.265
2560,2021,0.267
2580,2005,0.159
2580,2006,0.162
2580,2007,0.166
2580,2008,0.17
2580,2009,0.174
2580,2010,0.179
2580,2011,0.185
2580,2012,0.188
2580,2013,0.192
2580,2014,0.195
2580,2015,0.199
2580,2016,0.202
2580,2017,0.203
2580,2018,0.206
2580,2019,0.209
2580,2020,0.21
2580,2021,0.212
2581,2005,0.175
2581,2006,0.177
2581,2007,0.18
2581,2008,0.186
2581,2009,0.192
2581,2010,0.2
2581,2011,0.205
2581,2012,0.213
2581,2013,0.218
2581,2014,0.223
2581,2015,0.227
2581,2016,0.229
2581,2017,0.232
2581,2018,0.236
2581,2019,0.237
2581,2020,0.239
2581,2021,0.241
2582,2005,0.188
2582,2006,0.19
2582,2007,0.193
2582,2008,0.199
2582,2009,0.206
2582,2010,0.212
2582,2011,0.218
2582,2012,0.224
2582,2013,0.229
2582,2014,0.234
2582,2015,0.237
2582,2016,0.24
2582,2017,0.243
2582,2018,0.248
2582,2019,0.251
2582,2020,0.253
2582,2021,0.255
2583,2005,0.206
2583,2006,0.21
2583,2007,0.211
2583,2008,0.215
2583,2009,0.218
2583,2010,0.225
2583,2011,0.233
2583,2012,0.241
2583,2013,0.25
2583,2014,0.261
2583,2015,0.267
2583,2016,0.271
2583,2017,0.28
2583,2018,0.289
2583,2019,0.296
2583,2020,0.304
2583,2021,0.31
2584,2005,0.18
2584,2006,0.181
2584,2007,0.185
2584,2008,0.19
2584,2009,0.194
2584,2010,0.196
2584,2011,0.198
2584,2012,0.201
2584,2013,0.203
2584,2014,0.205
2584,2015,0.207
2584,2016,0.209
2584,2017,0.208
2584,2018,0.212
2584,2019,0.214
2584,2020,0.215
2584,2021,0.217
