kommun,year,andel_adhd_8_20
0114,2005,0.006
0114,2006,0.009
0114,2007,0.011
0114,2008,0.015
0114,2009,0.018
0114,2010,0.022
0114,2011,0.029
0114,2012,0.035
0114,2013,0.039
0114,2014,0.042
0114,2015,0.044
0114,2016,0.05
0114,2017,0.055
0114,2018,0.06
0114,2019,0.06
0114,2020,0.065
0114,2021,0.067
0115,2005,0.005
0115,2006,0.007
0115,2007,0.009
0115,2008,0.013
0115,2009,0.018
0115,2010,0.024
0115,2011,0.036
0115,2012,0.044
0115,2013,0.053
0115,2014,0.058
0115,2015,0.058
0115,2016,0.062
0115,2017,0.07
0115,2018,0.068
0115,2019,0.072
0115,2020,0.078
0115,2021,0.084
0117,2005,0.007
0117,2006,0.01
0117,2007,0.014
0117,2008,0.02
0117,2009,0.03
0117,2010,0.042
0117,2011,0.05
0117,2012,0.057
0117,2013,0.06
0117,2014,0.065
0117,2015,0.068
0117,2016,0.068
0117,2017,0.067
0117,2018,0.063
0117,2019,0.064
0117,2020,0.068
0117,2021,0.069
0120,2005,0.003
0120,2006,0.004
0120,2007,0.005
0120,2008,0.009
0120,2009,0.012
0120,2010,0.017
0120,2011,0.023
0120,2012,0.027
0120,2013,0.032
0120,2014,0.038
0120,2015,0.046
0120,2016,0.049
0120,2017,0.051
0120,2018,0.05
0120,2019,0.055
0120,2020,0.059
0120,2021,0.061
0123,2005,0.007
0123,2006,0.009
0123,2007,0.013
0123,2008,0.013
0123,2009,0.017
0123,2010,0.022
0123,2011,0.025
0123,2012,0.028
0123,2013,0.031
0123,2014,0.034
0123,2015,0.035
0123,2016,0.036
0123,2017,0.037
0123,2018,0.039
0123,2019,0.04
0123,2020,0.044
0123,2021,0.047
0125,2005,0.005
0125,2006,0.007
0125,2007,0.008
0125,2008,0.013
0125,2009,0.02
0125,2010,0.025
0125,2011,0.027
0125,2012,0.034
0125,2013,0.038
0125,2014,0.046
0125,2015,0.048
0125,2016,0.051
0125,2017,0.052
0125,2018,0.05
0125,2019,0.057
0125,2020,0.062
0125,2021,0.073
0126,2005,0.006
0126,2006,0.008
0126,2007,0.01
0126,2008,0.012
0126,2009,0.015
0126,2010,0.019
0126,2011,0.024
0126,2012,0.028
0126,2013,0.033
0126,2014,0.038
0126,2015,0.043
0126,2016,0.044
0126,2017,0.05
0126,2018,0.052
0126,2019,0.054
0126,2020,0.058
0126,2021,0.061
0127,2005,0.004
0127,2006,0.005
0127,2007,0.006
0127,2008,0.01
0127,2009,0.013
0127,2010,0.016
0127,2011,0.019
0127,2012,0.021
0127,2013,0.026
0127,2014,0.031
0127,2015,0.039
0127,2016,0.044
0127,2017,0.044
0127,2018,0.046
0127,2019,0.05
0127,2020,0.056
0127,2021,0.06
0128,2005,0.005
0128,2006,0.009
0128,2007,0.012
0128,2008,0.017
0128,2009,0.029
0128,2010,0.038
0128,2011,0.046
0128,2012,0.05
0128,2013,0.055
0128,2014,0.059
0128,2015,0.065
0128,2016,0.066
0128,2017,0.062
0128,2018,0.061
0128,2019,0.059
0128,2020,0.065
0128,2021,0.067
0136,2005,0.006
0136,2006,0.007
0136,2007,0.008
0136,2008,0.013
0136,2009,0.02
0136,2010,0.029
0136,2011,0.037
0136,2012,0.042
0136,2013,0.043
0136,2014,0.049
0136,2015,0.052
0136,2016,0.054
0136,2017,0.056
0136,2018,0.055
0136,2019,0.055
0136,2020,0.059
0136,2021,0.061
0138,2005,0.003
0138,2006,0.005
0138,2007,0.006
0138,2008,0.009
0138,2009,0.017
0138,2010,0.027
0138,2011,0.034
0138,2012,0.037
0138,2013,0.041
0138,2014,0.043
0138,2015,0.049
0138,2016,0.052
0138,2017,0.054
0138,2018,0.058
0138,2019,0.059
0138,2020,0.063
0138,2021,0.063
0139,2005,0.005
0139,2006,0.008
0139,2007,0.014
0139,2008,0.02
0139,2009,0.024
0139,2010,0.027
0139,2011,0.035
0139,2012,0.039
0139,2013,0.04
0139,2014,0.04
0139,2015,0.039
0139,2016,0.04
0139,2017,0.039
0139,2018,0.038
0139,2019,0.043
0139,2020,0.049
0139,2021,0.061
0140,2005,0.005
0140,2006,0.008
0140,2007,0.015
0140,2008,0.019
0140,2009,0.026
0140,2010,0.043
0140,2011,0.047
0140,2012,0.062
0140,2013,0.066
0140,2014,0.076
0140,2015,0.076
0140,2016,0.071
0140,2017,0.069
0140,2018,0.074
0140,2019,0.076
0140,2020,0.072
0140,2021,0.083
0160,2005,0.006
0160,2006,0.007
0160,2007,0.009
0160,2008,0.012
0160,2009,0.014
0160,2010,0.021
0160,2011,0.026
0160,2012,0.03
0160,2013,0.033
0160,2014,0.035
0160,2015,0.037
0160,2016,0.041
0160,2017,0.043
0160,2018,0.048
0160,2019,0.053
0160,2020,0.058
0160,2021,0.062
0162,2005,0.004
0162,2006,0.006
0162,2007,0.007
0162,2008,0.009
0162,2009,0.008
0162,2010,0.009
0162,2011,0.014
0162,2012,0.015
0162,2013,0.018
0162,2014,0.02
0162,2015,0.021
0162,2016,0.026
0162,2017,0.032
0162,2018,0.038
0162,2019,0.043
0162,2020,0.048
0162,2021,0.057
0163,2005,0.005
0163,2006,0.007
0163,2007,0.01
0163,2008,0.013
0163,2009,0.016
0163,2010,0.021
0163,2011,0.024
0163,2012,0.027
0163,2013,0.029
0163,2014,0.03
0163,2015,0.034
0163,2016,0.032
0163,2017,0.034
0163,2018,0.036
0163,2019,0.039
0163,2020,0.047
0163,2021,0.05
0180,2005,0.004
0180,2006,0.005
0180,2007,0.007
0180,2008,0.009
0180,2009,0.013
0180,2010,0.017
0180,2011,0.021
0180,2012,0.025
0180,2013,0.028
0180,2014,0.031
0180,2015,0.035
0180,2016,0.037
0180,2017,0.039
0180,2018,0.041
0180,2019,0.043
0180,2020,0.048
0180,2021,0.054
0181,2005,0.004
0181,2006,0.007
0181,2007,0.01
0181,2008,0.012
0181,2009,0.016
0181,2010,0.021
0181,2011,0.025
0181,2012,0.033
0181,2013,0.04
0181,2014,0.046
0181,2015,0.049
0181,2016,0.05
0181,2017,0.048
0181,2018,0.049
0181,2019,0.049
0181,2020,0.049
0181,2021,0.051
0182,2005,0.005
0182,2006,0.005
0182,2007,0.005
0182,2008,0.007
0182,2009,0.008
0182,2010,0.013
0182,2011,0.017
0182,2012,0.022
0182,2013,0.027
0182,2014,0.031
0182,2015,0.034
0182,2016,0.038
0182,2017,0.038
0182,2018,0.039
0182,2019,0.042
0182,2020,0.046
0182,2021,0.051
0183,2005,0.003
0183,2006,0.005
0183,2007,0.007
0183,2008,0.008
0183,2009,0.01
0183,2010,0.013
0183,2011,0.013
0183,2012,0.017
0183,2013,0.019
0183,2014,0.022
0183,2015,0.026
0183,2016,0.028
0183,2017,0.029
0183,2018,0.033
0183,2019,0.034
0183,2020,0.039
0183,2021,0.043
0184,2005,0.004
0184,2006,0.006
0184,2007,0.006
0184,2008,0.009
0184,2009,0.01
0184,2010,0.014
0184,2011,0.019
0184,2012,0.022
0184,2013,0.027
0184,2014,0.03
0184,2015,0.03
0184,2016,0.035
0184,2017,0.033
0184,2018,0.036
0184,2019,0.038
0184,2020,0.043
0184,2021,0.045
0186,2005,0.005
0186,2006,0.006
0186,2007,0.007
0186,2008,0.008
0186,2009,0.01
0186,2010,0.013
0186,2011,0.019
0186,2012,0.02
0186,2013,0.021
0186,2014,0.023
0186,2015,0.026
0186,2016,0.03
0186,2017,0.033
0186,2018,0.037
0186,2019,0.044
0186,2020,0.049
0186,2021,0.055
0187,2005,0.009
0187,2006,0.008
0187,2007,0.013
0187,2008,0.016
0187,2009,0.019
0187,2010,0.022
0187,2011,0.021
0187,2012,0.023
0187,2013,0.029
0187,2014,0.03
0187,2015,0.036
0187,2016,0.037
0187,2017,0.043
0187,2018,0.05
0187,2019,0.054
0187,2020,0.06
0187,2021,0.065
0188,2005,0.008
0188,2006,0.012
0188,2007,0.015
0188,2008,0.017
0188,2009,0.023
0188,2010,0.03
0188,2011,0.035
0188,2012,0.04
0188,2013,0.044
0188,2014,0.051
0188,2015,0.052
0188,2016,0.061
0188,2017,0.06
0188,2018,0.063
0188,2019,0.065
0188,2020,0.07
0188,2021,0.077
0191,2005,0.008
0191,2006,0.011
0191,2007,0.014
0191,2008,0.015
0191,2009,0.018
0191,2010,0.023
0191,2011,0.026
0191,2012,0.031
0191,2013,0.03
0191,2014,0.03
0191,2015,0.033
0191,2016,0.035
0191,2017,0.034
0191,2018,0.036
0191,2019,0.037
0191,2020,0.04
0191,2021,0.042
0192,2005,0.003
0192,2006,0.008
0192,2007,0.011
0192,2008,0.013
0192,2009,0.022
0192,2010,0.032
0192,2011,0.039
0192,2012,0.049
0192,2013,0.05
0192,2014,0.06
0192,2015,0.065
0192,2016,0.069
0192,2017,0.071
0192,2018,0.065
0192,2019,0.065
0192,2020,0.064
0192,2021,0.061
0305,2005,0.016
0305,2006,0.02
0305,2007,0.023
0305,2008,0.026
0305,2009,0.037
0305,2010,0.045
0305,2011,0.052
0305,2012,0.063
0305,2013,0.067
0305,2014,0.073
0305,2015,0.076
0305,2016,0.079
0305,2017,0.074
0305,2018,0.07
0305,2019,0.071
0305,2020,0.074
0305,2021,0.075
0319,2005,0.014
0319,2006,0.02
0319,2007,0.022
0319,2008,0.023
0319,2009,0.03
0319,2010,0.035
0319,2011,0.039
0319,2012,0.058
0319,2013,0.062
0319,2014,0.065
0319,2015,0.069
0319,2016,0.068
0319,2017,0.057
0319,2018,0.052
0319,2019,0.056
0319,2020,0.055
0319,2021,0.059
0330,2005,0.007
0330,2006,0.011
0330,2007,0.011
0330,2008,0.014
0330,2009,0.018
0330,2010,0.02
0330,2011,0.021
0330,2012,0.02
0330,2013,0.024
0330,2014,0.025
0330,2015,0.027
0330,2016,0.028
0330,2017,0.029
0330,2018,0.034
0330,2019,0.037
0330,2020,0.043
0330,2021,0.047
0331,2005,0.008
0331,2006,0.011
0331,2007,0.014
0331,2008,0.02
0331,2009,0.025
0331,2010,0.028
0331,2011,0.031
0331,2012,0.041
0331,2013,0.043
0331,2014,0.052
0331,2015,0.053
0331,2016,0.053
0331,2017,0.058
0331,2018,0.057
0331,2019,0.054
0331,2020,0.065
0331,2021,0.067
0360,2005,0.019
0360,2006,0.018
0360,2007,0.022
0360,2008,0.024
0360,2009,0.028
0360,2010,0.033
0360,2011,0.032
0360,2012,0.035
0360,2013,0.043
0360,2014,0.039
0360,2015,0.04
0360,2016,0.04
0360,2017,0.04
0360,2018,0.042
0360,2019,0.046
0360,2020,0.047
0360,2021,0.049
0380,2005,0.009
0380,2006,0.012
0380,2007,0.014
0380,2008,0.016
0380,2009,0.018
0380,2010,0.021
0380,2011,0.024
0380,2012,0.026
0380,2013,0.028
0380,2014,0.031
0380,2015,0.033
0380,2016,0.033
0380,2017,0.033
0380,2018,0.033
0380,2019,0.035
0380,2020,0.04
0380,2021,0.044
0381,2005,0.011
0381,2006,0.014
0381,2007,0.017
0381,2008,0.022
0381,2009,0.031
0381,2010,0.035
0381,2011,0.042
0381,2012,0.047
0381,2013,0.05
0381,2014,0.057
0381,2015,0.056
0381,2016,0.056
0381,2017,0.051
0381,2018,0.048
0381,2019,0.052
0381,2020,0.058
0381,2021,0.06
0382,2005,0.009
0382,2006,0.011
0382,2007,0.017
0382,2008,0.019
0382,2009,0.027
0382,2010,0.035
0382,2011,0.04
0382,2012,0.039
0382,2013,0.044
0382,2014,0.047
0382,2015,0.048
0382,2016,0.047
0382,2017,0.043
0382,2018,0.037
0382,2019,0.042
0382,2020,0.048
0382,2021,0.056
0428,2005,0.002
0428,2006,0.002
0428,2007,0.004
0428,2008,0.008
0428,2009,0.012
0428,2010,0.018
0428,2011,0.019
0428,2012,0.028
0428,2013,0.025
0428,2014,0.032
0428,2015,0.035
0428,2016,0.037
0428,2017,0.036
0428,2018,0.037
0428,2019,0.047
0428,2020,0.054
0428,2021,0.066
0461,2005,0.007
0461,2006,0.009
0461,2007,0.01
0461,2008,0.01
0461,2009,0.011
0461,2010,0.018
0461,2011,0.025
0461,2012,0.027
0461,2013,0.029
0461,2014,0.033
0461,2015,0.042
0461,2016,0.049
0461,2017,0.053
0461,2018,0.06
0461,2019,0.073
0461,2020,0.077
0461,2021,0.075
0480,2005,0.004
0480,2006,0.005
0480,2007,0.007
0480,2008,0.009
0480,2009,0.013
0480,2010,0.017
0480,2011,0.022
0480,2012,0.026
0480,2013,0.028
0480,2014,0.033
0480,2015,0.034
0480,2016,0.037
0480,2017,0.039
0480,2018,0.039
0480,2019,0.043
0480,2020,0.049
0480,2021,0.055
0481,2005,0.006
0481,2006,0.008
0481,2007,0.009
0481,2008,0.012
0481,2009,0.015
0481,2010,0.021
0481,2011,0.029
0481,2012,0.038
0481,2013,0.041
0481,2014,0.038
0481,2015,0.04
0481,2016,0.045
0481,2017,0.049
0481,2018,0.057
0481,2019,0.06
0481,2020,0.063
0481,2021,0.077
0482,2005,0.002
0482,2006,0.003
0482,2007,0.005
0482,2008,0.008
0482,2009,0.005
0482,2010,0.01
0482,2011,0.012
0482,2012,0.018
0482,2013,0.02
0482,2014,0.028
0482,2015,0.031
0482,2016,0.03
0482,2017,0.029
0482,2018,0.034
0482,2019,0.036
0482,2020,0.042
0482,2021,0.048
0483,2005,0.002
0483,2006,0.003
0483,2007,0.006
0483,2008,0.01
0483,2009,0.014
0483,2010,0.018
0483,2011,0.023
0483,2012,0.029
0483,2013,0.031
0483,2014,0.035
0483,2015,0.035
0483,2016,0.039
0483,2017,0.039
0483,2018,0.038
0483,2019,0.039
0483,2020,0.048
0483,2021,0.051
0484,2005,0.002
0484,2006,0.004
0484,2007,0.005
0484,2008,0.006
0484,2009,0.008
0484,2010,0.011
0484,2011,0.016
0484,2012,0.021
0484,2013,0.025
0484,2014,0.028
0484,2015,0.03
0484,2016,0.031
0484,2017,0.029
0484,2018,0.028
0484,2019,0.03
0484,2020,0.033
0484,2021,0.036
0486,2005,0.002
0486,2006,0.003
0486,2007,0.006
0486,2008,0.008
0486,2009,0.011
0486,2010,0.015
0486,2011,0.02
0486,2012,0.025
0486,2013,0.026
0486,2014,0.03
0486,2015,0.034
0486,2016,0.039
0486,2017,0.04
0486,2018,0.04
0486,2019,0.045
0486,2020,0.048
0486,2021,0.054
0488,2005,0.004
0488,2006,0.006
0488,2007,0.008
0488,2008,0.01
0488,2009,0.01
0488,2010,0.013
0488,2011,0.02
0488,2012,0.027
0488,2013,0.032
0488,2014,0.039
0488,2015,0.046
0488,2016,0.055
0488,2017,0.065
0488,2018,0.072
0488,2019,0.083
0488,2020,0.086
0488,2021,0.091
0509,2005,0.005
0509,2006,0.006
0509,2007,0.011
0509,2008,0.013
0509,2009,0.015
0509,2010,0.023
0509,2011,0.037
0509,2012,0.039
0509,2013,0.035
0509,2014,0.037
0509,2015,0.039
0509,2016,0.041
0509,2017,0.041
0509,2018,0.037
0509,2019,0.04
0509,2020,0.028
0509,2021,0.037
0512,2005,0.003
0512,2006,0.004
0512,2007,0.011
0512,2008,0.011
0512,2009,0.009
0512,2010,0.011
0512,2011,0.019
0512,2012,0.018
0512,2013,0.018
0512,2014,0.029
0512,2015,0.024
0512,2016,0.025
0512,2017,0.015
0512,2018,0.024
0512,2019,0.029
0512,2020,0.04
0512,2021,0.034
0513,2005,0.002
0513,2006,0.003
0513,2007,0.007
0513,2008,0.013
0513,2009,0.015
0513,2010,0.023
0513,2011,0.027
0513,2012,0.028
0513,2013,0.032
0513,2014,0.037
0513,2015,0.042
0513,2016,0.048
0513,2017,0.044
0513,2018,0.046
0513,2019,0.049
0513,2020,0.055
0513,2021,0.061
0560,2005,0.004
0560,2006,0.009
0560,2007,0.011
0560,2008,0.016
0560,2009,0.018
0560,2010,0.025
0560,2011,0.035
0560,2012,0.044
0560,2013,0.033
0560,2014,0.035
0560,2015,0.032
0560,2016,0.045
0560,2017,0.035
0560,2018,0.04
0560,2019,0.044
0560,2020,0.031
0560,2021,0.026
0561,2005,0.005
0561,2006,0.006
0561,2007,0.009
0561,2008,0.011
0561,2009,0.014
0561,2010,0.014
0561,2011,0.02
0561,2012,0.029
0561,2013,0.037
0561,2014,0.041
0561,2015,0.041
0561,2016,0.044
0561,2017,0.046
0561,2018,0.052
0561,2019,0.066
0561,2020,0.073
0561,2021,0.076
0562,2005,0.002
0562,2006,0.003
0562,2007,0.005
0562,2008,0.007
0562,2009,0.009
0562,2010,0.011
0562,2011,0.015
0562,2012,0.02
0562,2013,0.02
0562,2014,0.024
0562,2015,0.023
0562,2016,0.023
0562,2017,0.024
0562,2018,0.028
0562,2019,0.028
0562,2020,0.032
0562,2021,0.035
0563,2005,0.001
0563,2006,0.002
0563,2007,0.002
0563,2008,0.006
0563,2009,0.009
0563,2010,0.01
0563,2011,0.013
0563,2012,0.011
0563,2013,0.014
0563,2014,0.014
0563,2015,0.018
0563,2016,0.023
0563,2017,0.026
0563,2018,0.022
0563,2019,0.023
0563,2020,0.022
0563,2021,0.028
0580,2005,0.005
0580,2006,0.007
0580,2007,0.009
0580,2008,0.012
0580,2009,0.016
0580,2010,0.018
0580,2011,0.023
0580,2012,0.026
0580,2013,0.027
0580,2014,0.028
0580,2015,0.029
0580,2016,0.032
0580,2017,0.034
0580,2018,0.035
0580,2019,0.038
0580,2020,0.04
0580,2021,0.042
0581,2005,0.002
0581,2006,0.003
0581,2007,0.004
0581,2008,0.006
0581,2009,0.008
0581,2010,0.01
0581,2011,0.011
0581,2012,0.013
0581,2013,0.014
0581,2014,0.014
0581,2015,0.014
0581,2016,0.015
0581,2017,0.017
0581,2018,0.02
0581,2019,0.022
0581,2020,0.023
0581,2021,0.028
0582,2005,0.003
0582,2006,0.005
0582,2007,0.004
0582,2008,0.007
0582,2009,0.01
0582,2010,0.011
0582,2011,0.011
0582,2012,0.016
0582,2013,0.014
0582,2014,0.013
0582,2015,0.02
0582,2016,0.025
0582,2017,0.025
0582,2018,0.024
0582,2019,0.026
0582,2020,0.033
0582,2021,0.037
0583,2005,0.006
0583,2006,0.008
0583,2007,0.01
0583,2008,0.016
0583,2009,0.021
0583,2010,0.028
0583,2011,0.035
0583,2012,0.041
0583,2013,0.041
0583,2014,0.044
0583,2015,0.043
0583,2016,0.043
0583,2017,0.041
0583,2018,0.039
0583,2019,0.038
0583,2020,0.04
0583,2021,0.046
0584,2005,0.002
0584,2006,0.002
0584,2007,0.005
0584,2008,0.01
0584,2009,0.011
0584,2010,0.014
0584,2011,0.03
0584,2012,0.032
0584,2013,0.029
0584,2014,0.032
0584,2015,0.032
0584,2016,0.032
0584,2017,0.034
0584,2018,0.037
0584,2019,0.032
0584,2020,0.045
0584,2021,0.055
0586,2005,0.007
0586,2006,0.008
0586,2007,0.011
0586,2008,0.012
0586,2009,0.016
0586,2010,0.019
0586,2011,0.022
0586,2012,0.026
0586,2013,0.029
0586,2014,0.035
0586,2015,0.033
0586,2016,0.034
0586,2017,0.031
0586,2018,0.033
0586,2019,0.035
0586,2020,0.037
0586,2021,0.041
0604,2005,0.001
0604,2006,0.002
0604,2007,0.002
0604,2008,0.006
0604,2009,0.01
0604,2010,0.011
0604,2011,0.017
0604,2012,0.023
0604,2013,0.024
0604,2014,0.025
0604,2015,0.026
0604,2016,0.033
0604,2017,0.033
0604,2018,0.037
0604,2019,0.04
0604,2020,0.04
0604,2021,0.041
0617,2005,0.003
0617,2006,0.005
0617,2007,0.008
0617,2008,0.009
0617,2009,0.01
0617,2010,0.01
0617,2011,0.013
0617,2012,0.013
0617,2013,0.016
0617,2014,0.02
0617,2015,0.019
0617,2016,0.018
0617,2017,0.017
0617,2018,0.017
0617,2019,0.018
0617,2020,0.029
0617,2021,0.039
0642,2005,0.007
0642,2006,0.01
0642,2007,0.013
0642,2008,0.013
0642,2009,0.016
0642,2010,0.016
0642,2011,0.019
0642,2012,0.024
0642,2013,0.028
0642,2014,0.032
0642,2015,0.031
0642,2016,0.035
0642,2017,0.035
0642,2018,0.03
0642,2019,0.027
0642,2020,0.034
0642,2021,0.046
0643,2005,0.002
0643,2006,0.003
0643,2007,0.006
0643,2008,0.009
0643,2009,0.009
0643,2010,0.01
0643,2011,0.014
0643,2012,0.016
0643,2013,0.02
0643,2014,0.023
0643,2015,0.022
0643,2016,0.025
0643,2017,0.029
0643,2018,0.027
0643,2019,0.023
0643,2020,0.028
0643,2021,0.037
0662,2005,0.001
0662,2006,0.002
0662,2007,0.003
0662,2008,0.004
0662,2009,0.005
0662,2010,0.007
0662,2011,0.007
0662,2012,0.007
0662,2013,0.013
0662,2014,0.015
0662,2015,0.015
0662,2016,0.016
0662,2017,0.013
0662,2018,0.016
0662,2019,0.02
0662,2020,0.028
0662,2021,0.041
0665,2005,0.005
0665,2006,0.006
0665,2007,0.01
0665,2008,0.011
0665,2009,0.01
0665,2010,0.012
0665,2011,0.014
0665,2012,0.019
0665,2013,0.018
0665,2014,0.017
0665,2015,0.018
0665,2016,0.017
0665,2017,0.016
0665,2018,0.017
0665,2019,0.019
0665,2020,0.025
0665,2021,0.036
0680,2005,0.002
0680,2006,0.004
0680,2007,0.006
0680,2008,0.007
0680,2009,0.008
0680,2010,0.009
0680,2011,0.011
0680,2012,0.013
0680,2013,0.014
0680,2014,0.014
0680,2015,0.015
0680,2016,0.016
0680,2017,0.018
0680,2018,0.018
0680,2019,0.016
0680,2020,0.02
0680,2021,0.027
0682,2005,0.003
0682,2006,0.005
0682,2007,0.006
0682,2008,0.008
0682,2009,0.012
0682,2010,0.015
0682,2011,0.018
0682,2012,0.019
0682,2013,0.021
0682,2014,0.02
0682,2015,0.021
0682,2016,0.022
0682,2017,0.022
0682,2018,0.023
0682,2019,0.023
0682,2020,0.03
0682,2021,0.039
0683,2005,0.002
0683,2006,0.004
0683,2007,0.004
0683,2008,0.004
0683,2009,0.006
0683,2010,0.007
0683,2011,0.01
0683,2012,0.01
0683,2013,0.012
0683,2014,0.015
0683,2015,0.016
0683,2016,0.017
0683,2017,0.019
0683,2018,0.018
0683,2019,0.021
0683,2020,0.024
0683,2021,0.031
0684,2005,0.003
0684,2006,0.006
0684,2007,0.007
0684,2008,0.008
0684,2009,0.01
0684,2010,0.015
0684,2011,0.013
0684,2012,0.016
0684,2013,0.019
0684,2014,0.025
0684,2015,0.029
0684,2016,0.031
0684,2017,0.026
0684,2018,0.027
0684,2019,0.028
0684,2020,0.033
0684,2021,0.04
0685,2005,0.003
0685,2006,0.004
0685,2007,0.007
0685,2008,0.008
0685,2009,0.01
0685,2010,0.012
0685,2011,0.014
0685,2012,0.02
0685,2013,0.025
0685,2014,0.03
0685,2015,0.031
0685,2016,0.031
0685,2017,0.033
0685,2018,0.035
0685,2019,0.034
0685,2020,0.041
0685,2021,0.053
0686,2005,0.004
0686,2006,0.005
0686,2007,0.01
0686,2008,0.011
0686,2009,0.013
0686,2010,0.017
0686,2011,0.017
0686,2012,0.019
0686,2013,0.02
0686,2014,0.027
0686,2015,0.027
0686,2016,0.029
0686,2017,0.028
0686,2018,0.029
0686,2019,0.027
0686,2020,0.028
0686,2021,0.035
0687,2005,0.003
0687,2006,0.005
0687,2007,0.007
0687,2008,0.007
0687,2009,0.01
0687,2010,0.013
0687,2011,0.02
0687,2012,0.021
0687,2013,0.023
0687,2014,0.024
0687,2015,0.026
0687,2016,0.026
0687,2017,0.028
0687,2018,0.028
0687,2019,0.027
0687,2020,0.035
0687,2021,0.041
0760,2005,0.001
0760,2006,0.004
0760,2007,0.005
0760,2008,0.006
0760,2009,0.007
0760,2010,0.009
0760,2011,0.015
0760,2012,0.018
0760,2013,0.016
0760,2014,0.019
0760,2015,0.021
0760,2016,0.025
0760,2017,0.024
0760,2018,0.027
0760,2019,0.03
0760,2020,0.029
0760,2021,0.038
0761,2005,0.003
0761,2006,0.004
0761,2007,0.006
0761,2008,0.008
0761,2009,0.011
0761,2010,0.014
0761,2011,0.016
0761,2012,0.019
0761,2013,0.024
0761,2014,0.025
0761,2015,0.026
0761,2016,0.024
0761,2017,0.031
0761,2018,0.033
0761,2019,0.035
0761,2020,0.034
0761,2021,0.037
0763,2005,0.005
0763,2006,0.004
0763,2007,0.005
0763,2008,0.008
0763,2009,0.008
0763,2010,0.009
0763,2011,0.01
0763,2012,0.011
0763,2013,0.013
0763,2014,0.017
0763,2015,0.023
0763,2016,0.023
0763,2017,0.025
0763,2018,0.025
0763,2019,0.032
0763,2020,0.033
0763,2021,0.044
0764,2005,0.002
0764,2006,0.003
0764,2007,0.003
0764,2008,0.005
0764,2009,0.009
0764,2010,0.01
0764,2011,0.013
0764,2012,0.016
0764,2013,0.017
0764,2014,0.018
0764,2015,0.021
0764,2016,0.023
0764,2017,0.024
0764,2018,0.024
0764,2019,0.029
0764,2020,0.031
0764,2021,0.038
0765,2005,0.001
0765,2006,0.003
0765,2007,0.005
0765,2008,0.004
0765,2009,0.007
0765,2010,0.008
0765,2011,0.012
0765,2012,0.015
0765,2013,0.016
0765,2014,0.019
0765,2015,0.02
0765,2016,0.02
0765,2017,0.02
0765,2018,0.017
0765,2019,0.02
0765,2020,0.026
0765,2021,0.033
0767,2005,0.003
0767,2006,0.003
0767,2007,0.003
0767,2008,0.004
0767,2009,0.005
0767,2010,0.009
0767,2011,0.012
0767,2012,0.015
0767,2013,0.012
0767,2014,0.016
0767,2015,0.011
0767,2016,0.009
0767,2017,0.013
0767,2018,0.017
0767,2019,0.02
0767,2020,0.025
0767,2021,0.04
0780,2005,0.002
0780,2006,0.004
0780,2007,0.005
0780,2008,0.008
0780,2009,0.01
0780,2010,0.014
0780,2011,0.018
0780,2012,0.021
0780,2013,0.021
0780,2014,0.02
0780,2015,0.02
0780,2016,0.022
0780,2017,0.025
0780,2018,0.025
0780,2019,0.027
0780,2020,0.029
0780,2021,0.036
0781,2005,0.003
0781,2006,0.003
0781,2007,0.004
0781,2008,0.004
0781,2009,0.006
0781,2010,0.008
0781,2011,0.009
0781,2012,0.011
0781,2013,0.011
0781,2014,0.01
0781,2015,0.013
0781,2016,0.012
0781,2017,0.012
0781,2018,0.014
0781,2019,0.017
0781,2020,0.02
0781,2021,0.028
0821,2005,0.005
0821,2006,0.003
0821,2007,0.004
0821,2008,0.007
0821,2009,0.012
0821,2010,0.021
0821,2011,0.018
0821,2012,0.02
0821,2013,0.025
0821,2014,0.033
0821,2015,0.036
0821,2016,0.028
0821,2017,0.021
0821,2018,0.022
0821,2019,0.019
0821,2020,0.023
0821,2021,0.033
0834,2005,0.002
0834,2006,0.003
0834,2007,0.008
0834,2008,0.013
0834,2009,0.017
0834,2010,0.02
0834,2011,0.025
0834,2012,0.028
0834,2013,0.031
0834,2014,0.028
0834,2015,0.026
0834,2016,0.021
0834,2017,0.023
0834,2018,0.027
0834,2019,0.028
0834,2020,0.042
0834,2021,0.04
0840,2005,0.005
0840,2006,0.005
0840,2007,0.008
0840,2008,0.01
0840,2009,0.009
0840,2010,0.014
0840,2011,0.016
0840,2012,0.018
0840,2013,0.02
0840,2014,0.02
0840,2015,0.021
0840,2016,0.019
0840,2017,0.017
0840,2018,0.012
0840,2019,0.014
0840,2020,0.014
0840,2021,0.016
0860,2005,0.006
0860,2006,0.009
0860,2007,0.009
0860,2008,0.012
0860,2009,0.014
0860,2010,0.016
0860,2011,0.014
0860,2012,0.016
0860,2013,0.017
0860,2014,0.026
0860,2015,0.028
0860,2016,0.022
0860,2017,0.027
0860,2018,0.03
0860,2019,0.034
0860,2020,0.044
0860,2021,0.049
0861,2005,0.008
0861,2006,0.01
0861,2007,0.007
0861,2008,0.013
0861,2009,0.017
0861,2010,0.02
0861,2011,0.02
0861,2012,0.024
0861,2013,0.028
0861,2014,0.025
0861,2015,0.024
0861,2016,0.026
0861,2017,0.024
0861,2018,0.019
0861,2019,0.019
0861,2020,0.025
0861,2021,0.033
0862,2005,0.002
0862,2006,0.003
0862,2007,0.004
0862,2008,0.006
0862,2009,0.007
0862,2010,0.012
0862,2011,0.017
0862,2012,0.017
0862,2013,0.015
0862,2014,0.012
0862,2015,0.013
0862,2016,0.014
0862,2017,0.011
0862,2018,0.011
0862,2019,0.012
0862,2020,0.012
0862,2021,0.02
0880,2005,0.003
0880,2006,0.005
0880,2007,0.006
0880,2008,0.006
0880,2009,0.009
0880,2010,0.011
0880,2011,0.015
0880,2012,0.017
0880,2013,0.018
0880,2014,0.019
0880,2015,0.018
0880,2016,0.017
0880,2017,0.016
0880,2018,0.016
0880,2019,0.015
0880,2020,0.018
0880,2021,0.022
0881,2005,0.003
0881,2006,0.007
0881,2007,0.01
0881,2008,0.014
0881,2009,0.018
0881,2010,0.021
0881,2011,0.023
0881,2012,0.027
0881,2013,0.027
0881,2014,0.027
0881,2015,0.026
0881,2016,0.025
0881,2017,0.021
0881,2018,0.019
0881,2019,0.021
0881,2020,0.024
0881,2021,0.029
0882,2005,0.004
0882,2006,0.006
0882,2007,0.008
0882,2008,0.01
0882,2009,0.016
0882,2010,0.022
0882,2011,0.025
0882,2012,0.032
0882,2013,0.036
0882,2014,0.037
0882,2015,0.034
0882,2016,0.036
0882,2017,0.035
0882,2018,0.037
0882,2019,0.035
0882,2020,0.037
0882,2021,0.045
0883,2005,0.008
0883,2006,0.01
0883,2007,0.013
0883,2008,0.017
0883,2009,0.022
0883,2010,0.026
0883,2011,0.03
0883,2012,0.032
0883,2013,0.037
0883,2014,0.041
0883,2015,0.042
0883,2016,0.044
0883,2017,0.052
0883,2018,0.05
0883,2019,0.048
0883,2020,0.056
0883,2021,0.056
0884,2005,0.004
0884,2006,0.007
0884,2007,0.01
0884,2008,0.012
0884,2009,0.014
0884,2010,0.013
0884,2011,0.014
0884,2012,0.017
0884,2013,0.019
0884,2014,0.02
0884,2015,0.025
0884,2016,0.025
0884,2017,0.033
0884,2018,0.033
0884,2019,0.04
0884,2020,0.039
0884,2021,0.041
0885,2005,0.003
0885,2006,0.005
0885,2007,0.009
0885,2008,0.007
0885,2009,0.01
0885,2010,0.014
0885,2011,0.019
0885,2012,0.018
0885,2013,0.02
0885,2014,0.017
0885,2015,0.019
0885,2016,0.017
0885,2017,0.016
0885,2018,0.024
0885,2019,0.023
0885,2020,0.028
0885,2021,0.032
0980,2005,0.007
0980,2006,0.01
0980,2007,0.014
0980,2008,0.021
0980,2009,0.027
0980,2010,0.035
0980,2011,0.041
0980,2012,0.05
0980,2013,0.054
0980,2014,0.05
0980,2015,0.051
0980,2016,0.054
0980,2017,0.057
0980,2018,0.059
0980,2019,0.063
0980,2020,0.066
0980,2021,0.07
1060,2005,0.003
1060,2006,0.003
1060,2007,0.006
1060,2008,0.01
1060,2009,0.01
1060,2010,0.009
1060,2011,0.018
1060,2012,0.019
1060,2013,0.024
1060,2014,0.025
1060,2015,0.029
1060,2016,0.035
1060,2017,0.037
1060,2018,0.041
1060,2019,0.043
1060,2020,0.043
1060,2021,0.057
1080,2005,0.002
1080,2006,0.003
1080,2007,0.003
1080,2008,0.005
1080,2009,0.007
1080,2010,0.009
1080,2011,0.011
1080,2012,0.012
1080,2013,0.014
1080,2014,0.014
1080,2015,0.015
1080,2016,0.016
1080,2017,0.02
1080,2018,0.021
1080,2019,0.025
1080,2020,0.029
1080,2021,0.031
1081,2005,0.005
1081,2006,0.006
1081,2007,0.008
1081,2008,0.009
1081,2009,0.01
1081,2010,0.011
1081,2011,0.016
1081,2012,0.022
1081,2013,0.022
1081,2014,0.021
1081,2015,0.025
1081,2016,0.031
1081,2017,0.03
1081,2018,0.034
1081,2019,0.035
1081,2020,0.042
1081,2021,0.052
1082,2005,0.002
1082,2006,0.003
1082,2007,0.005
1082,2008,0.007
1082,2009,0.009
1082,2010,0.011
1082,2011,0.017
1082,2012,0.02
1082,2013,0.024
1082,2014,0.031
1082,2015,0.034
1082,2016,0.033
1082,2017,0.037
1082,2018,0.04
1082,2019,0.044
1082,2020,0.049
1082,2021,0.062
1083,2005,0.002
1083,2006,0.003
1083,2007,0.005
1083,2008,0.007
1083,2009,0.007
1083,2010,0.01
1083,2011,0.017
1083,2012,0.021
1083,2013,0.027
1083,2014,0.031
1083,2015,0.034
1083,2016,0.035
1083,2017,0.042
1083,2018,0.046
1083,2019,0.057
1083,2020,0.068
1083,2021,0.077
1214,2005,0.004
1214,2006,0.006
1214,2007,0.006
1214,2008,0.007
1214,2009,0.011
1214,2010,0.018
1214,2011,0.029
1214,2012,0.032
1214,2013,0.035
1214,2014,0.037
1214,2015,0.033
1214,2016,0.038
1214,2017,0.038
1214,2018,0.043
1214,2019,0.046
1214,2020,0.052
1214,2021,0.056
1230,2005,0.007
1230,2006,0.008
1230,2007,0.01
1230,2008,0.011
1230,2009,0.013
1230,2010,0.016
1230,2011,0.018
1230,2012,0.02
1230,2013,0.024
1230,2014,0.025
1230,2015,0.028
1230,2016,0.034
1230,2017,0.034
1230,2018,0.038
1230,2019,0.039
1230,2020,0.044
1230,2021,0.05
1231,2005,0.004
1231,2006,0.006
1231,2007,0.007
1231,2008,0.008
1231,2009,0.011
1231,2010,0.015
1231,2011,0.022
1231,2012,0.023
1231,2013,0.026
1231,2014,0.028
1231,2015,0.025
1231,2016,0.027
1231,2017,0.026
1231,2018,0.025
1231,2019,0.031
1231,2020,0.031
1231,2021,0.035
1233,2005,0.003
1233,2006,0.004
1233,2007,0.006
1233,2008,0.006
1233,2009,0.009
1233,2010,0.013
1233,2011,0.016
1233,2012,0.019
1233,2013,0.023
1233,2014,0.024
1233,2015,0.028
1233,2016,0.03
1233,2017,0.037
1233,2018,0.038
1233,2019,0.04
1233,2020,0.04
1233,2021,0.045
1256,2005,0.003
1256,2006,0.008
1256,2007,0.014
1256,2008,0.017
1256,2009,0.022
1256,2010,0.027
1256,2011,0.033
1256,2012,0.038
1256,2013,0.04
1256,2014,0.036
1256,2015,0.039
1256,2016,0.037
1256,2017,0.045
1256,2018,0.05
1256,2019,0.059
1256,2020,0.062
1256,2021,0.062
1257,2005,0.002
1257,2006,0.005
1257,2007,0.007
1257,2008,0.009
1257,2009,0.012
1257,2010,0.016
1257,2011,0.021
1257,2012,0.021
1257,2013,0.023
1257,2014,0.028
1257,2015,0.033
1257,2016,0.041
1257,2017,0.041
1257,2018,0.041
1257,2019,0.051
1257,2020,0.059
1257,2021,0.057
1260,2005,0.001
1260,2006,0.002
1260,2007,0.003
1260,2008,0.006
1260,2009,0.012
1260,2010,0.017
1260,2011,0.019
1260,2012,0.024
1260,2013,0.036
1260,2014,0.037
1260,2015,0.036
1260,2016,0.037
1260,2017,0.036
1260,2018,0.035
1260,2019,0.035
1260,2020,0.039
1260,2021,0.048
1261,2005,0.006
1261,2006,0.01
1261,2007,0.01
1261,2008,0.013
1261,2009,0.015
1261,2010,0.021
1261,2011,0.023
1261,2012,0.025
1261,2013,0.026
1261,2014,0.029
1261,2015,0.031
1261,2016,0.034
1261,2017,0.038
1261,2018,0.038
1261,2019,0.043
1261,2020,0.045
1261,2021,0.054
1262,2005,0.004
1262,2006,0.005
1262,2007,0.006
1262,2008,0.007
1262,2009,0.009
1262,2010,0.012
1262,2011,0.013
1262,2012,0.014
1262,2013,0.018
1262,2014,0.017
1262,2015,0.018
1262,2016,0.019
1262,2017,0.02
1262,2018,0.02
1262,2019,0.019
1262,2020,0.022
1262,2021,0.025
1263,2005,0.002
1263,2006,0.005
1263,2007,0.009
1263,2008,0.01
1263,2009,0.012
1263,2010,0.015
1263,2011,0.018
1263,2012,0.02
1263,2013,0.025
1263,2014,0.034
1263,2015,0.039
1263,2016,0.047
1263,2017,0.052
1263,2018,0.053
1263,2019,0.055
1263,2020,0.052
1263,2021,0.057
1264,2005,0.003
1264,2006,0.003
1264,2007,0.005
1264,2008,0.007
1264,2009,0.007
1264,2010,0.011
1264,2011,0.015
1264,2012,0.02
1264,2013,0.022
1264,2014,0.024
1264,2015,0.02
1264,2016,0.026
1264,2017,0.025
1264,2018,0.023
1264,2019,0.024
1264,2020,0.032
1264,2021,0.042
1265,2005,0.005
1265,2006,0.007
1265,2007,0.011
1265,2008,0.012
1265,2009,0.013
1265,2010,0.015
1265,2011,0.019
1265,2012,0.022
1265,2013,0.029
1265,2014,0.034
1265,2015,0.035
1265,2016,0.036
1265,2017,0.034
1265,2018,0.039
1265,2019,0.042
1265,2020,0.044
1265,2021,0.048
1266,2005,0.01
1266,2006,0.016
1266,2007,0.015
1266,2008,0.016
1266,2009,0.02
1266,2010,0.02
1266,2011,0.021
1266,2012,0.027
1266,2013,0.026
1266,2014,0.032
1266,2015,0.036
1266,2016,0.038
1266,2017,0.041
1266,2018,0.046
1266,2019,0.044
1266,2020,0.054
1266,2021,0.07
1267,2005,0.007
1267,2006,0.007
1267,2007,0.009
1267,2008,0.015
1267,2009,0.017
1267,2010,0.018
1267,2011,0.024
1267,2012,0.027
1267,2013,0.027
1267,2014,0.034
1267,2015,0.041
1267,2016,0.051
1267,2017,0.054
1267,2018,0.065
1267,2019,0.07
1267,2020,0.075
1267,2021,0.083
1270,2005,0.009
1270,2006,0.012
1270,2007,0.015
1270,2008,0.016
1270,2009,0.019
1270,2010,0.021
1270,2011,0.026
1270,2012,0.034
1270,2013,0.036
1270,2014,0.038
1270,2015,0.037
1270,2016,0.036
1270,2017,0.037
1270,2018,0.035
1270,2019,0.04
1270,2020,0.044
1270,2021,0.051
1272,2005,0.011
1272,2006,0.019
1272,2007,0.025
1272,2008,0.031
1272,2009,0.033
1272,2010,0.042
1272,2011,0.042
1272,2012,0.042
1272,2013,0.039
1272,2014,0.038
1272,2015,0.047
1272,2016,0.047
1272,2017,0.05
1272,2018,0.057
1272,2019,0.057
1272,2020,0.066
1272,2021,0.064
1273,2005,0.002
1273,2006,0.003
1273,2007,0.005
1273,2008,0.011
1273,2009,0.02
1273,2010,0.024
1273,2011,0.026
1273,2012,0.029
1273,2013,0.041
1273,2014,0.04
1273,2015,0.041
1273,2016,0.046
1273,2017,0.046
1273,2018,0.052
1273,2019,0.051
1273,2020,0.055
1273,2021,0.059
1275,2005,0.002
1275,2006,0.005
1275,2007,0.005
1275,2008,0.007
1275,2009,0.016
1275,2010,0.023
1275,2011,0.035
1275,2012,0.031
1275,2013,0.037
1275,2014,0.037
1275,2015,0.039
1275,2016,0.042
1275,2017,0.044
1275,2018,0.043
1275,2019,0.045
1275,2020,0.048
1275,2021,0.054
1276,2005,0.002
1276,2006,0.003
1276,2007,0.003
1276,2008,0.006
1276,2009,0.009
1276,2010,0.018
1276,2011,0.026
1276,2012,0.031
1276,2013,0.04
1276,2014,0.04
1276,2015,0.048
1276,2016,0.046
1276,2017,0.05
1276,2018,0.045
1276,2019,0.052
1276,2020,0.058
1276,2021,0.057
1277,2005,0.004
1277,2006,0.005
1277,2007,0.008
1277,2008,0.011
1277,2009,0.015
1277,2010,0.023
1277,2011,0.027
1277,2012,0.027
1277,2013,0.034
1277,2014,0.04
1277,2015,0.043
1277,2016,0.045
1277,2017,0.045
1277,2018,0.042
1277,2019,0.043
1277,2020,0.043
1277,2021,0.045
1278,2005,0.004
1278,2006,0.005
1278,2007,0.005
1278,2008,0.006
1278,2009,0.01
1278,2010,0.015
1278,2011,0.021
1278,2012,0.024
1278,2013,0.025
1278,2014,0.023
1278,2015,0.024
1278,2016,0.026
1278,2017,0.032
1278,2018,0.031
1278,2019,0.03
1278,2020,0.032
1278,2021,0.032
1280,2005,0.003
1280,2006,0.004
1280,2007,0.005
1280,2008,0.007
1280,2009,0.008
1280,2010,0.01
1280,2011,0.012
1280,2012,0.013
1280,2013,0.015
1280,2014,0.016
1280,2015,0.018
1280,2016,0.019
1280,2017,0.018
1280,2018,0.017
1280,2019,0.018
1280,2020,0.02
1280,2021,0.021
1281,2005,0.006
1281,2006,0.007
1281,2007,0.007
1281,2008,0.009
1281,2009,0.011
1281,2010,0.014
1281,2011,0.016
1281,2012,0.018
1281,2013,0.02
1281,2014,0.021
1281,2015,0.022
1281,2016,0.022
1281,2017,0.024
1281,2018,0.024
1281,2019,0.027
1281,2020,0.03
1281,2021,0.037
1282,2005,0.003
1282,2006,0.006
1282,2007,0.007
1282,2008,0.006
1282,2009,0.008
1282,2010,0.012
1282,2011,0.016
1282,2012,0.018
1282,2013,0.016
1282,2014,0.017
1282,2015,0.018
1282,2016,0.02
1282,2017,0.022
1282,2018,0.021
1282,2019,0.021
1282,2020,0.023
1282,2021,0.026
1283,2005,0.003
1283,2006,0.003
1283,2007,0.004
1283,2008,0.006
1283,2009,0.009
1283,2010,0.01
1283,2011,0.011
1283,2012,0.013
1283,2013,0.015
1283,2014,0.016
1283,2015,0.018
1283,2016,0.019
1283,2017,0.019
1283,2018,0.018
1283,2019,0.019
1283,2020,0.024
1283,2021,0.029
1284,2005,0.003
1284,2006,0.003
1284,2007,0.005
1284,2008,0.005
1284,2009,0.007
1284,2010,0.01
1284,2011,0.008
1284,2012,0.01
1284,2013,0.015
1284,2014,0.019
1284,2015,0.021
1284,2016,0.023
1284,2017,0.019
1284,2018,0.022
1284,2019,0.022
1284,2020,0.028
1284,2021,0.036
1285,2005,0.008
1285,2006,0.012
1285,2007,0.013
1285,2008,0.015
1285,2009,0.019
1285,2010,0.02
1285,2011,0.023
1285,2012,0.022
1285,2013,0.028
1285,2014,0.03
1285,2015,0.037
1285,2016,0.042
1285,2017,0.048
1285,2018,0.057
1285,2019,0.062
1285,2020,0.066
1285,2021,0.067
1286,2005,0.004
1286,2006,0.004
1286,2007,0.007
1286,2008,0.009
1286,2009,0.012
1286,2010,0.011
1286,2011,0.013
1286,2012,0.018
1286,2013,0.021
1286,2014,0.023
1286,2015,0.023
1286,2016,0.023
1286,2017,0.024
1286,2018,0.023
1286,2019,0.024
1286,2020,0.028
1286,2021,0.032
1287,2005,0.005
1287,2006,0.007
1287,2007,0.009
1287,2008,0.011
1287,2009,0.015
1287,2010,0.016
1287,2011,0.02
1287,2012,0.021
1287,2013,0.027
1287,2014,0.032
1287,2015,0.035
1287,2016,0.041
1287,2017,0.049
1287,2018,0.048
1287,2019,0.047
1287,2020,0.044
1287,2021,0.051
1290,2005,0.005
1290,2006,0.007
1290,2007,0.01
1290,2008,0.013
1290,2009,0.015
1290,2010,0.017
1290,2011,0.022
1290,2012,0.026
1290,2013,0.028
1290,2014,0.029
1290,2015,0.03
1290,2016,0.031
1290,2017,0.035
1290,2018,0.041
1290,2019,0.043
1290,2020,0.046
1290,2021,0.047
1291,2005,0.006
1291,2006,0.006
1291,2007,0.01
1291,2008,0.012
1291,2009,0.016
1291,2010,0.018
1291,2011,0.022
1291,2012,0.022
1291,2013,0.025
1291,2014,0.029
1291,2015,0.027
1291,2016,0.023
1291,2017,0.02
1291,2018,0.019
1291,2019,0.019
1291,2020,0.025
1291,2021,0.035
1292,2005,0.004
1292,2006,0.005
1292,2007,0.006
1292,2008,0.007
1292,2009,0.009
1292,2010,0.011
1292,2011,0.013
1292,2012,0.016
1292,2013,0.019
1292,2014,0.019
1292,2015,0.023
1292,2016,0.025
1292,2017,0.024
1292,2018,0.027
1292,2019,0.03
1292,2020,0.032
1292,2021,0.036
1293,2005,0.006
1293,2006,0.007
1293,2007,0.011
1293,2008,0.013
1293,2009,0.018
1293,2010,0.025
1293,2011,0.03
1293,2012,0.035
1293,2013,0.037
1293,2014,0.04
1293,2015,0.044
1293,2016,0.048
1293,2017,0.05
1293,2018,0.049
1293,2019,0.055
1293,2020,0.056
1293,2021,0.059
1315,2005,0.012
1315,2006,0.014
1315,2007,0.014
1315,2008,0.015
1315,2009,0.018
1315,2010,0.021
1315,2011,0.024
1315,2012,0.028
1315,2013,0.033
1315,2014,0.038
1315,2015,0.04
1315,2016,0.04
1315,2017,0.044
1315,2018,0.05
1315,2019,0.055
1315,2020,0.066
1315,2021,0.072
1380,2005,0.003
1380,2006,0.006
1380,2007,0.008
1380,2008,0.01
1380,2009,0.016
1380,2010,0.025
1380,2011,0.033
1380,2012,0.035
1380,2013,0.038
1380,2014,0.041
1380,2015,0.043
1380,2016,0.045
1380,2017,0.052
1380,2018,0.054
1380,2019,0.059
1380,2020,0.062
1380,2021,0.061
1381,2005,0.006
1381,2006,0.007
1381,2007,0.009
1381,2008,0.009
1381,2009,0.01
1381,2010,0.017
1381,2011,0.021
1381,2012,0.024
1381,2013,0.03
1381,2014,0.03
1381,2015,0.041
1381,2016,0.041
1381,2017,0.046
1381,2018,0.05
1381,2019,0.058
1381,2020,0.06
1381,2021,0.06
1382,2005,0.006
1382,2006,0.007
1382,2007,0.008
1382,2008,0.014
1382,2009,0.02
1382,2010,0.026
1382,2011,0.032
1382,2012,0.034
1382,2013,0.038
1382,2014,0.037
1382,2015,0.042
1382,2016,0.042
1382,2017,0.048
1382,2018,0.052
1382,2019,0.054
1382,2020,0.061
1382,2021,0.066
1383,2005,0.005
1383,2006,0.008
1383,2007,0.011
1383,2008,0.015
1383,2009,0.019
1383,2010,0.024
1383,2011,0.028
1383,2012,0.032
1383,2013,0.031
1383,2014,0.036
1383,2015,0.039
1383,2016,0.042
1383,2017,0.044
1383,2018,0.046
1383,2019,0.051
1383,2020,0.06
1383,2021,0.064
1384,2005,0.014
1384,2006,0.019
1384,2007,0.02
1384,2008,0.024
1384,2009,0.028
1384,2010,0.029
1384,2011,0.032
1384,2012,0.035
1384,2013,0.037
1384,2014,0.039
1384,2015,0.042
1384,2016,0.046
1384,2017,0.049
1384,2018,0.054
1384,2019,0.059
1384,2020,0.06
1384,2021,0.067
1401,2005,0.012
1401,2006,0.016
1401,2007,0.018
1401,2008,0.02
1401,2009,0.021
1401,2010,0.024
1401,2011,0.027
1401,2012,0.029
1401,2013,0.03
1401,2014,0.029
1401,2015,0.032
1401,2016,0.036
1401,2017,0.037
1401,2018,0.034
1401,2019,0.04
1401,2020,0.046
1401,2021,0.05
1402,2005,0.007
1402,2006,0.009
1402,2007,0.011
1402,2008,0.012
1402,2009,0.014
1402,2010,0.016
1402,2011,0.017
1402,2012,0.02
1402,2013,0.023
1402,2014,0.022
1402,2015,0.023
1402,2016,0.024
1402,2017,0.023
1402,2018,0.027
1402,2019,0.03
1402,2020,0.035
1402,2021,0.036
1407,2005,0.007
1407,2006,0.007
1407,2007,0.012
1407,2008,0.015
1407,2009,0.024
1407,2010,0.026
1407,2011,0.026
1407,2012,0.031
1407,2013,0.04
1407,2014,0.049
1407,2015,0.06
1407,2016,0.056
1407,2017,0.05
1407,2018,0.051
1407,2019,0.053
1407,2020,0.053
1407,2021,0.055
1415,2005,0.016
1415,2006,0.024
1415,2007,0.028
1415,2008,0.032
1415,2009,0.038
1415,2010,0.046
1415,2011,0.045
1415,2012,0.043
1415,2013,0.045
1415,2014,0.042
1415,2015,0.04
1415,2016,0.037
1415,2017,0.036
1415,2018,0.032
1415,2019,0.031
1415,2020,0.032
1415,2021,0.04
1419,2005,0.005
1419,2006,0.009
1419,2007,0.014
1419,2008,0.024
1419,2009,0.029
1419,2010,0.029
1419,2011,0.037
1419,2012,0.033
1419,2013,0.039
1419,2014,0.04
1419,2015,0.04
1419,2016,0.042
1419,2017,0.03
1419,2018,0.031
1419,2019,0.035
1419,2020,0.041
1419,2021,0.051
1421,2005,0.004
1421,2006,0.005
1421,2007,0.007
1421,2008,0.007
1421,2009,0.01
1421,2010,0.013
1421,2011,0.016
1421,2012,0.017
1421,2013,0.023
1421,2014,0.029
1421,2015,0.034
1421,2016,0.041
1421,2017,0.044
1421,2018,0.056
1421,2019,0.058
1421,2020,0.056
1421,2021,0.061
1427,2005,0.002
1427,2006,0.009
1427,2007,0.012
1427,2008,0.017
1427,2009,0.021
1427,2010,0.019
1427,2011,0.025
1427,2012,0.03
1427,2013,0.035
1427,2014,0.039
1427,2015,0.037
1427,2016,0.04
1427,2017,0.04
1427,2018,0.05
1427,2019,0.059
1427,2020,0.063
1427,2021,0.065
1430,2005,0.005
1430,2006,0.01
1430,2007,0.012
1430,2008,0.013
1430,2009,0.018
1430,2010,0.022
1430,2011,0.024
1430,2012,0.031
1430,2013,0.03
1430,2014,0.035
1430,2015,0.033
1430,2016,0.039
1430,2017,0.045
1430,2018,0.046
1430,2019,0.046
1430,2020,0.051
1430,2021,0.059
1435,2005,0.004
1435,2006,0.008
1435,2007,0.013
1435,2008,0.021
1435,2009,0.021
1435,2010,0.023
1435,2011,0.029
1435,2012,0.035
1435,2013,0.042
1435,2014,0.055
1435,2015,0.051
1435,2016,0.053
1435,2017,0.046
1435,2018,0.044
1435,2019,0.05
1435,2020,0.046
1435,2021,0.049
1438,2005,0.005
1438,2006,0.009
1438,2007,0.005
1438,2008,0.004
1438,2009,0.007
1438,2010,0.009
1438,2011,0.011
1438,2012,0.022
1438,2013,0.025
1438,2014,0.033
1438,2015,0.034
1438,2016,0.034
1438,2017,0.03
1438,2018,0.04
1438,2019,0.041
1438,2020,0.046
1438,2021,0.049
1439,2005,0.005
1439,2006,0.009
1439,2007,0.013
1439,2008,0.011
1439,2009,0.013
1439,2010,0.011
1439,2011,0.018
1439,2012,0.022
1439,2013,0.017
1439,2014,0.024
1439,2015,0.033
1439,2016,0.029
1439,2017,0.035
1439,2018,0.037
1439,2019,0.045
1439,2020,0.045
1439,2021,0.059
1440,2005,0.007
1440,2006,0.009
1440,2007,0.011
1440,2008,0.014
1440,2009,0.016
1440,2010,0.022
1440,2011,0.027
1440,2012,0.03
1440,2013,0.034
1440,2014,0.038
1440,2015,0.037
1440,2016,0.038
1440,2017,0.034
1440,2018,0.029
1440,2019,0.026
1440,2020,0.024
1440,2021,0.029
1441,2005,0.006
1441,2006,0.009
1441,2007,0.012
1441,2008,0.011
1441,2009,0.014
1441,2010,0.014
1441,2011,0.016
1441,2012,0.017
1441,2013,0.019
1441,2014,0.02
1441,2015,0.025
1441,2016,0.028
1441,2017,0.029
1441,2018,0.034
1441,2019,0.041
1441,2020,0.046
1441,2021,0.045
1442,2005,0.006
1442,2006,0.01
1442,2007,0.009
1442,2008,0.015
1442,2009,0.018
1442,2010,0.02
1442,2011,0.02
1442,2012,0.024
1442,2013,0.026
1442,2014,0.024
1442,2015,0.024
1442,2016,0.026
1442,2017,0.022
1442,2018,0.023
1442,2019,0.02
1442,2020,0.027
1442,2021,0.028
1443,2005,0.003
1443,2006,0.005
1443,2007,0.005
1443,2008,0.004
1443,2009,0.007
1443,2010,0.01
1443,2011,0.012
1443,2012,0.014
1443,2013,0.017
1443,2014,0.019
1443,2015,0.023
1443,2016,0.024
1443,2017,0.024
1443,2018,0.026
1443,2019,0.034
1443,2020,0.043
1443,2021,0.047
1444,2005,0.02
1444,2006,0.026
1444,2007,0.029
1444,2008,0.031
1444,2009,0.036
1444,2010,0.036
1444,2011,0.05
1444,2012,0.044
1444,2013,0.049
1444,2014,0.049
1444,2015,0.046
1444,2016,0.052
1444,2017,0.045
1444,2018,0.05
1444,2019,0.048
1444,2020,0.043
1444,2021,0.056
1445,2005,0.028
1445,2006,0.036
1445,2007,0.043
1445,2008,0.046
1445,2009,0.051
1445,2010,0.044
1445,2011,0.05
1445,2012,0.059
1445,2013,0.067
1445,2014,0.055
1445,2015,0.064
1445,2016,0.074
1445,2017,0.059
1445,2018,0.054
1445,2019,0.047
1445,2020,0.056
1445,2021,0.057
1446,2005,0.008
1446,2006,0.016
1446,2007,0.02
1446,2008,0.022
1446,2009,0.024
1446,2010,0.029
1446,2011,0.038
1446,2012,0.042
1446,2013,0.048
1446,2014,0.066
1446,2015,0.079
1446,2016,0.072
1446,2017,0.077
1446,2018,0.071
1446,2019,0.063
1446,2020,0.063
1446,2021,0.062
1447,2005,0.014
1447,2006,0.02
1447,2007,0.023
1447,2008,0.028
1447,2009,0.036
1447,2010,0.03
1447,2011,0.041
1447,2012,0.044
1447,2013,0.058
1447,2014,0.053
1447,2015,0.056
1447,2016,0.055
1447,2017,0.059
1447,2018,0.059
1447,2019,0.055
1447,2020,0.054
1447,2021,0.057
1452,2005,0.002
1452,2006,0.003
1452,2007,0.004
1452,2008,0.007
1452,2009,0.008
1452,2010,0.008
1452,2011,0.009
1452,2012,0.01
1452,2013,0.01
1452,2014,0.013
1452,2015,0.014
1452,2016,0.014
1452,2017,0.012
1452,2018,0.016
1452,2019,0.017
1452,2020,0.024
1452,2021,0.031
1460,2005,0.001
1460,2006,0.002
1460,2007,0.004
1460,2008,0.003
1460,2009,0.008
1460,2010,0.006
1460,2011,0.01
1460,2012,0.014
1460,2013,0.022
1460,2014,0.024
1460,2015,0.027
1460,2016,0.033
1460,2017,0.032
1460,2018,0.037
1460,2019,0.039
1460,2020,0.049
1460,2021,0.054
1461,2005,0.006
1461,2006,0.007
1461,2007,0.009
1461,2008,0.011
1461,2009,0.013
1461,2010,0.014
1461,2011,0.022
1461,2012,0.021
1461,2013,0.023
1461,2014,0.027
1461,2015,0.029
1461,2016,0.032
1461,2017,0.031
1461,2018,0.039
1461,2019,0.036
1461,2020,0.039
1461,2021,0.043
1462,2005,0.003
1462,2006,0.005
1462,2007,0.007
1462,2008,0.014
1462,2009,0.02
1462,2010,0.026
1462,2011,0.031
1462,2012,0.038
1462,2013,0.039
1462,2014,0.046
1462,2015,0.056
1462,2016,0.064
1462,2017,0.057
1462,2018,0.055
1462,2019,0.058
1462,2020,0.068
1462,2021,0.066
1463,2005,0.003
1463,2006,0.004
1463,2007,0.006
1463,2008,0.008
1463,2009,0.01
1463,2010,0.01
1463,2011,0.012
1463,2012,0.014
1463,2013,0.019
1463,2014,0.025
1463,2015,0.029
1463,2016,0.034
1463,2017,0.03
1463,2018,0.032
1463,2019,0.037
1463,2020,0.043
1463,2021,0.048
1465,2005,0.003
1465,2006,0.005
1465,2007,0.006
1465,2008,0.006
1465,2009,0.01
1465,2010,0.011
1465,2011,0.017
1465,2012,0.015
1465,2013,0.019
1465,2014,0.027
1465,2015,0.032
1465,2016,0.031
1465,2017,0.03
1465,2018,0.026
1465,2019,0.029
1465,2020,0.035
1465,2021,0.04
1466,2005,0.003
1466,2006,0.005
1466,2007,0.005
1466,2008,0.004
1466,2009,0.008
1466,2010,0.015
1466,2011,0.017
1466,2012,0.02
1466,2013,0.027
1466,2014,0.031
1466,2015,0.034
1466,2016,0.035
1466,2017,0.04
1466,2018,0.038
1466,2019,0.037
1466,2020,0.037
1466,2021,0.037
1470,2005,0.012
1470,2006,0.019
1470,2007,0.024
1470,2008,0.03
1470,2009,0.032
1470,2010,0.034
1470,2011,0.04
1470,2012,0.04
1470,2013,0.044
1470,2014,0.05
1470,2015,0.061
1470,2016,0.061
1470,2017,0.062
1470,2018,0.066
1470,2019,0.063
1470,2020,0.06
1470,2021,0.066
1471,2005,0.006
1471,2006,0.008
1471,2007,0.01
1471,2008,0.012
1471,2009,0.017
1471,2010,0.022
1471,2011,0.028
1471,2012,0.034
1471,2013,0.039
1471,2014,0.041
1471,2015,0.046
1471,2016,0.049
1471,2017,0.044
1471,2018,0.048
1471,2019,0.046
1471,2020,0.05
1471,2021,0.063
1472,2005,0.005
1472,2006,0.01
1472,2007,0.011
1472,2008,0.014
1472,2009,0.017
1472,2010,0.019
1472,2011,0.022
1472,2012,0.025
1472,2013,0.028
1472,2014,0.029
1472,2015,0.03
1472,2016,0.032
1472,2017,0.031
1472,2018,0.036
1472,2019,0.039
1472,2020,0.038
1472,2021,0.046
1473,2005,0.011
1473,2006,0.011
1473,2007,0.016
1473,2008,0.015
1473,2009,0.021
1473,2010,0.025
1473,2011,0.032
1473,2012,0.042
1473,2013,0.049
1473,2014,0.058
1473,2015,0.069
1473,2016,0.065
1473,2017,0.064
1473,2018,0.071
1473,2019,0.075
1473,2020,0.084
1473,2021,0.088
1480,2005,0.005
1480,2006,0.007
1480,2007,0.009
1480,2008,0.011
1480,2009,0.012
1480,2010,0.014
1480,2011,0.016
1480,2012,0.017
1480,2013,0.018
1480,2014,0.019
1480,2015,0.02
1480,2016,0.021
1480,2017,0.022
1480,2018,0.022
1480,2019,0.025
1480,2020,0.028
1480,2021,0.032
1481,2005,0.008
1481,2006,0.009
1481,2007,0.011
1481,2008,0.013
1481,2009,0.014
1481,2010,0.017
1481,2011,0.019
1481,2012,0.021
1481,2013,0.022
1481,2014,0.023
1481,2015,0.024
1481,2016,0.028
1481,2017,0.029
1481,2018,0.029
1481,2019,0.034
1481,2020,0.04
1481,2021,0.043
1482,2005,0.013
1482,2006,0.017
1482,2007,0.019
1482,2008,0.021
1482,2009,0.023
1482,2010,0.029
1482,2011,0.033
1482,2012,0.038
1482,2013,0.039
1482,2014,0.039
1482,2015,0.045
1482,2016,0.043
1482,2017,0.039
1482,2018,0.038
1482,2019,0.037
1482,2020,0.039
1482,2021,0.042
1484,2005,0.005
1484,2006,0.007
1484,2007,0.008
1484,2008,0.014
1484,2009,0.013
1484,2010,0.017
1484,2011,0.022
1484,2012,0.019
1484,2013,0.024
1484,2014,0.03
1484,2015,0.031
1484,2016,0.03
1484,2017,0.033
1484,2018,0.038
1484,2019,0.049
1484,2020,0.049
1484,2021,0.054
1485,2005,0.002
1485,2006,0.004
1485,2007,0.006
1485,2008,0.008
1485,2009,0.009
1485,2010,0.014
1485,2011,0.015
1485,2012,0.018
1485,2013,0.018
1485,2014,0.019
1485,2015,0.019
1485,2016,0.02
1485,2017,0.021
1485,2018,0.023
1485,2019,0.023
1485,2020,0.028
1485,2021,0.032
1486,2005,0.001
1486,2006,0.003
1486,2007,0.007
1486,2008,0.008
1486,2009,0.01
1486,2010,0.013
1486,2011,0.018
1486,2012,0.018
1486,2013,0.024
1486,2014,0.026
1486,2015,0.032
1486,2016,0.041
1486,2017,0.035
1486,2018,0.03
1486,2019,0.031
1486,2020,0.028
1486,2021,0.026
1487,2005,0.003
1487,2006,0.004
1487,2007,0.006
1487,2008,0.009
1487,2009,0.013
1487,2010,0.015
1487,2011,0.018
1487,2012,0.018
1487,2013,0.019
1487,2014,0.021
1487,2015,0.022
1487,2016,0.022
1487,2017,0.026
1487,2018,0.025
1487,2019,0.027
1487,2020,0.03
1487,2021,0.033
1488,2005,0.002
1488,2006,0.004
1488,2007,0.005
1488,2008,0.006
1488,2009,0.01
1488,2010,0.013
1488,2011,0.018
1488,2012,0.018
1488,2013,0.019
1488,2014,0.021
1488,2015,0.025
1488,2016,0.026
1488,2017,0.029
1488,2018,0.031
1488,2019,0.034
1488,2020,0.04
1488,2021,0.043
1489,2005,0.003
1489,2006,0.005
1489,2007,0.007
1489,2008,0.008
1489,2009,0.011
1489,2010,0.014
1489,2011,0.017
1489,2012,0.018
1489,2013,0.02
1489,2014,0.022
1489,2015,0.024
1489,2016,0.024
1489,2017,0.024
1489,2018,0.024
1489,2019,0.029
1489,2020,0.033
1489,2021,0.035
1490,2005,0.002
1490,2006,0.003
1490,2007,0.004
1490,2008,0.006
1490,2009,0.007
1490,2010,0.008
1490,2011,0.011
1490,2012,0.012
1490,2013,0.013
1490,2014,0.014
1490,2015,0.015
1490,2016,0.015
1490,2017,0.016
1490,2018,0.017
1490,2019,0.019
1490,2020,0.019
1490,2021,0.022
1491,2005,0.002
1491,2006,0.002
1491,2007,0.004
1491,2008,0.006
1491,2009,0.007
1491,2010,0.007
1491,2011,0.009
1491,2012,0.011
1491,2013,0.01
1491,2014,0.012
1491,2015,0.014
1491,2016,0.016
1491,2017,0.015
1491,2018,0.017
1491,2019,0.017
1491,2020,0.022
1491,2021,0.027
1492,2005,0.001
1492,2006,0.003
1492,2007,0.003
1492,2008,0.003
1492,2009,0.006
1492,2010,0.006
1492,2011,0.007
1492,2012,0.01
1492,2013,0.014
1492,2014,0.02
1492,2015,0.022
1492,2016,0.026
1492,2017,0.03
1492,2018,0.034
1492,2019,0.034
1492,2020,0.036
1492,2021,0.04
1493,2005,0.007
1493,2006,0.009
1493,2007,0.011
1493,2008,0.014
1493,2009,0.02
1493,2010,0.026
1493,2011,0.032
1493,2012,0.04
1493,2013,0.044
1493,2014,0.057
1493,2015,0.061
1493,2016,0.062
1493,2017,0.063
1493,2018,0.06
1493,2019,0.059
1493,2020,0.058
1493,2021,0.067
1494,2005,0.004
1494,2006,0.007
1494,2007,0.009
1494,2008,0.014
1494,2009,0.018
1494,2010,0.021
1494,2011,0.023
1494,2012,0.027
1494,2013,0.028
1494,2014,0.035
1494,2015,0.039
1494,2016,0.043
1494,2017,0.045
1494,2018,0.048
1494,2019,0.047
1494,2020,0.046
1494,2021,0.052
1495,2005,0.007
1495,2006,0.008
1495,2007,0.011
1495,2008,0.014
1495,2009,0.013
1495,2010,0.018
1495,2011,0.024
1495,2012,0.026
1495,2013,0.026
1495,2014,0.027
1495,2015,0.03
1495,2016,0.031
1495,2017,0.036
1495,2018,0.036
1495,2019,0.042
1495,2020,0.05
1495,2021,0.053
1496,2005,0.005
1496,2006,0.008
1496,2007,0.011
1496,2008,0.01
1496,2009,0.014
1496,2010,0.016
1496,2011,0.018
1496,2012,0.019
1496,2013,0.022
1496,2014,0.026
1496,2015,0.03
1496,2016,0.029
1496,2017,0.034
1496,2018,0.034
1496,2019,0.035
1496,2020,0.035
1496,2021,0.038
1497,2005,0.005
1497,2006,0.006
1497,2007,0.009
1497,2008,0.012
1497,2009,0.015
1497,2010,0.022
1497,2011,0.026
1497,2012,0.028
1497,2013,0.03
1497,2014,0.035
1497,2015,0.045
1497,2016,0.044
1497,2017,0.044
1497,2018,0.046
1497,2019,0.046
1497,2020,0.047
1497,2021,0.047
1498,2005,0.004
1498,2006,0.008
1498,2007,0.013
1498,2008,0.016
1498,2009,0.024
1498,2010,0.032
1498,2011,0.039
1498,2012,0.045
1498,2013,0.053
1498,2014,0.062
1498,2015,0.065
1498,2016,0.063
1498,2017,0.067
1498,2018,0.061
1498,2019,0.057
1498,2020,0.06
1498,2021,0.056
1499,2005,0.007
1499,2006,0.009
1499,2007,0.012
1499,2008,0.013
1499,2009,0.014
1499,2010,0.016
1499,2011,0.016
1499,2012,0.018
1499,2013,0.018
1499,2014,0.019
1499,2015,0.021
1499,2016,0.022
1499,2017,0.025
1499,2018,0.028
1499,2019,0.029
1499,2020,0.028
1499,2021,0.035
1715,2005,0.007
1715,2006,0.004
1715,2007,0.01
1715,2008,0.012
1715,2009,0.015
1715,2010,0.02
1715,2011,0.021
1715,2012,0.022
1715,2013,0.025
1715,2014,0.027
1715,2015,0.027
1715,2016,0.042
1715,2017,0.049
1715,2018,0.047
1715,2019,0.053
1715,2020,0.07
1715,2021,0.075
1730,2005,0.002
1730,2006,0.004
1730,2007,0.005
1730,2008,0.011
1730,2009,0.015
1730,2010,0.016
1730,2011,0.019
1730,2012,0.023
1730,2013,0.027
1730,2014,0.028
1730,2015,0.031
1730,2016,0.036
1730,2017,0.035
1730,2018,0.037
1730,2019,0.04
1730,2020,0.049
1730,2021,0.044
1737,2005,0.003
1737,2006,0.003
1737,2007,0.005
1737,2008,0.008
1737,2009,0.011
1737,2010,0.015
1737,2011,0.017
1737,2012,0.019
1737,2013,0.023
1737,2014,0.019
1737,2015,0.019
1737,2016,0.023
1737,2017,0.023
1737,2018,0.031
1737,2019,0.037
1737,2020,0.033
1737,2021,0.032
1760,2005,0.01
1760,2006,0.011
1760,2007,0.013
1760,2008,0.019
1760,2009,0.024
1760,2010,0.03
1760,2011,0.046
1760,2012,0.04
1760,2013,0.037
1760,2014,0.033
1760,2015,0.034
1760,2016,0.06
1760,2017,0.057
1760,2018,0.052
1760,2019,0.072
1760,2020,0.083
1760,2021,0.092
1761,2005,0.004
1761,2006,0.005
1761,2007,0.005
1761,2008,0.007
1761,2009,0.01
1761,2010,0.011
1761,2011,0.012
1761,2012,0.012
1761,2013,0.012
1761,2014,0.014
1761,2015,0.015
1761,2016,0.019
1761,2017,0.019
1761,2018,0.022
1761,2019,0.025
1761,2020,0.03
1761,2021,0.031
1762,2005,0.011
1762,2006,0.016
1762,2007,0.015
1762,2008,0.024
1762,2009,0.025
1762,2010,0.03
1762,2011,0.03
1762,2012,0.034
1762,2013,0.045
1762,2014,0.038
1762,2015,0.041
1762,2016,0.037
1762,2017,0.043
1762,2018,0.034
1762,2019,0.037
1762,2020,0.051
1762,2021,0.062
1763,2005,0.004
1763,2006,0.005
1763,2007,0.007
1763,2008,0.014
1763,2009,0.015
1763,2010,0.017
1763,2011,0.018
1763,2012,0.025
1763,2013,0.028
1763,2014,0.025
1763,2015,0.034
1763,2016,0.045
1763,2017,0.04
1763,2018,0.041
1763,2019,0.046
1763,2020,0.049
1763,2021,0.052
1764,2005,0.007
1764,2006,0.012
1764,2007,0.018
1764,2008,0.018
1764,2009,0.019
1764,2010,0.027
1764,2011,0.032
1764,2012,0.03
1764,2013,0.035
1764,2014,0.033
1764,2015,0.032
1764,2016,0.037
1764,2017,0.048
1764,2018,0.055
1764,2019,0.056
1764,2020,0.068
1764,2021,0.075
1765,2005,0.005
1765,2006,0.011
1765,2007,0.014
1765,2008,0.018
1765,2009,0.017
1765,2010,0.019
1765,2011,0.019
1765,2012,0.021
1765,2013,0.022
1765,2014,0.022
1765,2015,0.025
1765,2016,0.028
1765,2017,0.029
1765,2018,0.03
1765,2019,0.033
1765,2020,0.036
1765,2021,0.036
1766,2005,0.005
1766,2006,0.003
1766,2007,0.006
1766,2008,0.01
1766,2009,0.014
1766,2010,0.02
1766,2011,0.021
1766,2012,0.024
1766,2013,0.03
1766,2014,0.023
1766,2015,0.024
1766,2016,0.029
1766,2017,0.032
1766,2018,0.032
1766,2019,0.038
1766,2020,0.032
1766,2021,0.039
1780,2005,0.006
1780,2006,0.009
1780,2007,0.012
1780,2008,0.017
1780,2009,0.024
1780,2010,0.028
1780,2011,0.03
1780,2012,0.033
1780,2013,0.036
1780,2014,0.038
1780,2015,0.039
1780,2016,0.044
1780,2017,0.044
1780,2018,0.042
1780,2019,0.043
1780,2020,0.044
1780,2021,0.043
1781,2005,0.009
1781,2006,0.01
1781,2007,0.01
1781,2008,0.01
1781,2009,0.012
1781,2010,0.015
1781,2011,0.015
1781,2012,0.018
1781,2013,0.02
1781,2014,0.024
1781,2015,0.031
1781,2016,0.04
1781,2017,0.042
1781,2018,0.043
1781,2019,0.045
1781,2020,0.051
1781,2021,0.052
1782,2005,0.008
1782,2006,0.015
1782,2007,0.015
1782,2008,0.022
1782,2009,0.024
1782,2010,0.023
1782,2011,0.03
1782,2012,0.034
1782,2013,0.033
1782,2014,0.03
1782,2015,0.032
1782,2016,0.041
1782,2017,0.042
1782,2018,0.041
1782,2019,0.052
1782,2020,0.053
1782,2021,0.052
1783,2005,0.007
1783,2006,0.009
1783,2007,0.01
1783,2008,0.018
1783,2009,0.023
1783,2010,0.028
1783,2011,0.028
1783,2012,0.029
1783,2013,0.036
1783,2014,0.036
1783,2015,0.039
1783,2016,0.04
1783,2017,0.04
1783,2018,0.039
1783,2019,0.041
1783,2020,0.043
1783,2021,0.041
1784,2005,0.003
1784,2006,0.004
1784,2007,0.006
1784,2008,0.007
1784,2009,0.008
1784,2010,0.012
1784,2011,0.013
1784,2012,0.017
1784,2013,0.022
1784,2014,0.022
1784,2015,0.026
1784,2016,0.03
1784,2017,0.031
1784,2018,0.031
1784,2019,0.034
1784,2020,0.036
1784,2021,0.033
1785,2005,0.006
1785,2006,0.008
1785,2007,0.01
1785,2008,0.009
1785,2009,0.012
1785,2010,0.012
1785,2011,0.017
1785,2012,0.019
1785,2013,0.017
1785,2014,0.019
1785,2015,0.027
1785,2016,0.031
1785,2017,0.028
1785,2018,0.027
1785,2019,0.03
1785,2020,0.039
1785,2021,0.047
1814,2005,0.003
1814,2006,0.002
1814,2007,0.006
1814,2008,0.006
1814,2009,0.01
1814,2010,0.012
1814,2011,0.021
1814,2012,0.026
1814,2013,0.031
1814,2014,0.035
1814,2015,0.031
1814,2016,0.033
1814,2017,0.034
1814,2018,0.027
1814,2019,0.028
1814,2020,0.038
1814,2021,0.044
1860,2005,0.001
1860,2006,0.003
1860,2007,0.005
1860,2008,0.005
1860,2009,0.008
1860,2010,0.018
1860,2011,0.017
1860,2012,0.017
1860,2013,0.017
1860,2014,0.023
1860,2015,0.029
1860,2016,0.029
1860,2017,0.03
1860,2018,0.035
1860,2019,0.041
1860,2020,0.038
1860,2021,0.043
1861,2005,0.001
1861,2006,0.004
1861,2007,0.006
1861,2008,0.01
1861,2009,0.014
1861,2010,0.02
1861,2011,0.024
1861,2012,0.026
1861,2013,0.029
1861,2014,0.03
1861,2015,0.033
1861,2016,0.028
1861,2017,0.022
1861,2018,0.024
1861,2019,0.022
1861,2020,0.032
1861,2021,0.036
1862,2005,0.008
1862,2006,0.013
1862,2007,0.018
1862,2008,0.021
1862,2009,0.022
1862,2010,0.027
1862,2011,0.036
1862,2012,0.034
1862,2013,0.044
1862,2014,0.055
1862,2015,0.062
1862,2016,0.061
1862,2017,0.061
1862,2018,0.063
1862,2019,0.057
1862,2020,0.066
1862,2021,0.06
1863,2005,0.001
1863,2006,0.002
1863,2007,0.005
1863,2008,0.008
1863,2009,0.008
1863,2010,0.013
1863,2011,0.017
1863,2012,0.022
1863,2013,0.027
1863,2014,0.031
1863,2015,0.028
1863,2016,0.029
1863,2017,0.029
1863,2018,0.028
1863,2019,0.028
1863,2020,0.037
1863,2021,0.051
1864,2005,0.002
1864,2006,0.005
1864,2007,0.011
1864,2008,0.019
1864,2009,0.016
1864,2010,0.025
1864,2011,0.037
1864,2012,0.049
1864,2013,0.053
1864,2014,0.053
1864,2015,0.051
1864,2016,0.056
1864,2017,0.052
1864,2018,0.049
1864,2019,0.046
1864,2020,0.055
1864,2021,0.082
1880,2005,0.002
1880,2006,0.003
1880,2007,0.005
1880,2008,0.006
1880,2009,0.007
1880,2010,0.01
1880,2011,0.012
1880,2012,0.014
1880,2013,0.015
1880,2014,0.017
1880,2015,0.016
1880,2016,0.018
1880,2017,0.019
1880,2018,0.019
1880,2019,0.021
1880,2020,0.027
1880,2021,0.033
1881,2005,0.004
1881,2006,0.005
1881,2007,0.009
1881,2008,0.01
1881,2009,0.013
1881,2010,0.018
1881,2011,0.024
1881,2012,0.026
1881,2013,0.028
1881,2014,0.027
1881,2015,0.029
1881,2016,0.03
1881,2017,0.037
1881,2018,0.032
1881,2019,0.035
1881,2020,0.04
1881,2021,0.051
1882,2005,0.003
1882,2006,0.006
1882,2007,0.01
1882,2008,0.013
1882,2009,0.014
1882,2010,0.02
1882,2011,0.029
1882,2012,0.027
1882,2013,0.034
1882,2014,0.034
1882,2015,0.035
1882,2016,0.039
1882,2017,0.032
1882,2018,0.041
1882,2019,0.039
1882,2020,0.049
1882,2021,0.052
1883,2005,0.004
1883,2006,0.007
1883,2007,0.008
1883,2008,0.013
1883,2009,0.016
1883,2010,0.022
1883,2011,0.026
1883,2012,0.029
1883,2013,0.028
1883,2014,0.033
1883,2015,0.034
1883,2016,0.033
1883,2017,0.031
1883,2018,0.033
1883,2019,0.032
1883,2020,0.038
1883,2021,0.046
1884,2005,0.004
1884,2006,0.006
1884,2007,0.01
1884,2008,0.011
1884,2009,0.015
1884,2010,0.02
1884,2011,0.021
1884,2012,0.025
1884,2013,0.027
1884,2014,0.026
1884,2015,0.024
1884,2016,0.027
1884,2017,0.027
1884,2018,0.024
1884,2019,0.03
1884,2020,0.039
1884,2021,0.05
1885,2005,0.003
1885,2006,0.003
1885,2007,0.005
1885,2008,0.006
1885,2009,0.009
1885,2010,0.011
1885,2011,0.016
1885,2012,0.019
1885,2013,0.02
1885,2014,0.023
1885,2015,0.023
1885,2016,0.023
1885,2017,0.027
1885,2018,0.027
1885,2019,0.027
1885,2020,0.036
1885,2021,0.042
1904,2005,0.006
1904,2006,0.011
1904,2007,0.02
1904,2008,0.026
1904,2009,0.03
1904,2010,0.027
1904,2011,0.03
1904,2012,0.028
1904,2013,0.026
1904,2014,0.033
1904,2015,0.025
1904,2016,0.036
1904,2017,0.03
1904,2018,0.03
1904,2019,0.037
1904,2020,0.04
1904,2021,0.041
1907,2005,0.006
1907,2006,0.008
1907,2007,0.01
1907,2008,0.015
1907,2009,0.02
1907,2010,0.029
1907,2011,0.029
1907,2012,0.037
1907,2013,0.04
1907,2014,0.037
1907,2015,0.034
1907,2016,0.04
1907,2017,0.046
1907,2018,0.05
1907,2019,0.055
1907,2020,0.061
1907,2021,0.078
1960,2005,0.008
1960,2006,0.011
1960,2007,0.011
1960,2008,0.014
1960,2009,0.016
1960,2010,0.026
1960,2011,0.028
1960,2012,0.035
1960,2013,0.033
1960,2014,0.033
1960,2015,0.031
1960,2016,0.043
1960,2017,0.039
1960,2018,0.041
1960,2019,0.048
1960,2020,0.052
1960,2021,0.057
1961,2005,0.005
1961,2006,0.009
1961,2007,0.011
1961,2008,0.016
1961,2009,0.025
1961,2010,0.027
1961,2011,0.028
1961,2012,0.026
1961,2013,0.028
1961,2014,0.028
1961,2015,0.028
1961,2016,0.03
1961,2017,0.032
1961,2018,0.035
1961,2019,0.046
1961,2020,0.05
1961,2021,0.065
1962,2005,0.007
1962,2006,0.004
1962,2007,0.013
1962,2008,0.012
1962,2009,0.017
1962,2010,0.018
1962,2011,0.024
1962,2012,0.03
1962,2013,0.033
1962,2014,0.045
1962,2015,0.045
1962,2016,0.056
1962,2017,0.067
1962,2018,0.068
1962,2019,0.071
1962,2020,0.064
1962,2021,0.069
1980,2005,0.006
1980,2006,0.009
1980,2007,0.012
1980,2008,0.015
1980,2009,0.019
1980,2010,0.021
1980,2011,0.024
1980,2012,0.024
1980,2013,0.026
1980,2014,0.025
1980,2015,0.024
1980,2016,0.029
1980,2017,0.03
1980,2018,0.032
1980,2019,0.035
1980,2020,0.041
1980,2021,0.049
1981,2005,0.012
1981,2006,0.016
1981,2007,0.02
1981,2008,0.023
1981,2009,0.027
1981,2010,0.03
1981,2011,0.035
1981,2012,0.037
1981,2013,0.043
1981,2014,0.047
1981,2015,0.047
1981,2016,0.06
1981,2017,0.065
1981,2018,0.058
1981,2019,0.065
1981,2020,0.068
1981,2021,0.069
1982,2005,0.009
1982,2006,0.014
1982,2007,0.016
1982,2008,0.018
1982,2009,0.021
1982,2010,0.024
1982,2011,0.027
1982,2012,0.024
1982,2013,0.03
1982,2014,0.038
1982,2015,0.044
1982,2016,0.052
1982,2017,0.057
1982,2018,0.05
1982,2019,0.057
1982,2020,0.057
1982,2021,0.066
1983,2005,0.008
1983,2006,0.009
1983,2007,0.012
1983,2008,0.012
1983,2009,0.012
1983,2010,0.018
1983,2011,0.024
1983,2012,0.029
1983,2013,0.027
1983,2014,0.026
1983,2015,0.027
1983,2016,0.034
1983,2017,0.03
1983,2018,0.028
1983,2019,0.03
1983,2020,0.034
1983,2021,0.04
1984,2005,0.003
1984,2006,0.004
1984,2007,0.006
1984,2008,0.005
1984,2009,0.012
1984,2010,0.016
1984,2011,0.022
1984,2012,0.025
1984,2013,0.025
1984,2014,0.025
1984,2015,0.023
1984,2016,0.024
1984,2017,0.023
1984,2018,0.025
1984,2019,0.029
1984,2020,0.036
1984,2021,0.042
2021,2005,0.003
2021,2006,0.004
2021,2007,0.007
2021,2008,0.006
2021,2009,0.009
2021,2010,0.017
2021,2011,0.021
2021,2012,0.026
2021,2013,0.028
2021,2014,0.025
2021,2015,0.03
2021,2016,0.035
2021,2017,0.041
2021,2018,0.039
2021,2019,0.034
2021,2020,0.052
2021,2021,0.055
2023,2005,0.002
2023,2006,0.004
2023,2007,0.007
2023,2008,0.011
2023,2009,0.013
2023,2010,0.018
2023,2011,0.022
2023,2012,0.023
2023,2013,0.025
2023,2014,0.025
2023,2015,0.029
2023,2016,0.034
2023,2017,0.037
2023,2018,0.039
2023,2019,0.039
2023,2020,0.042
2023,2021,0.053
2026,2005,0.003
2026,2006,0.006
2026,2007,0.009
2026,2008,0.012
2026,2009,0.015
2026,2010,0.015
2026,2011,0.019
2026,2012,0.023
2026,2013,0.025
2026,2014,0.029
2026,2015,0.031
2026,2016,0.039
2026,2017,0.045
2026,2018,0.045
2026,2019,0.043
2026,2020,0.046
2026,2021,0.057
2029,2005,0.004
2029,2006,0.008
2029,2007,0.015
2029,2008,0.022
2029,2009,0.024
2029,2010,0.023
2029,2011,0.027
2029,2012,0.029
2029,2013,0.028
2029,2014,0.031
2029,2015,0.032
2029,2016,0.035
2029,2017,0.034
2029,2018,0.04
2029,2019,0.042
2029,2020,0.048
2029,2021,0.057
2031,2005,0.004
2031,2006,0.005
2031,2007,0.008
2031,2008,0.005
2031,2009,0.004
2031,2010,0.01
2031,2011,0.011
2031,2012,0.015
2031,2013,0.014
2031,2014,0.013
2031,2015,0.014
2031,2016,0.017
2031,2017,0.028
2031,2018,0.036
2031,2019,0.044
2031,2020,0.058
2031,2021,0.061
2034,2005,0.009
2034,2006,0.008
2034,2007,0.013
2034,2008,0.012
2034,2009,0.016
2034,2010,0.023
2034,2011,0.026
2034,2012,0.035
2034,2013,0.037
2034,2014,0.039
2034,2015,0.04
2034,2016,0.039
2034,2017,0.046
2034,2018,0.053
2034,2019,0.059
2034,2020,0.065
2034,2021,0.072
2039,2005,0.003
2039,2006,0.003
2039,2007,0.006
2039,2008,0.012
2039,2009,0.014
2039,2010,0.017
2039,2011,0.019
2039,2012,0.021
2039,2013,0.023
2039,2014,0.023
2039,2015,0.02
2039,2016,0.026
2039,2017,0.03
2039,2018,0.028
2039,2019,0.044
2039,2020,0.046
2039,2021,0.054
2061,2005,0.007
2061,2006,0.008
2061,2007,0.012
2061,2008,0.012
2061,2009,0.016
2061,2010,0.02
2061,2011,0.02
2061,2012,0.02
2061,2013,0.028
2061,2014,0.031
2061,2015,0.035
2061,2016,0.038
2061,2017,0.035
2061,2018,0.038
2061,2019,0.043
2061,2020,0.05
2061,2021,0.054
2062,2005,0.006
2062,2006,0.008
2062,2007,0.011
2062,2008,0.013
2062,2009,0.016
2062,2010,0.023
2062,2011,0.03
2062,2012,0.035
2062,2013,0.037
2062,2014,0.041
2062,2015,0.041
2062,2016,0.047
2062,2017,0.048
2062,2018,0.049
2062,2019,0.045
2062,2020,0.056
2062,2021,0.063
2080,2005,0.004
2080,2006,0.006
2080,2007,0.007
2080,2008,0.008
2080,2009,0.01
2080,2010,0.016
2080,2011,0.021
2080,2012,0.025
2080,2013,0.028
2080,2014,0.031
2080,2015,0.034
2080,2016,0.04
2080,2017,0.046
2080,2018,0.049
2080,2019,0.054
2080,2020,0.058
2080,2021,0.063
2081,2005,0.003
2081,2006,0.004
2081,2007,0.008
2081,2008,0.008
2081,2009,0.011
2081,2010,0.016
2081,2011,0.021
2081,2012,0.026
2081,2013,0.031
2081,2014,0.035
2081,2015,0.035
2081,2016,0.036
2081,2017,0.035
2081,2018,0.035
2081,2019,0.04
2081,2020,0.045
2081,2021,0.053
2082,2005,0.004
2082,2006,0.007
2082,2007,0.009
2082,2008,0.01
2082,2009,0.01
2082,2010,0.015
2082,2011,0.019
2082,2012,0.027
2082,2013,0.033
2082,2014,0.034
2082,2015,0.036
2082,2016,0.041
2082,2017,0.042
2082,2018,0.043
2082,2019,0.044
2082,2020,0.055
2082,2021,0.061
2083,2005,0.005
2083,2006,0.006
2083,2007,0.009
2083,2008,0.014
2083,2009,0.015
2083,2010,0.021
2083,2011,0.021
2083,2012,0.03
2083,2013,0.03
2083,2014,0.039
2083,2015,0.037
2083,2016,0.038
2083,2017,0.039
2083,2018,0.042
2083,2019,0.044
2083,2020,0.047
2083,2021,0.061
2084,2005,0.005
2084,2006,0.007
2084,2007,0.008
2084,2008,0.009
2084,2009,0.009
2084,2010,0.015
2084,2011,0.017
2084,2012,0.02
2084,2013,0.024
2084,2014,0.026
2084,2015,0.036
2084,2016,0.033
2084,2017,0.035
2084,2018,0.039
2084,2019,0.048
2084,2020,0.055
2084,2021,0.066
2085,2005,0.006
2085,2006,0.01
2085,2007,0.011
2085,2008,0.015
2085,2009,0.018
2085,2010,0.023
2085,2011,0.026
2085,2012,0.026
2085,2013,0.032
2085,2014,0.036
2085,2015,0.037
2085,2016,0.04
2085,2017,0.041
2085,2018,0.04
2085,2019,0.038
2085,2020,0.041
2085,2021,0.044
2101,2005,0.003
2101,2006,0.003
2101,2007,0.006
2101,2008,0.012
2101,2009,0.012
2101,2010,0.019
2101,2011,0.029
2101,2012,0.033
2101,2013,0.034
2101,2014,0.047
2101,2015,0.057
2101,2016,0.064
2101,2017,0.069
2101,2018,0.082
2101,2019,0.093
2101,2020,0.093
2101,2021,0.087
2104,2005,0.005
2104,2006,0.009
2104,2007,0.015
2104,2008,0.022
2104,2009,0.019
2104,2010,0.023
2104,2011,0.026
2104,2012,0.039
2104,2013,0.055
2104,2014,0.067
2104,2015,0.065
2104,2016,0.064
2104,2017,0.062
2104,2018,0.058
2104,2019,0.069
2104,2020,0.074
2104,2021,0.079
2121,2005,0.005
2121,2006,0.005
2121,2007,0.006
2121,2008,0.005
2121,2009,0.006
2121,2010,0.005
2121,2011,0.009
2121,2012,0.012
2121,2013,0.021
2121,2014,0.027
2121,2015,0.034
2121,2016,0.039
2121,2017,0.043
2121,2018,0.038
2121,2019,0.038
2121,2020,0.043
2121,2021,0.045
2132,2005,0.005
2132,2006,0.01
2132,2007,0.011
2132,2008,0.016
2132,2009,0.013
2132,2010,0.022
2132,2011,0.028
2132,2012,0.036
2132,2013,0.039
2132,2014,0.046
2132,2015,0.049
2132,2016,0.049
2132,2017,0.055
2132,2018,0.053
2132,2019,0.059
2132,2020,0.06
2132,2021,0.067
2161,2005,0.005
2161,2006,0.008
2161,2007,0.008
2161,2008,0.011
2161,2009,0.013
2161,2010,0.015
2161,2011,0.018
2161,2012,0.019
2161,2013,0.02
2161,2014,0.028
2161,2015,0.034
2161,2016,0.036
2161,2017,0.039
2161,2018,0.038
2161,2019,0.041
2161,2020,0.043
2161,2021,0.045
2180,2005,0.001
2180,2006,0.002
2180,2007,0.007
2180,2008,0.011
2180,2009,0.018
2180,2010,0.024
2180,2011,0.034
2180,2012,0.043
2180,2013,0.052
2180,2014,0.059
2180,2015,0.061
2180,2016,0.061
2180,2017,0.061
2180,2018,0.06
2180,2019,0.06
2180,2020,0.058
2180,2021,0.06
2181,2005,0.004
2181,2006,0.01
2181,2007,0.019
2181,2008,0.024
2181,2009,0.027
2181,2010,0.033
2181,2011,0.042
2181,2012,0.052
2181,2013,0.061
2181,2014,0.067
2181,2015,0.07
2181,2016,0.067
2181,2017,0.064
2181,2018,0.061
2181,2019,0.059
2181,2020,0.056
2181,2021,0.052
2182,2005,0.002
2182,2006,0.003
2182,2007,0.005
2182,2008,0.005
2182,2009,0.007
2182,2010,0.011
2182,2011,0.014
2182,2012,0.02
2182,2013,0.03
2182,2014,0.037
2182,2015,0.044
2182,2016,0.042
2182,2017,0.046
2182,2018,0.047
2182,2019,0.047
2182,2020,0.05
2182,2021,0.052
2183,2005,0.006
2183,2006,0.01
2183,2007,0.01
2183,2008,0.01
2183,2009,0.012
2183,2010,0.014
2183,2011,0.02
2183,2012,0.023
2183,2013,0.025
2183,2014,0.032
2183,2015,0.036
2183,2016,0.038
2183,2017,0.042
2183,2018,0.041
2183,2019,0.043
2183,2020,0.042
2183,2021,0.045
2184,2005,0.007
2184,2006,0.012
2184,2007,0.018
2184,2008,0.023
2184,2009,0.022
2184,2010,0.025
2184,2011,0.03
2184,2012,0.033
2184,2013,0.038
2184,2014,0.046
2184,2015,0.052
2184,2016,0.053
2184,2017,0.054
2184,2018,0.053
2184,2019,0.05
2184,2020,0.05
2184,2021,0.057
2260,2005,0.003
2260,2006,0.004
2260,2007,0.005
2260,2008,0.005
2260,2009,0.01
2260,2010,0.011
2260,2011,0.019
2260,2012,0.025
2260,2013,0.026
2260,2014,0.029
2260,2015,0.033
2260,2016,0.039
2260,2017,0.044
2260,2018,0.039
2260,2019,0.04
2260,2020,0.047
2260,2021,0.048
2262,2005,0.006
2262,2006,0.01
2262,2007,0.009
2262,2008,0.013
2262,2009,0.018
2262,2010,0.022
2262,2011,0.03
2262,2012,0.033
2262,2013,0.033
2262,2014,0.035
2262,2015,0.035
2262,2016,0.039
2262,2017,0.044
2262,2018,0.046
2262,2019,0.048
2262,2020,0.049
2262,2021,0.051
2280,2005,0.004
2280,2006,0.006
2280,2007,0.007
2280,2008,0.01
2280,2009,0.012
2280,2010,0.017
2280,2011,0.022
2280,2012,0.028
2280,2013,0.03
2280,2014,0.032
2280,2015,0.031
2280,2016,0.032
2280,2017,0.031
2280,2018,0.031
2280,2019,0.034
2280,2020,0.036
2280,2021,0.039
2281,2005,0.003
2281,2006,0.005
2281,2007,0.007
2281,2008,0.01
2281,2009,0.013
2281,2010,0.014
2281,2011,0.016
2281,2012,0.019
2281,2013,0.022
2281,2014,0.025
2281,2015,0.027
2281,2016,0.029
2281,2017,0.031
2281,2018,0.03
2281,2019,0.031
2281,2020,0.036
2281,2021,0.036
2282,2005,0.004
2282,2006,0.005
2282,2007,0.012
2282,2008,0.014
2282,2009,0.015
2282,2010,0.021
2282,2011,0.024
2282,2012,0.028
2282,2013,0.027
2282,2014,0.032
2282,2015,0.034
2282,2016,0.035
2282,2017,0.037
2282,2018,0.04
2282,2019,0.04
2282,2020,0.045
2282,2021,0.046
2283,2005,0.006
2283,2006,0.01
2283,2007,0.012
2283,2008,0.014
2283,2009,0.018
2283,2010,0.022
2283,2011,0.022
2283,2012,0.023
2283,2013,0.025
2283,2014,0.025
2283,2015,0.024
2283,2016,0.025
2283,2017,0.024
2283,2018,0.022
2283,2019,0.024
2283,2020,0.029
2283,2021,0.027
2284,2005,0.003
2284,2006,0.004
2284,2007,0.006
2284,2008,0.008
2284,2009,0.011
2284,2010,0.014
2284,2011,0.018
2284,2012,0.02
2284,2013,0.02
2284,2014,0.023
2284,2015,0.025
2284,2016,0.026
2284,2017,0.026
2284,2018,0.026
2284,2019,0.031
2284,2020,0.037
2284,2021,0.036
2303,2005,0.002
2303,2006,0.005
2303,2007,0.008
2303,2008,0.016
2303,2009,0.017
2303,2010,0.022
2303,2011,0.028
2303,2012,0.03
2303,2013,0.022
2303,2014,0.025
2303,2015,0.019
2303,2016,0.024
2303,2017,0.017
2303,2018,0.024
2303,2019,0.02
2303,2020,0.024
2303,2021,0.034
2305,2005,0.002
2305,2006,0.006
2305,2007,0.006
2305,2008,0.01
2305,2009,0.016
2305,2010,0.017
2305,2011,0.025
2305,2012,0.026
2305,2013,0.022
2305,2014,0.021
2305,2015,0.026
2305,2016,0.031
2305,2017,0.026
2305,2018,0.028
2305,2019,0.019
2305,2020,0.035
2305,2021,0.05
2309,2005,0.002
2309,2006,0.005
2309,2007,0.006
2309,2008,0.008
2309,2009,0.013
2309,2010,0.014
2309,2011,0.018
2309,2012,0.018
2309,2013,0.019
2309,2014,0.023
2309,2015,0.023
2309,2016,0.029
2309,2017,0.03
2309,2018,0.031
2309,2019,0.037
2309,2020,0.044
2309,2021,0.051
2313,2005,0.003
2313,2006,0.005
2313,2007,0.006
2313,2008,0.01
2313,2009,0.009
2313,2010,0.012
2313,2011,0.013
2313,2012,0.016
2313,2013,0.014
2313,2014,0.016
2313,2015,0.018
2313,2016,0.016
2313,2017,0.018
2313,2018,0.024
2313,2019,0.028
2313,2020,0.033
2313,2021,0.039
2321,2005,0.0
2321,2006,0.003
2321,2007,0.003
2321,2008,0.007
2321,2009,0.013
2321,2010,0.015
2321,2011,0.015
2321,2012,0.015
2321,2013,0.013
2321,2014,0.016
2321,2015,0.018
2321,2016,0.016
2321,2017,0.019
2321,2018,0.015
2321,2019,0.02
2321,2020,0.02
2321,2021,0.028
2326,2005,0.001
2326,2006,0.003
2326,2007,0.005
2326,2008,0.007
2326,2009,0.01
2326,2010,0.012
2326,2011,0.015
2326,2012,0.016
2326,2013,0.016
2326,2014,0.02
2326,2015,0.018
2326,2016,0.023
2326,2017,0.026
2326,2018,0.031
2326,2019,0.032
2326,2020,0.035
2326,2021,0.035
2361,2005,0.003
2361,2006,0.003
2361,2007,0.006
2361,2008,0.009
2361,2009,0.012
2361,2010,0.016
2361,2011,0.019
2361,2012,0.022
2361,2013,0.021
2361,2014,0.025
2361,2015,0.027
2361,2016,0.026
2361,2017,0.029
2361,2018,0.027
2361,2019,0.025
2361,2020,0.035
2361,2021,0.043
2380,2005,0.003
2380,2006,0.005
2380,2007,0.008
2380,2008,0.008
2380,2009,0.01
2380,2010,0.012
2380,2011,0.017
2380,2012,0.019
2380,2013,0.019
2380,2014,0.022
2380,2015,0.024
2380,2016,0.025
2380,2017,0.025
2380,2018,0.027
2380,2019,0.03
2380,2020,0.037
2380,2021,0.043
2401,2005,0.005
2401,2006,0.01
2401,2007,0.01
2401,2008,0.013
2401,2009,0.023
2401,2010,0.028
2401,2011,0.038
2401,2012,0.044
2401,2013,0.043
2401,2014,0.046
2401,2015,0.039
2401,2016,0.042
2401,2017,0.044
2401,2018,0.04
2401,2019,0.043
2401,2020,0.045
2401,2021,0.053
2403,2005,0.005
2403,2006,0.017
2403,2007,0.014
2403,2008,0.017
2403,2009,0.019
2403,2010,0.028
2403,2011,0.032
2403,2012,0.034
2403,2013,0.04
2403,2014,0.032
2403,2015,0.027
2403,2016,0.028
2403,2017,0.041
2403,2018,0.037
2403,2019,0.04
2403,2020,0.048
2403,2021,0.043
2404,2005,0.003
2404,2006,0.006
2404,2007,0.015
2404,2008,0.015
2404,2009,0.025
2404,2010,0.03
2404,2011,0.044
2404,2012,0.048
2404,2013,0.044
2404,2014,0.048
2404,2015,0.054
2404,2016,0.048
2404,2017,0.05
2404,2018,0.048
2404,2019,0.047
2404,2020,0.053
2404,2021,0.064
2409,2005,0.004
2409,2006,0.006
2409,2007,0.008
2409,2008,0.015
2409,2009,0.02
2409,2010,0.024
2409,2011,0.036
2409,2012,0.045
2409,2013,0.052
2409,2014,0.055
2409,2015,0.053
2409,2016,0.048
2409,2017,0.046
2409,2018,0.052
2409,2019,0.045
2409,2020,0.044
2409,2021,0.045
2417,2005,0.006
2417,2006,0.007
2417,2007,0.01
2417,2008,0.019
2417,2009,0.024
2417,2010,0.026
2417,2011,0.029
2417,2012,0.027
2417,2013,0.037
2417,2014,0.033
2417,2015,0.039
2417,2016,0.046
2417,2017,0.048
2417,2018,0.054
2417,2019,0.056
2417,2020,0.07
2417,2021,0.067
2418,2005,0.003
2418,2006,0.007
2418,2007,0.009
2418,2008,0.016
2418,2009,0.015
2418,2010,0.012
2418,2011,0.025
2418,2012,0.038
2418,2013,0.04
2418,2014,0.044
2418,2015,0.042
2418,2016,0.059
2418,2017,0.062
2418,2018,0.055
2418,2019,0.072
2418,2020,0.068
2418,2021,0.084
2421,2005,0.003
2421,2006,0.005
2421,2007,0.01
2421,2008,0.017
2421,2009,0.028
2421,2010,0.036
2421,2011,0.037
2421,2012,0.043
2421,2013,0.054
2421,2014,0.059
2421,2015,0.054
2421,2016,0.067
2421,2017,0.066
2421,2018,0.077
2421,2019,0.088
2421,2020,0.103
2421,2021,0.105
2422,2005,0.006
2422,2006,0.004
2422,2007,0.011
2422,2008,0.021
2422,2009,0.027
2422,2010,0.024
2422,2011,0.037
2422,2012,0.035
2422,2013,0.025
2422,2014,0.024
2422,2015,0.026
2422,2016,0.031
2422,2017,0.047
2422,2018,0.052
2422,2019,0.038
2422,2020,0.034
2422,2021,0.034
2425,2005,0.002
2425,2006,0.006
2425,2007,0.011
2425,2008,0.019
2425,2009,0.021
2425,2010,0.032
2425,2011,0.035
2425,2012,0.054
2425,2013,0.061
2425,2014,0.071
2425,2015,0.066
2425,2016,0.074
2425,2017,0.073
2425,2018,0.085
2425,2019,0.078
2425,2020,0.074
2425,2021,0.07
2460,2005,0.006
2460,2006,0.01
2460,2007,0.011
2460,2008,0.012
2460,2009,0.017
2460,2010,0.026
2460,2011,0.031
2460,2012,0.033
2460,2013,0.038
2460,2014,0.039
2460,2015,0.03
2460,2016,0.03
2460,2017,0.036
2460,2018,0.034
2460,2019,0.036
2460,2020,0.043
2460,2021,0.038
2462,2005,0.005
2462,2006,0.008
2462,2007,0.011
2462,2008,0.016
2462,2009,0.02
2462,2010,0.021
2462,2011,0.026
2462,2012,0.035
2462,2013,0.04
2462,2014,0.042
2462,2015,0.045
2462,2016,0.047
2462,2017,0.054
2462,2018,0.063
2462,2019,0.067
2462,2020,0.081
2462,2021,0.088
2463,2005,0.004
2463,2006,0.006
2463,2007,0.006
2463,2008,0.006
2463,2009,0.012
2463,2010,0.011
2463,2011,0.011
2463,2012,0.013
2463,2013,0.018
2463,2014,0.031
2463,2015,0.028
2463,2016,0.033
2463,2017,0.032
2463,2018,0.047
2463,2019,0.055
2463,2020,0.082
2463,2021,0.098
2480,2005,0.005
2480,2006,0.007
2480,2007,0.01
2480,2008,0.012
2480,2009,0.015
2480,2010,0.018
2480,2011,0.021
2480,2012,0.024
2480,2013,0.027
2480,2014,0.029
2480,2015,0.027
2480,2016,0.027
2480,2017,0.027
2480,2018,0.026
2480,2019,0.026
2480,2020,0.029
2480,2021,0.032
2481,2005,0.002
2481,2006,0.003
2481,2007,0.007
2481,2008,0.014
2481,2009,0.016
2481,2010,0.024
2481,2011,0.031
2481,2012,0.038
2481,2013,0.053
2481,2014,0.059
2481,2015,0.056
2481,2016,0.062
2481,2017,0.066
2481,2018,0.072
2481,2019,0.074
2481,2020,0.084
2481,2021,0.093
2482,2005,0.005
2482,2006,0.008
2482,2007,0.01
2482,2008,0.014
2482,2009,0.019
2482,2010,0.028
2482,2011,0.035
2482,2012,0.043
2482,2013,0.047
2482,2014,0.049
2482,2015,0.05
2482,2016,0.05
2482,2017,0.049
2482,2018,0.05
2482,2019,0.055
2482,2020,0.059
2482,2021,0.066
2505,2005,0.007
2505,2006,0.014
2505,2007,0.022
2505,2008,0.023
2505,2009,0.039
2505,2010,0.046
2505,2011,0.043
2505,2012,0.05
2505,2013,0.058
2505,2014,0.063
2505,2015,0.066
2505,2016,0.058
2505,2017,0.054
2505,2018,0.052
2505,2019,0.05
2505,2020,0.068
2505,2021,0.055
2506,2005,0.006
2506,2006,0.004
2506,2007,0.006
2506,2008,0.017
2506,2009,0.018
2506,2010,0.027
2506,2011,0.045
2506,2012,0.063
2506,2013,0.077
2506,2014,0.079
2506,2015,0.064
2506,2016,0.058
2506,2017,0.064
2506,2018,0.042
2506,2019,0.046
2506,2020,0.051
2506,2021,0.056
2510,2005,0.006
2510,2006,0.009
2510,2007,0.009
2510,2008,0.014
2510,2009,0.018
2510,2010,0.019
2510,2011,0.024
2510,2012,0.026
2510,2013,0.027
2510,2014,0.033
2510,2015,0.036
2510,2016,0.046
2510,2017,0.037
2510,2018,0.026
2510,2019,0.035
2510,2020,0.045
2510,2021,0.069
2513,2005,0.01
2513,2006,0.009
2513,2007,0.007
2513,2008,0.006
2513,2009,0.012
2513,2010,0.01
2513,2011,0.016
2513,2012,0.016
2513,2013,0.019
2513,2014,0.019
2513,2015,0.022
2513,2016,0.017
2513,2017,0.02
2513,2018,0.024
2513,2019,0.026
2513,2020,0.037
2513,2021,0.034
2514,2005,0.004
2514,2006,0.004
2514,2007,0.007
2514,2008,0.011
2514,2009,0.017
2514,2010,0.017
2514,2011,0.021
2514,2012,0.026
2514,2013,0.032
2514,2014,0.032
2514,2015,0.03
2514,2016,0.027
2514,2017,0.039
2514,2018,0.042
2514,2019,0.049
2514,2020,0.054
2514,2021,0.059
2518,2005,0.003
2518,2006,0.007
2518,2007,0.007
2518,2008,0.005
2518,2009,0.004
2518,2010,0.005
2518,2011,0.004
2518,2012,0.004
2518,2013,0.006
2518,2014,0.007
2518,2015,0.003
2518,2016,0.008
2518,2017,0.01
2518,2018,0.01
2518,2019,0.016
2518,2020,0.023
2518,2021,0.025
2521,2005,0.002
2521,2006,0.003
2521,2007,0.003
2521,2008,0.002
2521,2009,0.006
2521,2010,0.009
2521,2011,0.014
2521,2012,0.01
2521,2013,0.007
2521,2014,0.01
2521,2015,0.01
2521,2016,0.021
2521,2017,0.021
2521,2018,0.026
2521,2019,0.023
2521,2020,0.027
2521,2021,0.03
2523,2005,0.007
2523,2006,0.009
2523,2007,0.01
2523,2008,0.01
2523,2009,0.015
2523,2010,0.018
2523,2011,0.022
2523,2012,0.029
2523,2013,0.028
2523,2014,0.027
2523,2015,0.027
2523,2016,0.027
2523,2017,0.026
2523,2018,0.028
2523,2019,0.032
2523,2020,0.042
2523,2021,0.056
2560,2005,0.006
2560,2006,0.009
2560,2007,0.011
2560,2008,0.015
2560,2009,0.015
2560,2010,0.02
2560,2011,0.027
2560,2012,0.038
2560,2013,0.046
2560,2014,0.04
2560,2015,0.038
2560,2016,0.035
2560,2017,0.027
2560,2018,0.033
2560,2019,0.039
2560,2020,0.044
2560,2021,0.047
2580,2005,0.006
2580,2006,0.007
2580,2007,0.01
2580,2008,0.012
2580,2009,0.015
2580,2010,0.018
2580,2011,0.02
2580,2012,0.022
2580,2013,0.023
2580,2014,0.025
2580,2015,0.026
2580,2016,0.027
2580,2017,0.031
2580,2018,0.034
2580,2019,0.037
2580,2020,0.043
2580,2021,0.045
2581,2005,0.002
2581,2006,0.005
2581,2007,0.009
2581,2008,0.011
2581,2009,0.014
2581,2010,0.018
2581,2011,0.024
2581,2012,0.03
2581,2013,0.033
2581,2014,0.034
2581,2015,0.034
2581,2016,0.033
2581,2017,0.032
2581,2018,0.034
2581,2019,0.036
2581,2020,0.043
2581,2021,0.047
2582,2005,0.009
2582,2006,0.012
2582,2007,0.013
2582,2008,0.019
2582,2009,0.024
2582,2010,0.031
2582,2011,0.037
2582,2012,0.035
2582,2013,0.039
2582,2014,0.043
2582,2015,0.039
2582,2016,0.046
2582,2017,0.042
2582,2018,0.045
2582,2019,0.049
2582,2020,0.06
2582,2021,0.071
2583,2005,0.003
2583,2006,0.005
2583,2007,0.008
2583,2008,0.012
2583,2009,0.013
2583,2010,0.013
2583,2011,0.014
2583,2012,0.018
2583,2013,0.022
2583,2014,0.022
2583,2015,0.022
2583,2016,0.027
2583,2017,0.028
2583,2018,0.038
2583,2019,0.039
2583,2020,0.047
2583,2021,0.053
2584,2005,0.004
2584,2006,0.007
2584,2007,0.009
2584,2008,0.011
2584,2009,0.013
2584,2010,0.014
2584,2011,0.015
2584,2012,0.016
2584,2013,0.016
2584,2014,0.016
2584,2015,0.018
2584,2016,0.018
2584,2017,0.022
2584,2018,0.017
2584,2019,0.023
2584,2020,0.03
2584,2021,0.037
