kommun,year,sluten
0114,2005,0.072
0114,2006,0.074
0114,2007,0.077
0114,2008,0.078
0114,2009,0.083
0114,2010,0.081
0114,2011,0.084
0114,2012,0.086
0114,2013,0.084
0114,2014,0.079
0114,2015,0.08
0114,2016,0.077
0114,2017,0.076
0114,2018,0.071
0114,2019,0.069
0114,2020,0.066
0114,2021,0.069
0115,2005,0.072
0115,2006,0.07
0115,2007,0.071
0115,2008,0.074
0115,2009,0.077
0115,2010,0.076
0115,2011,0.078
0115,2012,0.076
0115,2013,0.078
0115,2014,0.074
0115,2015,0.073
0115,2016,0.075
0115,2017,0.071
0115,2018,0.068
0115,2019,0.066
0115,2020,0.063
0115,2021,0.063
0117,2005,0.073
0117,2006,0.072
0117,2007,0.072
0117,2008,0.075
0117,2009,0.079
0117,2010,0.076
0117,2011,0.081
0117,2012,0.08
0117,2013,0.079
0117,2014,0.078
0117,2015,0.076
0117,2016,0.075
0117,2017,0.072
0117,2018,0.07
0117,2019,0.071
0117,2020,0.068
0117,2021,0.066
0120,2005,0.073
0120,2006,0.073
0120,2007,0.074
0120,2008,0.077
0120,2009,0.077
0120,2010,0.077
0120,2011,0.078
0120,2012,0.079
0120,2013,0.08
0120,2014,0.08
0120,2015,0.076
0120,2016,0.073
0120,2017,0.073
0120,2018,0.068
0120,2019,0.069
0120,2020,0.065
0120,2021,0.066
0123,2005,0.069
0123,2006,0.072
0123,2007,0.075
0123,2008,0.075
0123,2009,0.081
0123,2010,0.079
0123,2011,0.08
0123,2012,0.08
0123,2013,0.08
0123,2014,0.076
0123,2015,0.076
0123,2016,0.074
0123,2017,0.073
0123,2018,0.07
0123,2019,0.072
0123,2020,0.065
0123,2021,0.067
0125,2005,0.069
0125,2006,0.071
0125,2007,0.07
0125,2008,0.074
0125,2009,0.074
0125,2010,0.077
0125,2011,0.078
0125,2012,0.076
0125,2013,0.077
0125,2014,0.075
0125,2015,0.077
0125,2016,0.074
0125,2017,0.074
0125,2018,0.071
0125,2019,0.075
0125,2020,0.069
0125,2021,0.07
0126,2005,0.073
0126,2006,0.074
0126,2007,0.072
0126,2008,0.078
0126,2009,0.077
0126,2010,0.077
0126,2011,0.078
0126,2012,0.075
0126,2013,0.075
0126,2014,0.073
0126,2015,0.071
0126,2016,0.072
0126,2017,0.068
0126,2018,0.066
0126,2019,0.065
0126,2020,0.063
0126,2021,0.065
0127,2005,0.076
0127,2006,0.074
0127,2007,0.075
0127,2008,0.077
0127,2009,0.079
0127,2010,0.08
0127,2011,0.081
0127,2012,0.079
0127,2013,0.078
0127,2014,0.077
0127,2015,0.077
0127,2016,0.074
0127,2017,0.072
0127,2018,0.071
0127,2019,0.069
0127,2020,0.068
0127,2021,0.072
0128,2005,0.07
0128,2006,0.075
0128,2007,0.076
0128,2008,0.081
0128,2009,0.072
0128,2010,0.076
0128,2011,0.079
0128,2012,0.078
0128,2013,0.076
0128,2014,0.077
0128,2015,0.075
0128,2016,0.071
0128,2017,0.072
0128,2018,0.073
0128,2019,0.068
0128,2020,0.069
0128,2021,0.074
0136,2005,0.074
0136,2006,0.075
0136,2007,0.078
0136,2008,0.081
0136,2009,0.081
0136,2010,0.083
0136,2011,0.082
0136,2012,0.082
0136,2013,0.083
0136,2014,0.082
0136,2015,0.08
0136,2016,0.079
0136,2017,0.077
0136,2018,0.074
0136,2019,0.073
0136,2020,0.07
0136,2021,0.072
0138,2005,0.071
0138,2006,0.07
0138,2007,0.073
0138,2008,0.076
0138,2009,0.076
0138,2010,0.076
0138,2011,0.078
0138,2012,0.077
0138,2013,0.08
0138,2014,0.081
0138,2015,0.079
0138,2016,0.075
0138,2017,0.072
0138,2018,0.073
0138,2019,0.071
0138,2020,0.066
0138,2021,0.07
0139,2005,0.075
0139,2006,0.078
0139,2007,0.077
0139,2008,0.079
0139,2009,0.081
0139,2010,0.082
0139,2011,0.084
0139,2012,0.086
0139,2013,0.086
0139,2014,0.08
0139,2015,0.083
0139,2016,0.078
0139,2017,0.072
0139,2018,0.073
0139,2019,0.072
0139,2020,0.067
0139,2021,0.068
0140,2005,0.075
0140,2006,0.074
0140,2007,0.072
0140,2008,0.078
0140,2009,0.079
0140,2010,0.077
0140,2011,0.08
0140,2012,0.077
0140,2013,0.077
0140,2014,0.072
0140,2015,0.073
0140,2016,0.071
0140,2017,0.069
0140,2018,0.069
0140,2019,0.071
0140,2020,0.069
0140,2021,0.072
0160,2005,0.067
0160,2006,0.068
0160,2007,0.067
0160,2008,0.069
0160,2009,0.074
0160,2010,0.075
0160,2011,0.074
0160,2012,0.074
0160,2013,0.074
0160,2014,0.07
0160,2015,0.071
0160,2016,0.07
0160,2017,0.066
0160,2018,0.065
0160,2019,0.065
0160,2020,0.062
0160,2021,0.063
0162,2005,0.063
0162,2006,0.066
0162,2007,0.068
0162,2008,0.069
0162,2009,0.069
0162,2010,0.07
0162,2011,0.07
0162,2012,0.067
0162,2013,0.07
0162,2014,0.067
0162,2015,0.067
0162,2016,0.067
0162,2017,0.067
0162,2018,0.063
0162,2019,0.062
0162,2020,0.062
0162,2021,0.06
0163,2005,0.069
0163,2006,0.07
0163,2007,0.07
0163,2008,0.072
0163,2009,0.073
0163,2010,0.073
0163,2011,0.072
0163,2012,0.073
0163,2013,0.073
0163,2014,0.071
0163,2015,0.07
0163,2016,0.069
0163,2017,0.067
0163,2018,0.064
0163,2019,0.065
0163,2020,0.059
0163,2021,0.062
0180,2005,0.071
0180,2006,0.072
0180,2007,0.072
0180,2008,0.074
0180,2009,0.076
0180,2010,0.077
0180,2011,0.078
0180,2012,0.078
0180,2013,0.078
0180,2014,0.076
0180,2015,0.075
0180,2016,0.073
0180,2017,0.071
0180,2018,0.069
0180,2019,0.069
0180,2020,0.066
0180,2021,0.067
0181,2005,0.081
0181,2006,0.08
0181,2007,0.081
0181,2008,0.084
0181,2009,0.084
0181,2010,0.086
0181,2011,0.088
0181,2012,0.087
0181,2013,0.085
0181,2014,0.082
0181,2015,0.079
0181,2016,0.076
0181,2017,0.074
0181,2018,0.072
0181,2019,0.072
0181,2020,0.073
0181,2021,0.074
0182,2005,0.071
0182,2006,0.069
0182,2007,0.071
0182,2008,0.073
0182,2009,0.074
0182,2010,0.075
0182,2011,0.073
0182,2012,0.074
0182,2013,0.076
0182,2014,0.074
0182,2015,0.071
0182,2016,0.068
0182,2017,0.067
0182,2018,0.064
0182,2019,0.066
0182,2020,0.061
0182,2021,0.064
0183,2005,0.068
0183,2006,0.072
0183,2007,0.069
0183,2008,0.074
0183,2009,0.076
0183,2010,0.078
0183,2011,0.082
0183,2012,0.079
0183,2013,0.078
0183,2014,0.078
0183,2015,0.074
0183,2016,0.07
0183,2017,0.069
0183,2018,0.069
0183,2019,0.066
0183,2020,0.066
0183,2021,0.066
0184,2005,0.069
0184,2006,0.071
0184,2007,0.07
0184,2008,0.072
0184,2009,0.073
0184,2010,0.075
0184,2011,0.075
0184,2012,0.076
0184,2013,0.073
0184,2014,0.074
0184,2015,0.071
0184,2016,0.069
0184,2017,0.067
0184,2018,0.068
0184,2019,0.068
0184,2020,0.064
0184,2021,0.062
0186,2005,0.069
0186,2006,0.071
0186,2007,0.07
0186,2008,0.069
0186,2009,0.072
0186,2010,0.074
0186,2011,0.075
0186,2012,0.075
0186,2013,0.076
0186,2014,0.073
0186,2015,0.073
0186,2016,0.071
0186,2017,0.071
0186,2018,0.067
0186,2019,0.068
0186,2020,0.062
0186,2021,0.064
0187,2005,0.071
0187,2006,0.07
0187,2007,0.071
0187,2008,0.074
0187,2009,0.075
0187,2010,0.074
0187,2011,0.076
0187,2012,0.079
0187,2013,0.073
0187,2014,0.077
0187,2015,0.069
0187,2016,0.073
0187,2017,0.07
0187,2018,0.065
0187,2019,0.066
0187,2020,0.065
0187,2021,0.065
0188,2005,0.08
0188,2006,0.083
0188,2007,0.081
0188,2008,0.085
0188,2009,0.089
0188,2010,0.092
0188,2011,0.094
0188,2012,0.09
0188,2013,0.093
0188,2014,0.094
0188,2015,0.088
0188,2016,0.087
0188,2017,0.09
0188,2018,0.085
0188,2019,0.083
0188,2020,0.077
0188,2021,0.083
0191,2005,0.073
0191,2006,0.073
0191,2007,0.076
0191,2008,0.076
0191,2009,0.081
0191,2010,0.081
0191,2011,0.084
0191,2012,0.082
0191,2013,0.082
0191,2014,0.078
0191,2015,0.08
0191,2016,0.076
0191,2017,0.072
0191,2018,0.07
0191,2019,0.068
0191,2020,0.064
0191,2021,0.067
0192,2005,0.073
0192,2006,0.078
0192,2007,0.08
0192,2008,0.083
0192,2009,0.085
0192,2010,0.089
0192,2011,0.086
0192,2012,0.089
0192,2013,0.086
0192,2014,0.087
0192,2015,0.089
0192,2016,0.085
0192,2017,0.081
0192,2018,0.083
0192,2019,0.078
0192,2020,0.073
0192,2021,0.077
0305,2005,0.073
0305,2006,0.074
0305,2007,0.072
0305,2008,0.079
0305,2009,0.077
0305,2010,0.078
0305,2011,0.077
0305,2012,0.08
0305,2013,0.074
0305,2014,0.074
0305,2015,0.072
0305,2016,0.071
0305,2017,0.066
0305,2018,0.067
0305,2019,0.066
0305,2020,0.059
0305,2021,0.062
0319,2005,0.079
0319,2006,0.074
0319,2007,0.086
0319,2008,0.09
0319,2009,0.094
0319,2010,0.092
0319,2011,0.096
0319,2012,0.094
0319,2013,0.086
0319,2014,0.087
0319,2015,0.077
0319,2016,0.077
0319,2017,0.078
0319,2018,0.077
0319,2019,0.074
0319,2020,0.079
0319,2021,0.077
0330,2005,0.066
0330,2006,0.068
0330,2007,0.068
0330,2008,0.07
0330,2009,0.071
0330,2010,0.072
0330,2011,0.068
0330,2012,0.07
0330,2013,0.067
0330,2014,0.063
0330,2015,0.064
0330,2016,0.061
0330,2017,0.061
0330,2018,0.058
0330,2019,0.057
0330,2020,0.054
0330,2021,0.053
0331,2005,0.079
0331,2006,0.078
0331,2007,0.077
0331,2008,0.083
0331,2009,0.083
0331,2010,0.092
0331,2011,0.09
0331,2012,0.092
0331,2013,0.091
0331,2014,0.085
0331,2015,0.087
0331,2016,0.079
0331,2017,0.076
0331,2018,0.072
0331,2019,0.076
0331,2020,0.069
0331,2021,0.075
0360,2005,0.08
0360,2006,0.077
0360,2007,0.079
0360,2008,0.081
0360,2009,0.085
0360,2010,0.084
0360,2011,0.084
0360,2012,0.089
0360,2013,0.085
0360,2014,0.083
0360,2015,0.088
0360,2016,0.078
0360,2017,0.076
0360,2018,0.074
0360,2019,0.076
0360,2020,0.069
0360,2021,0.07
0380,2005,0.069
0380,2006,0.069
0380,2007,0.069
0380,2008,0.071
0380,2009,0.072
0380,2010,0.073
0380,2011,0.072
0380,2012,0.074
0380,2013,0.07
0380,2014,0.069
0380,2015,0.068
0380,2016,0.065
0380,2017,0.062
0380,2018,0.062
0380,2019,0.06
0380,2020,0.058
0380,2021,0.058
0381,2005,0.079
0381,2006,0.082
0381,2007,0.077
0381,2008,0.082
0381,2009,0.082
0381,2010,0.084
0381,2011,0.088
0381,2012,0.089
0381,2013,0.086
0381,2014,0.083
0381,2015,0.081
0381,2016,0.079
0381,2017,0.075
0381,2018,0.076
0381,2019,0.076
0381,2020,0.07
0381,2021,0.067
0382,2005,0.075
0382,2006,0.077
0382,2007,0.076
0382,2008,0.079
0382,2009,0.078
0382,2010,0.084
0382,2011,0.083
0382,2012,0.083
0382,2013,0.083
0382,2014,0.078
0382,2015,0.078
0382,2016,0.077
0382,2017,0.072
0382,2018,0.074
0382,2019,0.072
0382,2020,0.071
0382,2021,0.07
0428,2005,0.067
0428,2006,0.072
0428,2007,0.075
0428,2008,0.073
0428,2009,0.072
0428,2010,0.08
0428,2011,0.075
0428,2012,0.074
0428,2013,0.071
0428,2014,0.076
0428,2015,0.075
0428,2016,0.076
0428,2017,0.074
0428,2018,0.078
0428,2019,0.072
0428,2020,0.068
0428,2021,0.07
0461,2005,0.072
0461,2006,0.069
0461,2007,0.079
0461,2008,0.072
0461,2009,0.074
0461,2010,0.077
0461,2011,0.082
0461,2012,0.081
0461,2013,0.074
0461,2014,0.076
0461,2015,0.078
0461,2016,0.074
0461,2017,0.074
0461,2018,0.077
0461,2019,0.074
0461,2020,0.069
0461,2021,0.073
0480,2005,0.077
0480,2006,0.075
0480,2007,0.079
0480,2008,0.079
0480,2009,0.084
0480,2010,0.081
0480,2011,0.083
0480,2012,0.082
0480,2013,0.076
0480,2014,0.08
0480,2015,0.078
0480,2016,0.078
0480,2017,0.077
0480,2018,0.08
0480,2019,0.081
0480,2020,0.07
0480,2021,0.076
0481,2005,0.079
0481,2006,0.08
0481,2007,0.084
0481,2008,0.088
0481,2009,0.092
0481,2010,0.093
0481,2011,0.092
0481,2012,0.093
0481,2013,0.089
0481,2014,0.086
0481,2015,0.087
0481,2016,0.087
0481,2017,0.086
0481,2018,0.087
0481,2019,0.088
0481,2020,0.079
0481,2021,0.086
0482,2005,0.071
0482,2006,0.079
0482,2007,0.082
0482,2008,0.081
0482,2009,0.079
0482,2010,0.078
0482,2011,0.087
0482,2012,0.079
0482,2013,0.077
0482,2014,0.082
0482,2015,0.08
0482,2016,0.08
0482,2017,0.082
0482,2018,0.082
0482,2019,0.079
0482,2020,0.075
0482,2021,0.076
0483,2005,0.072
0483,2006,0.068
0483,2007,0.075
0483,2008,0.075
0483,2009,0.072
0483,2010,0.076
0483,2011,0.075
0483,2012,0.075
0483,2013,0.075
0483,2014,0.076
0483,2015,0.076
0483,2016,0.073
0483,2017,0.074
0483,2018,0.074
0483,2019,0.071
0483,2020,0.064
0483,2021,0.068
0484,2005,0.079
0484,2006,0.082
0484,2007,0.084
0484,2008,0.085
0484,2009,0.09
0484,2010,0.089
0484,2011,0.091
0484,2012,0.088
0484,2013,0.084
0484,2014,0.082
0484,2015,0.079
0484,2016,0.077
0484,2017,0.077
0484,2018,0.08
0484,2019,0.08
0484,2020,0.074
0484,2021,0.078
0486,2005,0.075
0486,2006,0.076
0486,2007,0.075
0486,2008,0.079
0486,2009,0.082
0486,2010,0.083
0486,2011,0.078
0486,2012,0.08
0486,2013,0.077
0486,2014,0.079
0486,2015,0.075
0486,2016,0.073
0486,2017,0.077
0486,2018,0.075
0486,2019,0.074
0486,2020,0.067
0486,2021,0.075
0488,2005,0.071
0488,2006,0.07
0488,2007,0.073
0488,2008,0.078
0488,2009,0.077
0488,2010,0.076
0488,2011,0.076
0488,2012,0.08
0488,2013,0.069
0488,2014,0.072
0488,2015,0.072
0488,2016,0.071
0488,2017,0.072
0488,2018,0.069
0488,2019,0.075
0488,2020,0.07
0488,2021,0.071
0509,2005,0.072
0509,2006,0.074
0509,2007,0.072
0509,2008,0.069
0509,2009,0.067
0509,2010,0.074
0509,2011,0.07
0509,2012,0.078
0509,2013,0.076
0509,2014,0.078
0509,2015,0.075
0509,2016,0.081
0509,2017,0.072
0509,2018,0.076
0509,2019,0.075
0509,2020,0.071
0509,2021,0.071
0512,2005,0.084
0512,2006,0.085
0512,2007,0.087
0512,2008,0.091
0512,2009,0.081
0512,2010,0.092
0512,2011,0.087
0512,2012,0.095
0512,2013,0.11
0512,2014,0.098
0512,2015,0.095
0512,2016,0.087
0512,2017,0.096
0512,2018,0.086
0512,2019,0.086
0512,2020,0.076
0512,2021,0.084
0513,2005,0.078
0513,2006,0.081
0513,2007,0.08
0513,2008,0.078
0513,2009,0.081
0513,2010,0.084
0513,2011,0.085
0513,2012,0.087
0513,2013,0.086
0513,2014,0.084
0513,2015,0.086
0513,2016,0.092
0513,2017,0.078
0513,2018,0.081
0513,2019,0.077
0513,2020,0.071
0513,2021,0.072
0560,2005,0.07
0560,2006,0.069
0560,2007,0.076
0560,2008,0.069
0560,2009,0.078
0560,2010,0.079
0560,2011,0.077
0560,2012,0.084
0560,2013,0.082
0560,2014,0.077
0560,2015,0.079
0560,2016,0.077
0560,2017,0.075
0560,2018,0.076
0560,2019,0.071
0560,2020,0.065
0560,2021,0.065
0561,2005,0.072
0561,2006,0.086
0561,2007,0.075
0561,2008,0.079
0561,2009,0.08
0561,2010,0.081
0561,2011,0.083
0561,2012,0.086
0561,2013,0.082
0561,2014,0.081
0561,2015,0.081
0561,2016,0.083
0561,2017,0.081
0561,2018,0.079
0561,2019,0.078
0561,2020,0.068
0561,2021,0.073
0562,2005,0.068
0562,2006,0.07
0562,2007,0.073
0562,2008,0.069
0562,2009,0.074
0562,2010,0.083
0562,2011,0.082
0562,2012,0.084
0562,2013,0.081
0562,2014,0.082
0562,2015,0.079
0562,2016,0.076
0562,2017,0.078
0562,2018,0.075
0562,2019,0.078
0562,2020,0.073
0562,2021,0.073
0563,2005,0.076
0563,2006,0.078
0563,2007,0.078
0563,2008,0.08
0563,2009,0.075
0563,2010,0.078
0563,2011,0.088
0563,2012,0.088
0563,2013,0.091
0563,2014,0.087
0563,2015,0.086
0563,2016,0.084
0563,2017,0.08
0563,2018,0.092
0563,2019,0.083
0563,2020,0.076
0563,2021,0.079
0580,2005,0.072
0580,2006,0.077
0580,2007,0.076
0580,2008,0.075
0580,2009,0.077
0580,2010,0.076
0580,2011,0.078
0580,2012,0.078
0580,2013,0.076
0580,2014,0.075
0580,2015,0.072
0580,2016,0.07
0580,2017,0.068
0580,2018,0.067
0580,2019,0.066
0580,2020,0.061
0580,2021,0.061
0581,2005,0.073
0581,2006,0.076
0581,2007,0.075
0581,2008,0.074
0581,2009,0.077
0581,2010,0.079
0581,2011,0.08
0581,2012,0.081
0581,2013,0.08
0581,2014,0.078
0581,2015,0.075
0581,2016,0.075
0581,2017,0.075
0581,2018,0.072
0581,2019,0.073
0581,2020,0.069
0581,2021,0.072
0582,2005,0.067
0582,2006,0.071
0582,2007,0.074
0582,2008,0.07
0582,2009,0.071
0582,2010,0.08
0582,2011,0.081
0582,2012,0.081
0582,2013,0.079
0582,2014,0.076
0582,2015,0.076
0582,2016,0.076
0582,2017,0.078
0582,2018,0.077
0582,2019,0.08
0582,2020,0.07
0582,2021,0.072
0583,2005,0.067
0583,2006,0.07
0583,2007,0.072
0583,2008,0.068
0583,2009,0.073
0583,2010,0.079
0583,2011,0.08
0583,2012,0.078
0583,2013,0.08
0583,2014,0.08
0583,2015,0.076
0583,2016,0.076
0583,2017,0.074
0583,2018,0.073
0583,2019,0.072
0583,2020,0.067
0583,2021,0.071
0584,2005,0.068
0584,2006,0.065
0584,2007,0.063
0584,2008,0.064
0584,2009,0.073
0584,2010,0.075
0584,2011,0.077
0584,2012,0.076
0584,2013,0.085
0584,2014,0.084
0584,2015,0.088
0584,2016,0.076
0584,2017,0.082
0584,2018,0.078
0584,2019,0.074
0584,2020,0.073
0584,2021,0.073
0586,2005,0.07
0586,2006,0.071
0586,2007,0.073
0586,2008,0.073
0586,2009,0.074
0586,2010,0.077
0586,2011,0.077
0586,2012,0.077
0586,2013,0.082
0586,2014,0.078
0586,2015,0.076
0586,2016,0.074
0586,2017,0.071
0586,2018,0.068
0586,2019,0.069
0586,2020,0.063
0586,2021,0.068
0604,2005,0.078
0604,2006,0.086
0604,2007,0.088
0604,2008,0.085
0604,2009,0.089
0604,2010,0.095
0604,2011,0.097
0604,2012,0.098
0604,2013,0.091
0604,2014,0.09
0604,2015,0.097
0604,2016,0.096
0604,2017,0.093
0604,2018,0.09
0604,2019,0.091
0604,2020,0.074
0604,2021,0.08
0617,2005,0.08
0617,2006,0.079
0617,2007,0.083
0617,2008,0.084
0617,2009,0.085
0617,2010,0.083
0617,2011,0.083
0617,2012,0.089
0617,2013,0.083
0617,2014,0.088
0617,2015,0.091
0617,2016,0.08
0617,2017,0.08
0617,2018,0.076
0617,2019,0.076
0617,2020,0.071
0617,2021,0.084
0642,2005,0.088
0642,2006,0.089
0642,2007,0.092
0642,2008,0.09
0642,2009,0.086
0642,2010,0.091
0642,2011,0.095
0642,2012,0.1
0642,2013,0.097
0642,2014,0.099
0642,2015,0.094
0642,2016,0.095
0642,2017,0.085
0642,2018,0.09
0642,2019,0.093
0642,2020,0.084
0642,2021,0.086
0643,2005,0.085
0643,2006,0.087
0643,2007,0.087
0643,2008,0.087
0643,2009,0.089
0643,2010,0.095
0643,2011,0.093
0643,2012,0.088
0643,2013,0.089
0643,2014,0.09
0643,2015,0.09
0643,2016,0.083
0643,2017,0.079
0643,2018,0.078
0643,2019,0.082
0643,2020,0.072
0643,2021,0.075
0662,2005,0.087
0662,2006,0.087
0662,2007,0.087
0662,2008,0.087
0662,2009,0.088
0662,2010,0.088
0662,2011,0.089
0662,2012,0.095
0662,2013,0.093
0662,2014,0.09
0662,2015,0.089
0662,2016,0.082
0662,2017,0.081
0662,2018,0.079
0662,2019,0.079
0662,2020,0.073
0662,2021,0.082
0665,2005,0.087
0665,2006,0.085
0665,2007,0.086
0665,2008,0.088
0665,2009,0.085
0665,2010,0.091
0665,2011,0.088
0665,2012,0.092
0665,2013,0.09
0665,2014,0.088
0665,2015,0.086
0665,2016,0.083
0665,2017,0.078
0665,2018,0.078
0665,2019,0.078
0665,2020,0.074
0665,2021,0.082
0680,2005,0.084
0680,2006,0.088
0680,2007,0.089
0680,2008,0.084
0680,2009,0.089
0680,2010,0.089
0680,2011,0.093
0680,2012,0.094
0680,2013,0.092
0680,2014,0.092
0680,2015,0.088
0680,2016,0.082
0680,2017,0.078
0680,2018,0.081
0680,2019,0.08
0680,2020,0.073
0680,2021,0.076
0682,2005,0.089
0682,2006,0.085
0682,2007,0.091
0682,2008,0.091
0682,2009,0.09
0682,2010,0.09
0682,2011,0.096
0682,2012,0.097
0682,2013,0.097
0682,2014,0.098
0682,2015,0.097
0682,2016,0.088
0682,2017,0.087
0682,2018,0.086
0682,2019,0.084
0682,2020,0.076
0682,2021,0.08
0683,2005,0.087
0683,2006,0.089
0683,2007,0.085
0683,2008,0.087
0683,2009,0.09
0683,2010,0.088
0683,2011,0.087
0683,2012,0.094
0683,2013,0.091
0683,2014,0.091
0683,2015,0.088
0683,2016,0.085
0683,2017,0.079
0683,2018,0.081
0683,2019,0.08
0683,2020,0.074
0683,2021,0.079
0684,2005,0.09
0684,2006,0.088
0684,2007,0.084
0684,2008,0.081
0684,2009,0.087
0684,2010,0.085
0684,2011,0.088
0684,2012,0.088
0684,2013,0.093
0684,2014,0.09
0684,2015,0.091
0684,2016,0.085
0684,2017,0.077
0684,2018,0.089
0684,2019,0.084
0684,2020,0.083
0684,2021,0.083
0685,2005,0.089
0685,2006,0.091
0685,2007,0.091
0685,2008,0.09
0685,2009,0.09
0685,2010,0.087
0685,2011,0.092
0685,2012,0.094
0685,2013,0.094
0685,2014,0.092
0685,2015,0.092
0685,2016,0.088
0685,2017,0.087
0685,2018,0.086
0685,2019,0.08
0685,2020,0.077
0685,2021,0.078
0686,2005,0.092
0686,2006,0.09
0686,2007,0.088
0686,2008,0.092
0686,2009,0.093
0686,2010,0.089
0686,2011,0.098
0686,2012,0.1
0686,2013,0.102
0686,2014,0.1
0686,2015,0.099
0686,2016,0.093
0686,2017,0.091
0686,2018,0.088
0686,2019,0.082
0686,2020,0.077
0686,2021,0.085
0687,2005,0.082
0687,2006,0.083
0687,2007,0.083
0687,2008,0.083
0687,2009,0.083
0687,2010,0.087
0687,2011,0.086
0687,2012,0.093
0687,2013,0.086
0687,2014,0.092
0687,2015,0.084
0687,2016,0.08
0687,2017,0.079
0687,2018,0.082
0687,2019,0.08
0687,2020,0.073
0687,2021,0.077
0760,2005,0.078
0760,2006,0.084
0760,2007,0.08
0760,2008,0.081
0760,2009,0.085
0760,2010,0.091
0760,2011,0.092
0760,2012,0.09
0760,2013,0.091
0760,2014,0.091
0760,2015,0.094
0760,2016,0.09
0760,2017,0.082
0760,2018,0.085
0760,2019,0.083
0760,2020,0.074
0760,2021,0.083
0761,2005,0.087
0761,2006,0.082
0761,2007,0.08
0761,2008,0.09
0761,2009,0.087
0761,2010,0.086
0761,2011,0.089
0761,2012,0.087
0761,2013,0.09
0761,2014,0.089
0761,2015,0.083
0761,2016,0.09
0761,2017,0.083
0761,2018,0.081
0761,2019,0.083
0761,2020,0.072
0761,2021,0.074
0763,2005,0.084
0763,2006,0.087
0763,2007,0.082
0763,2008,0.082
0763,2009,0.082
0763,2010,0.093
0763,2011,0.087
0763,2012,0.093
0763,2013,0.089
0763,2014,0.094
0763,2015,0.089
0763,2016,0.089
0763,2017,0.084
0763,2018,0.087
0763,2019,0.088
0763,2020,0.082
0763,2021,0.084
0764,2005,0.082
0764,2006,0.08
0764,2007,0.083
0764,2008,0.085
0764,2009,0.089
0764,2010,0.095
0764,2011,0.093
0764,2012,0.092
0764,2013,0.092
0764,2014,0.09
0764,2015,0.085
0764,2016,0.087
0764,2017,0.083
0764,2018,0.078
0764,2019,0.083
0764,2020,0.075
0764,2021,0.078
0765,2005,0.073
0765,2006,0.07
0765,2007,0.065
0765,2008,0.067
0765,2009,0.074
0765,2010,0.077
0765,2011,0.074
0765,2012,0.077
0765,2013,0.074
0765,2014,0.073
0765,2015,0.076
0765,2016,0.069
0765,2017,0.065
0765,2018,0.068
0765,2019,0.073
0765,2020,0.064
0765,2021,0.068
0767,2005,0.078
0767,2006,0.072
0767,2007,0.073
0767,2008,0.081
0767,2009,0.082
0767,2010,0.083
0767,2011,0.078
0767,2012,0.078
0767,2013,0.078
0767,2014,0.076
0767,2015,0.083
0767,2016,0.078
0767,2017,0.079
0767,2018,0.078
0767,2019,0.077
0767,2020,0.069
0767,2021,0.07
0780,2005,0.075
0780,2006,0.076
0780,2007,0.076
0780,2008,0.077
0780,2009,0.079
0780,2010,0.083
0780,2011,0.085
0780,2012,0.085
0780,2013,0.083
0780,2014,0.082
0780,2015,0.081
0780,2016,0.077
0780,2017,0.072
0780,2018,0.074
0780,2019,0.073
0780,2020,0.068
0780,2021,0.072
0781,2005,0.07
0781,2006,0.072
0781,2007,0.073
0781,2008,0.077
0781,2009,0.075
0781,2010,0.077
0781,2011,0.08
0781,2012,0.08
0781,2013,0.076
0781,2014,0.073
0781,2015,0.076
0781,2016,0.077
0781,2017,0.075
0781,2018,0.073
0781,2019,0.079
0781,2020,0.07
0781,2021,0.075
0821,2005,0.089
0821,2006,0.088
0821,2007,0.08
0821,2008,0.084
0821,2009,0.085
0821,2010,0.087
0821,2011,0.099
0821,2012,0.102
0821,2013,0.104
0821,2014,0.103
0821,2015,0.101
0821,2016,0.099
0821,2017,0.097
0821,2018,0.102
0821,2019,0.093
0821,2020,0.081
0821,2021,0.086
0834,2005,0.095
0834,2006,0.097
0834,2007,0.092
0834,2008,0.085
0834,2009,0.094
0834,2010,0.096
0834,2011,0.1
0834,2012,0.098
0834,2013,0.11
0834,2014,0.101
0834,2015,0.104
0834,2016,0.099
0834,2017,0.097
0834,2018,0.099
0834,2019,0.097
0834,2020,0.092
0834,2021,0.093
0840,2005,0.082
0840,2006,0.081
0840,2007,0.076
0840,2008,0.078
0840,2009,0.084
0840,2010,0.091
0840,2011,0.094
0840,2012,0.093
0840,2013,0.096
0840,2014,0.092
0840,2015,0.091
0840,2016,0.089
0840,2017,0.089
0840,2018,0.086
0840,2019,0.084
0840,2020,0.079
0840,2021,0.079
0860,2005,0.086
0860,2006,0.086
0860,2007,0.09
0860,2008,0.088
0860,2009,0.09
0860,2010,0.094
0860,2011,0.095
0860,2012,0.101
0860,2013,0.097
0860,2014,0.1
0860,2015,0.102
0860,2016,0.093
0860,2017,0.095
0860,2018,0.1
0860,2019,0.102
0860,2020,0.091
0860,2021,0.087
0861,2005,0.085
0861,2006,0.087
0861,2007,0.085
0861,2008,0.085
0861,2009,0.095
0861,2010,0.096
0861,2011,0.102
0861,2012,0.106
0861,2013,0.108
0861,2014,0.102
0861,2015,0.107
0861,2016,0.102
0861,2017,0.098
0861,2018,0.095
0861,2019,0.094
0861,2020,0.083
0861,2021,0.093
0862,2005,0.09
0862,2006,0.084
0862,2007,0.08
0862,2008,0.083
0862,2009,0.084
0862,2010,0.086
0862,2011,0.092
0862,2012,0.094
0862,2013,0.104
0862,2014,0.093
0862,2015,0.096
0862,2016,0.09
0862,2017,0.089
0862,2018,0.09
0862,2019,0.085
0862,2020,0.08
0862,2021,0.081
0880,2005,0.081
0880,2006,0.08
0880,2007,0.08
0880,2008,0.082
0880,2009,0.085
0880,2010,0.088
0880,2011,0.091
0880,2012,0.093
0880,2013,0.093
0880,2014,0.095
0880,2015,0.093
0880,2016,0.091
0880,2017,0.087
0880,2018,0.086
0880,2019,0.086
0880,2020,0.079
0880,2021,0.082
0881,2005,0.088
0881,2006,0.085
0881,2007,0.085
0881,2008,0.09
0881,2009,0.091
0881,2010,0.099
0881,2011,0.103
0881,2012,0.102
0881,2013,0.104
0881,2014,0.1
0881,2015,0.098
0881,2016,0.098
0881,2017,0.097
0881,2018,0.096
0881,2019,0.097
0881,2020,0.089
0881,2021,0.088
0882,2005,0.082
0882,2006,0.078
0882,2007,0.076
0882,2008,0.079
0882,2009,0.082
0882,2010,0.086
0882,2011,0.092
0882,2012,0.099
0882,2013,0.095
0882,2014,0.096
0882,2015,0.093
0882,2016,0.09
0882,2017,0.09
0882,2018,0.091
0882,2019,0.089
0882,2020,0.08
0882,2021,0.082
0883,2005,0.086
0883,2006,0.089
0883,2007,0.088
0883,2008,0.091
0883,2009,0.095
0883,2010,0.093
0883,2011,0.1
0883,2012,0.103
0883,2013,0.105
0883,2014,0.102
0883,2015,0.099
0883,2016,0.101
0883,2017,0.1
0883,2018,0.102
0883,2019,0.098
0883,2020,0.087
0883,2021,0.094
0884,2005,0.079
0884,2006,0.081
0884,2007,0.085
0884,2008,0.079
0884,2009,0.083
0884,2010,0.089
0884,2011,0.089
0884,2012,0.098
0884,2013,0.09
0884,2014,0.095
0884,2015,0.089
0884,2016,0.091
0884,2017,0.087
0884,2018,0.087
0884,2019,0.087
0884,2020,0.079
0884,2021,0.084
0885,2005,0.082
0885,2006,0.087
0885,2007,0.084
0885,2008,0.09
0885,2009,0.092
0885,2010,0.095
0885,2011,0.096
0885,2012,0.098
0885,2013,0.099
0885,2014,0.1
0885,2015,0.098
0885,2016,0.094
0885,2017,0.099
0885,2018,0.094
0885,2019,0.098
0885,2020,0.09
0885,2021,0.091
0980,2005,0.088
0980,2006,0.091
0980,2007,0.088
0980,2008,0.092
0980,2009,0.093
0980,2010,0.094
0980,2011,0.097
0980,2012,0.095
0980,2013,0.095
0980,2014,0.099
0980,2015,0.098
0980,2016,0.097
0980,2017,0.1
0980,2018,0.102
0980,2019,0.1
0980,2020,0.095
0980,2021,0.098
1060,2005,0.069
1060,2006,0.068
1060,2007,0.066
1060,2008,0.072
1060,2009,0.073
1060,2010,0.072
1060,2011,0.076
1060,2012,0.079
1060,2013,0.085
1060,2014,0.083
1060,2015,0.083
1060,2016,0.08
1060,2017,0.078
1060,2018,0.082
1060,2019,0.083
1060,2020,0.076
1060,2021,0.079
1080,2005,0.074
1080,2006,0.075
1080,2007,0.072
1080,2008,0.07
1080,2009,0.078
1080,2010,0.076
1080,2011,0.079
1080,2012,0.084
1080,2013,0.084
1080,2014,0.085
1080,2015,0.079
1080,2016,0.08
1080,2017,0.08
1080,2018,0.082
1080,2019,0.08
1080,2020,0.074
1080,2021,0.076
1081,2005,0.071
1081,2006,0.07
1081,2007,0.071
1081,2008,0.074
1081,2009,0.08
1081,2010,0.082
1081,2011,0.088
1081,2012,0.087
1081,2013,0.087
1081,2014,0.087
1081,2015,0.083
1081,2016,0.081
1081,2017,0.085
1081,2018,0.087
1081,2019,0.088
1081,2020,0.075
1081,2021,0.08
1082,2005,0.068
1082,2006,0.066
1082,2007,0.065
1082,2008,0.072
1082,2009,0.073
1082,2010,0.076
1082,2011,0.079
1082,2012,0.082
1082,2013,0.086
1082,2014,0.087
1082,2015,0.084
1082,2016,0.077
1082,2017,0.081
1082,2018,0.08
1082,2019,0.079
1082,2020,0.073
1082,2021,0.075
1083,2005,0.074
1083,2006,0.07
1083,2007,0.072
1083,2008,0.076
1083,2009,0.082
1083,2010,0.077
1083,2011,0.079
1083,2012,0.083
1083,2013,0.087
1083,2014,0.087
1083,2015,0.089
1083,2016,0.078
1083,2017,0.076
1083,2018,0.076
1083,2019,0.081
1083,2020,0.076
1083,2021,0.077
1214,2005,0.073
1214,2006,0.071
1214,2007,0.071
1214,2008,0.078
1214,2009,0.076
1214,2010,0.083
1214,2011,0.082
1214,2012,0.08
1214,2013,0.08
1214,2014,0.076
1214,2015,0.076
1214,2016,0.072
1214,2017,0.07
1214,2018,0.07
1214,2019,0.069
1214,2020,0.067
1214,2021,0.071
1230,2005,0.07
1230,2006,0.068
1230,2007,0.071
1230,2008,0.074
1230,2009,0.074
1230,2010,0.074
1230,2011,0.073
1230,2012,0.075
1230,2013,0.069
1230,2014,0.071
1230,2015,0.066
1230,2016,0.066
1230,2017,0.061
1230,2018,0.066
1230,2019,0.062
1230,2020,0.057
1230,2021,0.059
1231,2005,0.075
1231,2006,0.079
1231,2007,0.076
1231,2008,0.079
1231,2009,0.083
1231,2010,0.085
1231,2011,0.089
1231,2012,0.079
1231,2013,0.079
1231,2014,0.077
1231,2015,0.07
1231,2016,0.068
1231,2017,0.07
1231,2018,0.067
1231,2019,0.069
1231,2020,0.062
1231,2021,0.061
1233,2005,0.071
1233,2006,0.07
1233,2007,0.067
1233,2008,0.068
1233,2009,0.071
1233,2010,0.072
1233,2011,0.072
1233,2012,0.071
1233,2013,0.071
1233,2014,0.073
1233,2015,0.065
1233,2016,0.065
1233,2017,0.062
1233,2018,0.062
1233,2019,0.062
1233,2020,0.059
1233,2021,0.06
1256,2005,0.084
1256,2006,0.088
1256,2007,0.09
1256,2008,0.082
1256,2009,0.088
1256,2010,0.091
1256,2011,0.091
1256,2012,0.09
1256,2013,0.087
1256,2014,0.09
1256,2015,0.088
1256,2016,0.085
1256,2017,0.085
1256,2018,0.087
1256,2019,0.085
1256,2020,0.081
1256,2021,0.082
1257,2005,0.08
1257,2006,0.08
1257,2007,0.081
1257,2008,0.078
1257,2009,0.085
1257,2010,0.08
1257,2011,0.094
1257,2012,0.086
1257,2013,0.09
1257,2014,0.089
1257,2015,0.088
1257,2016,0.082
1257,2017,0.083
1257,2018,0.077
1257,2019,0.08
1257,2020,0.071
1257,2021,0.074
1260,2005,0.086
1260,2006,0.083
1260,2007,0.085
1260,2008,0.086
1260,2009,0.091
1260,2010,0.086
1260,2011,0.093
1260,2012,0.088
1260,2013,0.095
1260,2014,0.088
1260,2015,0.082
1260,2016,0.084
1260,2017,0.077
1260,2018,0.08
1260,2019,0.078
1260,2020,0.072
1260,2021,0.072
1261,2005,0.074
1261,2006,0.075
1261,2007,0.075
1261,2008,0.074
1261,2009,0.071
1261,2010,0.074
1261,2011,0.077
1261,2012,0.072
1261,2013,0.071
1261,2014,0.07
1261,2015,0.065
1261,2016,0.064
1261,2017,0.061
1261,2018,0.064
1261,2019,0.061
1261,2020,0.059
1261,2021,0.057
1262,2005,0.068
1262,2006,0.072
1262,2007,0.069
1262,2008,0.068
1262,2009,0.07
1262,2010,0.074
1262,2011,0.072
1262,2012,0.07
1262,2013,0.069
1262,2014,0.069
1262,2015,0.065
1262,2016,0.06
1262,2017,0.056
1262,2018,0.056
1262,2019,0.053
1262,2020,0.052
1262,2021,0.055
1263,2005,0.072
1263,2006,0.077
1263,2007,0.075
1263,2008,0.07
1263,2009,0.075
1263,2010,0.077
1263,2011,0.076
1263,2012,0.076
1263,2013,0.075
1263,2014,0.074
1263,2015,0.066
1263,2016,0.066
1263,2017,0.063
1263,2018,0.064
1263,2019,0.065
1263,2020,0.06
1263,2021,0.062
1264,2005,0.082
1264,2006,0.081
1264,2007,0.087
1264,2008,0.083
1264,2009,0.086
1264,2010,0.086
1264,2011,0.087
1264,2012,0.09
1264,2013,0.089
1264,2014,0.086
1264,2015,0.074
1264,2016,0.074
1264,2017,0.073
1264,2018,0.072
1264,2019,0.07
1264,2020,0.069
1264,2021,0.067
1265,2005,0.085
1265,2006,0.091
1265,2007,0.088
1265,2008,0.094
1265,2009,0.092
1265,2010,0.092
1265,2011,0.097
1265,2012,0.099
1265,2013,0.092
1265,2014,0.086
1265,2015,0.085
1265,2016,0.079
1265,2017,0.078
1265,2018,0.079
1265,2019,0.076
1265,2020,0.068
1265,2021,0.069
1266,2005,0.079
1266,2006,0.081
1266,2007,0.08
1266,2008,0.079
1266,2009,0.081
1266,2010,0.083
1266,2011,0.082
1266,2012,0.085
1266,2013,0.086
1266,2014,0.084
1266,2015,0.08
1266,2016,0.076
1266,2017,0.078
1266,2018,0.075
1266,2019,0.078
1266,2020,0.069
1266,2021,0.071
1267,2005,0.07
1267,2006,0.076
1267,2007,0.074
1267,2008,0.073
1267,2009,0.078
1267,2010,0.083
1267,2011,0.081
1267,2012,0.08
1267,2013,0.078
1267,2014,0.078
1267,2015,0.075
1267,2016,0.072
1267,2017,0.067
1267,2018,0.07
1267,2019,0.068
1267,2020,0.063
1267,2021,0.069
1270,2005,0.093
1270,2006,0.091
1270,2007,0.092
1270,2008,0.095
1270,2009,0.094
1270,2010,0.094
1270,2011,0.097
1270,2012,0.098
1270,2013,0.095
1270,2014,0.093
1270,2015,0.086
1270,2016,0.083
1270,2017,0.084
1270,2018,0.076
1270,2019,0.081
1270,2020,0.07
1270,2021,0.071
1272,2005,0.08
1272,2006,0.081
1272,2007,0.08
1272,2008,0.084
1272,2009,0.087
1272,2010,0.09
1272,2011,0.088
1272,2012,0.089
1272,2013,0.094
1272,2014,0.089
1272,2015,0.085
1272,2016,0.084
1272,2017,0.077
1272,2018,0.08
1272,2019,0.078
1272,2020,0.073
1272,2021,0.075
1273,2005,0.076
1273,2006,0.077
1273,2007,0.077
1273,2008,0.077
1273,2009,0.088
1273,2010,0.087
1273,2011,0.084
1273,2012,0.089
1273,2013,0.085
1273,2014,0.082
1273,2015,0.085
1273,2016,0.084
1273,2017,0.085
1273,2018,0.076
1273,2019,0.082
1273,2020,0.074
1273,2021,0.074
1275,2005,0.068
1275,2006,0.08
1275,2007,0.079
1275,2008,0.083
1275,2009,0.082
1275,2010,0.09
1275,2011,0.088
1275,2012,0.092
1275,2013,0.091
1275,2014,0.085
1275,2015,0.08
1275,2016,0.086
1275,2017,0.084
1275,2018,0.082
1275,2019,0.083
1275,2020,0.072
1275,2021,0.074
1276,2005,0.076
1276,2006,0.082
1276,2007,0.081
1276,2008,0.081
1276,2009,0.082
1276,2010,0.093
1276,2011,0.089
1276,2012,0.091
1276,2013,0.091
1276,2014,0.088
1276,2015,0.084
1276,2016,0.084
1276,2017,0.077
1276,2018,0.08
1276,2019,0.082
1276,2020,0.07
1276,2021,0.075
1277,2005,0.076
1277,2006,0.079
1277,2007,0.083
1277,2008,0.08
1277,2009,0.082
1277,2010,0.085
1277,2011,0.086
1277,2012,0.082
1277,2013,0.086
1277,2014,0.083
1277,2015,0.083
1277,2016,0.075
1277,2017,0.069
1277,2018,0.073
1277,2019,0.072
1277,2020,0.069
1277,2021,0.065
1278,2005,0.073
1278,2006,0.079
1278,2007,0.076
1278,2008,0.075
1278,2009,0.079
1278,2010,0.082
1278,2011,0.088
1278,2012,0.085
1278,2013,0.093
1278,2014,0.086
1278,2015,0.081
1278,2016,0.081
1278,2017,0.071
1278,2018,0.073
1278,2019,0.077
1278,2020,0.074
1278,2021,0.071
1280,2005,0.075
1280,2006,0.077
1280,2007,0.076
1280,2008,0.076
1280,2009,0.077
1280,2010,0.076
1280,2011,0.077
1280,2012,0.075
1280,2013,0.073
1280,2014,0.072
1280,2015,0.068
1280,2016,0.067
1280,2017,0.064
1280,2018,0.063
1280,2019,0.063
1280,2020,0.061
1280,2021,0.062
1281,2005,0.062
1281,2006,0.063
1281,2007,0.063
1281,2008,0.063
1281,2009,0.067
1281,2010,0.067
1281,2011,0.065
1281,2012,0.065
1281,2013,0.062
1281,2014,0.061
1281,2015,0.058
1281,2016,0.058
1281,2017,0.054
1281,2018,0.054
1281,2019,0.054
1281,2020,0.051
1281,2021,0.053
1282,2005,0.077
1282,2006,0.08
1282,2007,0.081
1282,2008,0.081
1282,2009,0.082
1282,2010,0.084
1282,2011,0.089
1282,2012,0.088
1282,2013,0.086
1282,2014,0.083
1282,2015,0.081
1282,2016,0.079
1282,2017,0.076
1282,2018,0.074
1282,2019,0.074
1282,2020,0.071
1282,2021,0.073
1283,2005,0.078
1283,2006,0.078
1283,2007,0.078
1283,2008,0.078
1283,2009,0.081
1283,2010,0.083
1283,2011,0.086
1283,2012,0.084
1283,2013,0.085
1283,2014,0.083
1283,2015,0.078
1283,2016,0.075
1283,2017,0.071
1283,2018,0.07
1283,2019,0.07
1283,2020,0.067
1283,2021,0.065
1284,2005,0.075
1284,2006,0.075
1284,2007,0.076
1284,2008,0.078
1284,2009,0.078
1284,2010,0.08
1284,2011,0.083
1284,2012,0.08
1284,2013,0.079
1284,2014,0.079
1284,2015,0.078
1284,2016,0.072
1284,2017,0.072
1284,2018,0.069
1284,2019,0.073
1284,2020,0.067
1284,2021,0.067
1285,2005,0.075
1285,2006,0.076
1285,2007,0.076
1285,2008,0.076
1285,2009,0.077
1285,2010,0.081
1285,2011,0.08
1285,2012,0.075
1285,2013,0.078
1285,2014,0.076
1285,2015,0.072
1285,2016,0.071
1285,2017,0.069
1285,2018,0.068
1285,2019,0.066
1285,2020,0.064
1285,2021,0.064
1286,2005,0.085
1286,2006,0.087
1286,2007,0.089
1286,2008,0.09
1286,2009,0.094
1286,2010,0.094
1286,2011,0.091
1286,2012,0.096
1286,2013,0.095
1286,2014,0.089
1286,2015,0.085
1286,2016,0.08
1286,2017,0.077
1286,2018,0.076
1286,2019,0.074
1286,2020,0.067
1286,2021,0.069
1287,2005,0.078
1287,2006,0.079
1287,2007,0.079
1287,2008,0.077
1287,2009,0.079
1287,2010,0.085
1287,2011,0.089
1287,2012,0.09
1287,2013,0.085
1287,2014,0.085
1287,2015,0.079
1287,2016,0.075
1287,2017,0.074
1287,2018,0.074
1287,2019,0.072
1287,2020,0.068
1287,2021,0.071
1290,2005,0.078
1290,2006,0.081
1290,2007,0.081
1290,2008,0.08
1290,2009,0.084
1290,2010,0.087
1290,2011,0.087
1290,2012,0.089
1290,2013,0.088
1290,2014,0.088
1290,2015,0.084
1290,2016,0.084
1290,2017,0.082
1290,2018,0.08
1290,2019,0.08
1290,2020,0.076
1290,2021,0.078
1291,2005,0.093
1291,2006,0.084
1291,2007,0.09
1291,2008,0.091
1291,2009,0.093
1291,2010,0.089
1291,2011,0.094
1291,2012,0.097
1291,2013,0.098
1291,2014,0.095
1291,2015,0.092
1291,2016,0.09
1291,2017,0.085
1291,2018,0.083
1291,2019,0.084
1291,2020,0.078
1291,2021,0.075
1292,2005,0.073
1292,2006,0.074
1292,2007,0.076
1292,2008,0.075
1292,2009,0.078
1292,2010,0.08
1292,2011,0.078
1292,2012,0.081
1292,2013,0.084
1292,2014,0.081
1292,2015,0.077
1292,2016,0.077
1292,2017,0.074
1292,2018,0.074
1292,2019,0.073
1292,2020,0.068
1292,2021,0.069
1293,2005,0.07
1293,2006,0.075
1293,2007,0.072
1293,2008,0.079
1293,2009,0.081
1293,2010,0.084
1293,2011,0.084
1293,2012,0.085
1293,2013,0.082
1293,2014,0.08
1293,2015,0.08
1293,2016,0.08
1293,2017,0.077
1293,2018,0.078
1293,2019,0.077
1293,2020,0.071
1293,2021,0.074
1315,2005,0.081
1315,2006,0.087
1315,2007,0.085
1315,2008,0.082
1315,2009,0.081
1315,2010,0.085
1315,2011,0.092
1315,2012,0.097
1315,2013,0.091
1315,2014,0.088
1315,2015,0.082
1315,2016,0.082
1315,2017,0.077
1315,2018,0.082
1315,2019,0.081
1315,2020,0.077
1315,2021,0.076
1380,2005,0.084
1380,2006,0.087
1380,2007,0.086
1380,2008,0.083
1380,2009,0.087
1380,2010,0.088
1380,2011,0.089
1380,2012,0.091
1380,2013,0.087
1380,2014,0.086
1380,2015,0.082
1380,2016,0.079
1380,2017,0.077
1380,2018,0.078
1380,2019,0.077
1380,2020,0.071
1380,2021,0.072
1381,2005,0.084
1381,2006,0.089
1381,2007,0.086
1381,2008,0.084
1381,2009,0.086
1381,2010,0.089
1381,2011,0.092
1381,2012,0.092
1381,2013,0.092
1381,2014,0.089
1381,2015,0.082
1381,2016,0.084
1381,2017,0.08
1381,2018,0.082
1381,2019,0.078
1381,2020,0.074
1381,2021,0.075
1382,2005,0.08
1382,2006,0.084
1382,2007,0.081
1382,2008,0.086
1382,2009,0.089
1382,2010,0.089
1382,2011,0.09
1382,2012,0.086
1382,2013,0.085
1382,2014,0.086
1382,2015,0.082
1382,2016,0.082
1382,2017,0.082
1382,2018,0.08
1382,2019,0.08
1382,2020,0.076
1382,2021,0.079
1383,2005,0.086
1383,2006,0.087
1383,2007,0.085
1383,2008,0.085
1383,2009,0.089
1383,2010,0.091
1383,2011,0.09
1383,2012,0.092
1383,2013,0.088
1383,2014,0.087
1383,2015,0.083
1383,2016,0.081
1383,2017,0.081
1383,2018,0.079
1383,2019,0.078
1383,2020,0.074
1383,2021,0.076
1384,2005,0.074
1384,2006,0.075
1384,2007,0.072
1384,2008,0.072
1384,2009,0.076
1384,2010,0.077
1384,2011,0.077
1384,2012,0.078
1384,2013,0.075
1384,2014,0.076
1384,2015,0.074
1384,2016,0.071
1384,2017,0.068
1384,2018,0.069
1384,2019,0.07
1384,2020,0.066
1384,2021,0.069
1401,2005,0.075
1401,2006,0.076
1401,2007,0.075
1401,2008,0.075
1401,2009,0.075
1401,2010,0.077
1401,2011,0.076
1401,2012,0.075
1401,2013,0.074
1401,2014,0.069
1401,2015,0.069
1401,2016,0.065
1401,2017,0.063
1401,2018,0.061
1401,2019,0.06
1401,2020,0.062
1401,2021,0.059
1402,2005,0.076
1402,2006,0.077
1402,2007,0.077
1402,2008,0.078
1402,2009,0.08
1402,2010,0.083
1402,2011,0.085
1402,2012,0.077
1402,2013,0.076
1402,2014,0.074
1402,2015,0.074
1402,2016,0.071
1402,2017,0.069
1402,2018,0.067
1402,2019,0.069
1402,2020,0.063
1402,2021,0.065
1407,2005,0.08
1407,2006,0.077
1407,2007,0.079
1407,2008,0.077
1407,2009,0.075
1407,2010,0.085
1407,2011,0.084
1407,2012,0.079
1407,2013,0.077
1407,2014,0.082
1407,2015,0.074
1407,2016,0.071
1407,2017,0.073
1407,2018,0.071
1407,2019,0.075
1407,2020,0.065
1407,2021,0.067
1415,2005,0.082
1415,2006,0.082
1415,2007,0.085
1415,2008,0.081
1415,2009,0.085
1415,2010,0.091
1415,2011,0.085
1415,2012,0.084
1415,2013,0.085
1415,2014,0.083
1415,2015,0.081
1415,2016,0.077
1415,2017,0.08
1415,2018,0.08
1415,2019,0.081
1415,2020,0.075
1415,2021,0.074
1419,2005,0.078
1419,2006,0.081
1419,2007,0.083
1419,2008,0.08
1419,2009,0.087
1419,2010,0.088
1419,2011,0.085
1419,2012,0.083
1419,2013,0.085
1419,2014,0.093
1419,2015,0.087
1419,2016,0.089
1419,2017,0.088
1419,2018,0.084
1419,2019,0.088
1419,2020,0.084
1419,2021,0.08
1421,2005,0.083
1421,2006,0.088
1421,2007,0.085
1421,2008,0.077
1421,2009,0.082
1421,2010,0.079
1421,2011,0.089
1421,2012,0.095
1421,2013,0.09
1421,2014,0.09
1421,2015,0.09
1421,2016,0.079
1421,2017,0.083
1421,2018,0.084
1421,2019,0.084
1421,2020,0.079
1421,2021,0.084
1427,2005,0.083
1427,2006,0.085
1427,2007,0.08
1427,2008,0.08
1427,2009,0.077
1427,2010,0.084
1427,2011,0.081
1427,2012,0.088
1427,2013,0.089
1427,2014,0.085
1427,2015,0.088
1427,2016,0.09
1427,2017,0.088
1427,2018,0.085
1427,2019,0.084
1427,2020,0.078
1427,2021,0.08
1430,2005,0.088
1430,2006,0.09
1430,2007,0.091
1430,2008,0.086
1430,2009,0.082
1430,2010,0.086
1430,2011,0.091
1430,2012,0.102
1430,2013,0.096
1430,2014,0.097
1430,2015,0.085
1430,2016,0.083
1430,2017,0.087
1430,2018,0.085
1430,2019,0.08
1430,2020,0.075
1430,2021,0.079
1435,2005,0.089
1435,2006,0.088
1435,2007,0.086
1435,2008,0.08
1435,2009,0.072
1435,2010,0.079
1435,2011,0.084
1435,2012,0.084
1435,2013,0.086
1435,2014,0.091
1435,2015,0.09
1435,2016,0.081
1435,2017,0.081
1435,2018,0.081
1435,2019,0.08
1435,2020,0.072
1435,2021,0.075
1438,2005,0.084
1438,2006,0.08
1438,2007,0.07
1438,2008,0.072
1438,2009,0.076
1438,2010,0.078
1438,2011,0.085
1438,2012,0.085
1438,2013,0.086
1438,2014,0.08
1438,2015,0.085
1438,2016,0.084
1438,2017,0.082
1438,2018,0.083
1438,2019,0.079
1438,2020,0.072
1438,2021,0.074
1439,2005,0.082
1439,2006,0.083
1439,2007,0.09
1439,2008,0.083
1439,2009,0.084
1439,2010,0.086
1439,2011,0.088
1439,2012,0.095
1439,2013,0.096
1439,2014,0.097
1439,2015,0.092
1439,2016,0.084
1439,2017,0.09
1439,2018,0.089
1439,2019,0.083
1439,2020,0.08
1439,2021,0.075
1440,2005,0.085
1440,2006,0.086
1440,2007,0.089
1440,2008,0.082
1440,2009,0.086
1440,2010,0.087
1440,2011,0.089
1440,2012,0.086
1440,2013,0.083
1440,2014,0.089
1440,2015,0.081
1440,2016,0.077
1440,2017,0.08
1440,2018,0.079
1440,2019,0.079
1440,2020,0.072
1440,2021,0.075
1441,2005,0.075
1441,2006,0.074
1441,2007,0.073
1441,2008,0.078
1441,2009,0.074
1441,2010,0.077
1441,2011,0.076
1441,2012,0.077
1441,2013,0.074
1441,2014,0.077
1441,2015,0.073
1441,2016,0.069
1441,2017,0.067
1441,2018,0.067
1441,2019,0.068
1441,2020,0.063
1441,2021,0.064
1442,2005,0.078
1442,2006,0.08
1442,2007,0.085
1442,2008,0.082
1442,2009,0.08
1442,2010,0.083
1442,2011,0.08
1442,2012,0.08
1442,2013,0.086
1442,2014,0.081
1442,2015,0.074
1442,2016,0.076
1442,2017,0.079
1442,2018,0.077
1442,2019,0.075
1442,2020,0.064
1442,2021,0.066
1443,2005,0.074
1443,2006,0.078
1443,2007,0.083
1443,2008,0.082
1443,2009,0.086
1443,2010,0.078
1443,2011,0.09
1443,2012,0.082
1443,2013,0.084
1443,2014,0.082
1443,2015,0.08
1443,2016,0.076
1443,2017,0.077
1443,2018,0.071
1443,2019,0.074
1443,2020,0.064
1443,2021,0.072
1444,2005,0.088
1444,2006,0.09
1444,2007,0.094
1444,2008,0.089
1444,2009,0.083
1444,2010,0.088
1444,2011,0.102
1444,2012,0.1
1444,2013,0.087
1444,2014,0.085
1444,2015,0.083
1444,2016,0.084
1444,2017,0.079
1444,2018,0.08
1444,2019,0.079
1444,2020,0.079
1444,2021,0.07
1445,2005,0.09
1445,2006,0.085
1445,2007,0.081
1445,2008,0.085
1445,2009,0.076
1445,2010,0.093
1445,2011,0.096
1445,2012,0.097
1445,2013,0.087
1445,2014,0.081
1445,2015,0.081
1445,2016,0.092
1445,2017,0.085
1445,2018,0.087
1445,2019,0.083
1445,2020,0.082
1445,2021,0.076
1446,2005,0.082
1446,2006,0.084
1446,2007,0.086
1446,2008,0.09
1446,2009,0.086
1446,2010,0.092
1446,2011,0.089
1446,2012,0.094
1446,2013,0.09
1446,2014,0.088
1446,2015,0.09
1446,2016,0.08
1446,2017,0.087
1446,2018,0.075
1446,2019,0.084
1446,2020,0.078
1446,2021,0.082
1447,2005,0.086
1447,2006,0.092
1447,2007,0.09
1447,2008,0.093
1447,2009,0.105
1447,2010,0.096
1447,2011,0.099
1447,2012,0.1
1447,2013,0.094
1447,2014,0.101
1447,2015,0.095
1447,2016,0.082
1447,2017,0.089
1447,2018,0.091
1447,2019,0.091
1447,2020,0.079
1447,2021,0.092
1452,2005,0.074
1452,2006,0.078
1452,2007,0.074
1452,2008,0.077
1452,2009,0.08
1452,2010,0.08
1452,2011,0.078
1452,2012,0.088
1452,2013,0.088
1452,2014,0.082
1452,2015,0.082
1452,2016,0.075
1452,2017,0.075
1452,2018,0.079
1452,2019,0.075
1452,2020,0.066
1452,2021,0.072
1460,2005,0.083
1460,2006,0.08
1460,2007,0.078
1460,2008,0.078
1460,2009,0.08
1460,2010,0.083
1460,2011,0.088
1460,2012,0.084
1460,2013,0.085
1460,2014,0.086
1460,2015,0.077
1460,2016,0.08
1460,2017,0.082
1460,2018,0.083
1460,2019,0.077
1460,2020,0.075
1460,2021,0.075
1461,2005,0.079
1461,2006,0.084
1461,2007,0.089
1461,2008,0.082
1461,2009,0.078
1461,2010,0.077
1461,2011,0.088
1461,2012,0.096
1461,2013,0.088
1461,2014,0.093
1461,2015,0.088
1461,2016,0.092
1461,2017,0.091
1461,2018,0.086
1461,2019,0.077
1461,2020,0.077
1461,2021,0.08
1462,2005,0.093
1462,2006,0.098
1462,2007,0.086
1462,2008,0.086
1462,2009,0.088
1462,2010,0.092
1462,2011,0.089
1462,2012,0.094
1462,2013,0.096
1462,2014,0.102
1462,2015,0.095
1462,2016,0.09
1462,2017,0.088
1462,2018,0.089
1462,2019,0.082
1462,2020,0.08
1462,2021,0.077
1463,2005,0.082
1463,2006,0.085
1463,2007,0.086
1463,2008,0.087
1463,2009,0.087
1463,2010,0.083
1463,2011,0.082
1463,2012,0.086
1463,2013,0.085
1463,2014,0.083
1463,2015,0.082
1463,2016,0.083
1463,2017,0.078
1463,2018,0.079
1463,2019,0.079
1463,2020,0.071
1463,2021,0.073
1465,2005,0.08
1465,2006,0.083
1465,2007,0.088
1465,2008,0.088
1465,2009,0.094
1465,2010,0.088
1465,2011,0.094
1465,2012,0.091
1465,2013,0.089
1465,2014,0.091
1465,2015,0.093
1465,2016,0.083
1465,2017,0.086
1465,2018,0.089
1465,2019,0.081
1465,2020,0.072
1465,2021,0.077
1466,2005,0.082
1466,2006,0.082
1466,2007,0.084
1466,2008,0.078
1466,2009,0.085
1466,2010,0.086
1466,2011,0.084
1466,2012,0.097
1466,2013,0.093
1466,2014,0.092
1466,2015,0.081
1466,2016,0.084
1466,2017,0.085
1466,2018,0.087
1466,2019,0.084
1466,2020,0.075
1466,2021,0.075
1470,2005,0.085
1470,2006,0.087
1470,2007,0.086
1470,2008,0.089
1470,2009,0.096
1470,2010,0.094
1470,2011,0.093
1470,2012,0.09
1470,2013,0.088
1470,2014,0.088
1470,2015,0.087
1470,2016,0.085
1470,2017,0.083
1470,2018,0.079
1470,2019,0.085
1470,2020,0.078
1470,2021,0.079
1471,2005,0.084
1471,2006,0.081
1471,2007,0.088
1471,2008,0.089
1471,2009,0.092
1471,2010,0.091
1471,2011,0.091
1471,2012,0.091
1471,2013,0.087
1471,2014,0.086
1471,2015,0.086
1471,2016,0.078
1471,2017,0.083
1471,2018,0.076
1471,2019,0.09
1471,2020,0.08
1471,2021,0.081
1472,2005,0.089
1472,2006,0.089
1472,2007,0.093
1472,2008,0.097
1472,2009,0.099
1472,2010,0.101
1472,2011,0.1
1472,2012,0.091
1472,2013,0.096
1472,2014,0.088
1472,2015,0.083
1472,2016,0.077
1472,2017,0.081
1472,2018,0.079
1472,2019,0.085
1472,2020,0.077
1472,2021,0.08
1473,2005,0.093
1473,2006,0.093
1473,2007,0.099
1473,2008,0.099
1473,2009,0.096
1473,2010,0.099
1473,2011,0.098
1473,2012,0.093
1473,2013,0.095
1473,2014,0.094
1473,2015,0.092
1473,2016,0.093
1473,2017,0.089
1473,2018,0.086
1473,2019,0.089
1473,2020,0.083
1473,2021,0.083
1480,2005,0.077
1480,2006,0.077
1480,2007,0.077
1480,2008,0.078
1480,2009,0.079
1480,2010,0.081
1480,2011,0.078
1480,2012,0.076
1480,2013,0.075
1480,2014,0.075
1480,2015,0.074
1480,2016,0.069
1480,2017,0.068
1480,2018,0.067
1480,2019,0.066
1480,2020,0.064
1480,2021,0.063
1481,2005,0.078
1481,2006,0.076
1481,2007,0.077
1481,2008,0.077
1481,2009,0.076
1481,2010,0.078
1481,2011,0.077
1481,2012,0.075
1481,2013,0.072
1481,2014,0.073
1481,2015,0.072
1481,2016,0.068
1481,2017,0.066
1481,2018,0.067
1481,2019,0.066
1481,2020,0.063
1481,2021,0.062
1482,2005,0.077
1482,2006,0.084
1482,2007,0.082
1482,2008,0.082
1482,2009,0.083
1482,2010,0.09
1482,2011,0.087
1482,2012,0.085
1482,2013,0.084
1482,2014,0.09
1482,2015,0.086
1482,2016,0.083
1482,2017,0.082
1482,2018,0.082
1482,2019,0.082
1482,2020,0.077
1482,2021,0.076
1484,2005,0.081
1484,2006,0.084
1484,2007,0.087
1484,2008,0.082
1484,2009,0.077
1484,2010,0.083
1484,2011,0.09
1484,2012,0.096
1484,2013,0.092
1484,2014,0.093
1484,2015,0.09
1484,2016,0.088
1484,2017,0.079
1484,2018,0.08
1484,2019,0.08
1484,2020,0.074
1484,2021,0.079
1485,2005,0.087
1485,2006,0.088
1485,2007,0.087
1485,2008,0.082
1485,2009,0.076
1485,2010,0.084
1485,2011,0.086
1485,2012,0.091
1485,2013,0.09
1485,2014,0.092
1485,2015,0.085
1485,2016,0.082
1485,2017,0.083
1485,2018,0.081
1485,2019,0.08
1485,2020,0.074
1485,2021,0.075
1486,2005,0.07
1486,2006,0.075
1486,2007,0.07
1486,2008,0.064
1486,2009,0.068
1486,2010,0.067
1486,2011,0.07
1486,2012,0.073
1486,2013,0.07
1486,2014,0.072
1486,2015,0.076
1486,2016,0.073
1486,2017,0.066
1486,2018,0.066
1486,2019,0.063
1486,2020,0.066
1486,2021,0.075
1487,2005,0.083
1487,2006,0.09
1487,2007,0.084
1487,2008,0.078
1487,2009,0.079
1487,2010,0.086
1487,2011,0.087
1487,2012,0.094
1487,2013,0.092
1487,2014,0.097
1487,2015,0.092
1487,2016,0.086
1487,2017,0.086
1487,2018,0.084
1487,2019,0.083
1487,2020,0.079
1487,2021,0.075
1488,2005,0.087
1488,2006,0.088
1488,2007,0.085
1488,2008,0.079
1488,2009,0.078
1488,2010,0.08
1488,2011,0.087
1488,2012,0.093
1488,2013,0.088
1488,2014,0.09
1488,2015,0.087
1488,2016,0.082
1488,2017,0.081
1488,2018,0.08
1488,2019,0.076
1488,2020,0.073
1488,2021,0.071
1489,2005,0.08
1489,2006,0.081
1489,2007,0.08
1489,2008,0.081
1489,2009,0.08
1489,2010,0.082
1489,2011,0.082
1489,2012,0.081
1489,2013,0.081
1489,2014,0.084
1489,2015,0.081
1489,2016,0.079
1489,2017,0.078
1489,2018,0.073
1489,2019,0.074
1489,2020,0.069
1489,2021,0.071
1490,2005,0.081
1490,2006,0.084
1490,2007,0.083
1490,2008,0.082
1490,2009,0.084
1490,2010,0.085
1490,2011,0.086
1490,2012,0.089
1490,2013,0.088
1490,2014,0.085
1490,2015,0.08
1490,2016,0.082
1490,2017,0.078
1490,2018,0.077
1490,2019,0.076
1490,2020,0.07
1490,2021,0.073
1491,2005,0.076
1491,2006,0.078
1491,2007,0.081
1491,2008,0.075
1491,2009,0.083
1491,2010,0.082
1491,2011,0.084
1491,2012,0.084
1491,2013,0.085
1491,2014,0.084
1491,2015,0.084
1491,2016,0.081
1491,2017,0.079
1491,2018,0.078
1491,2019,0.076
1491,2020,0.073
1491,2021,0.075
1492,2005,0.084
1492,2006,0.084
1492,2007,0.082
1492,2008,0.076
1492,2009,0.082
1492,2010,0.082
1492,2011,0.084
1492,2012,0.093
1492,2013,0.092
1492,2014,0.09
1492,2015,0.088
1492,2016,0.08
1492,2017,0.08
1492,2018,0.078
1492,2019,0.081
1492,2020,0.078
1492,2021,0.074
1493,2005,0.085
1493,2006,0.086
1493,2007,0.086
1493,2008,0.088
1493,2009,0.091
1493,2010,0.093
1493,2011,0.092
1493,2012,0.089
1493,2013,0.092
1493,2014,0.087
1493,2015,0.089
1493,2016,0.086
1493,2017,0.083
1493,2018,0.082
1493,2019,0.085
1493,2020,0.081
1493,2021,0.085
1494,2005,0.078
1494,2006,0.08
1494,2007,0.085
1494,2008,0.083
1494,2009,0.088
1494,2010,0.087
1494,2011,0.086
1494,2012,0.088
1494,2013,0.086
1494,2014,0.084
1494,2015,0.084
1494,2016,0.081
1494,2017,0.079
1494,2018,0.081
1494,2019,0.081
1494,2020,0.078
1494,2021,0.078
1495,2005,0.083
1495,2006,0.087
1495,2007,0.088
1495,2008,0.095
1495,2009,0.092
1495,2010,0.089
1495,2011,0.09
1495,2012,0.093
1495,2013,0.09
1495,2014,0.091
1495,2015,0.092
1495,2016,0.089
1495,2017,0.089
1495,2018,0.085
1495,2019,0.086
1495,2020,0.083
1495,2021,0.084
1496,2005,0.084
1496,2006,0.088
1496,2007,0.085
1496,2008,0.089
1496,2009,0.09
1496,2010,0.09
1496,2011,0.087
1496,2012,0.089
1496,2013,0.087
1496,2014,0.086
1496,2015,0.082
1496,2016,0.082
1496,2017,0.079
1496,2018,0.079
1496,2019,0.082
1496,2020,0.076
1496,2021,0.075
1497,2005,0.085
1497,2006,0.085
1497,2007,0.082
1497,2008,0.087
1497,2009,0.09
1497,2010,0.089
1497,2011,0.09
1497,2012,0.094
1497,2013,0.09
1497,2014,0.087
1497,2015,0.083
1497,2016,0.083
1497,2017,0.078
1497,2018,0.09
1497,2019,0.089
1497,2020,0.082
1497,2021,0.083
1498,2005,0.082
1498,2006,0.092
1498,2007,0.087
1498,2008,0.091
1498,2009,0.089
1498,2010,0.093
1498,2011,0.091
1498,2012,0.095
1498,2013,0.089
1498,2014,0.088
1498,2015,0.089
1498,2016,0.088
1498,2017,0.086
1498,2018,0.085
1498,2019,0.082
1498,2020,0.078
1498,2021,0.081
1499,2005,0.081
1499,2006,0.089
1499,2007,0.088
1499,2008,0.086
1499,2009,0.091
1499,2010,0.088
1499,2011,0.092
1499,2012,0.089
1499,2013,0.09
1499,2014,0.09
1499,2015,0.085
1499,2016,0.085
1499,2017,0.085
1499,2018,0.085
1499,2019,0.085
1499,2020,0.08
1499,2021,0.078
1715,2005,0.073
1715,2006,0.076
1715,2007,0.075
1715,2008,0.071
1715,2009,0.076
1715,2010,0.086
1715,2011,0.081
1715,2012,0.085
1715,2013,0.083
1715,2014,0.083
1715,2015,0.088
1715,2016,0.086
1715,2017,0.084
1715,2018,0.085
1715,2019,0.08
1715,2020,0.079
1715,2021,0.086
1730,2005,0.07
1730,2006,0.078
1730,2007,0.08
1730,2008,0.083
1730,2009,0.082
1730,2010,0.086
1730,2011,0.088
1730,2012,0.094
1730,2013,0.089
1730,2014,0.088
1730,2015,0.085
1730,2016,0.081
1730,2017,0.084
1730,2018,0.088
1730,2019,0.085
1730,2020,0.074
1730,2021,0.079
1737,2005,0.079
1737,2006,0.075
1737,2007,0.082
1737,2008,0.081
1737,2009,0.08
1737,2010,0.084
1737,2011,0.09
1737,2012,0.088
1737,2013,0.084
1737,2014,0.088
1737,2015,0.092
1737,2016,0.096
1737,2017,0.093
1737,2018,0.093
1737,2019,0.087
1737,2020,0.087
1737,2021,0.09
1760,2005,0.08
1760,2006,0.079
1760,2007,0.085
1760,2008,0.084
1760,2009,0.1
1760,2010,0.097
1760,2011,0.087
1760,2012,0.088
1760,2013,0.086
1760,2014,0.088
1760,2015,0.088
1760,2016,0.082
1760,2017,0.087
1760,2018,0.078
1760,2019,0.08
1760,2020,0.073
1760,2021,0.081
1761,2005,0.066
1761,2006,0.068
1761,2007,0.073
1761,2008,0.071
1761,2009,0.072
1761,2010,0.073
1761,2011,0.069
1761,2012,0.078
1761,2013,0.072
1761,2014,0.077
1761,2015,0.073
1761,2016,0.076
1761,2017,0.072
1761,2018,0.073
1761,2019,0.074
1761,2020,0.064
1761,2021,0.067
1762,2005,0.085
1762,2006,0.079
1762,2007,0.084
1762,2008,0.079
1762,2009,0.087
1762,2010,0.094
1762,2011,0.089
1762,2012,0.094
1762,2013,0.094
1762,2014,0.093
1762,2015,0.101
1762,2016,0.09
1762,2017,0.1
1762,2018,0.089
1762,2019,0.092
1762,2020,0.077
1762,2021,0.09
1763,2005,0.072
1763,2006,0.077
1763,2007,0.076
1763,2008,0.079
1763,2009,0.079
1763,2010,0.077
1763,2011,0.08
1763,2012,0.085
1763,2013,0.085
1763,2014,0.086
1763,2015,0.083
1763,2016,0.085
1763,2017,0.079
1763,2018,0.085
1763,2019,0.084
1763,2020,0.073
1763,2021,0.077
1764,2005,0.077
1764,2006,0.08
1764,2007,0.082
1764,2008,0.084
1764,2009,0.086
1764,2010,0.085
1764,2011,0.093
1764,2012,0.091
1764,2013,0.088
1764,2014,0.093
1764,2015,0.091
1764,2016,0.087
1764,2017,0.09
1764,2018,0.091
1764,2019,0.082
1764,2020,0.083
1764,2021,0.09
1765,2005,0.073
1765,2006,0.072
1765,2007,0.07
1765,2008,0.071
1765,2009,0.078
1765,2010,0.081
1765,2011,0.078
1765,2012,0.08
1765,2013,0.08
1765,2014,0.083
1765,2015,0.082
1765,2016,0.082
1765,2017,0.08
1765,2018,0.081
1765,2019,0.077
1765,2020,0.069
1765,2021,0.083
1766,2005,0.076
1766,2006,0.071
1766,2007,0.074
1766,2008,0.07
1766,2009,0.08
1766,2010,0.072
1766,2011,0.076
1766,2012,0.08
1766,2013,0.078
1766,2014,0.079
1766,2015,0.082
1766,2016,0.083
1766,2017,0.081
1766,2018,0.086
1766,2019,0.085
1766,2020,0.073
1766,2021,0.081
1780,2005,0.072
1780,2006,0.075
1780,2007,0.076
1780,2008,0.076
1780,2009,0.08
1780,2010,0.077
1780,2011,0.079
1780,2012,0.081
1780,2013,0.078
1780,2014,0.079
1780,2015,0.079
1780,2016,0.076
1780,2017,0.075
1780,2018,0.075
1780,2019,0.075
1780,2020,0.068
1780,2021,0.072
1781,2005,0.071
1781,2006,0.079
1781,2007,0.077
1781,2008,0.082
1781,2009,0.084
1781,2010,0.091
1781,2011,0.088
1781,2012,0.086
1781,2013,0.087
1781,2014,0.086
1781,2015,0.09
1781,2016,0.084
1781,2017,0.083
1781,2018,0.086
1781,2019,0.087
1781,2020,0.08
1781,2021,0.08
1782,2005,0.075
1782,2006,0.081
1782,2007,0.077
1782,2008,0.081
1782,2009,0.083
1782,2010,0.084
1782,2011,0.087
1782,2012,0.089
1782,2013,0.084
1782,2014,0.09
1782,2015,0.09
1782,2016,0.094
1782,2017,0.091
1782,2018,0.086
1782,2019,0.089
1782,2020,0.084
1782,2021,0.087
1783,2005,0.079
1783,2006,0.074
1783,2007,0.081
1783,2008,0.081
1783,2009,0.082
1783,2010,0.084
1783,2011,0.085
1783,2012,0.091
1783,2013,0.09
1783,2014,0.087
1783,2015,0.088
1783,2016,0.095
1783,2017,0.092
1783,2018,0.088
1783,2019,0.092
1783,2020,0.085
1783,2021,0.091
1784,2005,0.078
1784,2006,0.079
1784,2007,0.081
1784,2008,0.079
1784,2009,0.081
1784,2010,0.081
1784,2011,0.084
1784,2012,0.089
1784,2013,0.087
1784,2014,0.088
1784,2015,0.09
1784,2016,0.089
1784,2017,0.082
1784,2018,0.086
1784,2019,0.083
1784,2020,0.075
1784,2021,0.083
1785,2005,0.069
1785,2006,0.073
1785,2007,0.072
1785,2008,0.073
1785,2009,0.073
1785,2010,0.08
1785,2011,0.082
1785,2012,0.085
1785,2013,0.086
1785,2014,0.09
1785,2015,0.087
1785,2016,0.086
1785,2017,0.079
1785,2018,0.086
1785,2019,0.083
1785,2020,0.077
1785,2021,0.077
1814,2005,0.086
1814,2006,0.076
1814,2007,0.078
1814,2008,0.082
1814,2009,0.086
1814,2010,0.087
1814,2011,0.089
1814,2012,0.084
1814,2013,0.086
1814,2014,0.08
1814,2015,0.075
1814,2016,0.074
1814,2017,0.072
1814,2018,0.073
1814,2019,0.07
1814,2020,0.068
1814,2021,0.067
1860,2005,0.085
1860,2006,0.081
1860,2007,0.092
1860,2008,0.088
1860,2009,0.091
1860,2010,0.086
1860,2011,0.099
1860,2012,0.089
1860,2013,0.085
1860,2014,0.088
1860,2015,0.082
1860,2016,0.084
1860,2017,0.078
1860,2018,0.076
1860,2019,0.078
1860,2020,0.074
1860,2021,0.074
1861,2005,0.079
1861,2006,0.078
1861,2007,0.082
1861,2008,0.08
1861,2009,0.081
1861,2010,0.087
1861,2011,0.084
1861,2012,0.083
1861,2013,0.08
1861,2014,0.08
1861,2015,0.076
1861,2016,0.079
1861,2017,0.076
1861,2018,0.079
1861,2019,0.078
1861,2020,0.074
1861,2021,0.072
1862,2005,0.083
1862,2006,0.086
1862,2007,0.092
1862,2008,0.094
1862,2009,0.093
1862,2010,0.095
1862,2011,0.098
1862,2012,0.093
1862,2013,0.089
1862,2014,0.086
1862,2015,0.085
1862,2016,0.084
1862,2017,0.083
1862,2018,0.079
1862,2019,0.08
1862,2020,0.075
1862,2021,0.077
1863,2005,0.073
1863,2006,0.086
1863,2007,0.086
1863,2008,0.083
1863,2009,0.086
1863,2010,0.094
1863,2011,0.097
1863,2012,0.092
1863,2013,0.092
1863,2014,0.09
1863,2015,0.079
1863,2016,0.078
1863,2017,0.083
1863,2018,0.078
1863,2019,0.084
1863,2020,0.076
1863,2021,0.082
1864,2005,0.084
1864,2006,0.092
1864,2007,0.09
1864,2008,0.084
1864,2009,0.085
1864,2010,0.095
1864,2011,0.098
1864,2012,0.103
1864,2013,0.098
1864,2014,0.09
1864,2015,0.095
1864,2016,0.088
1864,2017,0.088
1864,2018,0.086
1864,2019,0.085
1864,2020,0.082
1864,2021,0.085
1880,2005,0.075
1880,2006,0.076
1880,2007,0.077
1880,2008,0.078
1880,2009,0.079
1880,2010,0.081
1880,2011,0.082
1880,2012,0.08
1880,2013,0.075
1880,2014,0.074
1880,2015,0.069
1880,2016,0.07
1880,2017,0.071
1880,2018,0.072
1880,2019,0.07
1880,2020,0.066
1880,2021,0.067
1881,2005,0.075
1881,2006,0.076
1881,2007,0.076
1881,2008,0.075
1881,2009,0.078
1881,2010,0.082
1881,2011,0.083
1881,2012,0.08
1881,2013,0.077
1881,2014,0.074
1881,2015,0.071
1881,2016,0.07
1881,2017,0.069
1881,2018,0.074
1881,2019,0.07
1881,2020,0.068
1881,2021,0.068
1882,2005,0.08
1882,2006,0.084
1882,2007,0.079
1882,2008,0.079
1882,2009,0.084
1882,2010,0.084
1882,2011,0.085
1882,2012,0.092
1882,2013,0.084
1882,2014,0.082
1882,2015,0.073
1882,2016,0.08
1882,2017,0.079
1882,2018,0.081
1882,2019,0.082
1882,2020,0.072
1882,2021,0.069
1883,2005,0.08
1883,2006,0.087
1883,2007,0.09
1883,2008,0.091
1883,2009,0.093
1883,2010,0.097
1883,2011,0.089
1883,2012,0.091
1883,2013,0.084
1883,2014,0.083
1883,2015,0.082
1883,2016,0.079
1883,2017,0.079
1883,2018,0.074
1883,2019,0.075
1883,2020,0.073
1883,2021,0.072
1884,2005,0.081
1884,2006,0.086
1884,2007,0.085
1884,2008,0.087
1884,2009,0.081
1884,2010,0.087
1884,2011,0.086
1884,2012,0.086
1884,2013,0.084
1884,2014,0.08
1884,2015,0.072
1884,2016,0.076
1884,2017,0.078
1884,2018,0.079
1884,2019,0.079
1884,2020,0.07
1884,2021,0.074
1885,2005,0.08
1885,2006,0.085
1885,2007,0.085
1885,2008,0.08
1885,2009,0.083
1885,2010,0.085
1885,2011,0.089
1885,2012,0.086
1885,2013,0.085
1885,2014,0.086
1885,2015,0.082
1885,2016,0.08
1885,2017,0.079
1885,2018,0.084
1885,2019,0.079
1885,2020,0.073
1885,2021,0.072
1904,2005,0.086
1904,2006,0.085
1904,2007,0.09
1904,2008,0.089
1904,2009,0.097
1904,2010,0.091
1904,2011,0.099
1904,2012,0.095
1904,2013,0.093
1904,2014,0.087
1904,2015,0.089
1904,2016,0.087
1904,2017,0.1
1904,2018,0.086
1904,2019,0.089
1904,2020,0.092
1904,2021,0.085
1907,2005,0.086
1907,2006,0.093
1907,2007,0.086
1907,2008,0.082
1907,2009,0.087
1907,2010,0.093
1907,2011,0.092
1907,2012,0.092
1907,2013,0.093
1907,2014,0.088
1907,2015,0.088
1907,2016,0.09
1907,2017,0.088
1907,2018,0.091
1907,2019,0.088
1907,2020,0.076
1907,2021,0.081
1960,2005,0.074
1960,2006,0.073
1960,2007,0.086
1960,2008,0.085
1960,2009,0.087
1960,2010,0.087
1960,2011,0.09
1960,2012,0.087
1960,2013,0.09
1960,2014,0.085
1960,2015,0.08
1960,2016,0.08
1960,2017,0.08
1960,2018,0.085
1960,2019,0.086
1960,2020,0.075
1960,2021,0.082
1961,2005,0.084
1961,2006,0.089
1961,2007,0.089
1961,2008,0.092
1961,2009,0.096
1961,2010,0.091
1961,2011,0.098
1961,2012,0.095
1961,2013,0.092
1961,2014,0.09
1961,2015,0.089
1961,2016,0.089
1961,2017,0.085
1961,2018,0.086
1961,2019,0.086
1961,2020,0.084
1961,2021,0.083
1962,2005,0.082
1962,2006,0.096
1962,2007,0.093
1962,2008,0.087
1962,2009,0.094
1962,2010,0.093
1962,2011,0.1
1962,2012,0.098
1962,2013,0.101
1962,2014,0.092
1962,2015,0.088
1962,2016,0.083
1962,2017,0.083
1962,2018,0.092
1962,2019,0.087
1962,2020,0.089
1962,2021,0.084
1980,2005,0.081
1980,2006,0.083
1980,2007,0.084
1980,2008,0.081
1980,2009,0.084
1980,2010,0.083
1980,2011,0.086
1980,2012,0.085
1980,2013,0.08
1980,2014,0.08
1980,2015,0.077
1980,2016,0.078
1980,2017,0.079
1980,2018,0.077
1980,2019,0.077
1980,2020,0.073
1980,2021,0.073
1981,2005,0.084
1981,2006,0.085
1981,2007,0.087
1981,2008,0.084
1981,2009,0.09
1981,2010,0.09
1981,2011,0.097
1981,2012,0.089
1981,2013,0.086
1981,2014,0.084
1981,2015,0.083
1981,2016,0.084
1981,2017,0.087
1981,2018,0.082
1981,2019,0.081
1981,2020,0.074
1981,2021,0.079
1982,2005,0.084
1982,2006,0.088
1982,2007,0.087
1982,2008,0.084
1982,2009,0.094
1982,2010,0.092
1982,2011,0.094
1982,2012,0.091
1982,2013,0.087
1982,2014,0.081
1982,2015,0.078
1982,2016,0.083
1982,2017,0.083
1982,2018,0.082
1982,2019,0.084
1982,2020,0.081
1982,2021,0.086
1983,2005,0.085
1983,2006,0.083
1983,2007,0.087
1983,2008,0.088
1983,2009,0.086
1983,2010,0.089
1983,2011,0.093
1983,2012,0.09
1983,2013,0.093
1983,2014,0.087
1983,2015,0.088
1983,2016,0.086
1983,2017,0.088
1983,2018,0.086
1983,2019,0.09
1983,2020,0.081
1983,2021,0.083
1984,2005,0.075
1984,2006,0.082
1984,2007,0.091
1984,2008,0.084
1984,2009,0.083
1984,2010,0.082
1984,2011,0.09
1984,2012,0.09
1984,2013,0.083
1984,2014,0.082
1984,2015,0.081
1984,2016,0.088
1984,2017,0.087
1984,2018,0.081
1984,2019,0.087
1984,2020,0.081
1984,2021,0.083
2021,2005,0.097
2021,2006,0.093
2021,2007,0.102
2021,2008,0.097
2021,2009,0.099
2021,2010,0.1
2021,2011,0.1
2021,2012,0.103
2021,2013,0.105
2021,2014,0.098
2021,2015,0.093
2021,2016,0.093
2021,2017,0.091
2021,2018,0.09
2021,2019,0.096
2021,2020,0.08
2021,2021,0.085
2023,2005,0.087
2023,2006,0.089
2023,2007,0.092
2023,2008,0.094
2023,2009,0.091
2023,2010,0.092
2023,2011,0.092
2023,2012,0.084
2023,2013,0.092
2023,2014,0.092
2023,2015,0.09
2023,2016,0.091
2023,2017,0.086
2023,2018,0.085
2023,2019,0.089
2023,2020,0.077
2023,2021,0.078
2026,2005,0.087
2026,2006,0.087
2026,2007,0.09
2026,2008,0.094
2026,2009,0.096
2026,2010,0.094
2026,2011,0.094
2026,2012,0.092
2026,2013,0.091
2026,2014,0.086
2026,2015,0.09
2026,2016,0.079
2026,2017,0.08
2026,2018,0.08
2026,2019,0.08
2026,2020,0.079
2026,2021,0.07
2029,2005,0.09
2029,2006,0.086
2029,2007,0.088
2029,2008,0.092
2029,2009,0.094
2029,2010,0.092
2029,2011,0.098
2029,2012,0.093
2029,2013,0.093
2029,2014,0.091
2029,2015,0.088
2029,2016,0.085
2029,2017,0.086
2029,2018,0.088
2029,2019,0.082
2029,2020,0.075
2029,2021,0.073
2031,2005,0.097
2031,2006,0.097
2031,2007,0.096
2031,2008,0.101
2031,2009,0.1
2031,2010,0.107
2031,2011,0.108
2031,2012,0.104
2031,2013,0.109
2031,2014,0.105
2031,2015,0.099
2031,2016,0.096
2031,2017,0.093
2031,2018,0.099
2031,2019,0.096
2031,2020,0.088
2031,2021,0.083
2034,2005,0.097
2034,2006,0.105
2034,2007,0.105
2034,2008,0.108
2034,2009,0.102
2034,2010,0.108
2034,2011,0.114
2034,2012,0.103
2034,2013,0.105
2034,2014,0.105
2034,2015,0.112
2034,2016,0.103
2034,2017,0.095
2034,2018,0.093
2034,2019,0.1
2034,2020,0.087
2034,2021,0.085
2039,2005,0.1
2039,2006,0.1
2039,2007,0.094
2039,2008,0.096
2039,2009,0.102
2039,2010,0.11
2039,2011,0.111
2039,2012,0.099
2039,2013,0.097
2039,2014,0.096
2039,2015,0.097
2039,2016,0.087
2039,2017,0.092
2039,2018,0.087
2039,2019,0.089
2039,2020,0.081
2039,2021,0.078
2061,2005,0.076
2061,2006,0.078
2061,2007,0.079
2061,2008,0.082
2061,2009,0.09
2061,2010,0.088
2061,2011,0.09
2061,2012,0.088
2061,2013,0.094
2061,2014,0.084
2061,2015,0.083
2061,2016,0.082
2061,2017,0.08
2061,2018,0.081
2061,2019,0.082
2061,2020,0.075
2061,2021,0.076
2062,2005,0.098
2062,2006,0.096
2062,2007,0.105
2062,2008,0.102
2062,2009,0.1
2062,2010,0.106
2062,2011,0.106
2062,2012,0.099
2062,2013,0.101
2062,2014,0.102
2062,2015,0.101
2062,2016,0.101
2062,2017,0.097
2062,2018,0.097
2062,2019,0.094
2062,2020,0.083
2062,2021,0.083
2080,2005,0.086
2080,2006,0.084
2080,2007,0.086
2080,2008,0.09
2080,2009,0.091
2080,2010,0.093
2080,2011,0.091
2080,2012,0.088
2080,2013,0.088
2080,2014,0.085
2080,2015,0.084
2080,2016,0.075
2080,2017,0.075
2080,2018,0.077
2080,2019,0.076
2080,2020,0.074
2080,2021,0.069
2081,2005,0.088
2081,2006,0.088
2081,2007,0.091
2081,2008,0.093
2081,2009,0.094
2081,2010,0.096
2081,2011,0.095
2081,2012,0.091
2081,2013,0.091
2081,2014,0.089
2081,2015,0.084
2081,2016,0.08
2081,2017,0.078
2081,2018,0.079
2081,2019,0.081
2081,2020,0.072
2081,2021,0.076
2082,2005,0.076
2082,2006,0.083
2082,2007,0.086
2082,2008,0.091
2082,2009,0.092
2082,2010,0.095
2082,2011,0.093
2082,2012,0.09
2082,2013,0.094
2082,2014,0.09
2082,2015,0.087
2082,2016,0.081
2082,2017,0.085
2082,2018,0.086
2082,2019,0.081
2082,2020,0.08
2082,2021,0.074
2083,2005,0.088
2083,2006,0.089
2083,2007,0.084
2083,2008,0.093
2083,2009,0.093
2083,2010,0.097
2083,2011,0.097
2083,2012,0.097
2083,2013,0.096
2083,2014,0.09
2083,2015,0.092
2083,2016,0.087
2083,2017,0.083
2083,2018,0.092
2083,2019,0.086
2083,2020,0.08
2083,2021,0.083
2084,2005,0.089
2084,2006,0.091
2084,2007,0.09
2084,2008,0.094
2084,2009,0.094
2084,2010,0.099
2084,2011,0.099
2084,2012,0.093
2084,2013,0.098
2084,2014,0.091
2084,2015,0.089
2084,2016,0.091
2084,2017,0.089
2084,2018,0.089
2084,2019,0.092
2084,2020,0.08
2084,2021,0.085
2085,2005,0.082
2085,2006,0.079
2085,2007,0.08
2085,2008,0.084
2085,2009,0.086
2085,2010,0.088
2085,2011,0.088
2085,2012,0.092
2085,2013,0.095
2085,2014,0.088
2085,2015,0.085
2085,2016,0.08
2085,2017,0.081
2085,2018,0.082
2085,2019,0.085
2085,2020,0.076
2085,2021,0.075
2101,2005,0.074
2101,2006,0.08
2101,2007,0.077
2101,2008,0.073
2101,2009,0.084
2101,2010,0.078
2101,2011,0.086
2101,2012,0.088
2101,2013,0.087
2101,2014,0.086
2101,2015,0.083
2101,2016,0.076
2101,2017,0.073
2101,2018,0.085
2101,2019,0.078
2101,2020,0.07
2101,2021,0.077
2104,2005,0.075
2104,2006,0.075
2104,2007,0.077
2104,2008,0.083
2104,2009,0.085
2104,2010,0.083
2104,2011,0.1
2104,2012,0.088
2104,2013,0.088
2104,2014,0.088
2104,2015,0.094
2104,2016,0.09
2104,2017,0.081
2104,2018,0.079
2104,2019,0.084
2104,2020,0.076
2104,2021,0.079
2121,2005,0.063
2121,2006,0.067
2121,2007,0.076
2121,2008,0.073
2121,2009,0.072
2121,2010,0.074
2121,2011,0.072
2121,2012,0.083
2121,2013,0.078
2121,2014,0.076
2121,2015,0.078
2121,2016,0.079
2121,2017,0.076
2121,2018,0.083
2121,2019,0.074
2121,2020,0.072
2121,2021,0.072
2132,2005,0.082
2132,2006,0.081
2132,2007,0.093
2132,2008,0.096
2132,2009,0.097
2132,2010,0.104
2132,2011,0.101
2132,2012,0.107
2132,2013,0.103
2132,2014,0.105
2132,2015,0.098
2132,2016,0.094
2132,2017,0.089
2132,2018,0.094
2132,2019,0.09
2132,2020,0.077
2132,2021,0.079
2161,2005,0.077
2161,2006,0.079
2161,2007,0.088
2161,2008,0.085
2161,2009,0.09
2161,2010,0.088
2161,2011,0.089
2161,2012,0.091
2161,2013,0.093
2161,2014,0.09
2161,2015,0.089
2161,2016,0.08
2161,2017,0.081
2161,2018,0.08
2161,2019,0.08
2161,2020,0.071
2161,2021,0.073
2180,2005,0.074
2180,2006,0.076
2180,2007,0.078
2180,2008,0.077
2180,2009,0.083
2180,2010,0.083
2180,2011,0.085
2180,2012,0.084
2180,2013,0.082
2180,2014,0.083
2180,2015,0.082
2180,2016,0.078
2180,2017,0.075
2180,2018,0.075
2180,2019,0.074
2180,2020,0.068
2180,2021,0.07
2181,2005,0.072
2181,2006,0.073
2181,2007,0.077
2181,2008,0.077
2181,2009,0.082
2181,2010,0.084
2181,2011,0.084
2181,2012,0.084
2181,2013,0.084
2181,2014,0.083
2181,2015,0.08
2181,2016,0.08
2181,2017,0.076
2181,2018,0.075
2181,2019,0.075
2181,2020,0.069
2181,2021,0.072
2182,2005,0.073
2182,2006,0.077
2182,2007,0.079
2182,2008,0.083
2182,2009,0.088
2182,2010,0.088
2182,2011,0.089
2182,2012,0.087
2182,2013,0.085
2182,2014,0.086
2182,2015,0.089
2182,2016,0.083
2182,2017,0.078
2182,2018,0.084
2182,2019,0.079
2182,2020,0.071
2182,2021,0.074
2183,2005,0.07
2183,2006,0.074
2183,2007,0.073
2183,2008,0.076
2183,2009,0.08
2183,2010,0.081
2183,2011,0.077
2183,2012,0.081
2183,2013,0.075
2183,2014,0.077
2183,2015,0.081
2183,2016,0.081
2183,2017,0.077
2183,2018,0.08
2183,2019,0.075
2183,2020,0.07
2183,2021,0.075
2184,2005,0.084
2184,2006,0.086
2184,2007,0.091
2184,2008,0.09
2184,2009,0.096
2184,2010,0.1
2184,2011,0.097
2184,2012,0.101
2184,2013,0.097
2184,2014,0.095
2184,2015,0.089
2184,2016,0.085
2184,2017,0.083
2184,2018,0.084
2184,2019,0.083
2184,2020,0.072
2184,2021,0.075
2260,2005,0.093
2260,2006,0.087
2260,2007,0.086
2260,2008,0.085
2260,2009,0.085
2260,2010,0.093
2260,2011,0.095
2260,2012,0.097
2260,2013,0.09
2260,2014,0.085
2260,2015,0.085
2260,2016,0.084
2260,2017,0.084
2260,2018,0.087
2260,2019,0.089
2260,2020,0.08
2260,2021,0.079
2262,2005,0.082
2262,2006,0.082
2262,2007,0.084
2262,2008,0.084
2262,2009,0.08
2262,2010,0.088
2262,2011,0.089
2262,2012,0.088
2262,2013,0.094
2262,2014,0.089
2262,2015,0.085
2262,2016,0.086
2262,2017,0.09
2262,2018,0.084
2262,2019,0.088
2262,2020,0.084
2262,2021,0.085
2280,2005,0.081
2280,2006,0.074
2280,2007,0.076
2280,2008,0.078
2280,2009,0.076
2280,2010,0.08
2280,2011,0.079
2280,2012,0.088
2280,2013,0.083
2280,2014,0.08
2280,2015,0.078
2280,2016,0.075
2280,2017,0.082
2280,2018,0.081
2280,2019,0.08
2280,2020,0.077
2280,2021,0.08
2281,2005,0.084
2281,2006,0.082
2281,2007,0.082
2281,2008,0.08
2281,2009,0.081
2281,2010,0.085
2281,2011,0.086
2281,2012,0.09
2281,2013,0.088
2281,2014,0.086
2281,2015,0.083
2281,2016,0.079
2281,2017,0.083
2281,2018,0.083
2281,2019,0.084
2281,2020,0.076
2281,2021,0.077
2282,2005,0.086
2282,2006,0.089
2282,2007,0.092
2282,2008,0.092
2282,2009,0.087
2282,2010,0.085
2282,2011,0.091
2282,2012,0.099
2282,2013,0.093
2282,2014,0.089
2282,2015,0.09
2282,2016,0.09
2282,2017,0.089
2282,2018,0.087
2282,2019,0.088
2282,2020,0.079
2282,2021,0.076
2283,2005,0.092
2283,2006,0.096
2283,2007,0.098
2283,2008,0.102
2283,2009,0.091
2283,2010,0.094
2283,2011,0.095
2283,2012,0.1
2283,2013,0.094
2283,2014,0.093
2283,2015,0.094
2283,2016,0.094
2283,2017,0.089
2283,2018,0.088
2283,2019,0.082
2283,2020,0.073
2283,2021,0.072
2284,2005,0.077
2284,2006,0.088
2284,2007,0.087
2284,2008,0.086
2284,2009,0.086
2284,2010,0.087
2284,2011,0.089
2284,2012,0.092
2284,2013,0.088
2284,2014,0.084
2284,2015,0.083
2284,2016,0.08
2284,2017,0.082
2284,2018,0.081
2284,2019,0.079
2284,2020,0.074
2284,2021,0.076
2303,2005,0.098
2303,2006,0.093
2303,2007,0.097
2303,2008,0.102
2303,2009,0.107
2303,2010,0.106
2303,2011,0.107
2303,2012,0.113
2303,2013,0.109
2303,2014,0.104
2303,2015,0.104
2303,2016,0.096
2303,2017,0.099
2303,2018,0.099
2303,2019,0.107
2303,2020,0.091
2303,2021,0.081
2305,2005,0.09
2305,2006,0.08
2305,2007,0.085
2305,2008,0.088
2305,2009,0.086
2305,2010,0.09
2305,2011,0.094
2305,2012,0.094
2305,2013,0.095
2305,2014,0.091
2305,2015,0.089
2305,2016,0.086
2305,2017,0.093
2305,2018,0.092
2305,2019,0.094
2305,2020,0.073
2305,2021,0.081
2309,2005,0.085
2309,2006,0.08
2309,2007,0.08
2309,2008,0.084
2309,2009,0.081
2309,2010,0.084
2309,2011,0.079
2309,2012,0.086
2309,2013,0.084
2309,2014,0.082
2309,2015,0.084
2309,2016,0.082
2309,2017,0.077
2309,2018,0.083
2309,2019,0.085
2309,2020,0.073
2309,2021,0.072
2313,2005,0.091
2313,2006,0.092
2313,2007,0.089
2313,2008,0.09
2313,2009,0.097
2313,2010,0.093
2313,2011,0.096
2313,2012,0.096
2313,2013,0.098
2313,2014,0.089
2313,2015,0.092
2313,2016,0.087
2313,2017,0.096
2313,2018,0.098
2313,2019,0.098
2313,2020,0.087
2313,2021,0.087
2321,2005,0.085
2321,2006,0.078
2321,2007,0.077
2321,2008,0.075
2321,2009,0.08
2321,2010,0.076
2321,2011,0.072
2321,2012,0.08
2321,2013,0.079
2321,2014,0.077
2321,2015,0.075
2321,2016,0.074
2321,2017,0.074
2321,2018,0.074
2321,2019,0.074
2321,2020,0.068
2321,2021,0.068
2326,2005,0.092
2326,2006,0.081
2326,2007,0.091
2326,2008,0.091
2326,2009,0.092
2326,2010,0.089
2326,2011,0.091
2326,2012,0.095
2326,2013,0.096
2326,2014,0.092
2326,2015,0.093
2326,2016,0.09
2326,2017,0.092
2326,2018,0.09
2326,2019,0.089
2326,2020,0.085
2326,2021,0.08
2361,2005,0.084
2361,2006,0.081
2361,2007,0.079
2361,2008,0.076
2361,2009,0.088
2361,2010,0.088
2361,2011,0.09
2361,2012,0.09
2361,2013,0.087
2361,2014,0.082
2361,2015,0.082
2361,2016,0.085
2361,2017,0.084
2361,2018,0.083
2361,2019,0.083
2361,2020,0.072
2361,2021,0.075
2380,2005,0.085
2380,2006,0.081
2380,2007,0.083
2380,2008,0.085
2380,2009,0.083
2380,2010,0.085
2380,2011,0.087
2380,2012,0.086
2380,2013,0.089
2380,2014,0.087
2380,2015,0.085
2380,2016,0.085
2380,2017,0.084
2380,2018,0.085
2380,2019,0.086
2380,2020,0.076
2380,2021,0.075
2401,2005,0.098
2401,2006,0.095
2401,2007,0.092
2401,2008,0.098
2401,2009,0.113
2401,2010,0.105
2401,2011,0.103
2401,2012,0.114
2401,2013,0.109
2401,2014,0.1
2401,2015,0.105
2401,2016,0.104
2401,2017,0.096
2401,2018,0.094
2401,2019,0.098
2401,2020,0.09
2401,2021,0.096
2403,2005,0.101
2403,2006,0.101
2403,2007,0.101
2403,2008,0.098
2403,2009,0.108
2403,2010,0.114
2403,2011,0.115
2403,2012,0.107
2403,2013,0.113
2403,2014,0.106
2403,2015,0.111
2403,2016,0.107
2403,2017,0.098
2403,2018,0.085
2403,2019,0.087
2403,2020,0.081
2403,2021,0.074
2404,2005,0.095
2404,2006,0.101
2404,2007,0.112
2404,2008,0.106
2404,2009,0.109
2404,2010,0.109
2404,2011,0.109
2404,2012,0.109
2404,2013,0.113
2404,2014,0.106
2404,2015,0.103
2404,2016,0.093
2404,2017,0.086
2404,2018,0.093
2404,2019,0.096
2404,2020,0.096
2404,2021,0.093
2409,2005,0.095
2409,2006,0.092
2409,2007,0.091
2409,2008,0.096
2409,2009,0.102
2409,2010,0.102
2409,2011,0.108
2409,2012,0.103
2409,2013,0.104
2409,2014,0.101
2409,2015,0.101
2409,2016,0.095
2409,2017,0.094
2409,2018,0.088
2409,2019,0.089
2409,2020,0.08
2409,2021,0.081
2417,2005,0.091
2417,2006,0.092
2417,2007,0.098
2417,2008,0.1
2417,2009,0.11
2417,2010,0.092
2417,2011,0.097
2417,2012,0.1
2417,2013,0.108
2417,2014,0.093
2417,2015,0.089
2417,2016,0.094
2417,2017,0.082
2417,2018,0.082
2417,2019,0.091
2417,2020,0.092
2417,2021,0.093
2418,2005,0.099
2418,2006,0.106
2418,2007,0.106
2418,2008,0.103
2418,2009,0.103
2418,2010,0.106
2418,2011,0.11
2418,2012,0.104
2418,2013,0.102
2418,2014,0.105
2418,2015,0.095
2418,2016,0.102
2418,2017,0.105
2418,2018,0.097
2418,2019,0.092
2418,2020,0.096
2418,2021,0.092
2421,2005,0.091
2421,2006,0.091
2421,2007,0.108
2421,2008,0.098
2421,2009,0.101
2421,2010,0.109
2421,2011,0.113
2421,2012,0.103
2421,2013,0.097
2421,2014,0.105
2421,2015,0.1
2421,2016,0.099
2421,2017,0.102
2421,2018,0.099
2421,2019,0.105
2421,2020,0.084
2421,2021,0.091
2422,2005,0.118
2422,2006,0.106
2422,2007,0.1
2422,2008,0.114
2422,2009,0.107
2422,2010,0.116
2422,2011,0.111
2422,2012,0.114
2422,2013,0.113
2422,2014,0.104
2422,2015,0.098
2422,2016,0.101
2422,2017,0.112
2422,2018,0.111
2422,2019,0.097
2422,2020,0.093
2422,2021,0.091
2425,2005,0.103
2425,2006,0.106
2425,2007,0.1
2425,2008,0.105
2425,2009,0.101
2425,2010,0.101
2425,2011,0.113
2425,2012,0.094
2425,2013,0.093
2425,2014,0.097
2425,2015,0.086
2425,2016,0.1
2425,2017,0.103
2425,2018,0.099
2425,2019,0.098
2425,2020,0.088
2425,2021,0.086
2460,2005,0.08
2460,2006,0.101
2460,2007,0.092
2460,2008,0.091
2460,2009,0.092
2460,2010,0.094
2460,2011,0.1
2460,2012,0.097
2460,2013,0.098
2460,2014,0.103
2460,2015,0.091
2460,2016,0.088
2460,2017,0.089
2460,2018,0.085
2460,2019,0.087
2460,2020,0.083
2460,2021,0.084
2462,2005,0.095
2462,2006,0.088
2462,2007,0.087
2462,2008,0.091
2462,2009,0.093
2462,2010,0.093
2462,2011,0.094
2462,2012,0.096
2462,2013,0.093
2462,2014,0.091
2462,2015,0.087
2462,2016,0.087
2462,2017,0.084
2462,2018,0.092
2462,2019,0.089
2462,2020,0.086
2462,2021,0.083
2463,2005,0.094
2463,2006,0.09
2463,2007,0.095
2463,2008,0.096
2463,2009,0.098
2463,2010,0.106
2463,2011,0.105
2463,2012,0.088
2463,2013,0.099
2463,2014,0.097
2463,2015,0.09
2463,2016,0.096
2463,2017,0.095
2463,2018,0.093
2463,2019,0.087
2463,2020,0.073
2463,2021,0.088
2480,2005,0.079
2480,2006,0.08
2480,2007,0.079
2480,2008,0.081
2480,2009,0.087
2480,2010,0.087
2480,2011,0.087
2480,2012,0.087
2480,2013,0.086
2480,2014,0.083
2480,2015,0.081
2480,2016,0.078
2480,2017,0.075
2480,2018,0.074
2480,2019,0.074
2480,2020,0.071
2480,2021,0.07
2481,2005,0.098
2481,2006,0.105
2481,2007,0.1
2481,2008,0.101
2481,2009,0.11
2481,2010,0.106
2481,2011,0.108
2481,2012,0.106
2481,2013,0.107
2481,2014,0.104
2481,2015,0.099
2481,2016,0.099
2481,2017,0.094
2481,2018,0.091
2481,2019,0.093
2481,2020,0.093
2481,2021,0.081
2482,2005,0.083
2482,2006,0.082
2482,2007,0.083
2482,2008,0.085
2482,2009,0.087
2482,2010,0.09
2482,2011,0.091
2482,2012,0.09
2482,2013,0.093
2482,2014,0.092
2482,2015,0.095
2482,2016,0.091
2482,2017,0.089
2482,2018,0.089
2482,2019,0.088
2482,2020,0.081
2482,2021,0.079
2505,2005,0.086
2505,2006,0.097
2505,2007,0.093
2505,2008,0.096
2505,2009,0.089
2505,2010,0.094
2505,2011,0.097
2505,2012,0.095
2505,2013,0.086
2505,2014,0.092
2505,2015,0.089
2505,2016,0.082
2505,2017,0.079
2505,2018,0.085
2505,2019,0.081
2505,2020,0.076
2505,2021,0.079
2506,2005,0.096
2506,2006,0.104
2506,2007,0.105
2506,2008,0.098
2506,2009,0.093
2506,2010,0.105
2506,2011,0.11
2506,2012,0.108
2506,2013,0.099
2506,2014,0.094
2506,2015,0.09
2506,2016,0.093
2506,2017,0.086
2506,2018,0.087
2506,2019,0.079
2506,2020,0.074
2506,2021,0.079
2510,2005,0.076
2510,2006,0.087
2510,2007,0.081
2510,2008,0.076
2510,2009,0.08
2510,2010,0.086
2510,2011,0.086
2510,2012,0.086
2510,2013,0.091
2510,2014,0.086
2510,2015,0.085
2510,2016,0.085
2510,2017,0.085
2510,2018,0.093
2510,2019,0.089
2510,2020,0.072
2510,2021,0.08
2513,2005,0.102
2513,2006,0.106
2513,2007,0.105
2513,2008,0.101
2513,2009,0.099
2513,2010,0.106
2513,2011,0.105
2513,2012,0.102
2513,2013,0.098
2513,2014,0.104
2513,2015,0.1
2513,2016,0.108
2513,2017,0.093
2513,2018,0.106
2513,2019,0.1
2513,2020,0.09
2513,2021,0.095
2514,2005,0.095
2514,2006,0.095
2514,2007,0.093
2514,2008,0.093
2514,2009,0.089
2514,2010,0.098
2514,2011,0.093
2514,2012,0.097
2514,2013,0.094
2514,2014,0.092
2514,2015,0.094
2514,2016,0.084
2514,2017,0.084
2514,2018,0.084
2514,2019,0.077
2514,2020,0.072
2514,2021,0.073
2518,2005,0.104
2518,2006,0.11
2518,2007,0.103
2518,2008,0.102
2518,2009,0.095
2518,2010,0.103
2518,2011,0.102
2518,2012,0.1
2518,2013,0.1
2518,2014,0.103
2518,2015,0.092
2518,2016,0.099
2518,2017,0.094
2518,2018,0.094
2518,2019,0.091
2518,2020,0.084
2518,2021,0.08
2521,2005,0.09
2521,2006,0.095
2521,2007,0.093
2521,2008,0.091
2521,2009,0.096
2521,2010,0.102
2521,2011,0.107
2521,2012,0.102
2521,2013,0.109
2521,2014,0.107
2521,2015,0.103
2521,2016,0.098
2521,2017,0.096
2521,2018,0.093
2521,2019,0.101
2521,2020,0.091
2521,2021,0.091
2523,2005,0.084
2523,2006,0.089
2523,2007,0.087
2523,2008,0.084
2523,2009,0.09
2523,2010,0.088
2523,2011,0.094
2523,2012,0.092
2523,2013,0.095
2523,2014,0.095
2523,2015,0.093
2523,2016,0.089
2523,2017,0.085
2523,2018,0.083
2523,2019,0.082
2523,2020,0.077
2523,2021,0.08
2560,2005,0.09
2560,2006,0.086
2560,2007,0.09
2560,2008,0.088
2560,2009,0.09
2560,2010,0.097
2560,2011,0.099
2560,2012,0.101
2560,2013,0.091
2560,2014,0.086
2560,2015,0.087
2560,2016,0.085
2560,2017,0.078
2560,2018,0.082
2560,2019,0.086
2560,2020,0.068
2560,2021,0.081
2580,2005,0.077
2580,2006,0.081
2580,2007,0.082
2580,2008,0.081
2580,2009,0.086
2580,2010,0.084
2580,2011,0.084
2580,2012,0.087
2580,2013,0.084
2580,2014,0.08
2580,2015,0.079
2580,2016,0.079
2580,2017,0.072
2580,2018,0.071
2580,2019,0.072
2580,2020,0.066
2580,2021,0.067
2581,2005,0.081
2581,2006,0.081
2581,2007,0.081
2581,2008,0.083
2581,2009,0.081
2581,2010,0.086
2581,2011,0.09
2581,2012,0.088
2581,2013,0.086
2581,2014,0.082
2581,2015,0.08
2581,2016,0.076
2581,2017,0.074
2581,2018,0.072
2581,2019,0.074
2581,2020,0.069
2581,2021,0.07
2582,2005,0.087
2582,2006,0.088
2582,2007,0.088
2582,2008,0.086
2582,2009,0.089
2582,2010,0.094
2582,2011,0.092
2582,2012,0.095
2582,2013,0.092
2582,2014,0.084
2582,2015,0.088
2582,2016,0.087
2582,2017,0.081
2582,2018,0.081
2582,2019,0.076
2582,2020,0.073
2582,2021,0.075
2583,2005,0.093
2583,2006,0.097
2583,2007,0.1
2583,2008,0.093
2583,2009,0.09
2583,2010,0.091
2583,2011,0.087
2583,2012,0.089
2583,2013,0.087
2583,2014,0.092
2583,2015,0.088
2583,2016,0.083
2583,2017,0.077
2583,2018,0.074
2583,2019,0.079
2583,2020,0.07
2583,2021,0.07
2584,2005,0.08
2584,2006,0.081
2584,2007,0.077
2584,2008,0.073
2584,2009,0.077
2584,2010,0.081
2584,2011,0.082
2584,2012,0.083
2584,2013,0.083
2584,2014,0.082
2584,2015,0.08
2584,2016,0.074
2584,2017,0.068
2584,2018,0.073
2584,2019,0.078
2584,2020,0.07
2584,2021,0.074
