kommun,year,mean_eftergym_25_64
0114,2005,0.313
0114,2006,0.317
0114,2007,0.322
0114,2008,0.326
0114,2009,0.33
0114,2010,0.338
0114,2011,0.348
0114,2012,0.356
0114,2013,0.362
0114,2014,0.369
0114,2015,0.376
0114,2016,0.387
0114,2017,0.393
0114,2018,0.403
0114,2019,0.414
0114,2020,0.424
0114,2021,0.43
0115,2005,0.359
0115,2006,0.368
0115,2007,0.378
0115,2008,0.383
0115,2009,0.39
0115,2010,0.399
0115,2011,0.411
0115,2012,0.416
0115,2013,0.422
0115,2014,0.428
0115,2015,0.435
0115,2016,0.443
0115,2017,0.455
0115,2018,0.462
0115,2019,0.469
0115,2020,0.477
0115,2021,0.488
0117,2005,0.358
0117,2006,0.365
0117,2007,0.37
0117,2008,0.375
0117,2009,0.38
0117,2010,0.387
0117,2011,0.397
0117,2012,0.404
0117,2013,0.41
0117,2014,0.415
0117,2015,0.421
0117,2016,0.429
0117,2017,0.439
0117,2018,0.445
0117,2019,0.452
0117,2020,0.46
0117,2021,0.475
0120,2005,0.346
0120,2006,0.353
0120,2007,0.362
0120,2008,0.369
0120,2009,0.374
0120,2010,0.379
0120,2011,0.391
0120,2012,0.398
0120,2013,0.403
0120,2014,0.411
0120,2015,0.417
0120,2016,0.424
0120,2017,0.434
0120,2018,0.441
0120,2019,0.447
0120,2020,0.458
0120,2021,0.472
0123,2005,0.377
0123,2006,0.384
0123,2007,0.392
0123,2008,0.399
0123,2009,0.404
0123,2010,0.411
0123,2011,0.417
0123,2012,0.422
0123,2013,0.428
0123,2014,0.436
0123,2015,0.441
0123,2016,0.45
0123,2017,0.457
0123,2018,0.466
0123,2019,0.472
0123,2020,0.477
0123,2021,0.484
0125,2005,0.412
0125,2006,0.422
0125,2007,0.429
0125,2008,0.437
0125,2009,0.447
0125,2010,0.456
0125,2011,0.46
0125,2012,0.467
0125,2013,0.472
0125,2014,0.48
0125,2015,0.488
0125,2016,0.49
0125,2017,0.499
0125,2018,0.507
0125,2019,0.514
0125,2020,0.52
0125,2021,0.533
0126,2005,0.352
0126,2006,0.36
0126,2007,0.37
0126,2008,0.381
0126,2009,0.389
0126,2010,0.401
0126,2011,0.412
0126,2012,0.423
0126,2013,0.431
0126,2014,0.438
0126,2015,0.445
0126,2016,0.453
0126,2017,0.463
0126,2018,0.472
0126,2019,0.481
0126,2020,0.491
0126,2021,0.5
0127,2005,0.28
0127,2006,0.285
0127,2007,0.292
0127,2008,0.298
0127,2009,0.303
0127,2010,0.311
0127,2011,0.32
0127,2012,0.326
0127,2013,0.332
0127,2014,0.339
0127,2015,0.344
0127,2016,0.35
0127,2017,0.356
0127,2018,0.364
0127,2019,0.37
0127,2020,0.375
0127,2021,0.383
0128,2005,0.358
0128,2006,0.368
0128,2007,0.374
0128,2008,0.381
0128,2009,0.383
0128,2010,0.393
0128,2011,0.398
0128,2012,0.403
0128,2013,0.413
0128,2014,0.421
0128,2015,0.424
0128,2016,0.433
0128,2017,0.438
0128,2018,0.443
0128,2019,0.444
0128,2020,0.451
0128,2021,0.468
0136,2005,0.26
0136,2006,0.264
0136,2007,0.269
0136,2008,0.274
0136,2009,0.278
0136,2010,0.284
0136,2011,0.292
0136,2012,0.297
0136,2013,0.304
0136,2014,0.313
0136,2015,0.315
0136,2016,0.321
0136,2017,0.327
0136,2018,0.334
0136,2019,0.342
0136,2020,0.348
0136,2021,0.36
0138,2005,0.339
0138,2006,0.349
0138,2007,0.358
0138,2008,0.364
0138,2009,0.37
0138,2010,0.378
0138,2011,0.387
0138,2012,0.395
0138,2013,0.405
0138,2014,0.413
0138,2015,0.42
0138,2016,0.428
0138,2017,0.433
0138,2018,0.438
0138,2019,0.442
0138,2020,0.453
0138,2021,0.462
0139,2005,0.287
0139,2006,0.296
0139,2007,0.306
0139,2008,0.315
0139,2009,0.324
0139,2010,0.335
0139,2011,0.342
0139,2012,0.348
0139,2013,0.356
0139,2014,0.361
0139,2015,0.368
0139,2016,0.376
0139,2017,0.381
0139,2018,0.39
0139,2019,0.391
0139,2020,0.399
0139,2021,0.408
0140,2005,0.27
0140,2006,0.279
0140,2007,0.283
0140,2008,0.296
0140,2009,0.308
0140,2010,0.318
0140,2011,0.322
0140,2012,0.329
0140,2013,0.332
0140,2014,0.334
0140,2015,0.346
0140,2016,0.353
0140,2017,0.36
0140,2018,0.366
0140,2019,0.374
0140,2020,0.381
0140,2021,0.389
0160,2005,0.542
0160,2006,0.55
0160,2007,0.559
0160,2008,0.566
0160,2009,0.574
0160,2010,0.581
0160,2011,0.592
0160,2012,0.599
0160,2013,0.607
0160,2014,0.612
0160,2015,0.621
0160,2016,0.626
0160,2017,0.632
0160,2018,0.638
0160,2019,0.646
0160,2020,0.652
0160,2021,0.66
0162,2005,0.69
0162,2006,0.696
0162,2007,0.704
0162,2008,0.713
0162,2009,0.719
0162,2010,0.725
0162,2011,0.734
0162,2012,0.74
0162,2013,0.744
0162,2014,0.747
0162,2015,0.75
0162,2016,0.754
0162,2017,0.757
0162,2018,0.759
0162,2019,0.767
0162,2020,0.768
0162,2021,0.776
0163,2005,0.494
0163,2006,0.505
0163,2007,0.514
0163,2008,0.522
0163,2009,0.529
0163,2010,0.537
0163,2011,0.543
0163,2012,0.55
0163,2013,0.559
0163,2014,0.567
0163,2015,0.575
0163,2016,0.582
0163,2017,0.588
0163,2018,0.594
0163,2019,0.6
0163,2020,0.609
0163,2021,0.62
0180,2005,0.514
0180,2006,0.523
0180,2007,0.531
0180,2008,0.54
0180,2009,0.548
0180,2010,0.557
0180,2011,0.565
0180,2012,0.573
0180,2013,0.58
0180,2014,0.586
0180,2015,0.593
0180,2016,0.599
0180,2017,0.605
0180,2018,0.613
0180,2019,0.621
0180,2020,0.628
0180,2021,0.635
0181,2005,0.299
0181,2006,0.302
0181,2007,0.309
0181,2008,0.314
0181,2009,0.32
0181,2010,0.323
0181,2011,0.327
0181,2012,0.33
0181,2013,0.336
0181,2014,0.339
0181,2015,0.344
0181,2016,0.35
0181,2017,0.351
0181,2018,0.358
0181,2019,0.365
0181,2020,0.372
0181,2021,0.379
0182,2005,0.493
0182,2006,0.505
0182,2007,0.514
0182,2008,0.522
0182,2009,0.53
0182,2010,0.539
0182,2011,0.548
0182,2012,0.553
0182,2013,0.56
0182,2014,0.567
0182,2015,0.574
0182,2016,0.581
0182,2017,0.588
0182,2018,0.597
0182,2019,0.604
0182,2020,0.612
0182,2021,0.623
0183,2005,0.402
0183,2006,0.41
0183,2007,0.419
0183,2008,0.431
0183,2009,0.441
0183,2010,0.45
0183,2011,0.46
0183,2012,0.473
0183,2013,0.48
0183,2014,0.49
0183,2015,0.498
0183,2016,0.509
0183,2017,0.523
0183,2018,0.537
0183,2019,0.55
0183,2020,0.56
0183,2021,0.572
0184,2005,0.509
0184,2006,0.52
0184,2007,0.533
0184,2008,0.548
0184,2009,0.561
0184,2010,0.571
0184,2011,0.582
0184,2012,0.594
0184,2013,0.604
0184,2014,0.611
0184,2015,0.62
0184,2016,0.63
0184,2017,0.641
0184,2018,0.653
0184,2019,0.664
0184,2020,0.673
0184,2021,0.686
0186,2005,0.587
0186,2006,0.594
0186,2007,0.602
0186,2008,0.607
0186,2009,0.612
0186,2010,0.617
0186,2011,0.625
0186,2012,0.63
0186,2013,0.637
0186,2014,0.645
0186,2015,0.649
0186,2016,0.653
0186,2017,0.66
0186,2018,0.665
0186,2019,0.673
0186,2020,0.679
0186,2021,0.684
0187,2005,0.465
0187,2006,0.479
0187,2007,0.485
0187,2008,0.489
0187,2009,0.504
0187,2010,0.513
0187,2011,0.523
0187,2012,0.526
0187,2013,0.53
0187,2014,0.536
0187,2015,0.541
0187,2016,0.548
0187,2017,0.549
0187,2018,0.558
0187,2019,0.562
0187,2020,0.567
0187,2021,0.58
0188,2005,0.242
0188,2006,0.247
0188,2007,0.252
0188,2008,0.256
0188,2009,0.26
0188,2010,0.265
0188,2011,0.27
0188,2012,0.273
0188,2013,0.277
0188,2014,0.279
0188,2015,0.285
0188,2016,0.289
0188,2017,0.294
0188,2018,0.303
0188,2019,0.306
0188,2020,0.313
0188,2021,0.323
0191,2005,0.288
0191,2006,0.294
0191,2007,0.301
0191,2008,0.309
0191,2009,0.314
0191,2010,0.324
0191,2011,0.335
0191,2012,0.341
0191,2013,0.347
0191,2014,0.352
0191,2015,0.354
0191,2016,0.359
0191,2017,0.364
0191,2018,0.373
0191,2019,0.378
0191,2020,0.384
0191,2021,0.39
0192,2005,0.26
0192,2006,0.264
0192,2007,0.267
0192,2008,0.273
0192,2009,0.277
0192,2010,0.28
0192,2011,0.285
0192,2012,0.291
0192,2013,0.294
0192,2014,0.298
0192,2015,0.299
0192,2016,0.299
0192,2017,0.303
0192,2018,0.306
0192,2019,0.313
0192,2020,0.319
0192,2021,0.329
0305,2005,0.263
0305,2006,0.267
0305,2007,0.272
0305,2008,0.278
0305,2009,0.283
0305,2010,0.287
0305,2011,0.294
0305,2012,0.301
0305,2013,0.31
0305,2014,0.312
0305,2015,0.32
0305,2016,0.325
0305,2017,0.33
0305,2018,0.336
0305,2019,0.339
0305,2020,0.344
0305,2021,0.355
0319,2005,0.212
0319,2006,0.216
0319,2007,0.221
0319,2008,0.229
0319,2009,0.235
0319,2010,0.236
0319,2011,0.241
0319,2012,0.246
0319,2013,0.254
0319,2014,0.252
0319,2015,0.26
0319,2016,0.264
0319,2017,0.265
0319,2018,0.273
0319,2019,0.275
0319,2020,0.278
0319,2021,0.285
0330,2005,0.416
0330,2006,0.427
0330,2007,0.432
0330,2008,0.443
0330,2009,0.452
0330,2010,0.462
0330,2011,0.47
0330,2012,0.474
0330,2013,0.484
0330,2014,0.491
0330,2015,0.501
0330,2016,0.508
0330,2017,0.509
0330,2018,0.516
0330,2019,0.523
0330,2020,0.529
0330,2021,0.538
0331,2005,0.176
0331,2006,0.183
0331,2007,0.188
0331,2008,0.191
0331,2009,0.195
0331,2010,0.202
0331,2011,0.206
0331,2012,0.207
0331,2013,0.218
0331,2014,0.223
0331,2015,0.229
0331,2016,0.239
0331,2017,0.243
0331,2018,0.248
0331,2019,0.25
0331,2020,0.259
0331,2021,0.264
0360,2005,0.189
0360,2006,0.192
0360,2007,0.201
0360,2008,0.206
0360,2009,0.21
0360,2010,0.216
0360,2011,0.225
0360,2012,0.231
0360,2013,0.235
0360,2014,0.238
0360,2015,0.243
0360,2016,0.248
0360,2017,0.247
0360,2018,0.253
0360,2019,0.26
0360,2020,0.267
0360,2021,0.272
0380,2005,0.521
0380,2006,0.525
0380,2007,0.531
0380,2008,0.537
0380,2009,0.543
0380,2010,0.552
0380,2011,0.558
0380,2012,0.563
0380,2013,0.568
0380,2014,0.571
0380,2015,0.574
0380,2016,0.577
0380,2017,0.581
0380,2018,0.587
0380,2019,0.591
0380,2020,0.596
0380,2021,0.603
0381,2005,0.269
0381,2006,0.275
0381,2007,0.282
0381,2008,0.287
0381,2009,0.293
0381,2010,0.3
0381,2011,0.306
0381,2012,0.312
0381,2013,0.318
0381,2014,0.325
0381,2015,0.331
0381,2016,0.334
0381,2017,0.339
0381,2018,0.343
0381,2019,0.345
0381,2020,0.35
0381,2021,0.358
0382,2005,0.213
0382,2006,0.216
0382,2007,0.222
0382,2008,0.225
0382,2009,0.226
0382,2010,0.232
0382,2011,0.236
0382,2012,0.24
0382,2013,0.244
0382,2014,0.25
0382,2015,0.25
0382,2016,0.251
0382,2017,0.252
0382,2018,0.255
0382,2019,0.261
0382,2020,0.265
0382,2021,0.27
0428,2005,0.187
0428,2006,0.195
0428,2007,0.197
0428,2008,0.2
0428,2009,0.201
0428,2010,0.204
0428,2011,0.204
0428,2012,0.206
0428,2013,0.213
0428,2014,0.215
0428,2015,0.216
0428,2016,0.221
0428,2017,0.229
0428,2018,0.235
0428,2019,0.235
0428,2020,0.239
0428,2021,0.244
0461,2005,0.248
0461,2006,0.258
0461,2007,0.267
0461,2008,0.278
0461,2009,0.287
0461,2010,0.297
0461,2011,0.306
0461,2012,0.31
0461,2013,0.317
0461,2014,0.327
0461,2015,0.332
0461,2016,0.336
0461,2017,0.347
0461,2018,0.352
0461,2019,0.355
0461,2020,0.359
0461,2021,0.369
0480,2005,0.301
0480,2006,0.309
0480,2007,0.316
0480,2008,0.322
0480,2009,0.328
0480,2010,0.334
0480,2011,0.339
0480,2012,0.343
0480,2013,0.348
0480,2014,0.35
0480,2015,0.352
0480,2016,0.357
0480,2017,0.36
0480,2018,0.366
0480,2019,0.369
0480,2020,0.376
0480,2021,0.382
0481,2005,0.208
0481,2006,0.219
0481,2007,0.223
0481,2008,0.229
0481,2009,0.232
0481,2010,0.239
0481,2011,0.251
0481,2012,0.252
0481,2013,0.26
0481,2014,0.262
0481,2015,0.265
0481,2016,0.265
0481,2017,0.27
0481,2018,0.266
0481,2019,0.269
0481,2020,0.274
0481,2021,0.281
0482,2005,0.22
0482,2006,0.224
0482,2007,0.226
0482,2008,0.229
0482,2009,0.233
0482,2010,0.238
0482,2011,0.24
0482,2012,0.246
0482,2013,0.247
0482,2014,0.253
0482,2015,0.262
0482,2016,0.268
0482,2017,0.272
0482,2018,0.277
0482,2019,0.275
0482,2020,0.278
0482,2021,0.282
0483,2005,0.255
0483,2006,0.257
0483,2007,0.263
0483,2008,0.268
0483,2009,0.274
0483,2010,0.281
0483,2011,0.285
0483,2012,0.288
0483,2013,0.292
0483,2014,0.291
0483,2015,0.293
0483,2016,0.297
0483,2017,0.298
0483,2018,0.304
0483,2019,0.31
0483,2020,0.313
0483,2021,0.318
0484,2005,0.297
0484,2006,0.304
0484,2007,0.311
0484,2008,0.318
0484,2009,0.323
0484,2010,0.33
0484,2011,0.335
0484,2012,0.338
0484,2013,0.342
0484,2014,0.347
0484,2015,0.35
0484,2016,0.354
0484,2017,0.357
0484,2018,0.362
0484,2019,0.367
0484,2020,0.371
0484,2021,0.378
0486,2005,0.325
0486,2006,0.331
0486,2007,0.336
0486,2008,0.342
0486,2009,0.349
0486,2010,0.353
0486,2011,0.357
0486,2012,0.362
0486,2013,0.363
0486,2014,0.366
0486,2015,0.367
0486,2016,0.373
0486,2017,0.377
0486,2018,0.384
0486,2019,0.39
0486,2020,0.397
0486,2021,0.406
0488,2005,0.272
0488,2006,0.28
0488,2007,0.287
0488,2008,0.295
0488,2009,0.302
0488,2010,0.304
0488,2011,0.311
0488,2012,0.319
0488,2013,0.325
0488,2014,0.327
0488,2015,0.328
0488,2016,0.336
0488,2017,0.339
0488,2018,0.349
0488,2019,0.361
0488,2020,0.366
0488,2021,0.378
0509,2005,0.182
0509,2006,0.19
0509,2007,0.199
0509,2008,0.205
0509,2009,0.216
0509,2010,0.221
0509,2011,0.229
0509,2012,0.234
0509,2013,0.233
0509,2014,0.24
0509,2015,0.249
0509,2016,0.254
0509,2017,0.256
0509,2018,0.261
0509,2019,0.271
0509,2020,0.276
0509,2021,0.283
0512,2005,0.237
0512,2006,0.244
0512,2007,0.241
0512,2008,0.241
0512,2009,0.248
0512,2010,0.26
0512,2011,0.273
0512,2012,0.284
0512,2013,0.28
0512,2014,0.285
0512,2015,0.294
0512,2016,0.296
0512,2017,0.296
0512,2018,0.292
0512,2019,0.304
0512,2020,0.304
0512,2021,0.318
0513,2005,0.239
0513,2006,0.243
0513,2007,0.254
0513,2008,0.263
0513,2009,0.268
0513,2010,0.276
0513,2011,0.28
0513,2012,0.286
0513,2013,0.292
0513,2014,0.296
0513,2015,0.297
0513,2016,0.302
0513,2017,0.304
0513,2018,0.309
0513,2019,0.311
0513,2020,0.321
0513,2021,0.329
0560,2005,0.17
0560,2006,0.179
0560,2007,0.186
0560,2008,0.193
0560,2009,0.2
0560,2010,0.203
0560,2011,0.211
0560,2012,0.219
0560,2013,0.224
0560,2014,0.234
0560,2015,0.238
0560,2016,0.242
0560,2017,0.258
0560,2018,0.269
0560,2019,0.271
0560,2020,0.278
0560,2021,0.288
0561,2005,0.209
0561,2006,0.211
0561,2007,0.217
0561,2008,0.222
0561,2009,0.226
0561,2010,0.237
0561,2011,0.245
0561,2012,0.254
0561,2013,0.26
0561,2014,0.266
0561,2015,0.27
0561,2016,0.279
0561,2017,0.285
0561,2018,0.29
0561,2019,0.297
0561,2020,0.304
0561,2021,0.317
0562,2005,0.242
0562,2006,0.246
0562,2007,0.251
0562,2008,0.258
0562,2009,0.264
0562,2010,0.272
0562,2011,0.279
0562,2012,0.282
0562,2013,0.285
0562,2014,0.287
0562,2015,0.29
0562,2016,0.294
0562,2017,0.3
0562,2018,0.305
0562,2019,0.308
0562,2020,0.314
0562,2021,0.32
0563,2005,0.184
0563,2006,0.19
0563,2007,0.196
0563,2008,0.198
0563,2009,0.204
0563,2010,0.213
0563,2011,0.217
0563,2012,0.219
0563,2013,0.225
0563,2014,0.221
0563,2015,0.23
0563,2016,0.234
0563,2017,0.237
0563,2018,0.241
0563,2019,0.244
0563,2020,0.245
0563,2021,0.251
0580,2005,0.456
0580,2006,0.465
0580,2007,0.473
0580,2008,0.481
0580,2009,0.491
0580,2010,0.499
0580,2011,0.507
0580,2012,0.513
0580,2013,0.52
0580,2014,0.526
0580,2015,0.53
0580,2016,0.537
0580,2017,0.544
0580,2018,0.551
0580,2019,0.558
0580,2020,0.563
0580,2021,0.568
0581,2005,0.301
0581,2006,0.31
0581,2007,0.317
0581,2008,0.325
0581,2009,0.333
0581,2010,0.341
0581,2011,0.349
0581,2012,0.356
0581,2013,0.36
0581,2014,0.366
0581,2015,0.373
0581,2016,0.381
0581,2017,0.387
0581,2018,0.395
0581,2019,0.402
0581,2020,0.409
0581,2021,0.418
0582,2005,0.269
0582,2006,0.274
0582,2007,0.28
0582,2008,0.29
0582,2009,0.297
0582,2010,0.3
0582,2011,0.307
0582,2012,0.309
0582,2013,0.314
0582,2014,0.324
0582,2015,0.326
0582,2016,0.333
0582,2017,0.339
0582,2018,0.344
0582,2019,0.345
0582,2020,0.356
0582,2021,0.367
0583,2005,0.239
0583,2006,0.244
0583,2007,0.25
0583,2008,0.257
0583,2009,0.262
0583,2010,0.267
0583,2011,0.275
0583,2012,0.281
0583,2013,0.288
0583,2014,0.295
0583,2015,0.298
0583,2016,0.302
0583,2017,0.307
0583,2018,0.311
0583,2019,0.314
0583,2020,0.316
0583,2021,0.321
0584,2005,0.289
0584,2006,0.295
0584,2007,0.306
0584,2008,0.311
0584,2009,0.317
0584,2010,0.325
0584,2011,0.325
0584,2012,0.326
0584,2013,0.329
0584,2014,0.332
0584,2015,0.339
0584,2016,0.342
0584,2017,0.344
0584,2018,0.341
0584,2019,0.354
0584,2020,0.361
0584,2021,0.373
0586,2005,0.235
0586,2006,0.241
0586,2007,0.251
0586,2008,0.258
0586,2009,0.265
0586,2010,0.272
0586,2011,0.279
0586,2012,0.286
0586,2013,0.295
0586,2014,0.301
0586,2015,0.307
0586,2016,0.313
0586,2017,0.321
0586,2018,0.326
0586,2019,0.334
0586,2020,0.341
0586,2021,0.348
0604,2005,0.23
0604,2006,0.235
0604,2007,0.239
0604,2008,0.244
0604,2009,0.251
0604,2010,0.257
0604,2011,0.269
0604,2012,0.276
0604,2013,0.275
0604,2014,0.279
0604,2015,0.283
0604,2016,0.289
0604,2017,0.3
0604,2018,0.3
0604,2019,0.305
0604,2020,0.311
0604,2021,0.328
0617,2005,0.161
0617,2006,0.167
0617,2007,0.172
0617,2008,0.178
0617,2009,0.181
0617,2010,0.189
0617,2011,0.197
0617,2012,0.198
0617,2013,0.201
0617,2014,0.205
0617,2015,0.212
0617,2016,0.22
0617,2017,0.225
0617,2018,0.239
0617,2019,0.247
0617,2020,0.249
0617,2021,0.257
0642,2005,0.255
0642,2006,0.261
0642,2007,0.269
0642,2008,0.275
0642,2009,0.279
0642,2010,0.288
0642,2011,0.293
0642,2012,0.296
0642,2013,0.3
0642,2014,0.299
0642,2015,0.307
0642,2016,0.307
0642,2017,0.317
0642,2018,0.331
0642,2019,0.335
0642,2020,0.337
0642,2021,0.34
0643,2005,0.283
0643,2006,0.293
0643,2007,0.306
0643,2008,0.315
0643,2009,0.322
0643,2010,0.333
0643,2011,0.345
0643,2012,0.352
0643,2013,0.363
0643,2014,0.373
0643,2015,0.383
0643,2016,0.392
0643,2017,0.4
0643,2018,0.408
0643,2019,0.42
0643,2020,0.428
0643,2021,0.438
0662,2005,0.186
0662,2006,0.189
0662,2007,0.195
0662,2008,0.2
0662,2009,0.203
0662,2010,0.208
0662,2011,0.212
0662,2012,0.215
0662,2013,0.222
0662,2014,0.229
0662,2015,0.236
0662,2016,0.242
0662,2017,0.246
0662,2018,0.249
0662,2019,0.251
0662,2020,0.256
0662,2021,0.262
0665,2005,0.213
0665,2006,0.223
0665,2007,0.231
0665,2008,0.239
0665,2009,0.249
0665,2010,0.256
0665,2011,0.262
0665,2012,0.269
0665,2013,0.276
0665,2014,0.281
0665,2015,0.292
0665,2016,0.303
0665,2017,0.311
0665,2018,0.315
0665,2019,0.323
0665,2020,0.323
0665,2021,0.331
0680,2005,0.357
0680,2006,0.365
0680,2007,0.372
0680,2008,0.381
0680,2009,0.39
0680,2010,0.399
0680,2011,0.407
0680,2012,0.415
0680,2013,0.422
0680,2014,0.427
0680,2015,0.431
0680,2016,0.437
0680,2017,0.444
0680,2018,0.454
0680,2019,0.461
0680,2020,0.469
0680,2021,0.477
0682,2005,0.241
0682,2006,0.247
0682,2007,0.252
0682,2008,0.256
0682,2009,0.262
0682,2010,0.266
0682,2011,0.274
0682,2012,0.28
0682,2013,0.285
0682,2014,0.291
0682,2015,0.299
0682,2016,0.304
0682,2017,0.307
0682,2018,0.313
0682,2019,0.316
0682,2020,0.322
0682,2021,0.33
0683,2005,0.249
0683,2006,0.255
0683,2007,0.259
0683,2008,0.267
0683,2009,0.275
0683,2010,0.28
0683,2011,0.287
0683,2012,0.29
0683,2013,0.295
0683,2014,0.299
0683,2015,0.305
0683,2016,0.312
0683,2017,0.317
0683,2018,0.323
0683,2019,0.329
0683,2020,0.337
0683,2021,0.343
0684,2005,0.203
0684,2006,0.211
0684,2007,0.218
0684,2008,0.222
0684,2009,0.226
0684,2010,0.23
0684,2011,0.243
0684,2012,0.254
0684,2013,0.26
0684,2014,0.269
0684,2015,0.28
0684,2016,0.287
0684,2017,0.292
0684,2018,0.296
0684,2019,0.298
0684,2020,0.307
0684,2021,0.313
0685,2005,0.222
0685,2006,0.228
0685,2007,0.236
0685,2008,0.243
0685,2009,0.248
0685,2010,0.254
0685,2011,0.258
0685,2012,0.265
0685,2013,0.27
0685,2014,0.276
0685,2015,0.281
0685,2016,0.287
0685,2017,0.291
0685,2018,0.295
0685,2019,0.3
0685,2020,0.304
0685,2021,0.311
0686,2005,0.299
0686,2006,0.303
0686,2007,0.31
0686,2008,0.316
0686,2009,0.322
0686,2010,0.327
0686,2011,0.335
0686,2012,0.339
0686,2013,0.347
0686,2014,0.352
0686,2015,0.354
0686,2016,0.365
0686,2017,0.369
0686,2018,0.37
0686,2019,0.372
0686,2020,0.376
0686,2021,0.38
0687,2005,0.231
0687,2006,0.239
0687,2007,0.246
0687,2008,0.253
0687,2009,0.259
0687,2010,0.267
0687,2011,0.269
0687,2012,0.275
0687,2013,0.278
0687,2014,0.289
0687,2015,0.296
0687,2016,0.299
0687,2017,0.306
0687,2018,0.312
0687,2019,0.316
0687,2020,0.32
0687,2021,0.327
0760,2005,0.191
0760,2006,0.192
0760,2007,0.201
0760,2008,0.209
0760,2009,0.213
0760,2010,0.216
0760,2011,0.225
0760,2012,0.229
0760,2013,0.232
0760,2014,0.232
0760,2015,0.239
0760,2016,0.246
0760,2017,0.247
0760,2018,0.245
0760,2019,0.25
0760,2020,0.251
0760,2021,0.253
0761,2005,0.214
0761,2006,0.22
0761,2007,0.229
0761,2008,0.235
0761,2009,0.237
0761,2010,0.244
0761,2011,0.249
0761,2012,0.257
0761,2013,0.267
0761,2014,0.275
0761,2015,0.277
0761,2016,0.292
0761,2017,0.294
0761,2018,0.297
0761,2019,0.301
0761,2020,0.301
0761,2021,0.302
0763,2005,0.202
0763,2006,0.206
0763,2007,0.212
0763,2008,0.219
0763,2009,0.227
0763,2010,0.235
0763,2011,0.243
0763,2012,0.245
0763,2013,0.255
0763,2014,0.259
0763,2015,0.266
0763,2016,0.269
0763,2017,0.271
0763,2018,0.271
0763,2019,0.272
0763,2020,0.278
0763,2021,0.281
0764,2005,0.236
0764,2006,0.242
0764,2007,0.247
0764,2008,0.254
0764,2009,0.261
0764,2010,0.265
0764,2011,0.271
0764,2012,0.279
0764,2013,0.281
0764,2014,0.285
0764,2015,0.288
0764,2016,0.294
0764,2017,0.302
0764,2018,0.306
0764,2019,0.309
0764,2020,0.314
0764,2021,0.323
0765,2005,0.262
0765,2006,0.269
0765,2007,0.283
0765,2008,0.292
0765,2009,0.304
0765,2010,0.313
0765,2011,0.323
0765,2012,0.332
0765,2013,0.34
0765,2014,0.348
0765,2015,0.358
0765,2016,0.369
0765,2017,0.384
0765,2018,0.401
0765,2019,0.405
0765,2020,0.419
0765,2021,0.429
0767,2005,0.168
0767,2006,0.176
0767,2007,0.183
0767,2008,0.188
0767,2009,0.194
0767,2010,0.197
0767,2011,0.204
0767,2012,0.21
0767,2013,0.215
0767,2014,0.22
0767,2015,0.228
0767,2016,0.237
0767,2017,0.235
0767,2018,0.24
0767,2019,0.246
0767,2020,0.248
0767,2021,0.259
0780,2005,0.408
0780,2006,0.416
0780,2007,0.423
0780,2008,0.43
0780,2009,0.439
0780,2010,0.447
0780,2011,0.453
0780,2012,0.458
0780,2013,0.463
0780,2014,0.468
0780,2015,0.474
0780,2016,0.48
0780,2017,0.485
0780,2018,0.491
0780,2019,0.496
0780,2020,0.5
0780,2021,0.505
0781,2005,0.251
0781,2006,0.255
0781,2007,0.261
0781,2008,0.268
0781,2009,0.275
0781,2010,0.282
0781,2011,0.286
0781,2012,0.29
0781,2013,0.296
0781,2014,0.301
0781,2015,0.31
0781,2016,0.315
0781,2017,0.319
0781,2018,0.323
0781,2019,0.327
0781,2020,0.329
0781,2021,0.336
0821,2005,0.18
0821,2006,0.183
0821,2007,0.189
0821,2008,0.196
0821,2009,0.202
0821,2010,0.203
0821,2011,0.208
0821,2012,0.209
0821,2013,0.217
0821,2014,0.221
0821,2015,0.223
0821,2016,0.227
0821,2017,0.231
0821,2018,0.234
0821,2019,0.236
0821,2020,0.234
0821,2021,0.239
0834,2005,0.204
0834,2006,0.206
0834,2007,0.213
0834,2008,0.223
0834,2009,0.234
0834,2010,0.238
0834,2011,0.248
0834,2012,0.255
0834,2013,0.253
0834,2014,0.259
0834,2015,0.269
0834,2016,0.271
0834,2017,0.276
0834,2018,0.285
0834,2019,0.286
0834,2020,0.294
0834,2021,0.302
0840,2005,0.294
0840,2006,0.304
0840,2007,0.319
0840,2008,0.333
0840,2009,0.343
0840,2010,0.359
0840,2011,0.364
0840,2012,0.373
0840,2013,0.381
0840,2014,0.386
0840,2015,0.393
0840,2016,0.398
0840,2017,0.41
0840,2018,0.415
0840,2019,0.423
0840,2020,0.428
0840,2021,0.438
0860,2005,0.185
0860,2006,0.19
0860,2007,0.194
0860,2008,0.199
0860,2009,0.204
0860,2010,0.209
0860,2011,0.213
0860,2012,0.217
0860,2013,0.227
0860,2014,0.235
0860,2015,0.24
0860,2016,0.245
0860,2017,0.243
0860,2018,0.244
0860,2019,0.25
0860,2020,0.255
0860,2021,0.256
0861,2005,0.212
0861,2006,0.22
0861,2007,0.229
0861,2008,0.236
0861,2009,0.241
0861,2010,0.245
0861,2011,0.249
0861,2012,0.26
0861,2013,0.267
0861,2014,0.274
0861,2015,0.282
0861,2016,0.289
0861,2017,0.29
0861,2018,0.294
0861,2019,0.296
0861,2020,0.304
0861,2021,0.307
0862,2005,0.23
0862,2006,0.24
0862,2007,0.244
0862,2008,0.246
0862,2009,0.252
0862,2010,0.253
0862,2011,0.255
0862,2012,0.259
0862,2013,0.264
0862,2014,0.27
0862,2015,0.275
0862,2016,0.283
0862,2017,0.283
0862,2018,0.283
0862,2019,0.288
0862,2020,0.288
0862,2021,0.295
0880,2005,0.386
0880,2006,0.393
0880,2007,0.401
0880,2008,0.407
0880,2009,0.413
0880,2010,0.419
0880,2011,0.426
0880,2012,0.431
0880,2013,0.439
0880,2014,0.445
0880,2015,0.45
0880,2016,0.456
0880,2017,0.462
0880,2018,0.467
0880,2019,0.472
0880,2020,0.476
0880,2021,0.481
0881,2005,0.214
0881,2006,0.219
0881,2007,0.228
0881,2008,0.234
0881,2009,0.242
0881,2010,0.247
0881,2011,0.255
0881,2012,0.262
0881,2013,0.268
0881,2014,0.273
0881,2015,0.282
0881,2016,0.292
0881,2017,0.297
0881,2018,0.303
0881,2019,0.305
0881,2020,0.31
0881,2021,0.318
0882,2005,0.247
0882,2006,0.253
0882,2007,0.259
0882,2008,0.267
0882,2009,0.276
0882,2010,0.282
0882,2011,0.288
0882,2012,0.296
0882,2013,0.301
0882,2014,0.311
0882,2015,0.318
0882,2016,0.323
0882,2017,0.325
0882,2018,0.328
0882,2019,0.329
0882,2020,0.333
0882,2021,0.341
0883,2005,0.251
0883,2006,0.258
0883,2007,0.267
0883,2008,0.273
0883,2009,0.281
0883,2010,0.289
0883,2011,0.294
0883,2012,0.301
0883,2013,0.305
0883,2014,0.31
0883,2015,0.315
0883,2016,0.318
0883,2017,0.322
0883,2018,0.334
0883,2019,0.337
0883,2020,0.344
0883,2021,0.356
0884,2005,0.198
0884,2006,0.205
0884,2007,0.211
0884,2008,0.216
0884,2009,0.223
0884,2010,0.228
0884,2011,0.236
0884,2012,0.241
0884,2013,0.246
0884,2014,0.251
0884,2015,0.259
0884,2016,0.267
0884,2017,0.271
0884,2018,0.272
0884,2019,0.276
0884,2020,0.28
0884,2021,0.282
0885,2005,0.243
0885,2006,0.247
0885,2007,0.256
0885,2008,0.263
0885,2009,0.272
0885,2010,0.275
0885,2011,0.277
0885,2012,0.284
0885,2013,0.286
0885,2014,0.288
0885,2015,0.295
0885,2016,0.3
0885,2017,0.306
0885,2018,0.312
0885,2019,0.314
0885,2020,0.326
0885,2021,0.334
0980,2005,0.277
0980,2006,0.284
0980,2007,0.29
0980,2008,0.294
0980,2009,0.3
0980,2010,0.308
0980,2011,0.315
0980,2012,0.322
0980,2013,0.327
0980,2014,0.333
0980,2015,0.338
0980,2016,0.343
0980,2017,0.351
0980,2018,0.357
0980,2019,0.366
0980,2020,0.375
0980,2021,0.385
1060,2005,0.202
1060,2006,0.21
1060,2007,0.215
1060,2008,0.221
1060,2009,0.227
1060,2010,0.233
1060,2011,0.236
1060,2012,0.243
1060,2013,0.246
1060,2014,0.254
1060,2015,0.262
1060,2016,0.271
1060,2017,0.274
1060,2018,0.275
1060,2019,0.277
1060,2020,0.276
1060,2021,0.28
1080,2005,0.377
1080,2006,0.386
1080,2007,0.398
1080,2008,0.409
1080,2009,0.417
1080,2010,0.427
1080,2011,0.437
1080,2012,0.439
1080,2013,0.446
1080,2014,0.451
1080,2015,0.456
1080,2016,0.462
1080,2017,0.469
1080,2018,0.477
1080,2019,0.486
1080,2020,0.492
1080,2021,0.499
1081,2005,0.287
1081,2006,0.295
1081,2007,0.302
1081,2008,0.312
1081,2009,0.319
1081,2010,0.324
1081,2011,0.325
1081,2012,0.325
1081,2013,0.327
1081,2014,0.33
1081,2015,0.334
1081,2016,0.338
1081,2017,0.339
1081,2018,0.341
1081,2019,0.346
1081,2020,0.348
1081,2021,0.355
1082,2005,0.289
1082,2006,0.296
1082,2007,0.305
1082,2008,0.312
1082,2009,0.32
1082,2010,0.328
1082,2011,0.335
1082,2012,0.34
1082,2013,0.347
1082,2014,0.351
1082,2015,0.355
1082,2016,0.359
1082,2017,0.365
1082,2018,0.371
1082,2019,0.374
1082,2020,0.381
1082,2021,0.388
1083,2005,0.24
1083,2006,0.243
1083,2007,0.252
1083,2008,0.258
1083,2009,0.266
1083,2010,0.275
1083,2011,0.283
1083,2012,0.287
1083,2013,0.295
1083,2014,0.3
1083,2015,0.306
1083,2016,0.311
1083,2017,0.315
1083,2018,0.32
1083,2019,0.323
1083,2020,0.331
1083,2021,0.336
1214,2005,0.254
1214,2006,0.258
1214,2007,0.266
1214,2008,0.275
1214,2009,0.28
1214,2010,0.287
1214,2011,0.29
1214,2012,0.299
1214,2013,0.304
1214,2014,0.313
1214,2015,0.321
1214,2016,0.329
1214,2017,0.334
1214,2018,0.341
1214,2019,0.346
1214,2020,0.353
1214,2021,0.364
1230,2005,0.389
1230,2006,0.399
1230,2007,0.411
1230,2008,0.419
1230,2009,0.43
1230,2010,0.442
1230,2011,0.449
1230,2012,0.456
1230,2013,0.468
1230,2014,0.476
1230,2015,0.479
1230,2016,0.488
1230,2017,0.491
1230,2018,0.5
1230,2019,0.509
1230,2020,0.517
1230,2021,0.521
1231,2005,0.276
1231,2006,0.291
1231,2007,0.306
1231,2008,0.314
1231,2009,0.318
1231,2010,0.328
1231,2011,0.335
1231,2012,0.343
1231,2013,0.352
1231,2014,0.359
1231,2015,0.362
1231,2016,0.367
1231,2017,0.374
1231,2018,0.382
1231,2019,0.392
1231,2020,0.406
1231,2021,0.417
1233,2005,0.425
1233,2006,0.434
1233,2007,0.443
1233,2008,0.451
1233,2009,0.465
1233,2010,0.476
1233,2011,0.486
1233,2012,0.495
1233,2013,0.5
1233,2014,0.51
1233,2015,0.516
1233,2016,0.521
1233,2017,0.528
1233,2018,0.539
1233,2019,0.549
1233,2020,0.559
1233,2021,0.571
1256,2005,0.19
1256,2006,0.192
1256,2007,0.198
1256,2008,0.203
1256,2009,0.203
1256,2010,0.212
1256,2011,0.219
1256,2012,0.225
1256,2013,0.232
1256,2014,0.244
1256,2015,0.251
1256,2016,0.257
1256,2017,0.258
1256,2018,0.262
1256,2019,0.262
1256,2020,0.265
1256,2021,0.27
1257,2005,0.201
1257,2006,0.205
1257,2007,0.21
1257,2008,0.209
1257,2009,0.217
1257,2010,0.224
1257,2011,0.228
1257,2012,0.236
1257,2013,0.237
1257,2014,0.239
1257,2015,0.243
1257,2016,0.245
1257,2017,0.245
1257,2018,0.256
1257,2019,0.261
1257,2020,0.272
1257,2021,0.276
1260,2005,0.156
1260,2006,0.16
1260,2007,0.168
1260,2008,0.172
1260,2009,0.18
1260,2010,0.185
1260,2011,0.194
1260,2012,0.194
1260,2013,0.201
1260,2014,0.208
1260,2015,0.21
1260,2016,0.212
1260,2017,0.22
1260,2018,0.224
1260,2019,0.227
1260,2020,0.233
1260,2021,0.247
1261,2005,0.348
1261,2006,0.361
1261,2007,0.375
1261,2008,0.389
1261,2009,0.4
1261,2010,0.409
1261,2011,0.417
1261,2012,0.427
1261,2013,0.432
1261,2014,0.44
1261,2015,0.446
1261,2016,0.452
1261,2017,0.459
1261,2018,0.468
1261,2019,0.478
1261,2020,0.487
1261,2021,0.497
1262,2005,0.53
1262,2006,0.546
1262,2007,0.561
1262,2008,0.576
1262,2009,0.595
1262,2010,0.605
1262,2011,0.62
1262,2012,0.63
1262,2013,0.64
1262,2014,0.651
1262,2015,0.657
1262,2016,0.666
1262,2017,0.668
1262,2018,0.672
1262,2019,0.68
1262,2020,0.691
1262,2021,0.702
1263,2005,0.289
1263,2006,0.298
1263,2007,0.307
1263,2008,0.317
1263,2009,0.325
1263,2010,0.337
1263,2011,0.345
1263,2012,0.351
1263,2013,0.362
1263,2014,0.369
1263,2015,0.378
1263,2016,0.385
1263,2017,0.391
1263,2018,0.401
1263,2019,0.412
1263,2020,0.424
1263,2021,0.437
1264,2005,0.242
1264,2006,0.252
1264,2007,0.261
1264,2008,0.266
1264,2009,0.27
1264,2010,0.276
1264,2011,0.286
1264,2012,0.293
1264,2013,0.298
1264,2014,0.303
1264,2015,0.31
1264,2016,0.312
1264,2017,0.315
1264,2018,0.319
1264,2019,0.325
1264,2020,0.334
1264,2021,0.343
1265,2005,0.23
1265,2006,0.238
1265,2007,0.246
1265,2008,0.246
1265,2009,0.253
1265,2010,0.26
1265,2011,0.267
1265,2012,0.27
1265,2013,0.274
1265,2014,0.274
1265,2015,0.277
1265,2016,0.281
1265,2017,0.288
1265,2018,0.289
1265,2019,0.295
1265,2020,0.302
1265,2021,0.31
1266,2005,0.239
1266,2006,0.248
1266,2007,0.253
1266,2008,0.261
1266,2009,0.267
1266,2010,0.275
1266,2011,0.278
1266,2012,0.281
1266,2013,0.288
1266,2014,0.292
1266,2015,0.298
1266,2016,0.301
1266,2017,0.306
1266,2018,0.313
1266,2019,0.316
1266,2020,0.324
1266,2021,0.335
1267,2005,0.324
1267,2006,0.334
1267,2007,0.341
1267,2008,0.349
1267,2009,0.364
1267,2010,0.371
1267,2011,0.384
1267,2012,0.388
1267,2013,0.395
1267,2014,0.4
1267,2015,0.403
1267,2016,0.408
1267,2017,0.413
1267,2018,0.419
1267,2019,0.428
1267,2020,0.437
1267,2021,0.453
1270,2005,0.205
1270,2006,0.213
1270,2007,0.22
1270,2008,0.231
1270,2009,0.237
1270,2010,0.244
1270,2011,0.244
1270,2012,0.246
1270,2013,0.249
1270,2014,0.25
1270,2015,0.256
1270,2016,0.259
1270,2017,0.267
1270,2018,0.273
1270,2019,0.276
1270,2020,0.28
1270,2021,0.281
1272,2005,0.19
1272,2006,0.199
1272,2007,0.203
1272,2008,0.208
1272,2009,0.217
1272,2010,0.225
1272,2011,0.234
1272,2012,0.24
1272,2013,0.242
1272,2014,0.242
1272,2015,0.254
1272,2016,0.266
1272,2017,0.27
1272,2018,0.275
1272,2019,0.285
1272,2020,0.288
1272,2021,0.295
1273,2005,0.216
1273,2006,0.224
1273,2007,0.227
1273,2008,0.233
1273,2009,0.241
1273,2010,0.244
1273,2011,0.25
1273,2012,0.253
1273,2013,0.258
1273,2014,0.263
1273,2015,0.263
1273,2016,0.271
1273,2017,0.276
1273,2018,0.286
1273,2019,0.293
1273,2020,0.296
1273,2021,0.308
1275,2005,0.194
1275,2006,0.197
1275,2007,0.199
1275,2008,0.206
1275,2009,0.208
1275,2010,0.214
1275,2011,0.218
1275,2012,0.22
1275,2013,0.223
1275,2014,0.228
1275,2015,0.234
1275,2016,0.237
1275,2017,0.236
1275,2018,0.244
1275,2019,0.25
1275,2020,0.251
1275,2021,0.259
1276,2005,0.193
1276,2006,0.199
1276,2007,0.209
1276,2008,0.215
1276,2009,0.219
1276,2010,0.224
1276,2011,0.23
1276,2012,0.234
1276,2013,0.239
1276,2014,0.241
1276,2015,0.245
1276,2016,0.251
1276,2017,0.259
1276,2018,0.265
1276,2019,0.268
1276,2020,0.276
1276,2021,0.284
1277,2005,0.17
1277,2006,0.175
1277,2007,0.182
1277,2008,0.192
1277,2009,0.201
1277,2010,0.209
1277,2011,0.219
1277,2012,0.223
1277,2013,0.228
1277,2014,0.238
1277,2015,0.244
1277,2016,0.247
1277,2017,0.251
1277,2018,0.258
1277,2019,0.266
1277,2020,0.271
1277,2021,0.273
1278,2005,0.317
1278,2006,0.324
1278,2007,0.335
1278,2008,0.338
1278,2009,0.343
1278,2010,0.349
1278,2011,0.353
1278,2012,0.355
1278,2013,0.362
1278,2014,0.369
1278,2015,0.375
1278,2016,0.38
1278,2017,0.387
1278,2018,0.393
1278,2019,0.401
1278,2020,0.415
1278,2021,0.424
1280,2005,0.413
1280,2006,0.427
1280,2007,0.439
1280,2008,0.451
1280,2009,0.463
1280,2010,0.47
1280,2011,0.478
1280,2012,0.485
1280,2013,0.492
1280,2014,0.497
1280,2015,0.503
1280,2016,0.51
1280,2017,0.515
1280,2018,0.524
1280,2019,0.531
1280,2020,0.539
1280,2021,0.548
1281,2005,0.655
1281,2006,0.658
1281,2007,0.665
1281,2008,0.671
1281,2009,0.678
1281,2010,0.685
1281,2011,0.691
1281,2012,0.695
1281,2013,0.699
1281,2014,0.702
1281,2015,0.702
1281,2016,0.707
1281,2017,0.708
1281,2018,0.713
1281,2019,0.718
1281,2020,0.723
1281,2021,0.728
1282,2005,0.261
1282,2006,0.269
1282,2007,0.275
1282,2008,0.283
1282,2009,0.287
1282,2010,0.293
1282,2011,0.3
1282,2012,0.305
1282,2013,0.312
1282,2014,0.319
1282,2015,0.326
1282,2016,0.331
1282,2017,0.337
1282,2018,0.345
1282,2019,0.351
1282,2020,0.358
1282,2021,0.367
1283,2005,0.345
1283,2006,0.353
1283,2007,0.361
1283,2008,0.369
1283,2009,0.376
1283,2010,0.382
1283,2011,0.389
1283,2012,0.394
1283,2013,0.4
1283,2014,0.405
1283,2015,0.411
1283,2016,0.417
1283,2017,0.421
1283,2018,0.429
1283,2019,0.436
1283,2020,0.443
1283,2021,0.449
1284,2005,0.371
1284,2006,0.379
1284,2007,0.385
1284,2008,0.393
1284,2009,0.399
1284,2010,0.41
1284,2011,0.416
1284,2012,0.422
1284,2013,0.429
1284,2014,0.436
1284,2015,0.443
1284,2016,0.45
1284,2017,0.454
1284,2018,0.461
1284,2019,0.467
1284,2020,0.473
1284,2021,0.481
1285,2005,0.281
1285,2006,0.288
1285,2007,0.297
1285,2008,0.307
1285,2009,0.316
1285,2010,0.325
1285,2011,0.33
1285,2012,0.337
1285,2013,0.347
1285,2014,0.354
1285,2015,0.361
1285,2016,0.367
1285,2017,0.371
1285,2018,0.379
1285,2019,0.388
1285,2020,0.396
1285,2021,0.408
1286,2005,0.307
1286,2006,0.315
1286,2007,0.326
1286,2008,0.335
1286,2009,0.34
1286,2010,0.348
1286,2011,0.356
1286,2012,0.362
1286,2013,0.367
1286,2014,0.374
1286,2015,0.379
1286,2016,0.387
1286,2017,0.395
1286,2018,0.4
1286,2019,0.405
1286,2020,0.411
1286,2021,0.424
1287,2005,0.249
1287,2006,0.257
1287,2007,0.266
1287,2008,0.275
1287,2009,0.281
1287,2010,0.29
1287,2011,0.295
1287,2012,0.299
1287,2013,0.303
1287,2014,0.308
1287,2015,0.314
1287,2016,0.321
1287,2017,0.328
1287,2018,0.336
1287,2019,0.343
1287,2020,0.352
1287,2021,0.36
1290,2005,0.332
1290,2006,0.339
1290,2007,0.347
1290,2008,0.353
1290,2009,0.359
1290,2010,0.365
1290,2011,0.371
1290,2012,0.375
1290,2013,0.381
1290,2014,0.383
1290,2015,0.388
1290,2016,0.391
1290,2017,0.394
1290,2018,0.399
1290,2019,0.403
1290,2020,0.409
1290,2021,0.415
1291,2005,0.289
1291,2006,0.296
1291,2007,0.303
1291,2008,0.312
1291,2009,0.316
1291,2010,0.322
1291,2011,0.328
1291,2012,0.334
1291,2013,0.336
1291,2014,0.34
1291,2015,0.348
1291,2016,0.348
1291,2017,0.346
1291,2018,0.349
1291,2019,0.354
1291,2020,0.361
1291,2021,0.367
1292,2005,0.325
1292,2006,0.331
1292,2007,0.337
1292,2008,0.343
1292,2009,0.347
1292,2010,0.353
1292,2011,0.36
1292,2012,0.365
1292,2013,0.371
1292,2014,0.373
1292,2015,0.375
1292,2016,0.381
1292,2017,0.387
1292,2018,0.395
1292,2019,0.398
1292,2020,0.404
1292,2021,0.412
1293,2005,0.267
1293,2006,0.273
1293,2007,0.281
1293,2008,0.289
1293,2009,0.293
1293,2010,0.302
1293,2011,0.307
1293,2012,0.314
1293,2013,0.321
1293,2014,0.329
1293,2015,0.332
1293,2016,0.338
1293,2017,0.342
1293,2018,0.345
1293,2019,0.352
1293,2020,0.357
1293,2021,0.364
1315,2005,0.185
1315,2006,0.187
1315,2007,0.191
1315,2008,0.193
1315,2009,0.196
1315,2010,0.204
1315,2011,0.213
1315,2012,0.214
1315,2013,0.217
1315,2014,0.227
1315,2015,0.238
1315,2016,0.249
1315,2017,0.255
1315,2018,0.255
1315,2019,0.255
1315,2020,0.255
1315,2021,0.259
1380,2005,0.35
1380,2006,0.357
1380,2007,0.364
1380,2008,0.37
1380,2009,0.379
1380,2010,0.389
1380,2011,0.396
1380,2012,0.401
1380,2013,0.408
1380,2014,0.413
1380,2015,0.418
1380,2016,0.423
1380,2017,0.427
1380,2018,0.431
1380,2019,0.436
1380,2020,0.442
1380,2021,0.448
1381,2005,0.223
1381,2006,0.228
1381,2007,0.233
1381,2008,0.242
1381,2009,0.249
1381,2010,0.258
1381,2011,0.267
1381,2012,0.275
1381,2013,0.279
1381,2014,0.285
1381,2015,0.291
1381,2016,0.297
1381,2017,0.306
1381,2018,0.309
1381,2019,0.314
1381,2020,0.321
1381,2021,0.329
1382,2005,0.238
1382,2006,0.245
1382,2007,0.253
1382,2008,0.259
1382,2009,0.264
1382,2010,0.271
1382,2011,0.277
1382,2012,0.283
1382,2013,0.29
1382,2014,0.295
1382,2015,0.299
1382,2016,0.306
1382,2017,0.312
1382,2018,0.319
1382,2019,0.324
1382,2020,0.332
1382,2021,0.342
1383,2005,0.3
1383,2006,0.308
1383,2007,0.316
1383,2008,0.323
1383,2009,0.332
1383,2010,0.341
1383,2011,0.35
1383,2012,0.358
1383,2013,0.364
1383,2014,0.37
1383,2015,0.376
1383,2016,0.382
1383,2017,0.389
1383,2018,0.395
1383,2019,0.402
1383,2020,0.41
1383,2021,0.418
1384,2005,0.388
1384,2006,0.397
1384,2007,0.407
1384,2008,0.415
1384,2009,0.423
1384,2010,0.433
1384,2011,0.442
1384,2012,0.451
1384,2013,0.458
1384,2014,0.464
1384,2015,0.471
1384,2016,0.479
1384,2017,0.484
1384,2018,0.489
1384,2019,0.496
1384,2020,0.504
1384,2021,0.513
1401,2005,0.391
1401,2006,0.401
1401,2007,0.41
1401,2008,0.42
1401,2009,0.428
1401,2010,0.442
1401,2011,0.455
1401,2012,0.465
1401,2013,0.476
1401,2014,0.485
1401,2015,0.492
1401,2016,0.497
1401,2017,0.505
1401,2018,0.514
1401,2019,0.523
1401,2020,0.53
1401,2021,0.54
1402,2005,0.412
1402,2006,0.417
1402,2007,0.422
1402,2008,0.428
1402,2009,0.437
1402,2010,0.448
1402,2011,0.459
1402,2012,0.467
1402,2013,0.478
1402,2014,0.484
1402,2015,0.493
1402,2016,0.498
1402,2017,0.507
1402,2018,0.518
1402,2019,0.53
1402,2020,0.536
1402,2021,0.549
1407,2005,0.306
1407,2006,0.31
1407,2007,0.323
1407,2008,0.33
1407,2009,0.339
1407,2010,0.35
1407,2011,0.361
1407,2012,0.373
1407,2013,0.383
1407,2014,0.386
1407,2015,0.395
1407,2016,0.401
1407,2017,0.406
1407,2018,0.413
1407,2019,0.415
1407,2020,0.423
1407,2021,0.427
1415,2005,0.322
1415,2006,0.33
1415,2007,0.34
1415,2008,0.349
1415,2009,0.359
1415,2010,0.367
1415,2011,0.373
1415,2012,0.38
1415,2013,0.385
1415,2014,0.389
1415,2015,0.395
1415,2016,0.401
1415,2017,0.405
1415,2018,0.411
1415,2019,0.417
1415,2020,0.423
1415,2021,0.436
1419,2005,0.312
1419,2006,0.315
1419,2007,0.322
1419,2008,0.329
1419,2009,0.337
1419,2010,0.339
1419,2011,0.345
1419,2012,0.35
1419,2013,0.356
1419,2014,0.362
1419,2015,0.375
1419,2016,0.379
1419,2017,0.385
1419,2018,0.388
1419,2019,0.395
1419,2020,0.4
1419,2021,0.413
1421,2005,0.263
1421,2006,0.269
1421,2007,0.273
1421,2008,0.28
1421,2009,0.286
1421,2010,0.29
1421,2011,0.298
1421,2012,0.302
1421,2013,0.303
1421,2014,0.304
1421,2015,0.305
1421,2016,0.309
1421,2017,0.319
1421,2018,0.322
1421,2019,0.327
1421,2020,0.337
1421,2021,0.346
1427,2005,0.245
1427,2006,0.251
1427,2007,0.255
1427,2008,0.255
1427,2009,0.262
1427,2010,0.271
1427,2011,0.279
1427,2012,0.281
1427,2013,0.283
1427,2014,0.289
1427,2015,0.295
1427,2016,0.3
1427,2017,0.304
1427,2018,0.312
1427,2019,0.321
1427,2020,0.326
1427,2021,0.328
1430,2005,0.202
1430,2006,0.199
1430,2007,0.2
1430,2008,0.205
1430,2009,0.209
1430,2010,0.215
1430,2011,0.223
1430,2012,0.229
1430,2013,0.231
1430,2014,0.237
1430,2015,0.24
1430,2016,0.249
1430,2017,0.249
1430,2018,0.255
1430,2019,0.261
1430,2020,0.263
1430,2021,0.266
1435,2005,0.239
1435,2006,0.244
1435,2007,0.25
1435,2008,0.258
1435,2009,0.265
1435,2010,0.273
1435,2011,0.279
1435,2012,0.285
1435,2013,0.287
1435,2014,0.293
1435,2015,0.297
1435,2016,0.304
1435,2017,0.308
1435,2018,0.315
1435,2019,0.316
1435,2020,0.32
1435,2021,0.325
1438,2005,0.187
1438,2006,0.195
1438,2007,0.197
1438,2008,0.201
1438,2009,0.209
1438,2010,0.219
1438,2011,0.216
1438,2012,0.224
1438,2013,0.228
1438,2014,0.235
1438,2015,0.242
1438,2016,0.252
1438,2017,0.249
1438,2018,0.256
1438,2019,0.266
1438,2020,0.273
1438,2021,0.276
1439,2005,0.185
1439,2006,0.19
1439,2007,0.197
1439,2008,0.2
1439,2009,0.206
1439,2010,0.21
1439,2011,0.213
1439,2012,0.215
1439,2013,0.217
1439,2014,0.222
1439,2015,0.226
1439,2016,0.232
1439,2017,0.234
1439,2018,0.232
1439,2019,0.235
1439,2020,0.238
1439,2021,0.241
1440,2005,0.248
1440,2006,0.255
1440,2007,0.264
1440,2008,0.269
1440,2009,0.279
1440,2010,0.285
1440,2011,0.297
1440,2012,0.308
1440,2013,0.317
1440,2014,0.326
1440,2015,0.335
1440,2016,0.348
1440,2017,0.361
1440,2018,0.372
1440,2019,0.385
1440,2020,0.393
1440,2021,0.4
1441,2005,0.37
1441,2006,0.381
1441,2007,0.393
1441,2008,0.398
1441,2009,0.406
1441,2010,0.415
1441,2011,0.425
1441,2012,0.436
1441,2013,0.448
1441,2014,0.457
1441,2015,0.463
1441,2016,0.47
1441,2017,0.476
1441,2018,0.484
1441,2019,0.494
1441,2020,0.504
1441,2021,0.518
1442,2005,0.227
1442,2006,0.235
1442,2007,0.243
1442,2008,0.247
1442,2009,0.257
1442,2010,0.262
1442,2011,0.269
1442,2012,0.274
1442,2013,0.277
1442,2014,0.283
1442,2015,0.291
1442,2016,0.296
1442,2017,0.303
1442,2018,0.313
1442,2019,0.318
1442,2020,0.323
1442,2021,0.332
1443,2005,0.28
1443,2006,0.291
1443,2007,0.297
1443,2008,0.307
1443,2009,0.312
1443,2010,0.32
1443,2011,0.32
1443,2012,0.328
1443,2013,0.333
1443,2014,0.34
1443,2015,0.346
1443,2016,0.351
1443,2017,0.365
1443,2018,0.375
1443,2019,0.383
1443,2020,0.387
1443,2021,0.402
1444,2005,0.219
1444,2006,0.219
1444,2007,0.227
1444,2008,0.227
1444,2009,0.233
1444,2010,0.24
1444,2011,0.255
1444,2012,0.256
1444,2013,0.26
1444,2014,0.271
1444,2015,0.276
1444,2016,0.282
1444,2017,0.29
1444,2018,0.297
1444,2019,0.302
1444,2020,0.311
1444,2021,0.319
1445,2005,0.188
1445,2006,0.193
1445,2007,0.199
1445,2008,0.203
1445,2009,0.209
1445,2010,0.21
1445,2011,0.209
1445,2012,0.213
1445,2013,0.22
1445,2014,0.228
1445,2015,0.233
1445,2016,0.238
1445,2017,0.241
1445,2018,0.25
1445,2019,0.252
1445,2020,0.258
1445,2021,0.258
1446,2005,0.264
1446,2006,0.27
1446,2007,0.283
1446,2008,0.281
1446,2009,0.29
1446,2010,0.303
1446,2011,0.311
1446,2012,0.32
1446,2013,0.325
1446,2014,0.334
1446,2015,0.333
1446,2016,0.333
1446,2017,0.334
1446,2018,0.336
1446,2019,0.341
1446,2020,0.346
1446,2021,0.351
1447,2005,0.171
1447,2006,0.176
1447,2007,0.18
1447,2008,0.191
1447,2009,0.195
1447,2010,0.197
1447,2011,0.205
1447,2012,0.204
1447,2013,0.208
1447,2014,0.21
1447,2015,0.215
1447,2016,0.226
1447,2017,0.224
1447,2018,0.226
1447,2019,0.227
1447,2020,0.228
1447,2021,0.233
1452,2005,0.187
1452,2006,0.191
1452,2007,0.199
1452,2008,0.207
1452,2009,0.208
1452,2010,0.214
1452,2011,0.218
1452,2012,0.225
1452,2013,0.231
1452,2014,0.239
1452,2015,0.245
1452,2016,0.251
1452,2017,0.259
1452,2018,0.263
1452,2019,0.27
1452,2020,0.278
1452,2021,0.283
1460,2005,0.178
1460,2006,0.183
1460,2007,0.195
1460,2008,0.201
1460,2009,0.203
1460,2010,0.213
1460,2011,0.22
1460,2012,0.223
1460,2013,0.228
1460,2014,0.229
1460,2015,0.235
1460,2016,0.247
1460,2017,0.253
1460,2018,0.256
1460,2019,0.26
1460,2020,0.271
1460,2021,0.276
1461,2005,0.194
1461,2006,0.197
1461,2007,0.2
1461,2008,0.208
1461,2009,0.209
1461,2010,0.219
1461,2011,0.22
1461,2012,0.226
1461,2013,0.228
1461,2014,0.236
1461,2015,0.249
1461,2016,0.257
1461,2017,0.263
1461,2018,0.272
1461,2019,0.273
1461,2020,0.277
1461,2021,0.289
1462,2005,0.185
1462,2006,0.192
1462,2007,0.197
1462,2008,0.205
1462,2009,0.207
1462,2010,0.21
1462,2011,0.217
1462,2012,0.227
1462,2013,0.234
1462,2014,0.243
1462,2015,0.248
1462,2016,0.257
1462,2017,0.265
1462,2018,0.275
1462,2019,0.282
1462,2020,0.29
1462,2021,0.299
1463,2005,0.239
1463,2006,0.245
1463,2007,0.254
1463,2008,0.261
1463,2009,0.265
1463,2010,0.274
1463,2011,0.278
1463,2012,0.281
1463,2013,0.285
1463,2014,0.289
1463,2015,0.293
1463,2016,0.299
1463,2017,0.305
1463,2018,0.311
1463,2019,0.318
1463,2020,0.322
1463,2021,0.335
1465,2005,0.164
1465,2006,0.17
1465,2007,0.176
1465,2008,0.179
1465,2009,0.182
1465,2010,0.187
1465,2011,0.191
1465,2012,0.196
1465,2013,0.2
1465,2014,0.204
1465,2015,0.209
1465,2016,0.214
1465,2017,0.217
1465,2018,0.226
1465,2019,0.231
1465,2020,0.242
1465,2021,0.251
1466,2005,0.202
1466,2006,0.205
1466,2007,0.219
1466,2008,0.223
1466,2009,0.231
1466,2010,0.235
1466,2011,0.241
1466,2012,0.249
1466,2013,0.256
1466,2014,0.262
1466,2015,0.267
1466,2016,0.271
1466,2017,0.277
1466,2018,0.281
1466,2019,0.288
1466,2020,0.29
1466,2021,0.301
1470,2005,0.187
1470,2006,0.193
1470,2007,0.201
1470,2008,0.209
1470,2009,0.213
1470,2010,0.22
1470,2011,0.226
1470,2012,0.232
1470,2013,0.234
1470,2014,0.237
1470,2015,0.242
1470,2016,0.249
1470,2017,0.255
1470,2018,0.259
1470,2019,0.265
1470,2020,0.272
1470,2021,0.276
1471,2005,0.22
1471,2006,0.227
1471,2007,0.238
1471,2008,0.241
1471,2009,0.25
1471,2010,0.257
1471,2011,0.266
1471,2012,0.273
1471,2013,0.277
1471,2014,0.281
1471,2015,0.282
1471,2016,0.29
1471,2017,0.298
1471,2018,0.304
1471,2019,0.307
1471,2020,0.312
1471,2021,0.32
1472,2005,0.202
1472,2006,0.21
1472,2007,0.217
1472,2008,0.225
1472,2009,0.23
1472,2010,0.233
1472,2011,0.239
1472,2012,0.243
1472,2013,0.25
1472,2014,0.255
1472,2015,0.262
1472,2016,0.273
1472,2017,0.277
1472,2018,0.285
1472,2019,0.289
1472,2020,0.29
1472,2021,0.295
1473,2005,0.182
1473,2006,0.191
1473,2007,0.199
1473,2008,0.205
1473,2009,0.209
1473,2010,0.212
1473,2011,0.224
1473,2012,0.227
1473,2013,0.238
1473,2014,0.247
1473,2015,0.256
1473,2016,0.264
1473,2017,0.265
1473,2018,0.27
1473,2019,0.276
1473,2020,0.278
1473,2021,0.286
1480,2005,0.453
1480,2006,0.461
1480,2007,0.469
1480,2008,0.478
1480,2009,0.487
1480,2010,0.495
1480,2011,0.503
1480,2012,0.51
1480,2013,0.516
1480,2014,0.523
1480,2015,0.529
1480,2016,0.536
1480,2017,0.542
1480,2018,0.55
1480,2019,0.558
1480,2020,0.564
1480,2021,0.57
1481,2005,0.428
1481,2006,0.438
1481,2007,0.448
1481,2008,0.46
1481,2009,0.469
1481,2010,0.479
1481,2011,0.488
1481,2012,0.496
1481,2013,0.503
1481,2014,0.515
1481,2015,0.523
1481,2016,0.532
1481,2017,0.542
1481,2018,0.554
1481,2019,0.564
1481,2020,0.574
1481,2021,0.584
1482,2005,0.328
1482,2006,0.336
1482,2007,0.344
1482,2008,0.353
1482,2009,0.358
1482,2010,0.368
1482,2011,0.376
1482,2012,0.381
1482,2013,0.386
1482,2014,0.392
1482,2015,0.401
1482,2016,0.408
1482,2017,0.414
1482,2018,0.42
1482,2019,0.428
1482,2020,0.437
1482,2021,0.446
1484,2005,0.265
1484,2006,0.267
1484,2007,0.27
1484,2008,0.274
1484,2009,0.279
1484,2010,0.286
1484,2011,0.29
1484,2012,0.295
1484,2013,0.302
1484,2014,0.308
1484,2015,0.313
1484,2016,0.319
1484,2017,0.322
1484,2018,0.328
1484,2019,0.328
1484,2020,0.335
1484,2021,0.346
1485,2005,0.313
1485,2006,0.32
1485,2007,0.325
1485,2008,0.332
1485,2009,0.338
1485,2010,0.344
1485,2011,0.351
1485,2012,0.355
1485,2013,0.362
1485,2014,0.367
1485,2015,0.373
1485,2016,0.377
1485,2017,0.383
1485,2018,0.389
1485,2019,0.395
1485,2020,0.399
1485,2021,0.405
1486,2005,0.255
1486,2006,0.257
1486,2007,0.262
1486,2008,0.266
1486,2009,0.268
1486,2010,0.277
1486,2011,0.283
1486,2012,0.289
1486,2013,0.294
1486,2014,0.295
1486,2015,0.297
1486,2016,0.3
1486,2017,0.3
1486,2018,0.303
1486,2019,0.307
1486,2020,0.316
1486,2021,0.323
1487,2005,0.315
1487,2006,0.319
1487,2007,0.322
1487,2008,0.325
1487,2009,0.331
1487,2010,0.334
1487,2011,0.341
1487,2012,0.346
1487,2013,0.351
1487,2014,0.356
1487,2015,0.363
1487,2016,0.371
1487,2017,0.375
1487,2018,0.383
1487,2019,0.389
1487,2020,0.393
1487,2021,0.401
1488,2005,0.302
1488,2006,0.311
1488,2007,0.321
1488,2008,0.33
1488,2009,0.34
1488,2010,0.346
1488,2011,0.354
1488,2012,0.359
1488,2013,0.366
1488,2014,0.374
1488,2015,0.382
1488,2016,0.392
1488,2017,0.401
1488,2018,0.411
1488,2019,0.419
1488,2020,0.429
1488,2021,0.435
1489,2005,0.336
1489,2006,0.345
1489,2007,0.352
1489,2008,0.361
1489,2009,0.368
1489,2010,0.375
1489,2011,0.384
1489,2012,0.389
1489,2013,0.395
1489,2014,0.401
1489,2015,0.405
1489,2016,0.409
1489,2017,0.415
1489,2018,0.421
1489,2019,0.427
1489,2020,0.433
1489,2021,0.443
1490,2005,0.302
1490,2006,0.308
1490,2007,0.315
1490,2008,0.322
1490,2009,0.331
1490,2010,0.338
1490,2011,0.346
1490,2012,0.353
1490,2013,0.36
1490,2014,0.365
1490,2015,0.372
1490,2016,0.379
1490,2017,0.384
1490,2018,0.39
1490,2019,0.396
1490,2020,0.402
1490,2021,0.407
1491,2005,0.243
1491,2006,0.25
1491,2007,0.257
1491,2008,0.263
1491,2009,0.269
1491,2010,0.274
1491,2011,0.281
1491,2012,0.288
1491,2013,0.293
1491,2014,0.294
1491,2015,0.301
1491,2016,0.306
1491,2017,0.309
1491,2018,0.316
1491,2019,0.321
1491,2020,0.328
1491,2021,0.335
1492,2005,0.239
1492,2006,0.245
1492,2007,0.248
1492,2008,0.256
1492,2009,0.261
1492,2010,0.27
1492,2011,0.271
1492,2012,0.275
1492,2013,0.276
1492,2014,0.282
1492,2015,0.286
1492,2016,0.296
1492,2017,0.298
1492,2018,0.303
1492,2019,0.305
1492,2020,0.308
1492,2021,0.312
1493,2005,0.251
1493,2006,0.258
1493,2007,0.264
1493,2008,0.269
1493,2009,0.276
1493,2010,0.285
1493,2011,0.292
1493,2012,0.298
1493,2013,0.301
1493,2014,0.306
1493,2015,0.314
1493,2016,0.317
1493,2017,0.322
1493,2018,0.331
1493,2019,0.335
1493,2020,0.341
1493,2021,0.353
1494,2005,0.3
1494,2006,0.306
1494,2007,0.312
1494,2008,0.32
1494,2009,0.326
1494,2010,0.332
1494,2011,0.34
1494,2012,0.345
1494,2013,0.351
1494,2014,0.357
1494,2015,0.363
1494,2016,0.369
1494,2017,0.372
1494,2018,0.378
1494,2019,0.382
1494,2020,0.389
1494,2021,0.397
1495,2005,0.265
1495,2006,0.27
1495,2007,0.277
1495,2008,0.281
1495,2009,0.285
1495,2010,0.292
1495,2011,0.298
1495,2012,0.305
1495,2013,0.309
1495,2014,0.312
1495,2015,0.316
1495,2016,0.321
1495,2017,0.326
1495,2018,0.327
1495,2019,0.333
1495,2020,0.338
1495,2021,0.344
1496,2005,0.335
1496,2006,0.343
1496,2007,0.35
1496,2008,0.357
1496,2009,0.362
1496,2010,0.371
1496,2011,0.379
1496,2012,0.387
1496,2013,0.394
1496,2014,0.401
1496,2015,0.405
1496,2016,0.412
1496,2017,0.416
1496,2018,0.424
1496,2019,0.432
1496,2020,0.439
1496,2021,0.448
1497,2005,0.265
1497,2006,0.272
1497,2007,0.278
1497,2008,0.285
1497,2009,0.289
1497,2010,0.295
1497,2011,0.296
1497,2012,0.302
1497,2013,0.304
1497,2014,0.311
1497,2015,0.317
1497,2016,0.321
1497,2017,0.321
1497,2018,0.33
1497,2019,0.34
1497,2020,0.346
1497,2021,0.355
1498,2005,0.198
1498,2006,0.202
1498,2007,0.212
1498,2008,0.219
1498,2009,0.221
1498,2010,0.225
1498,2011,0.228
1498,2012,0.229
1498,2013,0.231
1498,2014,0.238
1498,2015,0.242
1498,2016,0.247
1498,2017,0.251
1498,2018,0.262
1498,2019,0.268
1498,2020,0.273
1498,2021,0.283
1499,2005,0.257
1499,2006,0.264
1499,2007,0.269
1499,2008,0.273
1499,2009,0.279
1499,2010,0.282
1499,2011,0.285
1499,2012,0.286
1499,2013,0.288
1499,2014,0.296
1499,2015,0.3
1499,2016,0.307
1499,2017,0.311
1499,2018,0.315
1499,2019,0.319
1499,2020,0.323
1499,2021,0.33
1715,2005,0.265
1715,2006,0.272
1715,2007,0.277
1715,2008,0.281
1715,2009,0.288
1715,2010,0.295
1715,2011,0.301
1715,2012,0.31
1715,2013,0.317
1715,2014,0.325
1715,2015,0.327
1715,2016,0.336
1715,2017,0.341
1715,2018,0.353
1715,2019,0.356
1715,2020,0.365
1715,2021,0.373
1730,2005,0.165
1730,2006,0.17
1730,2007,0.175
1730,2008,0.183
1730,2009,0.187
1730,2010,0.193
1730,2011,0.202
1730,2012,0.205
1730,2013,0.206
1730,2014,0.211
1730,2015,0.211
1730,2016,0.218
1730,2017,0.225
1730,2018,0.223
1730,2019,0.225
1730,2020,0.231
1730,2021,0.236
1737,2005,0.195
1737,2006,0.202
1737,2007,0.209
1737,2008,0.214
1737,2009,0.218
1737,2010,0.223
1737,2011,0.226
1737,2012,0.231
1737,2013,0.232
1737,2014,0.236
1737,2015,0.24
1737,2016,0.246
1737,2017,0.244
1737,2018,0.244
1737,2019,0.247
1737,2020,0.252
1737,2021,0.257
1760,2005,0.173
1760,2006,0.183
1760,2007,0.187
1760,2008,0.193
1760,2009,0.194
1760,2010,0.198
1760,2011,0.202
1760,2012,0.205
1760,2013,0.198
1760,2014,0.203
1760,2015,0.214
1760,2016,0.214
1760,2017,0.214
1760,2018,0.213
1760,2019,0.214
1760,2020,0.218
1760,2021,0.227
1761,2005,0.387
1761,2006,0.394
1761,2007,0.406
1761,2008,0.417
1761,2009,0.428
1761,2010,0.442
1761,2011,0.453
1761,2012,0.461
1761,2013,0.474
1761,2014,0.484
1761,2015,0.496
1761,2016,0.509
1761,2017,0.517
1761,2018,0.526
1761,2019,0.536
1761,2020,0.546
1761,2021,0.557
1762,2005,0.168
1762,2006,0.171
1762,2007,0.182
1762,2008,0.189
1762,2009,0.193
1762,2010,0.186
1762,2011,0.185
1762,2012,0.188
1762,2013,0.189
1762,2014,0.186
1762,2015,0.195
1762,2016,0.197
1762,2017,0.198
1762,2018,0.21
1762,2019,0.21
1762,2020,0.212
1762,2021,0.219
1763,2005,0.253
1763,2006,0.257
1763,2007,0.264
1763,2008,0.273
1763,2009,0.28
1763,2010,0.287
1763,2011,0.293
1763,2012,0.299
1763,2013,0.305
1763,2014,0.31
1763,2015,0.315
1763,2016,0.315
1763,2017,0.326
1763,2018,0.331
1763,2019,0.334
1763,2020,0.339
1763,2021,0.351
1764,2005,0.177
1764,2006,0.182
1764,2007,0.186
1764,2008,0.188
1764,2009,0.195
1764,2010,0.196
1764,2011,0.204
1764,2012,0.206
1764,2013,0.21
1764,2014,0.213
1764,2015,0.215
1764,2016,0.223
1764,2017,0.225
1764,2018,0.231
1764,2019,0.239
1764,2020,0.245
1764,2021,0.256
1765,2005,0.174
1765,2006,0.175
1765,2007,0.18
1765,2008,0.186
1765,2009,0.191
1765,2010,0.193
1765,2011,0.197
1765,2012,0.199
1765,2013,0.2
1765,2014,0.202
1765,2015,0.208
1765,2016,0.211
1765,2017,0.219
1765,2018,0.218
1765,2019,0.222
1765,2020,0.229
1765,2021,0.232
1766,2005,0.235
1766,2006,0.242
1766,2007,0.251
1766,2008,0.254
1766,2009,0.259
1766,2010,0.265
1766,2011,0.27
1766,2012,0.278
1766,2013,0.28
1766,2014,0.29
1766,2015,0.293
1766,2016,0.299
1766,2017,0.302
1766,2018,0.305
1766,2019,0.307
1766,2020,0.311
1766,2021,0.319
1780,2005,0.416
1780,2006,0.424
1780,2007,0.43
1780,2008,0.435
1780,2009,0.44
1780,2010,0.448
1780,2011,0.459
1780,2012,0.464
1780,2013,0.47
1780,2014,0.474
1780,2015,0.479
1780,2016,0.484
1780,2017,0.49
1780,2018,0.495
1780,2019,0.502
1780,2020,0.51
1780,2021,0.518
1781,2005,0.255
1781,2006,0.261
1781,2007,0.265
1781,2008,0.27
1781,2009,0.277
1781,2010,0.286
1781,2011,0.289
1781,2012,0.292
1781,2013,0.295
1781,2014,0.302
1781,2015,0.309
1781,2016,0.315
1781,2017,0.319
1781,2018,0.323
1781,2019,0.328
1781,2020,0.334
1781,2021,0.34
1782,2005,0.159
1782,2006,0.162
1782,2007,0.167
1782,2008,0.173
1782,2009,0.174
1782,2010,0.178
1782,2011,0.183
1782,2012,0.186
1782,2013,0.19
1782,2014,0.192
1782,2015,0.198
1782,2016,0.202
1782,2017,0.204
1782,2018,0.203
1782,2019,0.199
1782,2020,0.199
1782,2021,0.205
1783,2005,0.177
1783,2006,0.183
1783,2007,0.193
1783,2008,0.197
1783,2009,0.204
1783,2010,0.201
1783,2011,0.204
1783,2012,0.209
1783,2013,0.214
1783,2014,0.222
1783,2015,0.224
1783,2016,0.229
1783,2017,0.228
1783,2018,0.225
1783,2019,0.234
1783,2020,0.241
1783,2021,0.247
1784,2005,0.258
1784,2006,0.264
1784,2007,0.271
1784,2008,0.278
1784,2009,0.285
1784,2010,0.293
1784,2011,0.302
1784,2012,0.305
1784,2013,0.304
1784,2014,0.307
1784,2015,0.308
1784,2016,0.31
1784,2017,0.313
1784,2018,0.315
1784,2019,0.321
1784,2020,0.325
1784,2021,0.332
1785,2005,0.229
1785,2006,0.234
1785,2007,0.239
1785,2008,0.243
1785,2009,0.247
1785,2010,0.251
1785,2011,0.255
1785,2012,0.256
1785,2013,0.256
1785,2014,0.258
1785,2015,0.26
1785,2016,0.263
1785,2017,0.262
1785,2018,0.265
1785,2019,0.271
1785,2020,0.274
1785,2021,0.278
1814,2005,0.246
1814,2006,0.258
1814,2007,0.263
1814,2008,0.276
1814,2009,0.28
1814,2010,0.283
1814,2011,0.29
1814,2012,0.291
1814,2013,0.293
1814,2014,0.299
1814,2015,0.307
1814,2016,0.313
1814,2017,0.32
1814,2018,0.333
1814,2019,0.342
1814,2020,0.352
1814,2021,0.364
1860,2005,0.173
1860,2006,0.181
1860,2007,0.179
1860,2008,0.18
1860,2009,0.186
1860,2010,0.187
1860,2011,0.189
1860,2012,0.194
1860,2013,0.207
1860,2014,0.216
1860,2015,0.225
1860,2016,0.221
1860,2017,0.224
1860,2018,0.229
1860,2019,0.242
1860,2020,0.249
1860,2021,0.247
1861,2005,0.205
1861,2006,0.209
1861,2007,0.213
1861,2008,0.216
1861,2009,0.217
1861,2010,0.22
1861,2011,0.226
1861,2012,0.227
1861,2013,0.232
1861,2014,0.239
1861,2015,0.243
1861,2016,0.25
1861,2017,0.254
1861,2018,0.265
1861,2019,0.271
1861,2020,0.274
1861,2021,0.284
1862,2005,0.18
1862,2006,0.182
1862,2007,0.184
1862,2008,0.189
1862,2009,0.194
1862,2010,0.2
1862,2011,0.204
1862,2012,0.208
1862,2013,0.212
1862,2014,0.214
1862,2015,0.221
1862,2016,0.223
1862,2017,0.225
1862,2018,0.225
1862,2019,0.229
1862,2020,0.231
1862,2021,0.241
1863,2005,0.179
1863,2006,0.184
1863,2007,0.189
1863,2008,0.195
1863,2009,0.201
1863,2010,0.211
1863,2011,0.207
1863,2012,0.206
1863,2013,0.213
1863,2014,0.221
1863,2015,0.223
1863,2016,0.23
1863,2017,0.225
1863,2018,0.229
1863,2019,0.23
1863,2020,0.231
1863,2021,0.237
1864,2005,0.153
1864,2006,0.16
1864,2007,0.16
1864,2008,0.166
1864,2009,0.175
1864,2010,0.172
1864,2011,0.18
1864,2012,0.188
1864,2013,0.2
1864,2014,0.203
1864,2015,0.213
1864,2016,0.217
1864,2017,0.218
1864,2018,0.223
1864,2019,0.213
1864,2020,0.211
1864,2021,0.221
1880,2005,0.39
1880,2006,0.396
1880,2007,0.401
1880,2008,0.409
1880,2009,0.415
1880,2010,0.424
1880,2011,0.431
1880,2012,0.438
1880,2013,0.444
1880,2014,0.447
1880,2015,0.449
1880,2016,0.453
1880,2017,0.457
1880,2018,0.463
1880,2019,0.469
1880,2020,0.474
1880,2021,0.48
1881,2005,0.235
1881,2006,0.244
1881,2007,0.25
1881,2008,0.256
1881,2009,0.262
1881,2010,0.27
1881,2011,0.273
1881,2012,0.281
1881,2013,0.287
1881,2014,0.296
1881,2015,0.302
1881,2016,0.304
1881,2017,0.307
1881,2018,0.32
1881,2019,0.329
1881,2020,0.334
1881,2021,0.344
1882,2005,0.202
1882,2006,0.207
1882,2007,0.21
1882,2008,0.218
1882,2009,0.221
1882,2010,0.221
1882,2011,0.225
1882,2012,0.227
1882,2013,0.228
1882,2014,0.234
1882,2015,0.237
1882,2016,0.245
1882,2017,0.246
1882,2018,0.251
1882,2019,0.256
1882,2020,0.257
1882,2021,0.26
1883,2005,0.261
1883,2006,0.268
1883,2007,0.272
1883,2008,0.277
1883,2009,0.282
1883,2010,0.284
1883,2011,0.291
1883,2012,0.294
1883,2013,0.297
1883,2014,0.303
1883,2015,0.307
1883,2016,0.31
1883,2017,0.313
1883,2018,0.324
1883,2019,0.319
1883,2020,0.325
1883,2021,0.334
1884,2005,0.284
1884,2006,0.283
1884,2007,0.291
1884,2008,0.295
1884,2009,0.297
1884,2010,0.303
1884,2011,0.308
1884,2012,0.31
1884,2013,0.31
1884,2014,0.312
1884,2015,0.318
1884,2016,0.323
1884,2017,0.325
1884,2018,0.327
1884,2019,0.333
1884,2020,0.338
1884,2021,0.35
1885,2005,0.237
1885,2006,0.24
1885,2007,0.243
1885,2008,0.247
1885,2009,0.248
1885,2010,0.253
1885,2011,0.257
1885,2012,0.263
1885,2013,0.267
1885,2014,0.272
1885,2015,0.271
1885,2016,0.275
1885,2017,0.272
1885,2018,0.273
1885,2019,0.278
1885,2020,0.286
1885,2021,0.29
1904,2005,0.2
1904,2006,0.21
1904,2007,0.214
1904,2008,0.214
1904,2009,0.226
1904,2010,0.23
1904,2011,0.228
1904,2012,0.234
1904,2013,0.242
1904,2014,0.232
1904,2015,0.236
1904,2016,0.232
1904,2017,0.235
1904,2018,0.227
1904,2019,0.232
1904,2020,0.239
1904,2021,0.251
1907,2005,0.184
1907,2006,0.185
1907,2007,0.191
1907,2008,0.198
1907,2009,0.198
1907,2010,0.203
1907,2011,0.207
1907,2012,0.21
1907,2013,0.212
1907,2014,0.221
1907,2015,0.222
1907,2016,0.225
1907,2017,0.231
1907,2018,0.235
1907,2019,0.24
1907,2020,0.245
1907,2021,0.252
1960,2005,0.223
1960,2006,0.229
1960,2007,0.234
1960,2008,0.244
1960,2009,0.251
1960,2010,0.251
1960,2011,0.257
1960,2012,0.257
1960,2013,0.259
1960,2014,0.267
1960,2015,0.274
1960,2016,0.285
1960,2017,0.285
1960,2018,0.289
1960,2019,0.293
1960,2020,0.297
1960,2021,0.308
1961,2005,0.212
1961,2006,0.221
1961,2007,0.226
1961,2008,0.228
1961,2009,0.233
1961,2010,0.242
1961,2011,0.249
1961,2012,0.254
1961,2013,0.26
1961,2014,0.262
1961,2015,0.268
1961,2016,0.275
1961,2017,0.279
1961,2018,0.285
1961,2019,0.29
1961,2020,0.296
1961,2021,0.308
1962,2005,0.204
1962,2006,0.207
1962,2007,0.207
1962,2008,0.208
1962,2009,0.213
1962,2010,0.213
1962,2011,0.218
1962,2012,0.22
1962,2013,0.222
1962,2014,0.227
1962,2015,0.224
1962,2016,0.227
1962,2017,0.232
1962,2018,0.241
1962,2019,0.246
1962,2020,0.251
1962,2021,0.254
1980,2005,0.382
1980,2006,0.388
1980,2007,0.394
1980,2008,0.4
1980,2009,0.407
1980,2010,0.412
1980,2011,0.418
1980,2012,0.425
1980,2013,0.43
1980,2014,0.436
1980,2015,0.439
1980,2016,0.442
1980,2017,0.446
1980,2018,0.452
1980,2019,0.457
1980,2020,0.462
1980,2021,0.469
1981,2005,0.247
1981,2006,0.251
1981,2007,0.257
1981,2008,0.262
1981,2009,0.267
1981,2010,0.27
1981,2011,0.276
1981,2012,0.282
1981,2013,0.284
1981,2014,0.289
1981,2015,0.289
1981,2016,0.294
1981,2017,0.3
1981,2018,0.312
1981,2019,0.316
1981,2020,0.318
1981,2021,0.323
1982,2005,0.206
1982,2006,0.207
1982,2007,0.211
1982,2008,0.216
1982,2009,0.217
1982,2010,0.218
1982,2011,0.228
1982,2012,0.229
1982,2013,0.231
1982,2014,0.243
1982,2015,0.249
1982,2016,0.25
1982,2017,0.258
1982,2018,0.258
1982,2019,0.255
1982,2020,0.258
1982,2021,0.266
1983,2005,0.227
1983,2006,0.23
1983,2007,0.235
1983,2008,0.242
1983,2009,0.245
1983,2010,0.249
1983,2011,0.255
1983,2012,0.257
1983,2013,0.261
1983,2014,0.266
1983,2015,0.273
1983,2016,0.278
1983,2017,0.282
1983,2018,0.283
1983,2019,0.289
1983,2020,0.293
1983,2021,0.299
1984,2005,0.246
1984,2006,0.254
1984,2007,0.266
1984,2008,0.269
1984,2009,0.271
1984,2010,0.278
1984,2011,0.286
1984,2012,0.29
1984,2013,0.298
1984,2014,0.298
1984,2015,0.304
1984,2016,0.311
1984,2017,0.312
1984,2018,0.317
1984,2019,0.319
1984,2020,0.327
1984,2021,0.331
2021,2005,0.167
2021,2006,0.173
2021,2007,0.18
2021,2008,0.182
2021,2009,0.188
2021,2010,0.192
2021,2011,0.191
2021,2012,0.195
2021,2013,0.201
2021,2014,0.205
2021,2015,0.215
2021,2016,0.216
2021,2017,0.222
2021,2018,0.225
2021,2019,0.23
2021,2020,0.235
2021,2021,0.24
2023,2005,0.184
2023,2006,0.194
2023,2007,0.2
2023,2008,0.208
2023,2009,0.213
2023,2010,0.216
2023,2011,0.223
2023,2012,0.223
2023,2013,0.229
2023,2014,0.232
2023,2015,0.24
2023,2016,0.248
2023,2017,0.255
2023,2018,0.251
2023,2019,0.257
2023,2020,0.261
2023,2021,0.27
2026,2005,0.253
2026,2006,0.26
2026,2007,0.263
2026,2008,0.269
2026,2009,0.274
2026,2010,0.283
2026,2011,0.292
2026,2012,0.3
2026,2013,0.306
2026,2014,0.303
2026,2015,0.301
2026,2016,0.303
2026,2017,0.301
2026,2018,0.305
2026,2019,0.311
2026,2020,0.317
2026,2021,0.33
2029,2005,0.299
2029,2006,0.306
2029,2007,0.315
2029,2008,0.316
2029,2009,0.323
2029,2010,0.324
2029,2011,0.334
2029,2012,0.339
2029,2013,0.346
2029,2014,0.352
2029,2015,0.356
2029,2016,0.36
2029,2017,0.366
2029,2018,0.374
2029,2019,0.38
2029,2020,0.381
2029,2021,0.39
2031,2005,0.238
2031,2006,0.249
2031,2007,0.256
2031,2008,0.26
2031,2009,0.267
2031,2010,0.27
2031,2011,0.274
2031,2012,0.281
2031,2013,0.29
2031,2014,0.298
2031,2015,0.304
2031,2016,0.305
2031,2017,0.304
2031,2018,0.306
2031,2019,0.308
2031,2020,0.313
2031,2021,0.32
2034,2005,0.239
2034,2006,0.245
2034,2007,0.251
2034,2008,0.251
2034,2009,0.257
2034,2010,0.254
2034,2011,0.254
2034,2012,0.255
2034,2013,0.262
2034,2014,0.264
2034,2015,0.266
2034,2016,0.268
2034,2017,0.276
2034,2018,0.277
2034,2019,0.275
2034,2020,0.284
2034,2021,0.286
2039,2005,0.169
2039,2006,0.176
2039,2007,0.186
2039,2008,0.192
2039,2009,0.197
2039,2010,0.202
2039,2011,0.207
2039,2012,0.209
2039,2013,0.21
2039,2014,0.208
2039,2015,0.219
2039,2016,0.224
2039,2017,0.222
2039,2018,0.231
2039,2019,0.233
2039,2020,0.236
2039,2021,0.245
2061,2005,0.196
2061,2006,0.202
2061,2007,0.207
2061,2008,0.208
2061,2009,0.215
2061,2010,0.221
2061,2011,0.228
2061,2012,0.226
2061,2013,0.231
2061,2014,0.232
2061,2015,0.238
2061,2016,0.243
2061,2017,0.252
2061,2018,0.252
2061,2019,0.255
2061,2020,0.263
2061,2021,0.273
2062,2005,0.259
2062,2006,0.266
2062,2007,0.274
2062,2008,0.28
2062,2009,0.287
2062,2010,0.295
2062,2011,0.302
2062,2012,0.31
2062,2013,0.319
2062,2014,0.324
2062,2015,0.331
2062,2016,0.34
2062,2017,0.338
2062,2018,0.341
2062,2019,0.347
2062,2020,0.353
2062,2021,0.364
2080,2005,0.375
2080,2006,0.383
2080,2007,0.388
2080,2008,0.393
2080,2009,0.4
2080,2010,0.408
2080,2011,0.414
2080,2012,0.42
2080,2013,0.424
2080,2014,0.429
2080,2015,0.432
2080,2016,0.44
2080,2017,0.445
2080,2018,0.452
2080,2019,0.458
2080,2020,0.463
2080,2021,0.472
2081,2005,0.278
2081,2006,0.283
2081,2007,0.289
2081,2008,0.295
2081,2009,0.302
2081,2010,0.309
2081,2011,0.312
2081,2012,0.316
2081,2013,0.32
2081,2014,0.326
2081,2015,0.329
2081,2016,0.332
2081,2017,0.336
2081,2018,0.341
2081,2019,0.345
2081,2020,0.351
2081,2021,0.355
2082,2005,0.257
2082,2006,0.259
2082,2007,0.263
2082,2008,0.27
2082,2009,0.274
2082,2010,0.276
2082,2011,0.28
2082,2012,0.283
2082,2013,0.287
2082,2014,0.292
2082,2015,0.297
2082,2016,0.301
2082,2017,0.305
2082,2018,0.31
2082,2019,0.321
2082,2020,0.324
2082,2021,0.334
2083,2005,0.219
2083,2006,0.225
2083,2007,0.229
2083,2008,0.23
2083,2009,0.234
2083,2010,0.238
2083,2011,0.243
2083,2012,0.245
2083,2013,0.247
2083,2014,0.252
2083,2015,0.262
2083,2016,0.266
2083,2017,0.271
2083,2018,0.275
2083,2019,0.28
2083,2020,0.283
2083,2021,0.286
2084,2005,0.204
2084,2006,0.208
2084,2007,0.214
2084,2008,0.221
2084,2009,0.226
2084,2010,0.231
2084,2011,0.237
2084,2012,0.241
2084,2013,0.247
2084,2014,0.254
2084,2015,0.257
2084,2016,0.264
2084,2017,0.264
2084,2018,0.264
2084,2019,0.268
2084,2020,0.271
2084,2021,0.277
2085,2005,0.248
2085,2006,0.253
2085,2007,0.26
2085,2008,0.268
2085,2009,0.279
2085,2010,0.287
2085,2011,0.292
2085,2012,0.3
2085,2013,0.302
2085,2014,0.308
2085,2015,0.31
2085,2016,0.312
2085,2017,0.316
2085,2018,0.319
2085,2019,0.322
2085,2020,0.328
2085,2021,0.336
2101,2005,0.206
2101,2006,0.216
2101,2007,0.22
2101,2008,0.227
2101,2009,0.229
2101,2010,0.23
2101,2011,0.234
2101,2012,0.241
2101,2013,0.236
2101,2014,0.237
2101,2015,0.241
2101,2016,0.239
2101,2017,0.243
2101,2018,0.254
2101,2019,0.263
2101,2020,0.266
2101,2021,0.269
2104,2005,0.192
2104,2006,0.196
2104,2007,0.2
2104,2008,0.204
2104,2009,0.207
2104,2010,0.21
2104,2011,0.212
2104,2012,0.216
2104,2013,0.211
2104,2014,0.211
2104,2015,0.215
2104,2016,0.216
2104,2017,0.217
2104,2018,0.222
2104,2019,0.228
2104,2020,0.233
2104,2021,0.241
2121,2005,0.17
2121,2006,0.178
2121,2007,0.183
2121,2008,0.19
2121,2009,0.193
2121,2010,0.199
2121,2011,0.206
2121,2012,0.213
2121,2013,0.218
2121,2014,0.226
2121,2015,0.235
2121,2016,0.242
2121,2017,0.245
2121,2018,0.252
2121,2019,0.255
2121,2020,0.264
2121,2021,0.272
2132,2005,0.191
2132,2006,0.193
2132,2007,0.201
2132,2008,0.207
2132,2009,0.208
2132,2010,0.211
2132,2011,0.217
2132,2012,0.223
2132,2013,0.224
2132,2014,0.227
2132,2015,0.233
2132,2016,0.24
2132,2017,0.245
2132,2018,0.248
2132,2019,0.254
2132,2020,0.263
2132,2021,0.274
2161,2005,0.194
2161,2006,0.199
2161,2007,0.207
2161,2008,0.21
2161,2009,0.213
2161,2010,0.217
2161,2011,0.221
2161,2012,0.222
2161,2013,0.226
2161,2014,0.232
2161,2015,0.236
2161,2016,0.238
2161,2017,0.242
2161,2018,0.249
2161,2019,0.258
2161,2020,0.262
2161,2021,0.27
2180,2005,0.333
2180,2006,0.34
2180,2007,0.347
2180,2008,0.353
2180,2009,0.36
2180,2010,0.367
2180,2011,0.374
2180,2012,0.379
2180,2013,0.386
2180,2014,0.393
2180,2015,0.397
2180,2016,0.403
2180,2017,0.404
2180,2018,0.412
2180,2019,0.416
2180,2020,0.423
2180,2021,0.428
2181,2005,0.252
2181,2006,0.258
2181,2007,0.264
2181,2008,0.271
2181,2009,0.277
2181,2010,0.283
2181,2011,0.292
2181,2012,0.296
2181,2013,0.3
2181,2014,0.303
2181,2015,0.304
2181,2016,0.305
2181,2017,0.306
2181,2018,0.31
2181,2019,0.316
2181,2020,0.319
2181,2021,0.323
2182,2005,0.209
2182,2006,0.214
2182,2007,0.219
2182,2008,0.226
2182,2009,0.231
2182,2010,0.238
2182,2011,0.239
2182,2012,0.243
2182,2013,0.247
2182,2014,0.254
2182,2015,0.261
2182,2016,0.268
2182,2017,0.266
2182,2018,0.27
2182,2019,0.275
2182,2020,0.281
2182,2021,0.287
2183,2005,0.228
2183,2006,0.235
2183,2007,0.242
2183,2008,0.247
2183,2009,0.254
2183,2010,0.26
2183,2011,0.265
2183,2012,0.269
2183,2013,0.275
2183,2014,0.28
2183,2015,0.282
2183,2016,0.287
2183,2017,0.288
2183,2018,0.294
2183,2019,0.3
2183,2020,0.303
2183,2021,0.311
2184,2005,0.26
2184,2006,0.268
2184,2007,0.273
2184,2008,0.278
2184,2009,0.288
2184,2010,0.296
2184,2011,0.303
2184,2012,0.31
2184,2013,0.315
2184,2014,0.322
2184,2015,0.327
2184,2016,0.332
2184,2017,0.336
2184,2018,0.34
2184,2019,0.346
2184,2020,0.355
2184,2021,0.365
2260,2005,0.183
2260,2006,0.188
2260,2007,0.192
2260,2008,0.194
2260,2009,0.202
2260,2010,0.206
2260,2011,0.212
2260,2012,0.214
2260,2013,0.217
2260,2014,0.222
2260,2015,0.225
2260,2016,0.229
2260,2017,0.234
2260,2018,0.239
2260,2019,0.24
2260,2020,0.243
2260,2021,0.249
2262,2005,0.22
2262,2006,0.225
2262,2007,0.233
2262,2008,0.239
2262,2009,0.248
2262,2010,0.257
2262,2011,0.263
2262,2012,0.269
2262,2013,0.274
2262,2014,0.277
2262,2015,0.28
2262,2016,0.287
2262,2017,0.294
2262,2018,0.297
2262,2019,0.303
2262,2020,0.306
2262,2021,0.316
2280,2005,0.353
2280,2006,0.356
2280,2007,0.359
2280,2008,0.362
2280,2009,0.365
2280,2010,0.371
2280,2011,0.376
2280,2012,0.378
2280,2013,0.379
2280,2014,0.38
2280,2015,0.38
2280,2016,0.378
2280,2017,0.381
2280,2018,0.395
2280,2019,0.396
2280,2020,0.401
2280,2021,0.407
2281,2005,0.337
2281,2006,0.344
2281,2007,0.35
2281,2008,0.356
2281,2009,0.363
2281,2010,0.371
2281,2011,0.377
2281,2012,0.383
2281,2013,0.388
2281,2014,0.393
2281,2015,0.396
2281,2016,0.401
2281,2017,0.407
2281,2018,0.413
2281,2019,0.419
2281,2020,0.426
2281,2021,0.431
2282,2005,0.213
2282,2006,0.218
2282,2007,0.222
2282,2008,0.227
2282,2009,0.233
2282,2010,0.239
2282,2011,0.242
2282,2012,0.247
2282,2013,0.254
2282,2014,0.257
2282,2015,0.261
2282,2016,0.261
2282,2017,0.261
2282,2018,0.266
2282,2019,0.268
2282,2020,0.275
2282,2021,0.284
2283,2005,0.253
2283,2006,0.255
2283,2007,0.258
2283,2008,0.262
2283,2009,0.268
2283,2010,0.271
2283,2011,0.276
2283,2012,0.279
2283,2013,0.279
2283,2014,0.284
2283,2015,0.284
2283,2016,0.287
2283,2017,0.287
2283,2018,0.291
2283,2019,0.296
2283,2020,0.302
2283,2021,0.31
2284,2005,0.289
2284,2006,0.301
2284,2007,0.31
2284,2008,0.318
2284,2009,0.325
2284,2010,0.332
2284,2011,0.339
2284,2012,0.348
2284,2013,0.354
2284,2014,0.359
2284,2015,0.362
2284,2016,0.366
2284,2017,0.371
2284,2018,0.374
2284,2019,0.379
2284,2020,0.385
2284,2021,0.392
2303,2005,0.182
2303,2006,0.19
2303,2007,0.196
2303,2008,0.197
2303,2009,0.201
2303,2010,0.202
2303,2011,0.204
2303,2012,0.199
2303,2013,0.198
2303,2014,0.204
2303,2015,0.212
2303,2016,0.217
2303,2017,0.22
2303,2018,0.222
2303,2019,0.223
2303,2020,0.222
2303,2021,0.227
2305,2005,0.204
2305,2006,0.21
2305,2007,0.214
2305,2008,0.215
2305,2009,0.227
2305,2010,0.233
2305,2011,0.231
2305,2012,0.226
2305,2013,0.227
2305,2014,0.228
2305,2015,0.234
2305,2016,0.24
2305,2017,0.246
2305,2018,0.249
2305,2019,0.251
2305,2020,0.249
2305,2021,0.258
2309,2005,0.285
2309,2006,0.295
2309,2007,0.305
2309,2008,0.313
2309,2009,0.32
2309,2010,0.329
2309,2011,0.336
2309,2012,0.342
2309,2013,0.349
2309,2014,0.353
2309,2015,0.357
2309,2016,0.361
2309,2017,0.368
2309,2018,0.376
2309,2019,0.379
2309,2020,0.388
2309,2021,0.399
2313,2005,0.186
2313,2006,0.193
2313,2007,0.197
2313,2008,0.202
2313,2009,0.206
2313,2010,0.211
2313,2011,0.218
2313,2012,0.222
2313,2013,0.228
2313,2014,0.23
2313,2015,0.229
2313,2016,0.23
2313,2017,0.234
2313,2018,0.239
2313,2019,0.241
2313,2020,0.246
2313,2021,0.252
2321,2005,0.298
2321,2006,0.302
2321,2007,0.31
2321,2008,0.323
2321,2009,0.329
2321,2010,0.337
2321,2011,0.345
2321,2012,0.358
2321,2013,0.359
2321,2014,0.366
2321,2015,0.371
2321,2016,0.376
2321,2017,0.388
2321,2018,0.394
2321,2019,0.403
2321,2020,0.419
2321,2021,0.438
2326,2005,0.217
2326,2006,0.22
2326,2007,0.226
2326,2008,0.226
2326,2009,0.228
2326,2010,0.228
2326,2011,0.239
2326,2012,0.241
2326,2013,0.249
2326,2014,0.254
2326,2015,0.255
2326,2016,0.261
2326,2017,0.261
2326,2018,0.263
2326,2019,0.27
2326,2020,0.278
2326,2021,0.285
2361,2005,0.19
2361,2006,0.192
2361,2007,0.199
2361,2008,0.208
2361,2009,0.212
2361,2010,0.211
2361,2011,0.214
2361,2012,0.219
2361,2013,0.225
2361,2014,0.23
2361,2015,0.231
2361,2016,0.234
2361,2017,0.239
2361,2018,0.251
2361,2019,0.259
2361,2020,0.271
2361,2021,0.285
2380,2005,0.39
2380,2006,0.398
2380,2007,0.405
2380,2008,0.412
2380,2009,0.418
2380,2010,0.423
2380,2011,0.428
2380,2012,0.432
2380,2013,0.434
2380,2014,0.437
2380,2015,0.44
2380,2016,0.444
2380,2017,0.45
2380,2018,0.454
2380,2019,0.46
2380,2020,0.465
2380,2021,0.471
2401,2005,0.209
2401,2006,0.212
2401,2007,0.217
2401,2008,0.221
2401,2009,0.227
2401,2010,0.232
2401,2011,0.238
2401,2012,0.245
2401,2013,0.244
2401,2014,0.249
2401,2015,0.253
2401,2016,0.262
2401,2017,0.259
2401,2018,0.266
2401,2019,0.269
2401,2020,0.269
2401,2021,0.284
2403,2005,0.207
2403,2006,0.21
2403,2007,0.222
2403,2008,0.236
2403,2009,0.242
2403,2010,0.235
2403,2011,0.237
2403,2012,0.231
2403,2013,0.24
2403,2014,0.249
2403,2015,0.252
2403,2016,0.247
2403,2017,0.253
2403,2018,0.259
2403,2019,0.26
2403,2020,0.265
2403,2021,0.268
2404,2005,0.228
2404,2006,0.23
2404,2007,0.231
2404,2008,0.236
2404,2009,0.241
2404,2010,0.248
2404,2011,0.255
2404,2012,0.261
2404,2013,0.271
2404,2014,0.283
2404,2015,0.286
2404,2016,0.288
2404,2017,0.29
2404,2018,0.292
2404,2019,0.299
2404,2020,0.303
2404,2021,0.314
2409,2005,0.249
2409,2006,0.256
2409,2007,0.258
2409,2008,0.265
2409,2009,0.268
2409,2010,0.272
2409,2011,0.281
2409,2012,0.281
2409,2013,0.288
2409,2014,0.289
2409,2015,0.286
2409,2016,0.292
2409,2017,0.3
2409,2018,0.308
2409,2019,0.311
2409,2020,0.318
2409,2021,0.321
2417,2005,0.175
2417,2006,0.181
2417,2007,0.186
2417,2008,0.194
2417,2009,0.202
2417,2010,0.207
2417,2011,0.21
2417,2012,0.219
2417,2013,0.218
2417,2014,0.226
2417,2015,0.227
2417,2016,0.223
2417,2017,0.223
2417,2018,0.223
2417,2019,0.231
2417,2020,0.238
2417,2021,0.241
2418,2005,0.209
2418,2006,0.208
2418,2007,0.211
2418,2008,0.216
2418,2009,0.22
2418,2010,0.218
2418,2011,0.223
2418,2012,0.23
2418,2013,0.239
2418,2014,0.237
2418,2015,0.237
2418,2016,0.241
2418,2017,0.245
2418,2018,0.245
2418,2019,0.255
2418,2020,0.261
2418,2021,0.261
2421,2005,0.226
2421,2006,0.228
2421,2007,0.234
2421,2008,0.239
2421,2009,0.246
2421,2010,0.252
2421,2011,0.259
2421,2012,0.266
2421,2013,0.276
2421,2014,0.281
2421,2015,0.292
2421,2016,0.294
2421,2017,0.293
2421,2018,0.295
2421,2019,0.3
2421,2020,0.3
2421,2021,0.312
2422,2005,0.21
2422,2006,0.217
2422,2007,0.228
2422,2008,0.228
2422,2009,0.221
2422,2010,0.23
2422,2011,0.233
2422,2012,0.241
2422,2013,0.259
2422,2014,0.256
2422,2015,0.255
2422,2016,0.252
2422,2017,0.259
2422,2018,0.266
2422,2019,0.265
2422,2020,0.27
2422,2021,0.273
2425,2005,0.168
2425,2006,0.166
2425,2007,0.166
2425,2008,0.163
2425,2009,0.17
2425,2010,0.172
2425,2011,0.175
2425,2012,0.182
2425,2013,0.194
2425,2014,0.195
2425,2015,0.199
2425,2016,0.201
2425,2017,0.207
2425,2018,0.217
2425,2019,0.228
2425,2020,0.238
2425,2021,0.236
2460,2005,0.302
2460,2006,0.31
2460,2007,0.316
2460,2008,0.324
2460,2009,0.326
2460,2010,0.332
2460,2011,0.339
2460,2012,0.343
2460,2013,0.349
2460,2014,0.355
2460,2015,0.365
2460,2016,0.369
2460,2017,0.37
2460,2018,0.374
2460,2019,0.375
2460,2020,0.386
2460,2021,0.392
2462,2005,0.217
2462,2006,0.22
2462,2007,0.218
2462,2008,0.221
2462,2009,0.227
2462,2010,0.229
2462,2011,0.237
2462,2012,0.236
2462,2013,0.235
2462,2014,0.24
2462,2015,0.246
2462,2016,0.25
2462,2017,0.253
2462,2018,0.256
2462,2019,0.263
2462,2020,0.263
2462,2021,0.265
2463,2005,0.204
2463,2006,0.198
2463,2007,0.212
2463,2008,0.223
2463,2009,0.224
2463,2010,0.226
2463,2011,0.229
2463,2012,0.241
2463,2013,0.251
2463,2014,0.263
2463,2015,0.273
2463,2016,0.274
2463,2017,0.283
2463,2018,0.282
2463,2019,0.283
2463,2020,0.284
2463,2021,0.297
2480,2005,0.507
2480,2006,0.513
2480,2007,0.519
2480,2008,0.523
2480,2009,0.531
2480,2010,0.538
2480,2011,0.544
2480,2012,0.548
2480,2013,0.552
2480,2014,0.558
2480,2015,0.558
2480,2016,0.562
2480,2017,0.565
2480,2018,0.569
2480,2019,0.574
2480,2020,0.578
2480,2021,0.583
2481,2005,0.279
2481,2006,0.281
2481,2007,0.285
2481,2008,0.286
2481,2009,0.291
2481,2010,0.298
2481,2011,0.298
2481,2012,0.301
2481,2013,0.297
2481,2014,0.301
2481,2015,0.303
2481,2016,0.304
2481,2017,0.307
2481,2018,0.311
2481,2019,0.314
2481,2020,0.317
2481,2021,0.325
2482,2005,0.306
2482,2006,0.315
2482,2007,0.321
2482,2008,0.328
2482,2009,0.334
2482,2010,0.341
2482,2011,0.346
2482,2012,0.352
2482,2013,0.358
2482,2014,0.364
2482,2015,0.367
2482,2016,0.371
2482,2017,0.375
2482,2018,0.38
2482,2019,0.384
2482,2020,0.389
2482,2021,0.398
2505,2005,0.238
2505,2006,0.246
2505,2007,0.246
2505,2008,0.244
2505,2009,0.248
2505,2010,0.253
2505,2011,0.254
2505,2012,0.254
2505,2013,0.251
2505,2014,0.253
2505,2015,0.252
2505,2016,0.258
2505,2017,0.255
2505,2018,0.261
2505,2019,0.265
2505,2020,0.266
2505,2021,0.268
2506,2005,0.228
2506,2006,0.234
2506,2007,0.239
2506,2008,0.252
2506,2009,0.253
2506,2010,0.245
2506,2011,0.249
2506,2012,0.25
2506,2013,0.257
2506,2014,0.252
2506,2015,0.253
2506,2016,0.255
2506,2017,0.25
2506,2018,0.256
2506,2019,0.258
2506,2020,0.266
2506,2021,0.274
2510,2005,0.248
2510,2006,0.257
2510,2007,0.261
2510,2008,0.266
2510,2009,0.274
2510,2010,0.279
2510,2011,0.289
2510,2012,0.287
2510,2013,0.291
2510,2014,0.294
2510,2015,0.301
2510,2016,0.304
2510,2017,0.306
2510,2018,0.307
2510,2019,0.306
2510,2020,0.312
2510,2021,0.323
2513,2005,0.195
2513,2006,0.204
2513,2007,0.204
2513,2008,0.205
2513,2009,0.213
2513,2010,0.22
2513,2011,0.22
2513,2012,0.219
2513,2013,0.218
2513,2014,0.223
2513,2015,0.22
2513,2016,0.231
2513,2017,0.233
2513,2018,0.228
2513,2019,0.23
2513,2020,0.238
2513,2021,0.243
2514,2005,0.248
2514,2006,0.256
2514,2007,0.261
2514,2008,0.264
2514,2009,0.269
2514,2010,0.269
2514,2011,0.273
2514,2012,0.274
2514,2013,0.28
2514,2014,0.28
2514,2015,0.283
2514,2016,0.282
2514,2017,0.284
2514,2018,0.291
2514,2019,0.296
2514,2020,0.3
2514,2021,0.304
2518,2005,0.229
2518,2006,0.232
2518,2007,0.235
2518,2008,0.238
2518,2009,0.242
2518,2010,0.245
2518,2011,0.251
2518,2012,0.255
2518,2013,0.257
2518,2014,0.26
2518,2015,0.257
2518,2016,0.26
2518,2017,0.273
2518,2018,0.279
2518,2019,0.281
2518,2020,0.283
2518,2021,0.302
2521,2005,0.206
2521,2006,0.214
2521,2007,0.222
2521,2008,0.228
2521,2009,0.226
2521,2010,0.229
2521,2011,0.231
2521,2012,0.241
2521,2013,0.24
2521,2014,0.243
2521,2015,0.243
2521,2016,0.25
2521,2017,0.249
2521,2018,0.248
2521,2019,0.25
2521,2020,0.253
2521,2021,0.256
2523,2005,0.222
2523,2006,0.226
2523,2007,0.233
2523,2008,0.237
2523,2009,0.237
2523,2010,0.239
2523,2011,0.244
2523,2012,0.248
2523,2013,0.255
2523,2014,0.261
2523,2015,0.262
2523,2016,0.263
2523,2017,0.264
2523,2018,0.266
2523,2019,0.27
2523,2020,0.276
2523,2021,0.28
2560,2005,0.198
2560,2006,0.205
2560,2007,0.205
2560,2008,0.209
2560,2009,0.21
2560,2010,0.216
2560,2011,0.222
2560,2012,0.223
2560,2013,0.224
2560,2014,0.227
2560,2015,0.232
2560,2016,0.235
2560,2017,0.239
2560,2018,0.243
2560,2019,0.248
2560,2020,0.255
2560,2021,0.259
2580,2005,0.403
2580,2006,0.412
2580,2007,0.416
2580,2008,0.421
2580,2009,0.427
2580,2010,0.435
2580,2011,0.442
2580,2012,0.451
2580,2013,0.459
2580,2014,0.466
2580,2015,0.469
2580,2016,0.472
2580,2017,0.475
2580,2018,0.478
2580,2019,0.483
2580,2020,0.489
2580,2021,0.496
2581,2005,0.292
2581,2006,0.3
2581,2007,0.306
2581,2008,0.313
2581,2009,0.318
2581,2010,0.323
2581,2011,0.33
2581,2012,0.335
2581,2013,0.342
2581,2014,0.348
2581,2015,0.351
2581,2016,0.354
2581,2017,0.357
2581,2018,0.363
2581,2019,0.367
2581,2020,0.375
2581,2021,0.38
2582,2005,0.351
2582,2006,0.352
2582,2007,0.356
2582,2008,0.359
2582,2009,0.362
2582,2010,0.367
2582,2011,0.369
2582,2012,0.372
2582,2013,0.376
2582,2014,0.376
2582,2015,0.377
2582,2016,0.38
2582,2017,0.382
2582,2018,0.384
2582,2019,0.384
2582,2020,0.388
2582,2021,0.394
2583,2005,0.188
2583,2006,0.198
2583,2007,0.203
2583,2008,0.207
2583,2009,0.211
2583,2010,0.214
2583,2011,0.218
2583,2012,0.221
2583,2013,0.218
2583,2014,0.223
2583,2015,0.226
2583,2016,0.226
2583,2017,0.239
2583,2018,0.246
2583,2019,0.248
2583,2020,0.255
2583,2021,0.26
2584,2005,0.255
2584,2006,0.265
2584,2007,0.27
2584,2008,0.275
2584,2009,0.28
2584,2010,0.286
2584,2011,0.288
2584,2012,0.295
2584,2013,0.3
2584,2014,0.304
2584,2015,0.306
2584,2016,0.304
2584,2017,0.304
2584,2018,0.31
2584,2019,0.314
2584,2020,0.317
2584,2021,0.319
