kommun,year,mean_invand
0114,2005,0.208
0114,2006,0.211
0114,2007,0.213
0114,2008,0.219
0114,2009,0.223
0114,2010,0.229
0114,2011,0.238
0114,2012,0.241
0114,2013,0.249
0114,2014,0.252
0114,2015,0.261
0114,2016,0.274
0114,2017,0.281
0114,2018,0.291
0114,2019,0.3
0114,2020,0.306
0114,2021,0.315
0115,2005,0.106
0115,2006,0.106
0115,2007,0.107
0115,2008,0.108
0115,2009,0.109
0115,2010,0.111
0115,2011,0.114
0115,2012,0.118
0115,2013,0.119
0115,2014,0.121
0115,2015,0.123
0115,2016,0.128
0115,2017,0.134
0115,2018,0.138
0115,2019,0.145
0115,2020,0.145
0115,2021,0.148
0117,2005,0.11
0117,2006,0.109
0117,2007,0.111
0117,2008,0.114
0117,2009,0.117
0117,2010,0.119
0117,2011,0.123
0117,2012,0.128
0117,2013,0.13
0117,2014,0.134
0117,2015,0.14
0117,2016,0.148
0117,2017,0.155
0117,2018,0.157
0117,2019,0.159
0117,2020,0.161
0117,2021,0.165
0120,2005,0.099
0120,2006,0.1
0120,2007,0.102
0120,2008,0.105
0120,2009,0.107
0120,2010,0.108
0120,2011,0.109
0120,2012,0.11
0120,2013,0.111
0120,2014,0.114
0120,2015,0.115
0120,2016,0.118
0120,2017,0.126
0120,2018,0.131
0120,2019,0.133
0120,2020,0.133
0120,2021,0.133
0123,2005,0.194
0123,2006,0.199
0123,2007,0.206
0123,2008,0.214
0123,2009,0.22
0123,2010,0.227
0123,2011,0.234
0123,2012,0.239
0123,2013,0.245
0123,2014,0.253
0123,2015,0.26
0123,2016,0.271
0123,2017,0.28
0123,2018,0.293
0123,2019,0.302
0123,2020,0.31
0123,2021,0.321
0125,2005,0.082
0125,2006,0.083
0125,2007,0.085
0125,2008,0.085
0125,2009,0.087
0125,2010,0.092
0125,2011,0.094
0125,2012,0.098
0125,2013,0.099
0125,2014,0.102
0125,2015,0.103
0125,2016,0.108
0125,2017,0.113
0125,2018,0.123
0125,2019,0.127
0125,2020,0.128
0125,2021,0.129
0126,2005,0.219
0126,2006,0.226
0126,2007,0.232
0126,2008,0.239
0126,2009,0.245
0126,2010,0.25
0126,2011,0.254
0126,2012,0.258
0126,2013,0.261
0126,2014,0.264
0126,2015,0.27
0126,2016,0.275
0126,2017,0.28
0126,2018,0.286
0126,2019,0.29
0126,2020,0.291
0126,2021,0.292
0127,2005,0.335
0127,2006,0.34
0127,2007,0.346
0127,2008,0.351
0127,2009,0.357
0127,2010,0.364
0127,2011,0.372
0127,2012,0.378
0127,2013,0.382
0127,2014,0.385
0127,2015,0.388
0127,2016,0.393
0127,2017,0.399
0127,2018,0.404
0127,2019,0.411
0127,2020,0.412
0127,2021,0.413
0128,2005,0.134
0128,2006,0.135
0128,2007,0.138
0128,2008,0.14
0128,2009,0.143
0128,2010,0.147
0128,2011,0.15
0128,2012,0.153
0128,2013,0.159
0128,2014,0.167
0128,2015,0.175
0128,2016,0.182
0128,2017,0.19
0128,2018,0.194
0128,2019,0.2
0128,2020,0.206
0128,2021,0.213
0136,2005,0.182
0136,2006,0.188
0136,2007,0.194
0136,2008,0.201
0136,2009,0.207
0136,2010,0.21
0136,2011,0.216
0136,2012,0.221
0136,2013,0.226
0136,2014,0.231
0136,2015,0.235
0136,2016,0.243
0136,2017,0.252
0136,2018,0.256
0136,2019,0.263
0136,2020,0.265
0136,2021,0.27
0138,2005,0.132
0138,2006,0.132
0138,2007,0.133
0138,2008,0.135
0138,2009,0.137
0138,2010,0.14
0138,2011,0.141
0138,2012,0.143
0138,2013,0.144
0138,2014,0.146
0138,2015,0.15
0138,2016,0.154
0138,2017,0.156
0138,2018,0.163
0138,2019,0.167
0138,2020,0.167
0138,2021,0.169
0139,2005,0.18
0139,2006,0.185
0139,2007,0.189
0139,2008,0.196
0139,2009,0.201
0139,2010,0.206
0139,2011,0.211
0139,2012,0.214
0139,2013,0.218
0139,2014,0.224
0139,2015,0.229
0139,2016,0.238
0139,2017,0.246
0139,2018,0.261
0139,2019,0.273
0139,2020,0.282
0139,2021,0.292
0140,2005,0.106
0140,2006,0.106
0140,2007,0.108
0140,2008,0.107
0140,2009,0.107
0140,2010,0.106
0140,2011,0.108
0140,2012,0.107
0140,2013,0.109
0140,2014,0.11
0140,2015,0.111
0140,2016,0.114
0140,2017,0.117
0140,2018,0.12
0140,2019,0.123
0140,2020,0.125
0140,2021,0.13
0160,2005,0.132
0160,2006,0.134
0160,2007,0.135
0160,2008,0.137
0160,2009,0.14
0160,2010,0.141
0160,2011,0.145
0160,2012,0.147
0160,2013,0.149
0160,2014,0.152
0160,2015,0.157
0160,2016,0.163
0160,2017,0.168
0160,2018,0.174
0160,2019,0.177
0160,2020,0.18
0160,2021,0.184
0162,2005,0.133
0162,2006,0.129
0162,2007,0.132
0162,2008,0.132
0162,2009,0.135
0162,2010,0.137
0162,2011,0.14
0162,2012,0.14
0162,2013,0.144
0162,2014,0.146
0162,2015,0.148
0162,2016,0.153
0162,2017,0.159
0162,2018,0.164
0162,2019,0.165
0162,2020,0.164
0162,2021,0.167
0163,2005,0.165
0163,2006,0.168
0163,2007,0.172
0163,2008,0.175
0163,2009,0.183
0163,2010,0.191
0163,2011,0.197
0163,2012,0.203
0163,2013,0.207
0163,2014,0.215
0163,2015,0.219
0163,2016,0.227
0163,2017,0.237
0163,2018,0.245
0163,2019,0.255
0163,2020,0.256
0163,2021,0.263
0180,2005,0.197
0180,2006,0.201
0180,2007,0.204
0180,2008,0.208
0180,2009,0.212
0180,2010,0.216
0180,2011,0.22
0180,2012,0.222
0180,2013,0.224
0180,2014,0.226
0180,2015,0.228
0180,2016,0.232
0180,2017,0.238
0180,2018,0.242
0180,2019,0.245
0180,2020,0.244
0180,2021,0.247
0181,2005,0.253
0181,2006,0.266
0181,2007,0.281
0181,2008,0.292
0181,2009,0.303
0181,2010,0.312
0181,2011,0.322
0181,2012,0.332
0181,2013,0.343
0181,2014,0.355
0181,2015,0.365
0181,2016,0.373
0181,2017,0.381
0181,2018,0.389
0181,2019,0.397
0181,2020,0.403
0181,2021,0.409
0182,2005,0.161
0182,2006,0.161
0182,2007,0.163
0182,2008,0.164
0182,2009,0.166
0182,2010,0.169
0182,2011,0.171
0182,2012,0.173
0182,2013,0.173
0182,2014,0.174
0182,2015,0.177
0182,2016,0.181
0182,2017,0.187
0182,2018,0.19
0182,2019,0.189
0182,2020,0.186
0182,2021,0.188
0183,2005,0.204
0183,2006,0.214
0183,2007,0.224
0183,2008,0.232
0183,2009,0.241
0183,2010,0.247
0183,2011,0.253
0183,2012,0.259
0183,2013,0.267
0183,2014,0.271
0183,2015,0.278
0183,2016,0.285
0183,2017,0.29
0183,2018,0.294
0183,2019,0.301
0183,2020,0.302
0183,2021,0.305
0184,2005,0.21
0184,2006,0.209
0184,2007,0.218
0184,2008,0.226
0184,2009,0.236
0184,2010,0.244
0184,2011,0.251
0184,2012,0.256
0184,2013,0.258
0184,2014,0.264
0184,2015,0.269
0184,2016,0.275
0184,2017,0.287
0184,2018,0.296
0184,2019,0.302
0184,2020,0.307
0184,2021,0.318
0186,2005,0.131
0186,2006,0.132
0186,2007,0.135
0186,2008,0.138
0186,2009,0.141
0186,2010,0.145
0186,2011,0.147
0186,2012,0.148
0186,2013,0.152
0186,2014,0.155
0186,2015,0.159
0186,2016,0.166
0186,2017,0.168
0186,2018,0.172
0186,2019,0.174
0186,2020,0.171
0186,2021,0.172
0187,2005,0.085
0187,2006,0.086
0187,2007,0.086
0187,2008,0.089
0187,2009,0.09
0187,2010,0.092
0187,2011,0.096
0187,2012,0.097
0187,2013,0.099
0187,2014,0.099
0187,2015,0.099
0187,2016,0.1
0187,2017,0.105
0187,2018,0.107
0187,2019,0.107
0187,2020,0.105
0187,2021,0.105
0188,2005,0.086
0188,2006,0.087
0188,2007,0.09
0188,2008,0.093
0188,2009,0.094
0188,2010,0.096
0188,2011,0.097
0188,2012,0.099
0188,2013,0.101
0188,2014,0.104
0188,2015,0.109
0188,2016,0.114
0188,2017,0.12
0188,2018,0.124
0188,2019,0.128
0188,2020,0.129
0188,2021,0.129
0191,2005,0.195
0191,2006,0.2
0191,2007,0.205
0191,2008,0.213
0191,2009,0.222
0191,2010,0.23
0191,2011,0.243
0191,2012,0.253
0191,2013,0.263
0191,2014,0.274
0191,2015,0.286
0191,2016,0.298
0191,2017,0.31
0191,2018,0.321
0191,2019,0.328
0191,2020,0.336
0191,2021,0.342
0192,2005,0.104
0192,2006,0.108
0192,2007,0.112
0192,2008,0.116
0192,2009,0.122
0192,2010,0.127
0192,2011,0.132
0192,2012,0.137
0192,2013,0.142
0192,2014,0.143
0192,2015,0.151
0192,2016,0.156
0192,2017,0.164
0192,2018,0.17
0192,2019,0.175
0192,2020,0.179
0192,2021,0.186
0305,2005,0.111
0305,2006,0.111
0305,2007,0.115
0305,2008,0.116
0305,2009,0.119
0305,2010,0.122
0305,2011,0.124
0305,2012,0.127
0305,2013,0.129
0305,2014,0.13
0305,2015,0.132
0305,2016,0.138
0305,2017,0.143
0305,2018,0.15
0305,2019,0.153
0305,2020,0.151
0305,2021,0.152
0319,2005,0.084
0319,2006,0.085
0319,2007,0.085
0319,2008,0.091
0319,2009,0.095
0319,2010,0.098
0319,2011,0.103
0319,2012,0.106
0319,2013,0.108
0319,2014,0.116
0319,2015,0.132
0319,2016,0.147
0319,2017,0.147
0319,2018,0.15
0319,2019,0.15
0319,2020,0.146
0319,2021,0.144
0330,2005,0.08
0330,2006,0.081
0330,2007,0.082
0330,2008,0.086
0330,2009,0.088
0330,2010,0.089
0330,2011,0.092
0330,2012,0.095
0330,2013,0.099
0330,2014,0.101
0330,2015,0.108
0330,2016,0.115
0330,2017,0.122
0330,2018,0.13
0330,2019,0.132
0330,2020,0.137
0330,2021,0.145
0331,2005,0.064
0331,2006,0.069
0331,2007,0.072
0331,2008,0.075
0331,2009,0.079
0331,2010,0.082
0331,2011,0.084
0331,2012,0.084
0331,2013,0.089
0331,2014,0.095
0331,2015,0.101
0331,2016,0.106
0331,2017,0.112
0331,2018,0.115
0331,2019,0.121
0331,2020,0.12
0331,2021,0.122
0360,2005,0.059
0360,2006,0.062
0360,2007,0.066
0360,2008,0.071
0360,2009,0.074
0360,2010,0.077
0360,2011,0.08
0360,2012,0.083
0360,2013,0.087
0360,2014,0.092
0360,2015,0.101
0360,2016,0.107
0360,2017,0.115
0360,2018,0.12
0360,2019,0.121
0360,2020,0.127
0360,2021,0.129
0380,2005,0.139
0380,2006,0.141
0380,2007,0.144
0380,2008,0.15
0380,2009,0.155
0380,2010,0.161
0380,2011,0.163
0380,2012,0.164
0380,2013,0.168
0380,2014,0.17
0380,2015,0.175
0380,2016,0.184
0380,2017,0.195
0380,2018,0.204
0380,2019,0.211
0380,2020,0.213
0380,2021,0.217
0381,2005,0.091
0381,2006,0.093
0381,2007,0.097
0381,2008,0.099
0381,2009,0.102
0381,2010,0.104
0381,2011,0.105
0381,2012,0.106
0381,2013,0.111
0381,2014,0.115
0381,2015,0.122
0381,2016,0.132
0381,2017,0.139
0381,2018,0.145
0381,2019,0.15
0381,2020,0.156
0381,2021,0.162
0382,2005,0.065
0382,2006,0.064
0382,2007,0.067
0382,2008,0.07
0382,2009,0.073
0382,2010,0.076
0382,2011,0.077
0382,2012,0.077
0382,2013,0.078
0382,2014,0.079
0382,2015,0.082
0382,2016,0.086
0382,2017,0.089
0382,2018,0.092
0382,2019,0.093
0382,2020,0.092
0382,2021,0.095
0428,2005,0.072
0428,2006,0.071
0428,2007,0.075
0428,2008,0.077
0428,2009,0.082
0428,2010,0.083
0428,2011,0.089
0428,2012,0.096
0428,2013,0.113
0428,2014,0.121
0428,2015,0.121
0428,2016,0.133
0428,2017,0.144
0428,2018,0.146
0428,2019,0.145
0428,2020,0.146
0428,2021,0.141
0461,2005,0.073
0461,2006,0.076
0461,2007,0.08
0461,2008,0.086
0461,2009,0.089
0461,2010,0.091
0461,2011,0.093
0461,2012,0.096
0461,2013,0.099
0461,2014,0.105
0461,2015,0.11
0461,2016,0.119
0461,2017,0.121
0461,2018,0.123
0461,2019,0.126
0461,2020,0.128
0461,2021,0.128
0480,2005,0.089
0480,2006,0.091
0480,2007,0.095
0480,2008,0.097
0480,2009,0.101
0480,2010,0.105
0480,2011,0.106
0480,2012,0.109
0480,2013,0.118
0480,2014,0.122
0480,2015,0.13
0480,2016,0.139
0480,2017,0.145
0480,2018,0.149
0480,2019,0.153
0480,2020,0.157
0480,2021,0.158
0481,2005,0.143
0481,2006,0.146
0481,2007,0.147
0481,2008,0.147
0481,2009,0.15
0481,2010,0.152
0481,2011,0.155
0481,2012,0.159
0481,2013,0.166
0481,2014,0.18
0481,2015,0.197
0481,2016,0.214
0481,2017,0.217
0481,2018,0.222
0481,2019,0.221
0481,2020,0.221
0481,2021,0.219
0482,2005,0.116
0482,2006,0.118
0482,2007,0.122
0482,2008,0.128
0482,2009,0.137
0482,2010,0.144
0482,2011,0.152
0482,2012,0.157
0482,2013,0.172
0482,2014,0.184
0482,2015,0.2
0482,2016,0.222
0482,2017,0.227
0482,2018,0.226
0482,2019,0.227
0482,2020,0.223
0482,2021,0.223
0483,2005,0.109
0483,2006,0.112
0483,2007,0.118
0483,2008,0.125
0483,2009,0.132
0483,2010,0.137
0483,2011,0.138
0483,2012,0.142
0483,2013,0.149
0483,2014,0.158
0483,2015,0.164
0483,2016,0.171
0483,2017,0.179
0483,2018,0.186
0483,2019,0.19
0483,2020,0.189
0483,2021,0.189
0484,2005,0.167
0484,2006,0.17
0484,2007,0.177
0484,2008,0.185
0484,2009,0.191
0484,2010,0.195
0484,2011,0.201
0484,2012,0.207
0484,2013,0.214
0484,2014,0.223
0484,2015,0.23
0484,2016,0.24
0484,2017,0.246
0484,2018,0.252
0484,2019,0.257
0484,2020,0.258
0484,2021,0.26
0486,2005,0.095
0486,2006,0.097
0486,2007,0.1
0486,2008,0.103
0486,2009,0.105
0486,2010,0.107
0486,2011,0.11
0486,2012,0.113
0486,2013,0.117
0486,2014,0.121
0486,2015,0.125
0486,2016,0.133
0486,2017,0.138
0486,2018,0.145
0486,2019,0.149
0486,2020,0.153
0486,2021,0.158
0488,2005,0.102
0488,2006,0.101
0488,2007,0.104
0488,2008,0.105
0488,2009,0.105
0488,2010,0.106
0488,2011,0.105
0488,2012,0.107
0488,2013,0.111
0488,2014,0.115
0488,2015,0.116
0488,2016,0.126
0488,2017,0.129
0488,2018,0.132
0488,2019,0.138
0488,2020,0.141
0488,2021,0.142
0509,2005,0.051
0509,2006,0.053
0509,2007,0.057
0509,2008,0.065
0509,2009,0.066
0509,2010,0.066
0509,2011,0.069
0509,2012,0.073
0509,2013,0.077
0509,2014,0.085
0509,2015,0.09
0509,2016,0.104
0509,2017,0.113
0509,2018,0.115
0509,2019,0.11
0509,2020,0.109
0509,2021,0.105
0512,2005,0.049
0512,2006,0.052
0512,2007,0.052
0512,2008,0.057
0512,2009,0.063
0512,2010,0.065
0512,2011,0.073
0512,2012,0.07
0512,2013,0.08
0512,2014,0.086
0512,2015,0.09
0512,2016,0.095
0512,2017,0.099
0512,2018,0.102
0512,2019,0.098
0512,2020,0.095
0512,2021,0.096
0513,2005,0.04
0513,2006,0.045
0513,2007,0.048
0513,2008,0.05
0513,2009,0.055
0513,2010,0.057
0513,2011,0.061
0513,2012,0.065
0513,2013,0.074
0513,2014,0.077
0513,2015,0.08
0513,2016,0.082
0513,2017,0.087
0513,2018,0.088
0513,2019,0.087
0513,2020,0.087
0513,2021,0.087
0560,2005,0.043
0560,2006,0.043
0560,2007,0.045
0560,2008,0.049
0560,2009,0.049
0560,2010,0.05
0560,2011,0.052
0560,2012,0.057
0560,2013,0.066
0560,2014,0.069
0560,2015,0.072
0560,2016,0.079
0560,2017,0.086
0560,2018,0.091
0560,2019,0.092
0560,2020,0.091
0560,2021,0.094
0561,2005,0.042
0561,2006,0.045
0561,2007,0.045
0561,2008,0.044
0561,2009,0.046
0561,2010,0.049
0561,2011,0.053
0561,2012,0.053
0561,2013,0.056
0561,2014,0.063
0561,2015,0.068
0561,2016,0.073
0561,2017,0.077
0561,2018,0.075
0561,2019,0.076
0561,2020,0.075
0561,2021,0.076
0562,2005,0.102
0562,2006,0.103
0562,2007,0.104
0562,2008,0.106
0562,2009,0.106
0562,2010,0.107
0562,2011,0.108
0562,2012,0.114
0562,2013,0.121
0562,2014,0.129
0562,2015,0.136
0562,2016,0.147
0562,2017,0.146
0562,2018,0.151
0562,2019,0.155
0562,2020,0.156
0562,2021,0.158
0563,2005,0.049
0563,2006,0.049
0563,2007,0.05
0563,2008,0.055
0563,2009,0.058
0563,2010,0.064
0563,2011,0.067
0563,2012,0.066
0563,2013,0.07
0563,2014,0.077
0563,2015,0.093
0563,2016,0.11
0563,2017,0.123
0563,2018,0.127
0563,2019,0.122
0563,2020,0.108
0563,2021,0.103
0580,2005,0.101
0580,2006,0.105
0580,2007,0.112
0580,2008,0.119
0580,2009,0.129
0580,2010,0.135
0580,2011,0.136
0580,2012,0.139
0580,2013,0.141
0580,2014,0.145
0580,2015,0.147
0580,2016,0.154
0580,2017,0.161
0580,2018,0.167
0580,2019,0.172
0580,2020,0.174
0580,2021,0.178
0581,2005,0.127
0581,2006,0.131
0581,2007,0.136
0581,2008,0.142
0581,2009,0.147
0581,2010,0.149
0581,2011,0.151
0581,2012,0.154
0581,2013,0.161
0581,2014,0.168
0581,2015,0.175
0581,2016,0.185
0581,2017,0.191
0581,2018,0.195
0581,2019,0.199
0581,2020,0.2
0581,2021,0.202
0582,2005,0.046
0582,2006,0.045
0582,2007,0.047
0582,2008,0.049
0582,2009,0.048
0582,2010,0.048
0582,2011,0.049
0582,2012,0.05
0582,2013,0.051
0582,2014,0.052
0582,2015,0.054
0582,2016,0.061
0582,2017,0.064
0582,2018,0.068
0582,2019,0.071
0582,2020,0.069
0582,2021,0.07
0583,2005,0.092
0583,2006,0.095
0583,2007,0.096
0583,2008,0.098
0583,2009,0.101
0583,2010,0.102
0583,2011,0.103
0583,2012,0.106
0583,2013,0.114
0583,2014,0.122
0583,2015,0.131
0583,2016,0.139
0583,2017,0.144
0583,2018,0.148
0583,2019,0.149
0583,2020,0.149
0583,2021,0.15
0584,2005,0.054
0584,2006,0.059
0584,2007,0.061
0584,2008,0.064
0584,2009,0.066
0584,2010,0.066
0584,2011,0.069
0584,2012,0.069
0584,2013,0.072
0584,2014,0.073
0584,2015,0.075
0584,2016,0.081
0584,2017,0.085
0584,2018,0.087
0584,2019,0.084
0584,2020,0.082
0584,2021,0.081
0586,2005,0.055
0586,2006,0.058
0586,2007,0.061
0586,2008,0.061
0586,2009,0.065
0586,2010,0.067
0586,2011,0.07
0586,2012,0.073
0586,2013,0.075
0586,2014,0.079
0586,2015,0.084
0586,2016,0.091
0586,2017,0.1
0586,2018,0.106
0586,2019,0.112
0586,2020,0.114
0586,2021,0.116
0604,2005,0.058
0604,2006,0.061
0604,2007,0.066
0604,2008,0.074
0604,2009,0.072
0604,2010,0.075
0604,2011,0.08
0604,2012,0.081
0604,2013,0.081
0604,2014,0.091
0604,2015,0.103
0604,2016,0.11
0604,2017,0.12
0604,2018,0.125
0604,2019,0.128
0604,2020,0.128
0604,2021,0.131
0617,2005,0.173
0617,2006,0.176
0617,2007,0.182
0617,2008,0.19
0617,2009,0.189
0617,2010,0.193
0617,2011,0.195
0617,2012,0.2
0617,2013,0.209
0617,2014,0.221
0617,2015,0.229
0617,2016,0.238
0617,2017,0.244
0617,2018,0.247
0617,2019,0.25
0617,2020,0.251
0617,2021,0.25
0642,2005,0.071
0642,2006,0.071
0642,2007,0.075
0642,2008,0.076
0642,2009,0.077
0642,2010,0.079
0642,2011,0.08
0642,2012,0.079
0642,2013,0.081
0642,2014,0.085
0642,2015,0.089
0642,2016,0.094
0642,2017,0.104
0642,2018,0.105
0642,2019,0.105
0642,2020,0.109
0642,2021,0.109
0643,2005,0.051
0643,2006,0.053
0643,2007,0.055
0643,2008,0.058
0643,2009,0.061
0643,2010,0.059
0643,2011,0.059
0643,2012,0.06
0643,2013,0.061
0643,2014,0.062
0643,2015,0.063
0643,2016,0.067
0643,2017,0.074
0643,2018,0.079
0643,2019,0.081
0643,2020,0.08
0643,2021,0.081
0662,2005,0.155
0662,2006,0.157
0662,2007,0.159
0662,2008,0.163
0662,2009,0.164
0662,2010,0.166
0662,2011,0.167
0662,2012,0.17
0662,2013,0.175
0662,2014,0.18
0662,2015,0.199
0662,2016,0.215
0662,2017,0.223
0662,2018,0.233
0662,2019,0.238
0662,2020,0.239
0662,2021,0.241
0665,2005,0.115
0665,2006,0.121
0665,2007,0.127
0665,2008,0.131
0665,2009,0.131
0665,2010,0.129
0665,2011,0.132
0665,2012,0.134
0665,2013,0.135
0665,2014,0.138
0665,2015,0.143
0665,2016,0.152
0665,2017,0.156
0665,2018,0.16
0665,2019,0.166
0665,2020,0.17
0665,2021,0.167
0680,2005,0.114
0680,2006,0.119
0680,2007,0.124
0680,2008,0.129
0680,2009,0.133
0680,2010,0.135
0680,2011,0.136
0680,2012,0.138
0680,2013,0.142
0680,2014,0.148
0680,2015,0.151
0680,2016,0.159
0680,2017,0.166
0680,2018,0.173
0680,2019,0.179
0680,2020,0.182
0680,2021,0.186
0682,2005,0.079
0682,2006,0.084
0682,2007,0.093
0682,2008,0.099
0682,2009,0.105
0682,2010,0.107
0682,2011,0.112
0682,2012,0.117
0682,2013,0.127
0682,2014,0.142
0682,2015,0.157
0682,2016,0.169
0682,2017,0.178
0682,2018,0.185
0682,2019,0.187
0682,2020,0.188
0682,2021,0.191
0683,2005,0.142
0683,2006,0.145
0683,2007,0.149
0683,2008,0.152
0683,2009,0.153
0683,2010,0.155
0683,2011,0.157
0683,2012,0.16
0683,2013,0.164
0683,2014,0.17
0683,2015,0.174
0683,2016,0.183
0683,2017,0.188
0683,2018,0.193
0683,2019,0.197
0683,2020,0.198
0683,2021,0.2
0684,2005,0.082
0684,2006,0.087
0684,2007,0.09
0684,2008,0.097
0684,2009,0.101
0684,2010,0.103
0684,2011,0.108
0684,2012,0.115
0684,2013,0.128
0684,2014,0.149
0684,2015,0.159
0684,2016,0.171
0684,2017,0.182
0684,2018,0.188
0684,2019,0.188
0684,2020,0.187
0684,2021,0.189
0685,2005,0.077
0685,2006,0.081
0685,2007,0.089
0685,2008,0.094
0685,2009,0.095
0685,2010,0.098
0685,2011,0.1
0685,2012,0.102
0685,2013,0.109
0685,2014,0.119
0685,2015,0.128
0685,2016,0.139
0685,2017,0.147
0685,2018,0.151
0685,2019,0.153
0685,2020,0.155
0685,2021,0.159
0686,2005,0.065
0686,2006,0.069
0686,2007,0.072
0686,2008,0.074
0686,2009,0.079
0686,2010,0.079
0686,2011,0.084
0686,2012,0.09
0686,2013,0.096
0686,2014,0.102
0686,2015,0.111
0686,2016,0.13
0686,2017,0.147
0686,2018,0.152
0686,2019,0.153
0686,2020,0.153
0686,2021,0.153
0687,2005,0.076
0687,2006,0.078
0687,2007,0.084
0687,2008,0.086
0687,2009,0.088
0687,2010,0.093
0687,2011,0.094
0687,2012,0.094
0687,2013,0.1
0687,2014,0.11
0687,2015,0.119
0687,2016,0.131
0687,2017,0.142
0687,2018,0.151
0687,2019,0.157
0687,2020,0.158
0687,2021,0.157
0760,2005,0.102
0760,2006,0.11
0760,2007,0.119
0760,2008,0.122
0760,2009,0.127
0760,2010,0.134
0760,2011,0.143
0760,2012,0.159
0760,2013,0.169
0760,2014,0.168
0760,2015,0.179
0760,2016,0.192
0760,2017,0.205
0760,2018,0.212
0760,2019,0.217
0760,2020,0.217
0760,2021,0.219
0761,2005,0.106
0761,2006,0.112
0761,2007,0.121
0761,2008,0.129
0761,2009,0.136
0761,2010,0.144
0761,2011,0.143
0761,2012,0.147
0761,2013,0.17
0761,2014,0.205
0761,2015,0.237
0761,2016,0.252
0761,2017,0.258
0761,2018,0.265
0761,2019,0.259
0761,2020,0.252
0761,2021,0.248
0763,2005,0.074
0763,2006,0.078
0763,2007,0.086
0763,2008,0.091
0763,2009,0.098
0763,2010,0.099
0763,2011,0.102
0763,2012,0.104
0763,2013,0.114
0763,2014,0.126
0763,2015,0.14
0763,2016,0.153
0763,2017,0.155
0763,2018,0.158
0763,2019,0.161
0763,2020,0.163
0763,2021,0.162
0764,2005,0.091
0764,2006,0.098
0764,2007,0.106
0764,2008,0.111
0764,2009,0.119
0764,2010,0.125
0764,2011,0.132
0764,2012,0.142
0764,2013,0.156
0764,2014,0.167
0764,2015,0.175
0764,2016,0.182
0764,2017,0.187
0764,2018,0.192
0764,2019,0.195
0764,2020,0.195
0764,2021,0.195
0765,2005,0.098
0765,2006,0.106
0765,2007,0.113
0765,2008,0.123
0765,2009,0.128
0765,2010,0.136
0765,2011,0.141
0765,2012,0.148
0765,2013,0.152
0765,2014,0.164
0765,2015,0.179
0765,2016,0.199
0765,2017,0.226
0765,2018,0.243
0765,2019,0.251
0765,2020,0.257
0765,2021,0.259
0767,2005,0.129
0767,2006,0.137
0767,2007,0.146
0767,2008,0.151
0767,2009,0.155
0767,2010,0.157
0767,2011,0.158
0767,2012,0.163
0767,2013,0.17
0767,2014,0.176
0767,2015,0.196
0767,2016,0.215
0767,2017,0.227
0767,2018,0.233
0767,2019,0.237
0767,2020,0.239
0767,2021,0.238
0780,2005,0.109
0780,2006,0.117
0780,2007,0.126
0780,2008,0.133
0780,2009,0.14
0780,2010,0.145
0780,2011,0.147
0780,2012,0.149
0780,2013,0.155
0780,2014,0.16
0780,2015,0.163
0780,2016,0.171
0780,2017,0.177
0780,2018,0.182
0780,2019,0.187
0780,2020,0.189
0780,2021,0.192
0781,2005,0.103
0781,2006,0.107
0781,2007,0.114
0781,2008,0.122
0781,2009,0.125
0781,2010,0.128
0781,2011,0.131
0781,2012,0.138
0781,2013,0.141
0781,2014,0.148
0781,2015,0.155
0781,2016,0.166
0781,2017,0.175
0781,2018,0.18
0781,2019,0.183
0781,2020,0.183
0781,2021,0.185
0821,2005,0.093
0821,2006,0.098
0821,2007,0.103
0821,2008,0.112
0821,2009,0.122
0821,2010,0.125
0821,2011,0.132
0821,2012,0.133
0821,2013,0.145
0821,2014,0.166
0821,2015,0.194
0821,2016,0.232
0821,2017,0.241
0821,2018,0.248
0821,2019,0.241
0821,2020,0.23
0821,2021,0.231
0834,2005,0.058
0834,2006,0.061
0834,2007,0.062
0834,2008,0.066
0834,2009,0.073
0834,2010,0.075
0834,2011,0.073
0834,2012,0.074
0834,2013,0.078
0834,2014,0.082
0834,2015,0.093
0834,2016,0.115
0834,2017,0.113
0834,2018,0.117
0834,2019,0.114
0834,2020,0.112
0834,2021,0.109
0840,2005,0.039
0840,2006,0.039
0840,2007,0.041
0840,2008,0.043
0840,2009,0.047
0840,2010,0.048
0840,2011,0.049
0840,2012,0.051
0840,2013,0.054
0840,2014,0.058
0840,2015,0.062
0840,2016,0.08
0840,2017,0.078
0840,2018,0.079
0840,2019,0.079
0840,2020,0.079
0840,2021,0.079
0860,2005,0.082
0860,2006,0.088
0860,2007,0.096
0860,2008,0.104
0860,2009,0.108
0860,2010,0.111
0860,2011,0.118
0860,2012,0.124
0860,2013,0.136
0860,2014,0.148
0860,2015,0.17
0860,2016,0.212
0860,2017,0.212
0860,2018,0.207
0860,2019,0.205
0860,2020,0.197
0860,2021,0.199
0861,2005,0.061
0861,2006,0.064
0861,2007,0.066
0861,2008,0.069
0861,2009,0.072
0861,2010,0.074
0861,2011,0.076
0861,2012,0.079
0861,2013,0.092
0861,2014,0.101
0861,2015,0.111
0861,2016,0.129
0861,2017,0.135
0861,2018,0.14
0861,2019,0.14
0861,2020,0.136
0861,2021,0.129
0862,2005,0.096
0862,2006,0.1
0862,2007,0.103
0862,2008,0.11
0862,2009,0.112
0862,2010,0.117
0862,2011,0.119
0862,2012,0.12
0862,2013,0.125
0862,2014,0.135
0862,2015,0.143
0862,2016,0.169
0862,2017,0.179
0862,2018,0.19
0862,2019,0.198
0862,2020,0.199
0862,2021,0.198
0880,2005,0.078
0880,2006,0.082
0880,2007,0.085
0880,2008,0.087
0880,2009,0.092
0880,2010,0.095
0880,2011,0.098
0880,2012,0.1
0880,2013,0.103
0880,2014,0.107
0880,2015,0.114
0880,2016,0.121
0880,2017,0.127
0880,2018,0.133
0880,2019,0.138
0880,2020,0.142
0880,2021,0.145
0881,2005,0.081
0881,2006,0.084
0881,2007,0.088
0881,2008,0.091
0881,2009,0.098
0881,2010,0.101
0881,2011,0.105
0881,2012,0.106
0881,2013,0.11
0881,2014,0.129
0881,2015,0.141
0881,2016,0.172
0881,2017,0.176
0881,2018,0.178
0881,2019,0.179
0881,2020,0.179
0881,2021,0.182
0882,2005,0.078
0882,2006,0.08
0882,2007,0.083
0882,2008,0.088
0882,2009,0.091
0882,2010,0.092
0882,2011,0.095
0882,2012,0.098
0882,2013,0.103
0882,2014,0.109
0882,2015,0.116
0882,2016,0.134
0882,2017,0.133
0882,2018,0.139
0882,2019,0.141
0882,2020,0.145
0882,2021,0.148
0883,2005,0.062
0883,2006,0.064
0883,2007,0.066
0883,2008,0.068
0883,2009,0.071
0883,2010,0.073
0883,2011,0.075
0883,2012,0.078
0883,2013,0.084
0883,2014,0.087
0883,2015,0.094
0883,2016,0.106
0883,2017,0.109
0883,2018,0.112
0883,2019,0.112
0883,2020,0.111
0883,2021,0.112
0884,2005,0.057
0884,2006,0.059
0884,2007,0.064
0884,2008,0.066
0884,2009,0.07
0884,2010,0.07
0884,2011,0.073
0884,2012,0.077
0884,2013,0.08
0884,2014,0.085
0884,2015,0.094
0884,2016,0.109
0884,2017,0.118
0884,2018,0.125
0884,2019,0.125
0884,2020,0.124
0884,2021,0.123
0885,2005,0.046
0885,2006,0.048
0885,2007,0.052
0885,2008,0.054
0885,2009,0.062
0885,2010,0.062
0885,2011,0.061
0885,2012,0.075
0885,2013,0.067
0885,2014,0.078
0885,2015,0.084
0885,2016,0.107
0885,2017,0.101
0885,2018,0.102
0885,2019,0.102
0885,2020,0.099
0885,2021,0.099
0980,2005,0.041
0980,2006,0.042
0980,2007,0.043
0980,2008,0.043
0980,2009,0.045
0980,2010,0.046
0980,2011,0.047
0980,2012,0.048
0980,2013,0.049
0980,2014,0.05
0980,2015,0.053
0980,2016,0.06
0980,2017,0.064
0980,2018,0.07
0980,2019,0.073
0980,2020,0.075
0980,2021,0.077
1060,2005,0.172
1060,2006,0.173
1060,2007,0.175
1060,2008,0.178
1060,2009,0.181
1060,2010,0.182
1060,2011,0.183
1060,2012,0.191
1060,2013,0.196
1060,2014,0.208
1060,2015,0.221
1060,2016,0.238
1060,2017,0.242
1060,2018,0.246
1060,2019,0.246
1060,2020,0.242
1060,2021,0.24
1080,2005,0.069
1080,2006,0.076
1080,2007,0.084
1080,2008,0.092
1080,2009,0.099
1080,2010,0.105
1080,2011,0.106
1080,2012,0.099
1080,2013,0.101
1080,2014,0.107
1080,2015,0.118
1080,2016,0.126
1080,2017,0.129
1080,2018,0.129
1080,2019,0.131
1080,2020,0.13
1080,2021,0.131
1081,2005,0.077
1081,2006,0.083
1081,2007,0.089
1081,2008,0.094
1081,2009,0.101
1081,2010,0.105
1081,2011,0.1
1081,2012,0.102
1081,2013,0.109
1081,2014,0.121
1081,2015,0.14
1081,2016,0.158
1081,2017,0.17
1081,2018,0.176
1081,2019,0.177
1081,2020,0.172
1081,2021,0.167
1082,2005,0.07
1082,2006,0.074
1082,2007,0.077
1082,2008,0.08
1082,2009,0.083
1082,2010,0.087
1082,2011,0.091
1082,2012,0.095
1082,2013,0.102
1082,2014,0.109
1082,2015,0.116
1082,2016,0.126
1082,2017,0.131
1082,2018,0.136
1082,2019,0.14
1082,2020,0.141
1082,2021,0.142
1083,2005,0.082
1083,2006,0.086
1083,2007,0.09
1083,2008,0.092
1083,2009,0.095
1083,2010,0.096
1083,2011,0.095
1083,2012,0.096
1083,2013,0.098
1083,2014,0.105
1083,2015,0.111
1083,2016,0.12
1083,2017,0.122
1083,2018,0.122
1083,2019,0.12
1083,2020,0.115
1083,2021,0.114
1214,2005,0.098
1214,2006,0.101
1214,2007,0.104
1214,2008,0.109
1214,2009,0.111
1214,2010,0.115
1214,2011,0.117
1214,2012,0.121
1214,2013,0.128
1214,2014,0.136
1214,2015,0.145
1214,2016,0.157
1214,2017,0.159
1214,2018,0.161
1214,2019,0.168
1214,2020,0.166
1214,2021,0.164
1230,2005,0.084
1230,2006,0.09
1230,2007,0.094
1230,2008,0.098
1230,2009,0.103
1230,2010,0.104
1230,2011,0.106
1230,2012,0.106
1230,2013,0.109
1230,2014,0.112
1230,2015,0.114
1230,2016,0.119
1230,2017,0.126
1230,2018,0.129
1230,2019,0.137
1230,2020,0.14
1230,2021,0.143
1231,2005,0.211
1231,2006,0.227
1231,2007,0.24
1231,2008,0.251
1231,2009,0.26
1231,2010,0.266
1231,2011,0.266
1231,2012,0.272
1231,2013,0.274
1231,2014,0.282
1231,2015,0.288
1231,2016,0.294
1231,2017,0.307
1231,2018,0.315
1231,2019,0.321
1231,2020,0.319
1231,2021,0.327
1233,2005,0.059
1233,2006,0.062
1233,2007,0.066
1233,2008,0.069
1233,2009,0.071
1233,2010,0.072
1233,2011,0.073
1233,2012,0.074
1233,2013,0.075
1233,2014,0.076
1233,2015,0.078
1233,2016,0.082
1233,2017,0.088
1233,2018,0.091
1233,2019,0.09
1233,2020,0.089
1233,2021,0.09
1256,2005,0.07
1256,2006,0.075
1256,2007,0.076
1256,2008,0.075
1256,2009,0.076
1256,2010,0.082
1256,2011,0.084
1256,2012,0.091
1256,2013,0.106
1256,2014,0.122
1256,2015,0.146
1256,2016,0.171
1256,2017,0.187
1256,2018,0.196
1256,2019,0.197
1256,2020,0.194
1256,2021,0.191
1257,2005,0.105
1257,2006,0.109
1257,2007,0.118
1257,2008,0.119
1257,2009,0.125
1257,2010,0.13
1257,2011,0.132
1257,2012,0.134
1257,2013,0.137
1257,2014,0.142
1257,2015,0.149
1257,2016,0.161
1257,2017,0.164
1257,2018,0.174
1257,2019,0.179
1257,2020,0.182
1257,2021,0.18
1260,2005,0.149
1260,2006,0.158
1260,2007,0.169
1260,2008,0.178
1260,2009,0.185
1260,2010,0.189
1260,2011,0.19
1260,2012,0.189
1260,2013,0.188
1260,2014,0.195
1260,2015,0.203
1260,2016,0.216
1260,2017,0.229
1260,2018,0.236
1260,2019,0.241
1260,2020,0.244
1260,2021,0.248
1261,2005,0.069
1261,2006,0.071
1261,2007,0.073
1261,2008,0.074
1261,2009,0.076
1261,2010,0.079
1261,2011,0.079
1261,2012,0.081
1261,2013,0.081
1261,2014,0.084
1261,2015,0.087
1261,2016,0.091
1261,2017,0.096
1261,2018,0.101
1261,2019,0.103
1261,2020,0.104
1261,2021,0.106
1262,2005,0.064
1262,2006,0.064
1262,2007,0.068
1262,2008,0.07
1262,2009,0.071
1262,2010,0.074
1262,2011,0.074
1262,2012,0.076
1262,2013,0.077
1262,2014,0.078
1262,2015,0.079
1262,2016,0.084
1262,2017,0.09
1262,2018,0.096
1262,2019,0.1
1262,2020,0.099
1262,2021,0.098
1263,2005,0.067
1263,2006,0.072
1263,2007,0.076
1263,2008,0.08
1263,2009,0.082
1263,2010,0.084
1263,2011,0.084
1263,2012,0.085
1263,2013,0.086
1263,2014,0.086
1263,2015,0.089
1263,2016,0.096
1263,2017,0.102
1263,2018,0.108
1263,2019,0.111
1263,2020,0.114
1263,2021,0.116
1264,2005,0.081
1264,2006,0.085
1264,2007,0.092
1264,2008,0.095
1264,2009,0.096
1264,2010,0.098
1264,2011,0.098
1264,2012,0.099
1264,2013,0.102
1264,2014,0.104
1264,2015,0.107
1264,2016,0.117
1264,2017,0.125
1264,2018,0.128
1264,2019,0.13
1264,2020,0.13
1264,2021,0.132
1265,2005,0.062
1265,2006,0.068
1265,2007,0.072
1265,2008,0.075
1265,2009,0.078
1265,2010,0.081
1265,2011,0.083
1265,2012,0.084
1265,2013,0.087
1265,2014,0.091
1265,2015,0.092
1265,2016,0.096
1265,2017,0.1
1265,2018,0.102
1265,2019,0.102
1265,2020,0.103
1265,2021,0.104
1266,2005,0.073
1266,2006,0.079
1266,2007,0.085
1266,2008,0.092
1266,2009,0.096
1266,2010,0.099
1266,2011,0.1
1266,2012,0.103
1266,2013,0.104
1266,2014,0.108
1266,2015,0.111
1266,2016,0.118
1266,2017,0.125
1266,2018,0.125
1266,2019,0.123
1266,2020,0.118
1266,2021,0.117
1267,2005,0.088
1267,2006,0.091
1267,2007,0.095
1267,2008,0.099
1267,2009,0.099
1267,2010,0.102
1267,2011,0.103
1267,2012,0.104
1267,2013,0.103
1267,2014,0.104
1267,2015,0.105
1267,2016,0.11
1267,2017,0.114
1267,2018,0.117
1267,2019,0.117
1267,2020,0.117
1267,2021,0.115
1270,2005,0.064
1270,2006,0.07
1270,2007,0.073
1270,2008,0.079
1270,2009,0.081
1270,2010,0.083
1270,2011,0.084
1270,2012,0.089
1270,2013,0.09
1270,2014,0.093
1270,2015,0.101
1270,2016,0.111
1270,2017,0.116
1270,2018,0.121
1270,2019,0.125
1270,2020,0.122
1270,2021,0.124
1272,2005,0.083
1272,2006,0.086
1272,2007,0.091
1272,2008,0.098
1272,2009,0.099
1272,2010,0.102
1272,2011,0.109
1272,2012,0.112
1272,2013,0.116
1272,2014,0.123
1272,2015,0.131
1272,2016,0.139
1272,2017,0.147
1272,2018,0.159
1272,2019,0.161
1272,2020,0.163
1272,2021,0.165
1273,2005,0.082
1273,2006,0.088
1273,2007,0.095
1273,2008,0.103
1273,2009,0.105
1273,2010,0.109
1273,2011,0.116
1273,2012,0.118
1273,2013,0.12
1273,2014,0.128
1273,2015,0.137
1273,2016,0.152
1273,2017,0.161
1273,2018,0.167
1273,2019,0.167
1273,2020,0.166
1273,2021,0.17
1275,2005,0.143
1275,2006,0.148
1275,2007,0.158
1275,2008,0.163
1275,2009,0.172
1275,2010,0.184
1275,2011,0.184
1275,2012,0.181
1275,2013,0.189
1275,2014,0.196
1275,2015,0.203
1275,2016,0.227
1275,2017,0.227
1275,2018,0.246
1275,2019,0.251
1275,2020,0.252
1275,2021,0.26
1276,2005,0.101
1276,2006,0.105
1276,2007,0.112
1276,2008,0.122
1276,2009,0.128
1276,2010,0.131
1276,2011,0.131
1276,2012,0.129
1276,2013,0.131
1276,2014,0.136
1276,2015,0.142
1276,2016,0.157
1276,2017,0.166
1276,2018,0.174
1276,2019,0.177
1276,2020,0.176
1276,2021,0.175
1277,2005,0.147
1277,2006,0.159
1277,2007,0.167
1277,2008,0.177
1277,2009,0.179
1277,2010,0.186
1277,2011,0.186
1277,2012,0.193
1277,2013,0.197
1277,2014,0.207
1277,2015,0.219
1277,2016,0.236
1277,2017,0.247
1277,2018,0.246
1277,2019,0.247
1277,2020,0.254
1277,2021,0.259
1278,2005,0.071
1278,2006,0.074
1278,2007,0.078
1278,2008,0.083
1278,2009,0.087
1278,2010,0.09
1278,2011,0.092
1278,2012,0.096
1278,2013,0.098
1278,2014,0.104
1278,2015,0.109
1278,2016,0.119
1278,2017,0.125
1278,2018,0.127
1278,2019,0.128
1278,2020,0.128
1278,2021,0.128
1280,2005,0.258
1280,2006,0.269
1280,2007,0.279
1280,2008,0.286
1280,2009,0.294
1280,2010,0.298
1280,2011,0.3
1280,2012,0.303
1280,2013,0.306
1280,2014,0.309
1280,2015,0.311
1280,2016,0.318
1280,2017,0.325
1280,2018,0.331
1280,2019,0.337
1280,2020,0.339
1280,2021,0.342
1281,2005,0.143
1281,2006,0.143
1281,2007,0.148
1281,2008,0.157
1281,2009,0.164
1281,2010,0.172
1281,2011,0.174
1281,2012,0.176
1281,2013,0.18
1281,2014,0.184
1281,2015,0.184
1281,2016,0.191
1281,2017,0.202
1281,2018,0.212
1281,2019,0.218
1281,2020,0.22
1281,2021,0.224
1282,2005,0.209
1282,2006,0.219
1282,2007,0.225
1282,2008,0.235
1282,2009,0.238
1282,2010,0.239
1282,2011,0.238
1282,2012,0.24
1282,2013,0.244
1282,2014,0.25
1282,2015,0.255
1282,2016,0.259
1282,2017,0.264
1282,2018,0.265
1282,2019,0.266
1282,2020,0.264
1282,2021,0.263
1283,2005,0.165
1283,2006,0.171
1283,2007,0.179
1283,2008,0.184
1283,2009,0.189
1283,2010,0.192
1283,2011,0.195
1283,2012,0.201
1283,2013,0.204
1283,2014,0.212
1283,2015,0.221
1283,2016,0.23
1283,2017,0.241
1283,2018,0.25
1283,2019,0.257
1283,2020,0.261
1283,2021,0.266
1284,2005,0.085
1284,2006,0.087
1284,2007,0.09
1284,2008,0.094
1284,2009,0.096
1284,2010,0.099
1284,2011,0.102
1284,2012,0.103
1284,2013,0.103
1284,2014,0.107
1284,2015,0.111
1284,2016,0.119
1284,2017,0.122
1284,2018,0.126
1284,2019,0.129
1284,2020,0.129
1284,2021,0.131
1285,2005,0.119
1285,2006,0.123
1285,2007,0.129
1285,2008,0.133
1285,2009,0.135
1285,2010,0.138
1285,2011,0.141
1285,2012,0.142
1285,2013,0.143
1285,2014,0.149
1285,2015,0.153
1285,2016,0.163
1285,2017,0.172
1285,2018,0.18
1285,2019,0.185
1285,2020,0.191
1285,2021,0.198
1286,2005,0.072
1286,2006,0.073
1286,2007,0.075
1286,2008,0.076
1286,2009,0.077
1286,2010,0.078
1286,2011,0.08
1286,2012,0.081
1286,2013,0.082
1286,2014,0.085
1286,2015,0.087
1286,2016,0.097
1286,2017,0.099
1286,2018,0.103
1286,2019,0.104
1286,2020,0.105
1286,2021,0.107
1287,2005,0.123
1287,2006,0.128
1287,2007,0.132
1287,2008,0.135
1287,2009,0.138
1287,2010,0.139
1287,2011,0.142
1287,2012,0.143
1287,2013,0.144
1287,2014,0.149
1287,2015,0.152
1287,2016,0.156
1287,2017,0.163
1287,2018,0.166
1287,2019,0.168
1287,2020,0.169
1287,2021,0.172
1290,2005,0.101
1290,2006,0.107
1290,2007,0.114
1290,2008,0.122
1290,2009,0.129
1290,2010,0.134
1290,2011,0.138
1290,2012,0.143
1290,2013,0.149
1290,2014,0.155
1290,2015,0.161
1290,2016,0.167
1290,2017,0.174
1290,2018,0.178
1290,2019,0.184
1290,2020,0.188
1290,2021,0.19
1291,2005,0.068
1291,2006,0.072
1291,2007,0.072
1291,2008,0.077
1291,2009,0.081
1291,2010,0.083
1291,2011,0.083
1291,2012,0.086
1291,2013,0.091
1291,2014,0.099
1291,2015,0.108
1291,2016,0.127
1291,2017,0.127
1291,2018,0.127
1291,2019,0.127
1291,2020,0.124
1291,2021,0.124
1292,2005,0.077
1292,2006,0.079
1292,2007,0.082
1292,2008,0.085
1292,2009,0.087
1292,2010,0.09
1292,2011,0.092
1292,2012,0.095
1292,2013,0.098
1292,2014,0.101
1292,2015,0.103
1292,2016,0.108
1292,2017,0.115
1292,2018,0.118
1292,2019,0.121
1292,2020,0.121
1292,2021,0.124
1293,2005,0.09
1293,2006,0.095
1293,2007,0.103
1293,2008,0.108
1293,2009,0.111
1293,2010,0.114
1293,2011,0.117
1293,2012,0.12
1293,2013,0.124
1293,2014,0.131
1293,2015,0.138
1293,2016,0.149
1293,2017,0.155
1293,2018,0.16
1293,2019,0.162
1293,2020,0.162
1293,2021,0.164
1315,2005,0.118
1315,2006,0.128
1315,2007,0.13
1315,2008,0.14
1315,2009,0.148
1315,2010,0.153
1315,2011,0.16
1315,2012,0.163
1315,2013,0.172
1315,2014,0.192
1315,2015,0.217
1315,2016,0.245
1315,2017,0.253
1315,2018,0.252
1315,2019,0.251
1315,2020,0.242
1315,2021,0.238
1380,2005,0.126
1380,2006,0.129
1380,2007,0.132
1380,2008,0.135
1380,2009,0.138
1380,2010,0.14
1380,2011,0.141
1380,2012,0.143
1380,2013,0.146
1380,2014,0.154
1380,2015,0.161
1380,2016,0.169
1380,2017,0.174
1380,2018,0.181
1380,2019,0.186
1380,2020,0.189
1380,2021,0.193
1381,2005,0.075
1381,2006,0.078
1381,2007,0.082
1381,2008,0.085
1381,2009,0.088
1381,2010,0.092
1381,2011,0.093
1381,2012,0.093
1381,2013,0.095
1381,2014,0.107
1381,2015,0.119
1381,2016,0.131
1381,2017,0.14
1381,2018,0.143
1381,2019,0.146
1381,2020,0.144
1381,2021,0.143
1382,2005,0.091
1382,2006,0.094
1382,2007,0.098
1382,2008,0.101
1382,2009,0.101
1382,2010,0.104
1382,2011,0.105
1382,2012,0.106
1382,2013,0.113
1382,2014,0.117
1382,2015,0.123
1382,2016,0.136
1382,2017,0.136
1382,2018,0.139
1382,2019,0.143
1382,2020,0.145
1382,2021,0.147
1383,2005,0.074
1383,2006,0.076
1383,2007,0.077
1383,2008,0.079
1383,2009,0.082
1383,2010,0.084
1383,2011,0.085
1383,2012,0.086
1383,2013,0.089
1383,2014,0.09
1383,2015,0.093
1383,2016,0.098
1383,2017,0.101
1383,2018,0.104
1383,2019,0.107
1383,2020,0.108
1383,2021,0.109
1384,2005,0.058
1384,2006,0.059
1384,2007,0.06
1384,2008,0.06
1384,2009,0.061
1384,2010,0.062
1384,2011,0.064
1384,2012,0.065
1384,2013,0.067
1384,2014,0.068
1384,2015,0.07
1384,2016,0.073
1384,2017,0.08
1384,2018,0.085
1384,2019,0.087
1384,2020,0.088
1384,2021,0.089
1401,2005,0.094
1401,2006,0.095
1401,2007,0.096
1401,2008,0.097
1401,2009,0.096
1401,2010,0.096
1401,2011,0.096
1401,2012,0.096
1401,2013,0.098
1401,2014,0.098
1401,2015,0.099
1401,2016,0.104
1401,2017,0.108
1401,2018,0.114
1401,2019,0.115
1401,2020,0.116
1401,2021,0.121
1402,2005,0.13
1402,2006,0.132
1402,2007,0.134
1402,2008,0.136
1402,2009,0.139
1402,2010,0.14
1402,2011,0.139
1402,2012,0.141
1402,2013,0.144
1402,2014,0.146
1402,2015,0.152
1402,2016,0.156
1402,2017,0.165
1402,2018,0.174
1402,2019,0.183
1402,2020,0.188
1402,2021,0.192
1407,2005,0.039
1407,2006,0.04
1407,2007,0.039
1407,2008,0.042
1407,2009,0.042
1407,2010,0.042
1407,2011,0.043
1407,2012,0.044
1407,2013,0.045
1407,2014,0.047
1407,2015,0.048
1407,2016,0.054
1407,2017,0.061
1407,2018,0.067
1407,2019,0.067
1407,2020,0.065
1407,2021,0.067
1415,2005,0.079
1415,2006,0.079
1415,2007,0.081
1415,2008,0.082
1415,2009,0.083
1415,2010,0.084
1415,2011,0.086
1415,2012,0.086
1415,2013,0.087
1415,2014,0.089
1415,2015,0.093
1415,2016,0.098
1415,2017,0.104
1415,2018,0.107
1415,2019,0.11
1415,2020,0.11
1415,2021,0.112
1419,2005,0.057
1419,2006,0.057
1419,2007,0.057
1419,2008,0.058
1419,2009,0.061
1419,2010,0.059
1419,2011,0.061
1419,2012,0.065
1419,2013,0.068
1419,2014,0.069
1419,2015,0.07
1419,2016,0.074
1419,2017,0.078
1419,2018,0.081
1419,2019,0.083
1419,2020,0.084
1419,2021,0.085
1421,2005,0.051
1421,2006,0.051
1421,2007,0.053
1421,2008,0.055
1421,2009,0.058
1421,2010,0.058
1421,2011,0.06
1421,2012,0.062
1421,2013,0.064
1421,2014,0.067
1421,2015,0.07
1421,2016,0.076
1421,2017,0.08
1421,2018,0.08
1421,2019,0.082
1421,2020,0.084
1421,2021,0.085
1427,2005,0.059
1427,2006,0.063
1427,2007,0.067
1427,2008,0.067
1427,2009,0.071
1427,2010,0.072
1427,2011,0.074
1427,2012,0.076
1427,2013,0.077
1427,2014,0.077
1427,2015,0.078
1427,2016,0.088
1427,2017,0.092
1427,2018,0.096
1427,2019,0.099
1427,2020,0.096
1427,2021,0.095
1430,2005,0.064
1430,2006,0.068
1430,2007,0.07
1430,2008,0.072
1430,2009,0.075
1430,2010,0.075
1430,2011,0.08
1430,2012,0.079
1430,2013,0.082
1430,2014,0.091
1430,2015,0.094
1430,2016,0.11
1430,2017,0.113
1430,2018,0.117
1430,2019,0.116
1430,2020,0.121
1430,2021,0.117
1435,2005,0.079
1435,2006,0.082
1435,2007,0.083
1435,2008,0.085
1435,2009,0.089
1435,2010,0.093
1435,2011,0.094
1435,2012,0.096
1435,2013,0.097
1435,2014,0.098
1435,2015,0.101
1435,2016,0.11
1435,2017,0.117
1435,2018,0.121
1435,2019,0.12
1435,2020,0.117
1435,2021,0.116
1438,2005,0.118
1438,2006,0.128
1438,2007,0.128
1438,2008,0.132
1438,2009,0.126
1438,2010,0.127
1438,2011,0.129
1438,2012,0.127
1438,2013,0.144
1438,2014,0.143
1438,2015,0.15
1438,2016,0.156
1438,2017,0.156
1438,2018,0.158
1438,2019,0.152
1438,2020,0.144
1438,2021,0.147
1439,2005,0.057
1439,2006,0.06
1439,2007,0.067
1439,2008,0.073
1439,2009,0.076
1439,2010,0.083
1439,2011,0.085
1439,2012,0.084
1439,2013,0.086
1439,2014,0.088
1439,2015,0.099
1439,2016,0.114
1439,2017,0.115
1439,2018,0.116
1439,2019,0.116
1439,2020,0.113
1439,2021,0.111
1440,2005,0.119
1440,2006,0.12
1440,2007,0.124
1440,2008,0.126
1440,2009,0.128
1440,2010,0.128
1440,2011,0.13
1440,2012,0.131
1440,2013,0.132
1440,2014,0.136
1440,2015,0.138
1440,2016,0.145
1440,2017,0.152
1440,2018,0.159
1440,2019,0.165
1440,2020,0.168
1440,2021,0.17
1441,2005,0.081
1441,2006,0.083
1441,2007,0.084
1441,2008,0.084
1441,2009,0.084
1441,2010,0.084
1441,2011,0.085
1441,2012,0.086
1441,2013,0.086
1441,2014,0.086
1441,2015,0.088
1441,2016,0.092
1441,2017,0.1
1441,2018,0.103
1441,2019,0.106
1441,2020,0.105
1441,2021,0.107
1442,2005,0.081
1442,2006,0.079
1442,2007,0.084
1442,2008,0.085
1442,2009,0.087
1442,2010,0.086
1442,2011,0.087
1442,2012,0.09
1442,2013,0.093
1442,2014,0.096
1442,2015,0.102
1442,2016,0.109
1442,2017,0.115
1442,2018,0.121
1442,2019,0.126
1442,2020,0.131
1442,2021,0.136
1443,2005,0.065
1443,2006,0.067
1443,2007,0.066
1443,2008,0.07
1443,2009,0.072
1443,2010,0.074
1443,2011,0.076
1443,2012,0.077
1443,2013,0.079
1443,2014,0.081
1443,2015,0.084
1443,2016,0.09
1443,2017,0.096
1443,2018,0.101
1443,2019,0.104
1443,2020,0.102
1443,2021,0.102
1444,2005,0.042
1444,2006,0.05
1444,2007,0.052
1444,2008,0.053
1444,2009,0.057
1444,2010,0.056
1444,2011,0.057
1444,2012,0.061
1444,2013,0.062
1444,2014,0.061
1444,2015,0.065
1444,2016,0.07
1444,2017,0.071
1444,2018,0.072
1444,2019,0.075
1444,2020,0.073
1444,2021,0.074
1445,2005,0.047
1445,2006,0.053
1445,2007,0.052
1445,2008,0.056
1445,2009,0.063
1445,2010,0.064
1445,2011,0.065
1445,2012,0.069
1445,2013,0.07
1445,2014,0.074
1445,2015,0.077
1445,2016,0.081
1445,2017,0.081
1445,2018,0.089
1445,2019,0.095
1445,2020,0.093
1445,2021,0.094
1446,2005,0.037
1446,2006,0.038
1446,2007,0.044
1446,2008,0.046
1446,2009,0.049
1446,2010,0.05
1446,2011,0.049
1446,2012,0.052
1446,2013,0.062
1446,2014,0.065
1446,2015,0.069
1446,2016,0.089
1446,2017,0.094
1446,2018,0.094
1446,2019,0.089
1446,2020,0.087
1446,2021,0.086
1447,2005,0.081
1447,2006,0.087
1447,2007,0.093
1447,2008,0.103
1447,2009,0.106
1447,2010,0.113
1447,2011,0.119
1447,2012,0.128
1447,2013,0.132
1447,2014,0.146
1447,2015,0.149
1447,2016,0.169
1447,2017,0.166
1447,2018,0.172
1447,2019,0.17
1447,2020,0.168
1447,2021,0.17
1452,2005,0.103
1452,2006,0.107
1452,2007,0.111
1452,2008,0.113
1452,2009,0.114
1452,2010,0.116
1452,2011,0.122
1452,2012,0.124
1452,2013,0.128
1452,2014,0.137
1452,2015,0.139
1452,2016,0.15
1452,2017,0.154
1452,2018,0.16
1452,2019,0.162
1452,2020,0.161
1452,2021,0.162
1460,2005,0.089
1460,2006,0.097
1460,2007,0.103
1460,2008,0.108
1460,2009,0.116
1460,2010,0.12
1460,2011,0.126
1460,2012,0.128
1460,2013,0.137
1460,2014,0.143
1460,2015,0.156
1460,2016,0.185
1460,2017,0.194
1460,2018,0.197
1460,2019,0.197
1460,2020,0.189
1460,2021,0.187
1461,2005,0.09
1461,2006,0.099
1461,2007,0.104
1461,2008,0.104
1461,2009,0.104
1461,2010,0.11
1461,2011,0.108
1461,2012,0.111
1461,2013,0.114
1461,2014,0.125
1461,2015,0.155
1461,2016,0.174
1461,2017,0.175
1461,2018,0.177
1461,2019,0.18
1461,2020,0.176
1461,2021,0.175
1462,2005,0.119
1462,2006,0.124
1462,2007,0.125
1462,2008,0.127
1462,2009,0.126
1462,2010,0.125
1462,2011,0.124
1462,2012,0.126
1462,2013,0.131
1462,2014,0.134
1462,2015,0.138
1462,2016,0.148
1462,2017,0.156
1462,2018,0.159
1462,2019,0.162
1462,2020,0.167
1462,2021,0.172
1463,2005,0.087
1463,2006,0.088
1463,2007,0.09
1463,2008,0.092
1463,2009,0.093
1463,2010,0.097
1463,2011,0.099
1463,2012,0.101
1463,2013,0.103
1463,2014,0.106
1463,2015,0.109
1463,2016,0.116
1463,2017,0.12
1463,2018,0.126
1463,2019,0.128
1463,2020,0.13
1463,2021,0.129
1465,2005,0.085
1465,2006,0.088
1465,2007,0.094
1465,2008,0.098
1465,2009,0.101
1465,2010,0.109
1465,2011,0.112
1465,2012,0.113
1465,2013,0.119
1465,2014,0.126
1465,2015,0.135
1465,2016,0.147
1465,2017,0.146
1465,2018,0.15
1465,2019,0.149
1465,2020,0.152
1465,2021,0.152
1466,2005,0.075
1466,2006,0.077
1466,2007,0.08
1466,2008,0.084
1466,2009,0.089
1466,2010,0.09
1466,2011,0.094
1466,2012,0.096
1466,2013,0.099
1466,2014,0.103
1466,2015,0.105
1466,2016,0.111
1466,2017,0.113
1466,2018,0.114
1466,2019,0.116
1466,2020,0.113
1466,2021,0.115
1470,2005,0.055
1470,2006,0.056
1470,2007,0.06
1470,2008,0.063
1470,2009,0.063
1470,2010,0.068
1470,2011,0.071
1470,2012,0.071
1470,2013,0.073
1470,2014,0.077
1470,2015,0.082
1470,2016,0.089
1470,2017,0.095
1470,2018,0.098
1470,2019,0.102
1470,2020,0.107
1470,2021,0.108
1471,2005,0.067
1471,2006,0.07
1471,2007,0.073
1471,2008,0.077
1471,2009,0.08
1471,2010,0.08
1471,2011,0.081
1471,2012,0.083
1471,2013,0.085
1471,2014,0.091
1471,2015,0.095
1471,2016,0.106
1471,2017,0.106
1471,2018,0.107
1471,2019,0.108
1471,2020,0.107
1471,2021,0.109
1472,2005,0.085
1472,2006,0.088
1472,2007,0.09
1472,2008,0.096
1472,2009,0.098
1472,2010,0.099
1472,2011,0.102
1472,2012,0.105
1472,2013,0.11
1472,2014,0.124
1472,2015,0.138
1472,2016,0.148
1472,2017,0.153
1472,2018,0.157
1472,2019,0.162
1472,2020,0.16
1472,2021,0.159
1473,2005,0.065
1473,2006,0.069
1473,2007,0.074
1473,2008,0.072
1473,2009,0.073
1473,2010,0.072
1473,2011,0.076
1473,2012,0.083
1473,2013,0.088
1473,2014,0.101
1473,2015,0.118
1473,2016,0.136
1473,2017,0.14
1473,2018,0.137
1473,2019,0.143
1473,2020,0.141
1473,2021,0.136
1480,2005,0.199
1480,2006,0.202
1480,2007,0.206
1480,2008,0.212
1480,2009,0.217
1480,2010,0.221
1480,2011,0.224
1480,2012,0.227
1480,2013,0.23
1480,2014,0.235
1480,2015,0.239
1480,2016,0.246
1480,2017,0.254
1480,2018,0.261
1480,2019,0.267
1480,2020,0.269
1480,2021,0.274
1481,2005,0.122
1481,2006,0.123
1481,2007,0.126
1481,2008,0.127
1481,2009,0.129
1481,2010,0.131
1481,2011,0.135
1481,2012,0.137
1481,2013,0.139
1481,2014,0.144
1481,2015,0.148
1481,2016,0.154
1481,2017,0.164
1481,2018,0.172
1481,2019,0.176
1481,2020,0.178
1481,2021,0.181
1482,2005,0.074
1482,2006,0.075
1482,2007,0.076
1482,2008,0.077
1482,2009,0.078
1482,2010,0.077
1482,2011,0.077
1482,2012,0.078
1482,2013,0.079
1482,2014,0.081
1482,2015,0.081
1482,2016,0.084
1482,2017,0.09
1482,2018,0.097
1482,2019,0.102
1482,2020,0.104
1482,2021,0.106
1484,2005,0.081
1484,2006,0.081
1484,2007,0.083
1484,2008,0.088
1484,2009,0.091
1484,2010,0.094
1484,2011,0.094
1484,2012,0.098
1484,2013,0.103
1484,2014,0.107
1484,2015,0.118
1484,2016,0.128
1484,2017,0.135
1484,2018,0.138
1484,2019,0.138
1484,2020,0.135
1484,2021,0.131
1485,2005,0.103
1485,2006,0.105
1485,2007,0.108
1485,2008,0.111
1485,2009,0.113
1485,2010,0.115
1485,2011,0.116
1485,2012,0.12
1485,2013,0.125
1485,2014,0.131
1485,2015,0.138
1485,2016,0.15
1485,2017,0.157
1485,2018,0.162
1485,2019,0.167
1485,2020,0.17
1485,2021,0.172
1486,2005,0.179
1486,2006,0.182
1486,2007,0.186
1486,2008,0.189
1486,2009,0.191
1486,2010,0.198
1486,2011,0.206
1486,2012,0.213
1486,2013,0.221
1486,2014,0.231
1486,2015,0.237
1486,2016,0.246
1486,2017,0.251
1486,2018,0.257
1486,2019,0.261
1486,2020,0.263
1486,2021,0.26
1487,2005,0.075
1487,2006,0.078
1487,2007,0.081
1487,2008,0.084
1487,2009,0.086
1487,2010,0.089
1487,2011,0.091
1487,2012,0.095
1487,2013,0.104
1487,2014,0.117
1487,2015,0.129
1487,2016,0.143
1487,2017,0.146
1487,2018,0.15
1487,2019,0.154
1487,2020,0.152
1487,2021,0.152
1488,2005,0.138
1488,2006,0.144
1488,2007,0.15
1488,2008,0.157
1488,2009,0.16
1488,2010,0.166
1488,2011,0.168
1488,2012,0.172
1488,2013,0.18
1488,2014,0.187
1488,2015,0.191
1488,2016,0.198
1488,2017,0.203
1488,2018,0.208
1488,2019,0.213
1488,2020,0.216
1488,2021,0.217
1489,2005,0.079
1489,2006,0.082
1489,2007,0.085
1489,2008,0.087
1489,2009,0.089
1489,2010,0.09
1489,2011,0.092
1489,2012,0.095
1489,2013,0.097
1489,2014,0.101
1489,2015,0.104
1489,2016,0.108
1489,2017,0.112
1489,2018,0.115
1489,2019,0.116
1489,2020,0.117
1489,2021,0.116
1490,2005,0.16
1490,2006,0.165
1490,2007,0.168
1490,2008,0.171
1490,2009,0.176
1490,2010,0.18
1490,2011,0.182
1490,2012,0.184
1490,2013,0.189
1490,2014,0.193
1490,2015,0.2
1490,2016,0.207
1490,2017,0.214
1490,2018,0.22
1490,2019,0.226
1490,2020,0.229
1490,2021,0.233
1491,2005,0.071
1491,2006,0.076
1491,2007,0.079
1491,2008,0.086
1491,2009,0.09
1491,2010,0.092
1491,2011,0.095
1491,2012,0.099
1491,2013,0.102
1491,2014,0.104
1491,2015,0.109
1491,2016,0.117
1491,2017,0.124
1491,2018,0.126
1491,2019,0.129
1491,2020,0.128
1491,2021,0.128
1492,2005,0.085
1492,2006,0.088
1492,2007,0.087
1492,2008,0.092
1492,2009,0.089
1492,2010,0.091
1492,2011,0.094
1492,2012,0.098
1492,2013,0.107
1492,2014,0.121
1492,2015,0.143
1492,2016,0.158
1492,2017,0.163
1492,2018,0.169
1492,2019,0.165
1492,2020,0.162
1492,2021,0.156
1493,2005,0.083
1493,2006,0.086
1493,2007,0.087
1493,2008,0.089
1493,2009,0.09
1493,2010,0.091
1493,2011,0.09
1493,2012,0.093
1493,2013,0.1
1493,2014,0.1
1493,2015,0.101
1493,2016,0.107
1493,2017,0.11
1493,2018,0.112
1493,2019,0.115
1493,2020,0.113
1493,2021,0.116
1494,2005,0.068
1494,2006,0.069
1494,2007,0.07
1494,2008,0.073
1494,2009,0.074
1494,2010,0.076
1494,2011,0.078
1494,2012,0.079
1494,2013,0.082
1494,2014,0.085
1494,2015,0.087
1494,2016,0.092
1494,2017,0.098
1494,2018,0.101
1494,2019,0.104
1494,2020,0.106
1494,2021,0.107
1495,2005,0.074
1495,2006,0.077
1495,2007,0.08
1495,2008,0.085
1495,2009,0.088
1495,2010,0.09
1495,2011,0.093
1495,2012,0.097
1495,2013,0.113
1495,2014,0.121
1495,2015,0.128
1495,2016,0.144
1495,2017,0.145
1495,2018,0.151
1495,2019,0.157
1495,2020,0.157
1495,2021,0.157
1496,2005,0.104
1496,2006,0.107
1496,2007,0.108
1496,2008,0.112
1496,2009,0.115
1496,2010,0.118
1496,2011,0.119
1496,2012,0.12
1496,2013,0.124
1496,2014,0.129
1496,2015,0.133
1496,2016,0.139
1496,2017,0.145
1496,2018,0.149
1496,2019,0.153
1496,2020,0.155
1496,2021,0.158
1497,2005,0.05
1497,2006,0.05
1497,2007,0.052
1497,2008,0.054
1497,2009,0.058
1497,2010,0.058
1497,2011,0.06
1497,2012,0.063
1497,2013,0.064
1497,2014,0.066
1497,2015,0.075
1497,2016,0.078
1497,2017,0.081
1497,2018,0.083
1497,2019,0.084
1497,2020,0.083
1497,2021,0.084
1498,2005,0.064
1498,2006,0.067
1498,2007,0.071
1498,2008,0.073
1498,2009,0.073
1498,2010,0.073
1498,2011,0.076
1498,2012,0.08
1498,2013,0.081
1498,2014,0.092
1498,2015,0.097
1498,2016,0.103
1498,2017,0.106
1498,2018,0.109
1498,2019,0.11
1498,2020,0.108
1498,2021,0.108
1499,2005,0.07
1499,2006,0.073
1499,2007,0.076
1499,2008,0.081
1499,2009,0.085
1499,2010,0.09
1499,2011,0.094
1499,2012,0.097
1499,2013,0.107
1499,2014,0.115
1499,2015,0.123
1499,2016,0.131
1499,2017,0.137
1499,2018,0.141
1499,2019,0.147
1499,2020,0.147
1499,2021,0.148
1715,2005,0.056
1715,2006,0.058
1715,2007,0.058
1715,2008,0.058
1715,2009,0.058
1715,2010,0.06
1715,2011,0.061
1715,2012,0.063
1715,2013,0.063
1715,2014,0.067
1715,2015,0.067
1715,2016,0.068
1715,2017,0.07
1715,2018,0.073
1715,2019,0.077
1715,2020,0.077
1715,2021,0.077
1730,2005,0.207
1730,2006,0.215
1730,2007,0.219
1730,2008,0.228
1730,2009,0.231
1730,2010,0.234
1730,2011,0.236
1730,2012,0.239
1730,2013,0.24
1730,2014,0.244
1730,2015,0.248
1730,2016,0.255
1730,2017,0.264
1730,2018,0.269
1730,2019,0.272
1730,2020,0.272
1730,2021,0.267
1737,2005,0.068
1737,2006,0.075
1737,2007,0.079
1737,2008,0.084
1737,2009,0.087
1737,2010,0.091
1737,2011,0.093
1737,2012,0.096
1737,2013,0.099
1737,2014,0.108
1737,2015,0.113
1737,2016,0.138
1737,2017,0.125
1737,2018,0.122
1737,2019,0.127
1737,2020,0.128
1737,2021,0.131
1760,2005,0.117
1760,2006,0.125
1760,2007,0.131
1760,2008,0.137
1760,2009,0.142
1760,2010,0.147
1760,2011,0.148
1760,2012,0.146
1760,2013,0.161
1760,2014,0.178
1760,2015,0.171
1760,2016,0.182
1760,2017,0.184
1760,2018,0.174
1760,2019,0.155
1760,2020,0.15
1760,2021,0.142
1761,2005,0.055
1761,2006,0.055
1761,2007,0.056
1761,2008,0.059
1761,2009,0.058
1761,2010,0.059
1761,2011,0.059
1761,2012,0.06
1761,2013,0.061
1761,2014,0.06
1761,2015,0.061
1761,2016,0.063
1761,2017,0.069
1761,2018,0.072
1761,2019,0.071
1761,2020,0.071
1761,2021,0.072
1762,2005,0.055
1762,2006,0.06
1762,2007,0.063
1762,2008,0.067
1762,2009,0.07
1762,2010,0.072
1762,2011,0.072
1762,2012,0.08
1762,2013,0.085
1762,2014,0.092
1762,2015,0.105
1762,2016,0.136
1762,2017,0.139
1762,2018,0.146
1762,2019,0.141
1762,2020,0.14
1762,2021,0.14
1763,2005,0.058
1763,2006,0.059
1763,2007,0.06
1763,2008,0.061
1763,2009,0.061
1763,2010,0.061
1763,2011,0.064
1763,2012,0.067
1763,2013,0.067
1763,2014,0.073
1763,2015,0.077
1763,2016,0.084
1763,2017,0.087
1763,2018,0.09
1763,2019,0.087
1763,2020,0.087
1763,2021,0.086
1764,2005,0.074
1764,2006,0.074
1764,2007,0.074
1764,2008,0.076
1764,2009,0.078
1764,2010,0.083
1764,2011,0.081
1764,2012,0.083
1764,2013,0.087
1764,2014,0.094
1764,2015,0.097
1764,2016,0.109
1764,2017,0.109
1764,2018,0.107
1764,2019,0.109
1764,2020,0.111
1764,2021,0.11
1765,2005,0.149
1765,2006,0.155
1765,2007,0.159
1765,2008,0.167
1765,2009,0.168
1765,2010,0.169
1765,2011,0.173
1765,2012,0.178
1765,2013,0.19
1765,2014,0.189
1765,2015,0.197
1765,2016,0.204
1765,2017,0.206
1765,2018,0.21
1765,2019,0.214
1765,2020,0.212
1765,2021,0.212
1766,2005,0.047
1766,2006,0.05
1766,2007,0.054
1766,2008,0.056
1766,2009,0.056
1766,2010,0.057
1766,2011,0.059
1766,2012,0.06
1766,2013,0.062
1766,2014,0.072
1766,2015,0.085
1766,2016,0.102
1766,2017,0.099
1766,2018,0.098
1766,2019,0.1
1766,2020,0.099
1766,2021,0.098
1780,2005,0.083
1780,2006,0.087
1780,2007,0.09
1780,2008,0.093
1780,2009,0.097
1780,2010,0.1
1780,2011,0.101
1780,2012,0.102
1780,2013,0.104
1780,2014,0.106
1780,2015,0.109
1780,2016,0.116
1780,2017,0.123
1780,2018,0.127
1780,2019,0.133
1780,2020,0.136
1780,2021,0.137
1781,2005,0.075
1781,2006,0.077
1781,2007,0.079
1781,2008,0.082
1781,2009,0.086
1781,2010,0.088
1781,2011,0.09
1781,2012,0.096
1781,2013,0.105
1781,2014,0.115
1781,2015,0.125
1781,2016,0.14
1781,2017,0.14
1781,2018,0.138
1781,2019,0.138
1781,2020,0.139
1781,2021,0.137
1782,2005,0.078
1782,2006,0.082
1782,2007,0.084
1782,2008,0.089
1782,2009,0.093
1782,2010,0.098
1782,2011,0.105
1782,2012,0.116
1782,2013,0.128
1782,2014,0.137
1782,2015,0.151
1782,2016,0.182
1782,2017,0.176
1782,2018,0.187
1782,2019,0.182
1782,2020,0.179
1782,2021,0.175
1783,2005,0.064
1783,2006,0.067
1783,2007,0.075
1783,2008,0.079
1783,2009,0.083
1783,2010,0.085
1783,2011,0.087
1783,2012,0.093
1783,2013,0.104
1783,2014,0.106
1783,2015,0.113
1783,2016,0.126
1783,2017,0.128
1783,2018,0.134
1783,2019,0.138
1783,2020,0.138
1783,2021,0.145
1784,2005,0.085
1784,2006,0.089
1784,2007,0.093
1784,2008,0.096
1784,2009,0.096
1784,2010,0.099
1784,2011,0.099
1784,2012,0.101
1784,2013,0.104
1784,2014,0.107
1784,2015,0.11
1784,2016,0.117
1784,2017,0.119
1784,2018,0.121
1784,2019,0.121
1784,2020,0.121
1784,2021,0.12
1785,2005,0.06
1785,2006,0.062
1785,2007,0.066
1785,2008,0.069
1785,2009,0.071
1785,2010,0.073
1785,2011,0.077
1785,2012,0.081
1785,2013,0.089
1785,2014,0.103
1785,2015,0.115
1785,2016,0.134
1785,2017,0.142
1785,2018,0.143
1785,2019,0.143
1785,2020,0.141
1785,2021,0.137
1814,2005,0.038
1814,2006,0.039
1814,2007,0.037
1814,2008,0.037
1814,2009,0.039
1814,2010,0.039
1814,2011,0.038
1814,2012,0.039
1814,2013,0.04
1814,2014,0.042
1814,2015,0.046
1814,2016,0.051
1814,2017,0.06
1814,2018,0.065
1814,2019,0.069
1814,2020,0.07
1814,2021,0.072
1860,2005,0.106
1860,2006,0.107
1860,2007,0.103
1860,2008,0.101
1860,2009,0.1
1860,2010,0.102
1860,2011,0.103
1860,2012,0.112
1860,2013,0.126
1860,2014,0.15
1860,2015,0.163
1860,2016,0.174
1860,2017,0.175
1860,2018,0.177
1860,2019,0.174
1860,2020,0.174
1860,2021,0.174
1861,2005,0.079
1861,2006,0.084
1861,2007,0.087
1861,2008,0.089
1861,2009,0.092
1861,2010,0.095
1861,2011,0.098
1861,2012,0.103
1861,2013,0.104
1861,2014,0.109
1861,2015,0.119
1861,2016,0.131
1861,2017,0.148
1861,2018,0.155
1861,2019,0.158
1861,2020,0.157
1861,2021,0.157
1862,2005,0.092
1862,2006,0.095
1862,2007,0.1
1862,2008,0.103
1862,2009,0.104
1862,2010,0.107
1862,2011,0.109
1862,2012,0.113
1862,2013,0.115
1862,2014,0.125
1862,2015,0.132
1862,2016,0.143
1862,2017,0.15
1862,2018,0.155
1862,2019,0.158
1862,2020,0.155
1862,2021,0.155
1863,2005,0.135
1863,2006,0.141
1863,2007,0.139
1863,2008,0.149
1863,2009,0.151
1863,2010,0.152
1863,2011,0.153
1863,2012,0.154
1863,2013,0.159
1863,2014,0.166
1863,2015,0.185
1863,2016,0.206
1863,2017,0.215
1863,2018,0.212
1863,2019,0.216
1863,2020,0.209
1863,2021,0.203
1864,2005,0.091
1864,2006,0.094
1864,2007,0.103
1864,2008,0.11
1864,2009,0.115
1864,2010,0.114
1864,2011,0.117
1864,2012,0.125
1864,2013,0.145
1864,2014,0.165
1864,2015,0.18
1864,2016,0.206
1864,2017,0.204
1864,2018,0.189
1864,2019,0.182
1864,2020,0.172
1864,2021,0.172
1880,2005,0.125
1880,2006,0.129
1880,2007,0.134
1880,2008,0.139
1880,2009,0.143
1880,2010,0.146
1880,2011,0.147
1880,2012,0.15
1880,2013,0.153
1880,2014,0.157
1880,2015,0.16
1880,2016,0.165
1880,2017,0.172
1880,2018,0.178
1880,2019,0.183
1880,2020,0.186
1880,2021,0.187
1881,2005,0.083
1881,2006,0.088
1881,2007,0.09
1881,2008,0.093
1881,2009,0.095
1881,2010,0.099
1881,2011,0.099
1881,2012,0.104
1881,2013,0.105
1881,2014,0.109
1881,2015,0.111
1881,2016,0.115
1881,2017,0.119
1881,2018,0.124
1881,2019,0.126
1881,2020,0.127
1881,2021,0.13
1882,2005,0.047
1882,2006,0.049
1882,2007,0.049
1882,2008,0.05
1882,2009,0.052
1882,2010,0.051
1882,2011,0.052
1882,2012,0.055
1882,2013,0.061
1882,2014,0.065
1882,2015,0.072
1882,2016,0.084
1882,2017,0.08
1882,2018,0.083
1882,2019,0.085
1882,2020,0.086
1882,2021,0.087
1883,2005,0.111
1883,2006,0.115
1883,2007,0.116
1883,2008,0.116
1883,2009,0.118
1883,2010,0.119
1883,2011,0.122
1883,2012,0.127
1883,2013,0.133
1883,2014,0.142
1883,2015,0.15
1883,2016,0.162
1883,2017,0.165
1883,2018,0.168
1883,2019,0.163
1883,2020,0.162
1883,2021,0.163
1884,2005,0.081
1884,2006,0.084
1884,2007,0.088
1884,2008,0.091
1884,2009,0.095
1884,2010,0.095
1884,2011,0.099
1884,2012,0.101
1884,2013,0.104
1884,2014,0.107
1884,2015,0.118
1884,2016,0.134
1884,2017,0.137
1884,2018,0.139
1884,2019,0.138
1884,2020,0.137
1884,2021,0.133
1885,2005,0.087
1885,2006,0.091
1885,2007,0.095
1885,2008,0.097
1885,2009,0.101
1885,2010,0.108
1885,2011,0.113
1885,2012,0.115
1885,2013,0.126
1885,2014,0.131
1885,2015,0.143
1885,2016,0.152
1885,2017,0.154
1885,2018,0.154
1885,2019,0.153
1885,2020,0.15
1885,2021,0.148
1904,2005,0.131
1904,2006,0.132
1904,2007,0.136
1904,2008,0.137
1904,2009,0.139
1904,2010,0.141
1904,2011,0.147
1904,2012,0.149
1904,2013,0.166
1904,2014,0.173
1904,2015,0.184
1904,2016,0.179
1904,2017,0.178
1904,2018,0.173
1904,2019,0.176
1904,2020,0.171
1904,2021,0.175
1907,2005,0.177
1907,2006,0.178
1907,2007,0.179
1907,2008,0.179
1907,2009,0.179
1907,2010,0.182
1907,2011,0.185
1907,2012,0.186
1907,2013,0.189
1907,2014,0.193
1907,2015,0.197
1907,2016,0.2
1907,2017,0.2
1907,2018,0.198
1907,2019,0.195
1907,2020,0.194
1907,2021,0.193
1960,2005,0.106
1960,2006,0.109
1960,2007,0.114
1960,2008,0.117
1960,2009,0.116
1960,2010,0.118
1960,2011,0.118
1960,2012,0.124
1960,2013,0.137
1960,2014,0.145
1960,2015,0.157
1960,2016,0.169
1960,2017,0.184
1960,2018,0.191
1960,2019,0.194
1960,2020,0.191
1960,2021,0.185
1961,2005,0.164
1961,2006,0.165
1961,2007,0.166
1961,2008,0.168
1961,2009,0.169
1961,2010,0.17
1961,2011,0.171
1961,2012,0.177
1961,2013,0.181
1961,2014,0.183
1961,2015,0.186
1961,2016,0.187
1961,2017,0.188
1961,2018,0.195
1961,2019,0.196
1961,2020,0.194
1961,2021,0.193
1962,2005,0.093
1962,2006,0.101
1962,2007,0.1
1962,2008,0.095
1962,2009,0.098
1962,2010,0.096
1962,2011,0.097
1962,2012,0.099
1962,2013,0.113
1962,2014,0.131
1962,2015,0.142
1962,2016,0.148
1962,2017,0.15
1962,2018,0.151
1962,2019,0.145
1962,2020,0.147
1962,2021,0.144
1980,2005,0.158
1980,2006,0.162
1980,2007,0.167
1980,2008,0.171
1980,2009,0.176
1980,2010,0.178
1980,2011,0.18
1980,2012,0.182
1980,2013,0.186
1980,2014,0.191
1980,2015,0.194
1980,2016,0.203
1980,2017,0.211
1980,2018,0.217
1980,2019,0.223
1980,2020,0.227
1980,2021,0.232
1981,2005,0.077
1981,2006,0.078
1981,2007,0.079
1981,2008,0.083
1981,2009,0.086
1981,2010,0.088
1981,2011,0.089
1981,2012,0.092
1981,2013,0.098
1981,2014,0.104
1981,2015,0.111
1981,2016,0.12
1981,2017,0.13
1981,2018,0.138
1981,2019,0.138
1981,2020,0.141
1981,2021,0.142
1982,2005,0.163
1982,2006,0.171
1982,2007,0.175
1982,2008,0.178
1982,2009,0.182
1982,2010,0.192
1982,2011,0.197
1982,2012,0.203
1982,2013,0.219
1982,2014,0.236
1982,2015,0.244
1982,2016,0.256
1982,2017,0.254
1982,2018,0.257
1982,2019,0.257
1982,2020,0.255
1982,2021,0.261
1983,2005,0.144
1983,2006,0.146
1983,2007,0.148
1983,2008,0.155
1983,2009,0.16
1983,2010,0.162
1983,2011,0.167
1983,2012,0.171
1983,2013,0.182
1983,2014,0.188
1983,2015,0.193
1983,2016,0.201
1983,2017,0.206
1983,2018,0.212
1983,2019,0.212
1983,2020,0.212
1983,2021,0.212
1984,2005,0.08
1984,2006,0.084
1984,2007,0.085
1984,2008,0.089
1984,2009,0.092
1984,2010,0.094
1984,2011,0.097
1984,2012,0.101
1984,2013,0.11
1984,2014,0.12
1984,2015,0.135
1984,2016,0.14
1984,2017,0.142
1984,2018,0.147
1984,2019,0.147
1984,2020,0.146
1984,2021,0.148
2021,2005,0.039
2021,2006,0.04
2021,2007,0.041
2021,2008,0.041
2021,2009,0.042
2021,2010,0.045
2021,2011,0.049
2021,2012,0.05
2021,2013,0.055
2021,2014,0.055
2021,2015,0.065
2021,2016,0.087
2021,2017,0.085
2021,2018,0.081
2021,2019,0.083
2021,2020,0.086
2021,2021,0.09
2023,2005,0.059
2023,2006,0.066
2023,2007,0.069
2023,2008,0.071
2023,2009,0.074
2023,2010,0.079
2023,2011,0.079
2023,2012,0.084
2023,2013,0.085
2023,2014,0.087
2023,2015,0.092
2023,2016,0.105
2023,2017,0.107
2023,2018,0.107
2023,2019,0.112
2023,2020,0.114
2023,2021,0.114
2026,2005,0.05
2026,2006,0.052
2026,2007,0.051
2026,2008,0.053
2026,2009,0.055
2026,2010,0.056
2026,2011,0.055
2026,2012,0.057
2026,2013,0.057
2026,2014,0.06
2026,2015,0.062
2026,2016,0.065
2026,2017,0.067
2026,2018,0.072
2026,2019,0.074
2026,2020,0.072
2026,2021,0.069
2029,2005,0.047
2029,2006,0.048
2029,2007,0.05
2029,2008,0.052
2029,2009,0.054
2029,2010,0.057
2029,2011,0.059
2029,2012,0.062
2029,2013,0.066
2029,2014,0.07
2029,2015,0.072
2029,2016,0.084
2029,2017,0.085
2029,2018,0.09
2029,2019,0.09
2029,2020,0.089
2029,2021,0.088
2031,2005,0.039
2031,2006,0.041
2031,2007,0.041
2031,2008,0.044
2031,2009,0.045
2031,2010,0.046
2031,2011,0.048
2031,2012,0.049
2031,2013,0.051
2031,2014,0.052
2031,2015,0.056
2031,2016,0.065
2031,2017,0.063
2031,2018,0.066
2031,2019,0.066
2031,2020,0.069
2031,2021,0.073
2034,2005,0.05
2034,2006,0.055
2034,2007,0.063
2034,2008,0.068
2034,2009,0.069
2034,2010,0.071
2034,2011,0.074
2034,2012,0.076
2034,2013,0.081
2034,2014,0.087
2034,2015,0.096
2034,2016,0.112
2034,2017,0.12
2034,2018,0.121
2034,2019,0.123
2034,2020,0.12
2034,2021,0.117
2039,2005,0.036
2039,2006,0.039
2039,2007,0.04
2039,2008,0.046
2039,2009,0.051
2039,2010,0.053
2039,2011,0.058
2039,2012,0.061
2039,2013,0.062
2039,2014,0.065
2039,2015,0.071
2039,2016,0.076
2039,2017,0.08
2039,2018,0.085
2039,2019,0.086
2039,2020,0.085
2039,2021,0.086
2061,2005,0.074
2061,2006,0.078
2061,2007,0.08
2061,2008,0.082
2061,2009,0.087
2061,2010,0.091
2061,2011,0.092
2061,2012,0.093
2061,2013,0.097
2061,2014,0.102
2061,2015,0.105
2061,2016,0.113
2061,2017,0.111
2061,2018,0.113
2061,2019,0.11
2061,2020,0.105
2061,2021,0.104
2062,2005,0.044
2062,2006,0.044
2062,2007,0.047
2062,2008,0.052
2062,2009,0.054
2062,2010,0.054
2062,2011,0.056
2062,2012,0.059
2062,2013,0.059
2062,2014,0.062
2062,2015,0.067
2062,2016,0.072
2062,2017,0.076
2062,2018,0.078
2062,2019,0.08
2062,2020,0.082
2062,2021,0.084
2080,2005,0.065
2080,2006,0.067
2080,2007,0.069
2080,2008,0.072
2080,2009,0.076
2080,2010,0.078
2080,2011,0.08
2080,2012,0.082
2080,2013,0.084
2080,2014,0.086
2080,2015,0.089
2080,2016,0.094
2080,2017,0.101
2080,2018,0.104
2080,2019,0.106
2080,2020,0.105
2080,2021,0.105
2081,2005,0.096
2081,2006,0.102
2081,2007,0.108
2081,2008,0.115
2081,2009,0.124
2081,2010,0.131
2081,2011,0.13
2081,2012,0.133
2081,2013,0.141
2081,2014,0.151
2081,2015,0.159
2081,2016,0.168
2081,2017,0.174
2081,2018,0.177
2081,2019,0.179
2081,2020,0.179
2081,2021,0.179
2082,2005,0.044
2082,2006,0.048
2082,2007,0.051
2082,2008,0.052
2082,2009,0.055
2082,2010,0.053
2082,2011,0.055
2082,2012,0.058
2082,2013,0.062
2082,2014,0.062
2082,2015,0.066
2082,2016,0.067
2082,2017,0.07
2082,2018,0.07
2082,2019,0.074
2082,2020,0.076
2082,2021,0.077
2083,2005,0.075
2083,2006,0.079
2083,2007,0.082
2083,2008,0.082
2083,2009,0.082
2083,2010,0.084
2083,2011,0.088
2083,2012,0.096
2083,2013,0.099
2083,2014,0.109
2083,2015,0.121
2083,2016,0.138
2083,2017,0.145
2083,2018,0.143
2083,2019,0.144
2083,2020,0.142
2083,2021,0.142
2084,2005,0.088
2084,2006,0.092
2084,2007,0.093
2084,2008,0.098
2084,2009,0.1
2084,2010,0.101
2084,2011,0.1
2084,2012,0.105
2084,2013,0.116
2084,2014,0.133
2084,2015,0.162
2084,2016,0.177
2084,2017,0.18
2084,2018,0.18
2084,2019,0.18
2084,2020,0.177
2084,2021,0.171
2085,2005,0.083
2085,2006,0.086
2085,2007,0.091
2085,2008,0.097
2085,2009,0.105
2085,2010,0.112
2085,2011,0.112
2085,2012,0.117
2085,2013,0.123
2085,2014,0.135
2085,2015,0.15
2085,2016,0.17
2085,2017,0.173
2085,2018,0.179
2085,2019,0.181
2085,2020,0.178
2085,2021,0.177
2101,2005,0.037
2101,2006,0.039
2101,2007,0.039
2101,2008,0.058
2101,2009,0.062
2101,2010,0.067
2101,2011,0.075
2101,2012,0.078
2101,2013,0.083
2101,2014,0.093
2101,2015,0.116
2101,2016,0.127
2101,2017,0.136
2101,2018,0.138
2101,2019,0.135
2101,2020,0.132
2101,2021,0.129
2104,2005,0.101
2104,2006,0.106
2104,2007,0.109
2104,2008,0.112
2104,2009,0.118
2104,2010,0.12
2104,2011,0.118
2104,2012,0.121
2104,2013,0.122
2104,2014,0.127
2104,2015,0.132
2104,2016,0.141
2104,2017,0.148
2104,2018,0.148
2104,2019,0.147
2104,2020,0.148
2104,2021,0.147
2121,2005,0.026
2121,2006,0.03
2121,2007,0.033
2121,2008,0.033
2121,2009,0.036
2121,2010,0.04
2121,2011,0.041
2121,2012,0.043
2121,2013,0.049
2121,2014,0.063
2121,2015,0.076
2121,2016,0.087
2121,2017,0.085
2121,2018,0.091
2121,2019,0.092
2121,2020,0.091
2121,2021,0.089
2132,2005,0.035
2132,2006,0.037
2132,2007,0.045
2132,2008,0.052
2132,2009,0.054
2132,2010,0.058
2132,2011,0.064
2132,2012,0.069
2132,2013,0.072
2132,2014,0.079
2132,2015,0.082
2132,2016,0.087
2132,2017,0.087
2132,2018,0.09
2132,2019,0.09
2132,2020,0.088
2132,2021,0.088
2161,2005,0.047
2161,2006,0.047
2161,2007,0.05
2161,2008,0.057
2161,2009,0.062
2161,2010,0.064
2161,2011,0.067
2161,2012,0.072
2161,2013,0.08
2161,2014,0.088
2161,2015,0.097
2161,2016,0.101
2161,2017,0.104
2161,2018,0.105
2161,2019,0.103
2161,2020,0.101
2161,2021,0.098
2180,2005,0.089
2180,2006,0.092
2180,2007,0.095
2180,2008,0.1
2180,2009,0.106
2180,2010,0.111
2180,2011,0.111
2180,2012,0.116
2180,2013,0.124
2180,2014,0.132
2180,2015,0.135
2180,2016,0.14
2180,2017,0.144
2180,2018,0.147
2180,2019,0.153
2180,2020,0.155
2180,2021,0.157
2181,2005,0.074
2181,2006,0.079
2181,2007,0.085
2181,2008,0.093
2181,2009,0.1
2181,2010,0.103
2181,2011,0.109
2181,2012,0.113
2181,2013,0.121
2181,2014,0.132
2181,2015,0.147
2181,2016,0.161
2181,2017,0.169
2181,2018,0.172
2181,2019,0.175
2181,2020,0.176
2181,2021,0.176
2182,2005,0.052
2182,2006,0.056
2182,2007,0.061
2182,2008,0.066
2182,2009,0.07
2182,2010,0.071
2182,2011,0.073
2182,2012,0.076
2182,2013,0.088
2182,2014,0.095
2182,2015,0.108
2182,2016,0.123
2182,2017,0.123
2182,2018,0.125
2182,2019,0.129
2182,2020,0.128
2182,2021,0.128
2183,2005,0.041
2183,2006,0.045
2183,2007,0.049
2183,2008,0.053
2183,2009,0.059
2183,2010,0.063
2183,2011,0.064
2183,2012,0.068
2183,2013,0.076
2183,2014,0.089
2183,2015,0.102
2183,2016,0.113
2183,2017,0.118
2183,2018,0.118
2183,2019,0.117
2183,2020,0.114
2183,2021,0.113
2184,2005,0.052
2184,2006,0.054
2184,2007,0.055
2184,2008,0.058
2184,2009,0.062
2184,2010,0.065
2184,2011,0.068
2184,2012,0.071
2184,2013,0.075
2184,2014,0.079
2184,2015,0.081
2184,2016,0.088
2184,2017,0.089
2184,2018,0.093
2184,2019,0.096
2184,2020,0.097
2184,2021,0.098
2260,2005,0.041
2260,2006,0.045
2260,2007,0.048
2260,2008,0.051
2260,2009,0.052
2260,2010,0.054
2260,2011,0.056
2260,2012,0.059
2260,2013,0.062
2260,2014,0.066
2260,2015,0.069
2260,2016,0.078
2260,2017,0.082
2260,2018,0.083
2260,2019,0.08
2260,2020,0.075
2260,2021,0.075
2262,2005,0.057
2262,2006,0.062
2262,2007,0.064
2262,2008,0.068
2262,2009,0.073
2262,2010,0.076
2262,2011,0.08
2262,2012,0.083
2262,2013,0.087
2262,2014,0.087
2262,2015,0.089
2262,2016,0.091
2262,2017,0.094
2262,2018,0.094
2262,2019,0.094
2262,2020,0.097
2262,2021,0.097
2280,2005,0.065
2280,2006,0.066
2280,2007,0.07
2280,2008,0.071
2280,2009,0.076
2280,2010,0.077
2280,2011,0.08
2280,2012,0.084
2280,2013,0.095
2280,2014,0.108
2280,2015,0.125
2280,2016,0.137
2280,2017,0.143
2280,2018,0.144
2280,2019,0.145
2280,2020,0.142
2280,2021,0.142
2281,2005,0.065
2281,2006,0.068
2281,2007,0.07
2281,2008,0.073
2281,2009,0.078
2281,2010,0.082
2281,2011,0.083
2281,2012,0.087
2281,2013,0.09
2281,2014,0.094
2281,2015,0.097
2281,2016,0.101
2281,2017,0.104
2281,2018,0.106
2281,2019,0.11
2281,2020,0.111
2281,2021,0.112
2282,2005,0.049
2282,2006,0.053
2282,2007,0.058
2282,2008,0.062
2282,2009,0.064
2282,2010,0.068
2282,2011,0.073
2282,2012,0.075
2282,2013,0.085
2282,2014,0.093
2282,2015,0.102
2282,2016,0.121
2282,2017,0.123
2282,2018,0.127
2282,2019,0.13
2282,2020,0.129
2282,2021,0.125
2283,2005,0.048
2283,2006,0.051
2283,2007,0.054
2283,2008,0.061
2283,2009,0.064
2283,2010,0.067
2283,2011,0.069
2283,2012,0.075
2283,2013,0.082
2283,2014,0.094
2283,2015,0.105
2283,2016,0.119
2283,2017,0.124
2283,2018,0.123
2283,2019,0.116
2283,2020,0.113
2283,2021,0.114
2284,2005,0.047
2284,2006,0.05
2284,2007,0.052
2284,2008,0.055
2284,2009,0.058
2284,2010,0.059
2284,2011,0.061
2284,2012,0.063
2284,2013,0.065
2284,2014,0.068
2284,2015,0.075
2284,2016,0.083
2284,2017,0.089
2284,2018,0.091
2284,2019,0.093
2284,2020,0.093
2284,2021,0.092
2303,2005,0.045
2303,2006,0.048
2303,2007,0.05
2303,2008,0.053
2303,2009,0.054
2303,2010,0.063
2303,2011,0.064
2303,2012,0.073
2303,2013,0.085
2303,2014,0.093
2303,2015,0.099
2303,2016,0.117
2303,2017,0.127
2303,2018,0.116
2303,2019,0.112
2303,2020,0.105
2303,2021,0.109
2305,2005,0.051
2305,2006,0.059
2305,2007,0.062
2305,2008,0.068
2305,2009,0.072
2305,2010,0.077
2305,2011,0.082
2305,2012,0.09
2305,2013,0.093
2305,2014,0.1
2305,2015,0.11
2305,2016,0.121
2305,2017,0.125
2305,2018,0.117
2305,2019,0.113
2305,2020,0.11
2305,2021,0.11
2309,2005,0.043
2309,2006,0.046
2309,2007,0.049
2309,2008,0.049
2309,2009,0.049
2309,2010,0.052
2309,2011,0.054
2309,2012,0.056
2309,2013,0.064
2309,2014,0.063
2309,2015,0.07
2309,2016,0.076
2309,2017,0.079
2309,2018,0.076
2309,2019,0.076
2309,2020,0.074
2309,2021,0.072
2313,2005,0.042
2313,2006,0.049
2313,2007,0.059
2313,2008,0.064
2313,2009,0.068
2313,2010,0.074
2313,2011,0.082
2313,2012,0.089
2313,2013,0.092
2313,2014,0.097
2313,2015,0.097
2313,2016,0.112
2313,2017,0.115
2313,2018,0.114
2313,2019,0.115
2313,2020,0.113
2313,2021,0.114
2321,2005,0.051
2321,2006,0.053
2321,2007,0.056
2321,2008,0.06
2321,2009,0.061
2321,2010,0.062
2321,2011,0.065
2321,2012,0.07
2321,2013,0.078
2321,2014,0.085
2321,2015,0.096
2321,2016,0.117
2321,2017,0.124
2321,2018,0.124
2321,2019,0.122
2321,2020,0.119
2321,2021,0.114
2326,2005,0.028
2326,2006,0.033
2326,2007,0.037
2326,2008,0.038
2326,2009,0.041
2326,2010,0.048
2326,2011,0.055
2326,2012,0.054
2326,2013,0.063
2326,2014,0.066
2326,2015,0.071
2326,2016,0.087
2326,2017,0.089
2326,2018,0.082
2326,2019,0.08
2326,2020,0.08
2326,2021,0.082
2361,2005,0.046
2361,2006,0.049
2361,2007,0.055
2361,2008,0.06
2361,2009,0.062
2361,2010,0.066
2361,2011,0.068
2361,2012,0.071
2361,2013,0.085
2361,2014,0.086
2361,2015,0.092
2361,2016,0.099
2361,2017,0.108
2361,2018,0.109
2361,2019,0.108
2361,2020,0.106
2361,2021,0.107
2380,2005,0.05
2380,2006,0.052
2380,2007,0.053
2380,2008,0.055
2380,2009,0.058
2380,2010,0.06
2380,2011,0.06
2380,2012,0.061
2380,2013,0.068
2380,2014,0.073
2380,2015,0.076
2380,2016,0.081
2380,2017,0.087
2380,2018,0.091
2380,2019,0.096
2380,2020,0.097
2380,2021,0.098
2401,2005,0.038
2401,2006,0.039
2401,2007,0.041
2401,2008,0.045
2401,2009,0.048
2401,2010,0.054
2401,2011,0.06
2401,2012,0.063
2401,2013,0.067
2401,2014,0.076
2401,2015,0.081
2401,2016,0.087
2401,2017,0.089
2401,2018,0.095
2401,2019,0.095
2401,2020,0.091
2401,2021,0.096
2403,2005,0.037
2403,2006,0.041
2403,2007,0.053
2403,2008,0.057
2403,2009,0.065
2403,2010,0.072
2403,2011,0.079
2403,2012,0.086
2403,2013,0.093
2403,2014,0.099
2403,2015,0.108
2403,2016,0.111
2403,2017,0.114
2403,2018,0.119
2403,2019,0.115
2403,2020,0.104
2403,2021,0.108
2404,2005,0.036
2404,2006,0.038
2404,2007,0.043
2404,2008,0.05
2404,2009,0.049
2404,2010,0.052
2404,2011,0.057
2404,2012,0.061
2404,2013,0.064
2404,2014,0.075
2404,2015,0.077
2404,2016,0.087
2404,2017,0.094
2404,2018,0.102
2404,2019,0.108
2404,2020,0.109
2404,2021,0.107
2409,2005,0.042
2409,2006,0.043
2409,2007,0.045
2409,2008,0.048
2409,2009,0.05
2409,2010,0.055
2409,2011,0.06
2409,2012,0.064
2409,2013,0.066
2409,2014,0.071
2409,2015,0.077
2409,2016,0.08
2409,2017,0.084
2409,2018,0.083
2409,2019,0.085
2409,2020,0.087
2409,2021,0.086
2417,2005,0.03
2417,2006,0.033
2417,2007,0.034
2417,2008,0.044
2417,2009,0.054
2417,2010,0.063
2417,2011,0.064
2417,2012,0.071
2417,2013,0.079
2417,2014,0.087
2417,2015,0.09
2417,2016,0.093
2417,2017,0.097
2417,2018,0.097
2417,2019,0.095
2417,2020,0.093
2417,2021,0.096
2418,2005,0.035
2418,2006,0.037
2418,2007,0.039
2418,2008,0.05
2418,2009,0.053
2418,2010,0.054
2418,2011,0.058
2418,2012,0.058
2418,2013,0.061
2418,2014,0.069
2418,2015,0.077
2418,2016,0.079
2418,2017,0.096
2418,2018,0.106
2418,2019,0.11
2418,2020,0.109
2418,2021,0.115
2421,2005,0.034
2421,2006,0.035
2421,2007,0.036
2421,2008,0.039
2421,2009,0.042
2421,2010,0.042
2421,2011,0.044
2421,2012,0.05
2421,2013,0.057
2421,2014,0.062
2421,2015,0.067
2421,2016,0.073
2421,2017,0.082
2421,2018,0.089
2421,2019,0.089
2421,2020,0.093
2421,2021,0.091
2422,2005,0.041
2422,2006,0.05
2422,2007,0.065
2422,2008,0.062
2422,2009,0.086
2422,2010,0.097
2422,2011,0.115
2422,2012,0.118
2422,2013,0.101
2422,2014,0.111
2422,2015,0.113
2422,2016,0.121
2422,2017,0.118
2422,2018,0.115
2422,2019,0.114
2422,2020,0.109
2422,2021,0.115
2425,2005,0.041
2425,2006,0.047
2425,2007,0.05
2425,2008,0.052
2425,2009,0.056
2425,2010,0.066
2425,2011,0.074
2425,2012,0.069
2425,2013,0.069
2425,2014,0.077
2425,2015,0.088
2425,2016,0.09
2425,2017,0.087
2425,2018,0.075
2425,2019,0.072
2425,2020,0.069
2425,2021,0.072
2460,2005,0.035
2460,2006,0.035
2460,2007,0.039
2460,2008,0.044
2460,2009,0.047
2460,2010,0.049
2460,2011,0.051
2460,2012,0.055
2460,2013,0.06
2460,2014,0.063
2460,2015,0.066
2460,2016,0.073
2460,2017,0.078
2460,2018,0.081
2460,2019,0.082
2460,2020,0.087
2460,2021,0.086
2462,2005,0.028
2462,2006,0.029
2462,2007,0.035
2462,2008,0.04
2462,2009,0.042
2462,2010,0.053
2462,2011,0.054
2462,2012,0.06
2462,2013,0.064
2462,2014,0.073
2462,2015,0.076
2462,2016,0.08
2462,2017,0.085
2462,2018,0.082
2462,2019,0.08
2462,2020,0.076
2462,2021,0.077
2463,2005,0.04
2463,2006,0.042
2463,2007,0.059
2463,2008,0.063
2463,2009,0.069
2463,2010,0.069
2463,2011,0.07
2463,2012,0.085
2463,2013,0.088
2463,2014,0.093
2463,2015,0.107
2463,2016,0.125
2463,2017,0.113
2463,2018,0.117
2463,2019,0.117
2463,2020,0.123
2463,2021,0.122
2480,2005,0.082
2480,2006,0.083
2480,2007,0.084
2480,2008,0.087
2480,2009,0.091
2480,2010,0.095
2480,2011,0.096
2480,2012,0.096
2480,2013,0.098
2480,2014,0.101
2480,2015,0.101
2480,2016,0.106
2480,2017,0.113
2480,2018,0.118
2480,2019,0.122
2480,2020,0.123
2480,2021,0.124
2481,2005,0.052
2481,2006,0.053
2481,2007,0.052
2481,2008,0.055
2481,2009,0.058
2481,2010,0.064
2481,2011,0.067
2481,2012,0.071
2481,2013,0.074
2481,2014,0.079
2481,2015,0.084
2481,2016,0.089
2481,2017,0.097
2481,2018,0.103
2481,2019,0.105
2481,2020,0.106
2481,2021,0.106
2482,2005,0.044
2482,2006,0.047
2482,2007,0.05
2482,2008,0.052
2482,2009,0.054
2482,2010,0.055
2482,2011,0.058
2482,2012,0.061
2482,2013,0.065
2482,2014,0.068
2482,2015,0.071
2482,2016,0.076
2482,2017,0.08
2482,2018,0.082
2482,2019,0.083
2482,2020,0.084
2482,2021,0.09
2505,2005,0.029
2505,2006,0.032
2505,2007,0.037
2505,2008,0.042
2505,2009,0.047
2505,2010,0.052
2505,2011,0.057
2505,2012,0.061
2505,2013,0.066
2505,2014,0.074
2505,2015,0.078
2505,2016,0.082
2505,2017,0.088
2505,2018,0.087
2505,2019,0.086
2505,2020,0.082
2505,2021,0.087
2506,2005,0.057
2506,2006,0.063
2506,2007,0.064
2506,2008,0.072
2506,2009,0.079
2506,2010,0.083
2506,2011,0.087
2506,2012,0.088
2506,2013,0.092
2506,2014,0.098
2506,2015,0.1
2506,2016,0.105
2506,2017,0.101
2506,2018,0.102
2506,2019,0.104
2506,2020,0.096
2506,2021,0.097
2510,2005,0.051
2510,2006,0.059
2510,2007,0.063
2510,2008,0.071
2510,2009,0.07
2510,2010,0.076
2510,2011,0.076
2510,2012,0.082
2510,2013,0.084
2510,2014,0.095
2510,2015,0.106
2510,2016,0.124
2510,2017,0.124
2510,2018,0.117
2510,2019,0.117
2510,2020,0.115
2510,2021,0.116
2513,2005,0.046
2513,2006,0.054
2513,2007,0.056
2513,2008,0.064
2513,2009,0.067
2513,2010,0.075
2513,2011,0.075
2513,2012,0.081
2513,2013,0.086
2513,2014,0.092
2513,2015,0.102
2513,2016,0.102
2513,2017,0.113
2513,2018,0.105
2513,2019,0.116
2513,2020,0.119
2513,2021,0.119
2514,2005,0.082
2514,2006,0.082
2514,2007,0.086
2514,2008,0.088
2514,2009,0.087
2514,2010,0.09
2514,2011,0.091
2514,2012,0.092
2514,2013,0.094
2514,2014,0.095
2514,2015,0.096
2514,2016,0.102
2514,2017,0.106
2514,2018,0.104
2514,2019,0.107
2514,2020,0.108
2514,2021,0.109
2518,2005,0.215
2518,2006,0.218
2518,2007,0.227
2518,2008,0.233
2518,2009,0.236
2518,2010,0.241
2518,2011,0.246
2518,2012,0.247
2518,2013,0.251
2518,2014,0.259
2518,2015,0.262
2518,2016,0.268
2518,2017,0.268
2518,2018,0.27
2518,2019,0.26
2518,2020,0.257
2518,2021,0.252
2521,2005,0.112
2521,2006,0.111
2521,2007,0.114
2521,2008,0.115
2521,2009,0.116
2521,2010,0.119
2521,2011,0.117
2521,2012,0.119
2521,2013,0.122
2521,2014,0.125
2521,2015,0.129
2521,2016,0.141
2521,2017,0.147
2521,2018,0.143
2521,2019,0.147
2521,2020,0.142
2521,2021,0.137
2523,2005,0.052
2523,2006,0.056
2523,2007,0.059
2523,2008,0.06
2523,2009,0.059
2523,2010,0.063
2523,2011,0.064
2523,2012,0.067
2523,2013,0.07
2523,2014,0.071
2523,2015,0.074
2523,2016,0.079
2523,2017,0.083
2523,2018,0.085
2523,2019,0.087
2523,2020,0.09
2523,2021,0.094
2560,2005,0.041
2560,2006,0.045
2560,2007,0.048
2560,2008,0.049
2560,2009,0.054
2560,2010,0.058
2560,2011,0.063
2560,2012,0.065
2560,2013,0.068
2560,2014,0.074
2560,2015,0.077
2560,2016,0.085
2560,2017,0.099
2560,2018,0.092
2560,2019,0.091
2560,2020,0.093
2560,2021,0.093
2580,2005,0.079
2580,2006,0.082
2580,2007,0.081
2580,2008,0.083
2580,2009,0.084
2580,2010,0.087
2580,2011,0.086
2580,2012,0.089
2580,2013,0.089
2580,2014,0.092
2580,2015,0.093
2580,2016,0.097
2580,2017,0.102
2580,2018,0.106
2580,2019,0.11
2580,2020,0.112
2580,2021,0.114
2581,2005,0.038
2581,2006,0.039
2581,2007,0.04
2581,2008,0.041
2581,2009,0.041
2581,2010,0.043
2581,2011,0.044
2581,2012,0.045
2581,2013,0.046
2581,2014,0.048
2581,2015,0.05
2581,2016,0.057
2581,2017,0.063
2581,2018,0.062
2581,2019,0.064
2581,2020,0.066
2581,2021,0.066
2582,2005,0.049
2582,2006,0.053
2582,2007,0.055
2582,2008,0.055
2582,2009,0.056
2582,2010,0.06
2582,2011,0.064
2582,2012,0.071
2582,2013,0.08
2582,2014,0.082
2582,2015,0.083
2582,2016,0.086
2582,2017,0.093
2582,2018,0.091
2582,2019,0.093
2582,2020,0.094
2582,2021,0.096
2583,2005,0.396
2583,2006,0.392
2583,2007,0.39
2583,2008,0.391
2583,2009,0.393
2583,2010,0.395
2583,2011,0.396
2583,2012,0.396
2583,2013,0.398
2583,2014,0.399
2583,2015,0.401
2583,2016,0.408
2583,2017,0.41
2583,2018,0.411
2583,2019,0.407
2583,2020,0.403
2583,2021,0.401
2584,2005,0.079
2584,2006,0.082
2584,2007,0.082
2584,2008,0.082
2584,2009,0.085
2584,2010,0.086
2584,2011,0.087
2584,2012,0.089
2584,2013,0.093
2584,2014,0.095
2584,2015,0.097
2584,2016,0.103
2584,2017,0.107
2584,2018,0.109
2584,2019,0.111
2584,2020,0.115
2584,2021,0.118
