kommun,year,andel_antidepp_8_64
0114,2005,0.059
0115,2005,0.058
0117,2005,0.056
0120,2005,0.048
0123,2005,0.051
0125,2005,0.043
0126,2005,0.047
0127,2005,0.049
0128,2005,0.048
0136,2005,0.054
0138,2005,0.046
0139,2005,0.053
0140,2005,0.041
0160,2005,0.049
0162,2005,0.045
0163,2005,0.046
0180,2005,0.052
0181,2005,0.045
0182,2005,0.045
0183,2005,0.052
0184,2005,0.051
0186,2005,0.047
0187,2005,0.05
0188,2005,0.053
0191,2005,0.054
0192,2005,0.05
0305,2005,0.052
0319,2005,0.056
0330,2005,0.048
0331,2005,0.06
0360,2005,0.064
0380,2005,0.062
0381,2005,0.06
0382,2005,0.059
0428,2005,0.066
0461,2005,0.048
0480,2005,0.058
0481,2005,0.066
0482,2005,0.052
0483,2005,0.059
0484,2005,0.055
0486,2005,0.052
0488,2005,0.053
0509,2005,0.054
0512,2005,0.049
0513,2005,0.055
0560,2005,0.058
0561,2005,0.059
0562,2005,0.053
0563,2005,0.059
0580,2005,0.053
0581,2005,0.056
0582,2005,0.055
0583,2005,0.061
0584,2005,0.071
0586,2005,0.056
0604,2005,0.052
0617,2005,0.033
0642,2005,0.047
0643,2005,0.052
0662,2005,0.041
0665,2005,0.047
0680,2005,0.056
0682,2005,0.056
0683,2005,0.043
0684,2005,0.044
0685,2005,0.051
0686,2005,0.054
0687,2005,0.066
0760,2005,0.049
0761,2005,0.065
0763,2005,0.046
0764,2005,0.047
0765,2005,0.051
0767,2005,0.056
0780,2005,0.053
0781,2005,0.05
0821,2005,0.047
0834,2005,0.048
0840,2005,0.045
0860,2005,0.057
0861,2005,0.043
0862,2005,0.042
0880,2005,0.049
0881,2005,0.044
0882,2005,0.042
0883,2005,0.051
0884,2005,0.052
0885,2005,0.05
0980,2005,0.045
1060,2005,0.043
1080,2005,0.051
1081,2005,0.054
1082,2005,0.045
1083,2005,0.049
1214,2005,0.05
1230,2005,0.06
1231,2005,0.057
1233,2005,0.05
1256,2005,0.057
1257,2005,0.044
1260,2005,0.053
1261,2005,0.059
1262,2005,0.053
1263,2005,0.055
1264,2005,0.06
1265,2005,0.054
1266,2005,0.055
1267,2005,0.055
1270,2005,0.064
1272,2005,0.055
1273,2005,0.053
1275,2005,0.053
1276,2005,0.046
1277,2005,0.044
1278,2005,0.044
1280,2005,0.056
1281,2005,0.059
1282,2005,0.057
1283,2005,0.052
1284,2005,0.054
1285,2005,0.053
1286,2005,0.059
1287,2005,0.063
1290,2005,0.054
1291,2005,0.065
1292,2005,0.042
1293,2005,0.048
1315,2005,0.047
1380,2005,0.053
1381,2005,0.044
1382,2005,0.051
1383,2005,0.055
1384,2005,0.057
1401,2005,0.06
1402,2005,0.063
1407,2005,0.058
1415,2005,0.064
1419,2005,0.063
1421,2005,0.06
1427,2005,0.065
1430,2005,0.058
1435,2005,0.055
1438,2005,0.068
1439,2005,0.074
1440,2005,0.066
1441,2005,0.058
1442,2005,0.057
1443,2005,0.053
1444,2005,0.058
1445,2005,0.059
1446,2005,0.059
1447,2005,0.063
1452,2005,0.05
1460,2005,0.065
1461,2005,0.068
1462,2005,0.065
1463,2005,0.059
1465,2005,0.049
1466,2005,0.051
1470,2005,0.058
1471,2005,0.05
1472,2005,0.053
1473,2005,0.058
1480,2005,0.061
1481,2005,0.065
1482,2005,0.063
1484,2005,0.067
1485,2005,0.07
1486,2005,0.05
1487,2005,0.072
1488,2005,0.068
1489,2005,0.065
1490,2005,0.058
1491,2005,0.053
1492,2005,0.061
1493,2005,0.058
1494,2005,0.057
1495,2005,0.062
1496,2005,0.053
1497,2005,0.062
1498,2005,0.054
1499,2005,0.051
1715,2005,0.068
1730,2005,0.063
1737,2005,0.06
1760,2005,0.076
1761,2005,0.062
1762,2005,0.055
1763,2005,0.065
1764,2005,0.062
1765,2005,0.054
1766,2005,0.049
1780,2005,0.058
1781,2005,0.073
1782,2005,0.063
1783,2005,0.068
1784,2005,0.067
1785,2005,0.061
1814,2005,0.055
1860,2005,0.052
1861,2005,0.045
1862,2005,0.062
1863,2005,0.047
1864,2005,0.067
1880,2005,0.047
1881,2005,0.051
1882,2005,0.042
1883,2005,0.055
1884,2005,0.056
1885,2005,0.051
1904,2005,0.06
1907,2005,0.065
1960,2005,0.054
1961,2005,0.061
1962,2005,0.051
1980,2005,0.063
1981,2005,0.068
1982,2005,0.05
1983,2005,0.058
1984,2005,0.051
2021,2005,0.056
2023,2005,0.051
2026,2005,0.055
2029,2005,0.049
2031,2005,0.051
2034,2005,0.055
2039,2005,0.062
2061,2005,0.061
2062,2005,0.056
2080,2005,0.05
2081,2005,0.053
2082,2005,0.054
2083,2005,0.057
2084,2005,0.057
2085,2005,0.068
2101,2005,0.065
2104,2005,0.048
2121,2005,0.051
2132,2005,0.05
2161,2005,0.046
2180,2005,0.055
2181,2005,0.054
2182,2005,0.057
2183,2005,0.055
2184,2005,0.049
2260,2005,0.046
2262,2005,0.045
2280,2005,0.044
2281,2005,0.048
2282,2005,0.044
2283,2005,0.048
2284,2005,0.046
2303,2005,0.05
2305,2005,0.051
2309,2005,0.051
2313,2005,0.052
2321,2005,0.045
2326,2005,0.053
2361,2005,0.044
2380,2005,0.055
2401,2005,0.051
2403,2005,0.048
2404,2005,0.052
2409,2005,0.052
2417,2005,0.053
2418,2005,0.056
2421,2005,0.05
2422,2005,0.054
2425,2005,0.054
2460,2005,0.051
2462,2005,0.038
2463,2005,0.053
2480,2005,0.049
2481,2005,0.051
2482,2005,0.062
2505,2005,0.048
2506,2005,0.044
2510,2005,0.033
2513,2005,0.052
2514,2005,0.049
2518,2005,0.035
2521,2005,0.035
2523,2005,0.045
2560,2005,0.051
2580,2005,0.047
2581,2005,0.056
2582,2005,0.054
2583,2005,0.041
2584,2005,0.036
0114,2006,0.076
0115,2006,0.072
0117,2006,0.07
0120,2006,0.062
0123,2006,0.065
0125,2006,0.053
0126,2006,0.06
0127,2006,0.064
0128,2006,0.057
0136,2006,0.07
0138,2006,0.058
0139,2006,0.07
0140,2006,0.052
0160,2006,0.062
0162,2006,0.055
0163,2006,0.06
0180,2006,0.065
0181,2006,0.059
0182,2006,0.056
0183,2006,0.071
0184,2006,0.063
0186,2006,0.061
0187,2006,0.063
0188,2006,0.069
0191,2006,0.068
0192,2006,0.066
0305,2006,0.065
0319,2006,0.069
0330,2006,0.061
0331,2006,0.078
0360,2006,0.082
0380,2006,0.077
0381,2006,0.076
0382,2006,0.073
0428,2006,0.081
0461,2006,0.064
0480,2006,0.075
0481,2006,0.083
0482,2006,0.069
0483,2006,0.073
0484,2006,0.07
0486,2006,0.066
0488,2006,0.065
0509,2006,0.065
0512,2006,0.063
0513,2006,0.064
0560,2006,0.075
0561,2006,0.074
0562,2006,0.063
0563,2006,0.073
0580,2006,0.065
0581,2006,0.069
0582,2006,0.067
0583,2006,0.076
0584,2006,0.095
0586,2006,0.069
0604,2006,0.066
0617,2006,0.045
0642,2006,0.059
0643,2006,0.061
0662,2006,0.055
0665,2006,0.064
0680,2006,0.07
0682,2006,0.072
0683,2006,0.058
0684,2006,0.056
0685,2006,0.065
0686,2006,0.068
0687,2006,0.079
0760,2006,0.066
0761,2006,0.078
0763,2006,0.062
0764,2006,0.061
0765,2006,0.061
0767,2006,0.068
0780,2006,0.068
0781,2006,0.063
0821,2006,0.062
0834,2006,0.063
0840,2006,0.056
0860,2006,0.075
0861,2006,0.06
0862,2006,0.053
0880,2006,0.065
0881,2006,0.06
0882,2006,0.058
0883,2006,0.068
0884,2006,0.066
0885,2006,0.064
0980,2006,0.058
1060,2006,0.057
1080,2006,0.066
1081,2006,0.068
1082,2006,0.06
1083,2006,0.064
1214,2006,0.067
1230,2006,0.071
1231,2006,0.07
1233,2006,0.064
1256,2006,0.071
1257,2006,0.066
1260,2006,0.062
1261,2006,0.072
1262,2006,0.064
1263,2006,0.068
1264,2006,0.074
1265,2006,0.071
1266,2006,0.069
1267,2006,0.071
1270,2006,0.08
1272,2006,0.069
1273,2006,0.062
1275,2006,0.068
1276,2006,0.061
1277,2006,0.058
1278,2006,0.055
1280,2006,0.07
1281,2006,0.074
1282,2006,0.073
1283,2006,0.066
1284,2006,0.067
1285,2006,0.068
1286,2006,0.073
1287,2006,0.078
1290,2006,0.067
1291,2006,0.08
1292,2006,0.052
1293,2006,0.063
1315,2006,0.059
1380,2006,0.067
1381,2006,0.058
1382,2006,0.065
1383,2006,0.071
1384,2006,0.07
1401,2006,0.075
1402,2006,0.077
1407,2006,0.072
1415,2006,0.079
1419,2006,0.077
1421,2006,0.077
1427,2006,0.078
1430,2006,0.074
1435,2006,0.068
1438,2006,0.082
1439,2006,0.095
1440,2006,0.082
1441,2006,0.072
1442,2006,0.068
1443,2006,0.064
1444,2006,0.072
1445,2006,0.068
1446,2006,0.068
1447,2006,0.077
1452,2006,0.064
1460,2006,0.085
1461,2006,0.085
1462,2006,0.086
1463,2006,0.078
1465,2006,0.065
1466,2006,0.066
1470,2006,0.073
1471,2006,0.066
1472,2006,0.067
1473,2006,0.078
1480,2006,0.078
1481,2006,0.08
1482,2006,0.078
1484,2006,0.083
1485,2006,0.089
1486,2006,0.066
1487,2006,0.091
1488,2006,0.086
1489,2006,0.081
1490,2006,0.075
1491,2006,0.065
1492,2006,0.071
1493,2006,0.076
1494,2006,0.071
1495,2006,0.078
1496,2006,0.069
1497,2006,0.08
1498,2006,0.07
1499,2006,0.067
1715,2006,0.083
1730,2006,0.077
1737,2006,0.071
1760,2006,0.087
1761,2006,0.075
1762,2006,0.072
1763,2006,0.081
1764,2006,0.078
1765,2006,0.066
1766,2006,0.066
1780,2006,0.074
1781,2006,0.089
1782,2006,0.075
1783,2006,0.08
1784,2006,0.082
1785,2006,0.071
1814,2006,0.067
1860,2006,0.068
1861,2006,0.061
1862,2006,0.08
1863,2006,0.06
1864,2006,0.087
1880,2006,0.062
1881,2006,0.063
1882,2006,0.053
1883,2006,0.069
1884,2006,0.072
1885,2006,0.061
1904,2006,0.082
1907,2006,0.08
1960,2006,0.072
1961,2006,0.075
1962,2006,0.069
1980,2006,0.078
1981,2006,0.083
1982,2006,0.063
1983,2006,0.074
1984,2006,0.068
2021,2006,0.063
2023,2006,0.064
2026,2006,0.07
2029,2006,0.063
2031,2006,0.066
2034,2006,0.07
2039,2006,0.072
2061,2006,0.083
2062,2006,0.07
2080,2006,0.063
2081,2006,0.069
2082,2006,0.066
2083,2006,0.07
2084,2006,0.074
2085,2006,0.085
2101,2006,0.084
2104,2006,0.062
2121,2006,0.068
2132,2006,0.06
2161,2006,0.062
2180,2006,0.07
2181,2006,0.071
2182,2006,0.075
2183,2006,0.071
2184,2006,0.06
2260,2006,0.066
2262,2006,0.059
2280,2006,0.059
2281,2006,0.062
2282,2006,0.054
2283,2006,0.059
2284,2006,0.058
2303,2006,0.065
2305,2006,0.071
2309,2006,0.06
2313,2006,0.068
2321,2006,0.058
2326,2006,0.07
2361,2006,0.056
2380,2006,0.071
2401,2006,0.062
2403,2006,0.065
2404,2006,0.062
2409,2006,0.065
2417,2006,0.064
2418,2006,0.087
2421,2006,0.067
2422,2006,0.077
2425,2006,0.063
2460,2006,0.063
2462,2006,0.052
2463,2006,0.072
2480,2006,0.064
2481,2006,0.064
2482,2006,0.079
2505,2006,0.065
2506,2006,0.052
2510,2006,0.037
2513,2006,0.059
2514,2006,0.063
2518,2006,0.041
2521,2006,0.042
2523,2006,0.057
2560,2006,0.067
2580,2006,0.062
2581,2006,0.07
2582,2006,0.067
2583,2006,0.058
2584,2006,0.045
0114,2007,0.078
0115,2007,0.071
0117,2007,0.072
0120,2007,0.06
0123,2007,0.064
0125,2007,0.053
0126,2007,0.06
0127,2007,0.063
0128,2007,0.062
0136,2007,0.07
0138,2007,0.057
0139,2007,0.07
0140,2007,0.057
0160,2007,0.062
0162,2007,0.057
0163,2007,0.061
0180,2007,0.066
0181,2007,0.06
0182,2007,0.059
0183,2007,0.071
0184,2007,0.065
0186,2007,0.061
0187,2007,0.066
0188,2007,0.07
0191,2007,0.07
0192,2007,0.069
0305,2007,0.066
0319,2007,0.071
0330,2007,0.057
0331,2007,0.081
0360,2007,0.082
0380,2007,0.077
0381,2007,0.077
0382,2007,0.077
0428,2007,0.079
0461,2007,0.063
0480,2007,0.077
0481,2007,0.089
0482,2007,0.068
0483,2007,0.073
0484,2007,0.069
0486,2007,0.068
0488,2007,0.063
0509,2007,0.071
0512,2007,0.067
0513,2007,0.065
0560,2007,0.076
0561,2007,0.074
0562,2007,0.064
0563,2007,0.069
0580,2007,0.065
0581,2007,0.071
0582,2007,0.066
0583,2007,0.079
0584,2007,0.1
0586,2007,0.071
0604,2007,0.068
0617,2007,0.046
0642,2007,0.062
0643,2007,0.061
0662,2007,0.055
0665,2007,0.065
0680,2007,0.069
0682,2007,0.072
0683,2007,0.058
0684,2007,0.059
0685,2007,0.065
0686,2007,0.073
0687,2007,0.079
0760,2007,0.065
0761,2007,0.082
0763,2007,0.066
0764,2007,0.061
0765,2007,0.059
0767,2007,0.069
0780,2007,0.069
0781,2007,0.061
0821,2007,0.074
0834,2007,0.065
0840,2007,0.059
0860,2007,0.078
0861,2007,0.057
0862,2007,0.057
0880,2007,0.065
0881,2007,0.062
0882,2007,0.057
0883,2007,0.07
0884,2007,0.065
0885,2007,0.066
0980,2007,0.064
1060,2007,0.055
1080,2007,0.068
1081,2007,0.071
1082,2007,0.059
1083,2007,0.065
1214,2007,0.065
1230,2007,0.073
1231,2007,0.069
1233,2007,0.064
1256,2007,0.076
1257,2007,0.062
1260,2007,0.063
1261,2007,0.075
1262,2007,0.063
1263,2007,0.068
1264,2007,0.071
1265,2007,0.072
1266,2007,0.073
1267,2007,0.07
1270,2007,0.085
1272,2007,0.075
1273,2007,0.058
1275,2007,0.071
1276,2007,0.061
1277,2007,0.061
1278,2007,0.057
1280,2007,0.071
1281,2007,0.076
1282,2007,0.073
1283,2007,0.068
1284,2007,0.065
1285,2007,0.07
1286,2007,0.075
1287,2007,0.081
1290,2007,0.069
1291,2007,0.081
1292,2007,0.054
1293,2007,0.066
1315,2007,0.058
1380,2007,0.069
1381,2007,0.059
1382,2007,0.067
1383,2007,0.073
1384,2007,0.071
1401,2007,0.073
1402,2007,0.076
1407,2007,0.076
1415,2007,0.082
1419,2007,0.077
1421,2007,0.074
1427,2007,0.076
1430,2007,0.076
1435,2007,0.071
1438,2007,0.083
1439,2007,0.091
1440,2007,0.082
1441,2007,0.073
1442,2007,0.067
1443,2007,0.068
1444,2007,0.073
1445,2007,0.067
1446,2007,0.073
1447,2007,0.084
1452,2007,0.059
1460,2007,0.08
1461,2007,0.083
1462,2007,0.082
1463,2007,0.079
1465,2007,0.067
1466,2007,0.065
1470,2007,0.074
1471,2007,0.068
1472,2007,0.068
1473,2007,0.074
1480,2007,0.077
1481,2007,0.08
1482,2007,0.076
1484,2007,0.087
1485,2007,0.09
1486,2007,0.066
1487,2007,0.091
1488,2007,0.084
1489,2007,0.083
1490,2007,0.074
1491,2007,0.064
1492,2007,0.077
1493,2007,0.073
1494,2007,0.071
1495,2007,0.079
1496,2007,0.071
1497,2007,0.081
1498,2007,0.074
1499,2007,0.069
1715,2007,0.084
1730,2007,0.075
1737,2007,0.073
1760,2007,0.088
1761,2007,0.076
1762,2007,0.079
1763,2007,0.082
1764,2007,0.08
1765,2007,0.064
1766,2007,0.068
1780,2007,0.074
1781,2007,0.091
1782,2007,0.078
1783,2007,0.081
1784,2007,0.082
1785,2007,0.072
1814,2007,0.067
1860,2007,0.074
1861,2007,0.061
1862,2007,0.086
1863,2007,0.06
1864,2007,0.085
1880,2007,0.065
1881,2007,0.064
1882,2007,0.054
1883,2007,0.075
1884,2007,0.07
1885,2007,0.061
1904,2007,0.087
1907,2007,0.083
1960,2007,0.073
1961,2007,0.076
1962,2007,0.07
1980,2007,0.079
1981,2007,0.079
1982,2007,0.062
1983,2007,0.075
1984,2007,0.071
2021,2007,0.061
2023,2007,0.068
2026,2007,0.072
2029,2007,0.061
2031,2007,0.064
2034,2007,0.07
2039,2007,0.074
2061,2007,0.086
2062,2007,0.07
2080,2007,0.064
2081,2007,0.07
2082,2007,0.072
2083,2007,0.072
2084,2007,0.073
2085,2007,0.084
2101,2007,0.084
2104,2007,0.068
2121,2007,0.065
2132,2007,0.062
2161,2007,0.069
2180,2007,0.071
2181,2007,0.075
2182,2007,0.077
2183,2007,0.071
2184,2007,0.065
2260,2007,0.071
2262,2007,0.057
2280,2007,0.06
2281,2007,0.062
2282,2007,0.06
2283,2007,0.06
2284,2007,0.059
2303,2007,0.065
2305,2007,0.07
2309,2007,0.065
2313,2007,0.071
2321,2007,0.062
2326,2007,0.076
2361,2007,0.051
2380,2007,0.073
2401,2007,0.059
2403,2007,0.064
2404,2007,0.059
2409,2007,0.068
2417,2007,0.075
2418,2007,0.081
2421,2007,0.076
2422,2007,0.073
2425,2007,0.054
2460,2007,0.064
2462,2007,0.057
2463,2007,0.061
2480,2007,0.067
2481,2007,0.07
2482,2007,0.083
2505,2007,0.065
2506,2007,0.047
2510,2007,0.04
2513,2007,0.059
2514,2007,0.066
2518,2007,0.042
2521,2007,0.04
2523,2007,0.058
2560,2007,0.07
2580,2007,0.065
2581,2007,0.074
2582,2007,0.068
2583,2007,0.054
2584,2007,0.044
0114,2008,0.076
0115,2008,0.068
0117,2008,0.072
0120,2008,0.06
0123,2008,0.064
0125,2008,0.056
0126,2008,0.06
0127,2008,0.061
0128,2008,0.062
0136,2008,0.068
0138,2008,0.06
0139,2008,0.067
0140,2008,0.058
0160,2008,0.062
0162,2008,0.057
0163,2008,0.062
0180,2008,0.066
0181,2008,0.06
0182,2008,0.058
0183,2008,0.071
0184,2008,0.062
0186,2008,0.061
0187,2008,0.063
0188,2008,0.069
0191,2008,0.07
0192,2008,0.069
0305,2008,0.066
0319,2008,0.072
0330,2008,0.059
0331,2008,0.086
0360,2008,0.082
0380,2008,0.075
0381,2008,0.075
0382,2008,0.079
0428,2008,0.077
0461,2008,0.067
0480,2008,0.076
0481,2008,0.083
0482,2008,0.069
0483,2008,0.073
0484,2008,0.067
0486,2008,0.066
0488,2008,0.062
0509,2008,0.065
0512,2008,0.063
0513,2008,0.062
0560,2008,0.077
0561,2008,0.076
0562,2008,0.066
0563,2008,0.072
0580,2008,0.064
0581,2008,0.071
0582,2008,0.066
0583,2008,0.08
0584,2008,0.099
0586,2008,0.072
0604,2008,0.067
0617,2008,0.043
0642,2008,0.069
0643,2008,0.06
0662,2008,0.055
0665,2008,0.063
0680,2008,0.068
0682,2008,0.072
0683,2008,0.058
0684,2008,0.059
0685,2008,0.069
0686,2008,0.073
0687,2008,0.08
0760,2008,0.062
0761,2008,0.075
0763,2008,0.065
0764,2008,0.065
0765,2008,0.062
0767,2008,0.068
0780,2008,0.069
0781,2008,0.065
0821,2008,0.073
0834,2008,0.07
0840,2008,0.061
0860,2008,0.079
0861,2008,0.058
0862,2008,0.055
0880,2008,0.066
0881,2008,0.065
0882,2008,0.058
0883,2008,0.071
0884,2008,0.064
0885,2008,0.068
0980,2008,0.068
1060,2008,0.058
1080,2008,0.067
1081,2008,0.073
1082,2008,0.061
1083,2008,0.066
1214,2008,0.062
1230,2008,0.071
1231,2008,0.07
1233,2008,0.062
1256,2008,0.077
1257,2008,0.063
1260,2008,0.063
1261,2008,0.076
1262,2008,0.062
1263,2008,0.063
1264,2008,0.072
1265,2008,0.07
1266,2008,0.075
1267,2008,0.071
1270,2008,0.081
1272,2008,0.075
1273,2008,0.062
1275,2008,0.071
1276,2008,0.06
1277,2008,0.064
1278,2008,0.056
1280,2008,0.07
1281,2008,0.076
1282,2008,0.074
1283,2008,0.068
1284,2008,0.062
1285,2008,0.071
1286,2008,0.075
1287,2008,0.082
1290,2008,0.07
1291,2008,0.08
1292,2008,0.053
1293,2008,0.065
1315,2008,0.059
1380,2008,0.069
1381,2008,0.061
1382,2008,0.07
1383,2008,0.071
1384,2008,0.069
1401,2008,0.074
1402,2008,0.077
1407,2008,0.076
1415,2008,0.081
1419,2008,0.077
1421,2008,0.076
1427,2008,0.075
1430,2008,0.074
1435,2008,0.073
1438,2008,0.084
1439,2008,0.087
1440,2008,0.077
1441,2008,0.073
1442,2008,0.072
1443,2008,0.071
1444,2008,0.081
1445,2008,0.062
1446,2008,0.071
1447,2008,0.083
1452,2008,0.059
1460,2008,0.079
1461,2008,0.082
1462,2008,0.085
1463,2008,0.075
1465,2008,0.063
1466,2008,0.069
1470,2008,0.07
1471,2008,0.066
1472,2008,0.067
1473,2008,0.076
1480,2008,0.077
1481,2008,0.079
1482,2008,0.076
1484,2008,0.086
1485,2008,0.09
1486,2008,0.065
1487,2008,0.09
1488,2008,0.083
1489,2008,0.078
1490,2008,0.075
1491,2008,0.064
1492,2008,0.076
1493,2008,0.075
1494,2008,0.072
1495,2008,0.079
1496,2008,0.071
1497,2008,0.079
1498,2008,0.076
1499,2008,0.072
1715,2008,0.084
1730,2008,0.076
1737,2008,0.072
1760,2008,0.085
1761,2008,0.075
1762,2008,0.073
1763,2008,0.082
1764,2008,0.078
1765,2008,0.063
1766,2008,0.071
1780,2008,0.076
1781,2008,0.091
1782,2008,0.078
1783,2008,0.082
1784,2008,0.079
1785,2008,0.07
1814,2008,0.064
1860,2008,0.071
1861,2008,0.061
1862,2008,0.089
1863,2008,0.065
1864,2008,0.083
1880,2008,0.065
1881,2008,0.061
1882,2008,0.058
1883,2008,0.076
1884,2008,0.072
1885,2008,0.059
1904,2008,0.085
1907,2008,0.086
1960,2008,0.079
1961,2008,0.078
1962,2008,0.071
1980,2008,0.08
1981,2008,0.084
1982,2008,0.066
1983,2008,0.074
1984,2008,0.072
2021,2008,0.063
2023,2008,0.065
2026,2008,0.071
2029,2008,0.06
2031,2008,0.064
2034,2008,0.075
2039,2008,0.074
2061,2008,0.084
2062,2008,0.07
2080,2008,0.065
2081,2008,0.07
2082,2008,0.076
2083,2008,0.074
2084,2008,0.072
2085,2008,0.085
2101,2008,0.079
2104,2008,0.064
2121,2008,0.066
2132,2008,0.065
2161,2008,0.071
2180,2008,0.07
2181,2008,0.074
2182,2008,0.075
2183,2008,0.066
2184,2008,0.065
2260,2008,0.07
2262,2008,0.062
2280,2008,0.062
2281,2008,0.065
2282,2008,0.057
2283,2008,0.061
2284,2008,0.061
2303,2008,0.068
2305,2008,0.071
2309,2008,0.063
2313,2008,0.074
2321,2008,0.062
2326,2008,0.075
2361,2008,0.057
2380,2008,0.074
2401,2008,0.057
2403,2008,0.062
2404,2008,0.066
2409,2008,0.071
2417,2008,0.079
2418,2008,0.084
2421,2008,0.073
2422,2008,0.071
2425,2008,0.056
2460,2008,0.063
2462,2008,0.055
2463,2008,0.063
2480,2008,0.067
2481,2008,0.068
2482,2008,0.085
2505,2008,0.064
2506,2008,0.054
2510,2008,0.037
2513,2008,0.058
2514,2008,0.066
2518,2008,0.048
2521,2008,0.04
2523,2008,0.053
2560,2008,0.068
2580,2008,0.063
2581,2008,0.073
2582,2008,0.069
2583,2008,0.056
2584,2008,0.046
0114,2009,0.076
0115,2009,0.073
0117,2009,0.07
0120,2009,0.062
0123,2009,0.061
0125,2009,0.059
0126,2009,0.059
0127,2009,0.061
0128,2009,0.062
0136,2009,0.07
0138,2009,0.063
0139,2009,0.068
0140,2009,0.055
0160,2009,0.062
0162,2009,0.054
0163,2009,0.061
0180,2009,0.066
0181,2009,0.058
0182,2009,0.058
0183,2009,0.067
0184,2009,0.061
0186,2009,0.061
0187,2009,0.065
0188,2009,0.071
0191,2009,0.067
0192,2009,0.069
0305,2009,0.064
0319,2009,0.074
0330,2009,0.061
0331,2009,0.082
0360,2009,0.079
0380,2009,0.075
0381,2009,0.077
0382,2009,0.073
0428,2009,0.08
0461,2009,0.066
0480,2009,0.073
0481,2009,0.088
0482,2009,0.068
0483,2009,0.072
0484,2009,0.067
0486,2009,0.069
0488,2009,0.067
0509,2009,0.064
0512,2009,0.061
0513,2009,0.063
0560,2009,0.075
0561,2009,0.073
0562,2009,0.067
0563,2009,0.069
0580,2009,0.064
0581,2009,0.072
0582,2009,0.064
0583,2009,0.08
0584,2009,0.102
0586,2009,0.074
0604,2009,0.062
0617,2009,0.048
0642,2009,0.074
0643,2009,0.067
0662,2009,0.054
0665,2009,0.064
0680,2009,0.069
0682,2009,0.075
0683,2009,0.059
0684,2009,0.062
0685,2009,0.07
0686,2009,0.076
0687,2009,0.082
0760,2009,0.063
0761,2009,0.075
0763,2009,0.065
0764,2009,0.067
0765,2009,0.063
0767,2009,0.069
0780,2009,0.067
0781,2009,0.063
0821,2009,0.062
0834,2009,0.065
0840,2009,0.061
0860,2009,0.079
0861,2009,0.063
0862,2009,0.056
0880,2009,0.066
0881,2009,0.066
0882,2009,0.06
0883,2009,0.072
0884,2009,0.067
0885,2009,0.067
0980,2009,0.069
1060,2009,0.058
1080,2009,0.067
1081,2009,0.073
1082,2009,0.062
1083,2009,0.066
1214,2009,0.064
1230,2009,0.07
1231,2009,0.071
1233,2009,0.061
1256,2009,0.078
1257,2009,0.06
1260,2009,0.063
1261,2009,0.075
1262,2009,0.064
1263,2009,0.063
1264,2009,0.073
1265,2009,0.074
1266,2009,0.075
1267,2009,0.074
1270,2009,0.081
1272,2009,0.072
1273,2009,0.069
1275,2009,0.065
1276,2009,0.062
1277,2009,0.061
1278,2009,0.055
1280,2009,0.068
1281,2009,0.075
1282,2009,0.071
1283,2009,0.067
1284,2009,0.061
1285,2009,0.076
1286,2009,0.075
1287,2009,0.08
1290,2009,0.071
1291,2009,0.081
1292,2009,0.053
1293,2009,0.067
1315,2009,0.059
1380,2009,0.068
1381,2009,0.06
1382,2009,0.067
1383,2009,0.069
1384,2009,0.068
1401,2009,0.07
1402,2009,0.076
1407,2009,0.074
1415,2009,0.082
1419,2009,0.078
1421,2009,0.077
1427,2009,0.079
1430,2009,0.077
1435,2009,0.076
1438,2009,0.081
1439,2009,0.092
1440,2009,0.078
1441,2009,0.074
1442,2009,0.08
1443,2009,0.069
1444,2009,0.078
1445,2009,0.071
1446,2009,0.066
1447,2009,0.09
1452,2009,0.06
1460,2009,0.083
1461,2009,0.082
1462,2009,0.087
1463,2009,0.075
1465,2009,0.067
1466,2009,0.069
1470,2009,0.076
1471,2009,0.068
1472,2009,0.065
1473,2009,0.079
1480,2009,0.076
1481,2009,0.077
1482,2009,0.074
1484,2009,0.087
1485,2009,0.088
1486,2009,0.063
1487,2009,0.088
1488,2009,0.084
1489,2009,0.081
1490,2009,0.074
1491,2009,0.063
1492,2009,0.076
1493,2009,0.077
1494,2009,0.074
1495,2009,0.073
1496,2009,0.07
1497,2009,0.078
1498,2009,0.08
1499,2009,0.074
1715,2009,0.083
1730,2009,0.073
1737,2009,0.072
1760,2009,0.087
1761,2009,0.075
1762,2009,0.074
1763,2009,0.082
1764,2009,0.079
1765,2009,0.064
1766,2009,0.075
1780,2009,0.077
1781,2009,0.09
1782,2009,0.076
1783,2009,0.084
1784,2009,0.078
1785,2009,0.07
1814,2009,0.066
1860,2009,0.079
1861,2009,0.063
1862,2009,0.087
1863,2009,0.067
1864,2009,0.083
1880,2009,0.065
1881,2009,0.062
1882,2009,0.062
1883,2009,0.073
1884,2009,0.071
1885,2009,0.062
1904,2009,0.085
1907,2009,0.082
1960,2009,0.075
1961,2009,0.078
1962,2009,0.073
1980,2009,0.077
1981,2009,0.082
1982,2009,0.066
1983,2009,0.074
1984,2009,0.071
2021,2009,0.067
2023,2009,0.061
2026,2009,0.071
2029,2009,0.059
2031,2009,0.063
2034,2009,0.082
2039,2009,0.071
2061,2009,0.082
2062,2009,0.071
2080,2009,0.062
2081,2009,0.068
2082,2009,0.073
2083,2009,0.072
2084,2009,0.07
2085,2009,0.082
2101,2009,0.076
2104,2009,0.063
2121,2009,0.066
2132,2009,0.062
2161,2009,0.07
2180,2009,0.069
2181,2009,0.073
2182,2009,0.074
2183,2009,0.069
2184,2009,0.065
2260,2009,0.072
2262,2009,0.063
2280,2009,0.06
2281,2009,0.064
2282,2009,0.057
2283,2009,0.06
2284,2009,0.059
2303,2009,0.073
2305,2009,0.071
2309,2009,0.061
2313,2009,0.066
2321,2009,0.061
2326,2009,0.072
2361,2009,0.052
2380,2009,0.074
2401,2009,0.06
2403,2009,0.055
2404,2009,0.071
2409,2009,0.069
2417,2009,0.077
2418,2009,0.079
2421,2009,0.07
2422,2009,0.068
2425,2009,0.057
2460,2009,0.062
2462,2009,0.055
2463,2009,0.06
2480,2009,0.067
2481,2009,0.066
2482,2009,0.086
2505,2009,0.066
2506,2009,0.055
2510,2009,0.036
2513,2009,0.06
2514,2009,0.067
2518,2009,0.045
2521,2009,0.045
2523,2009,0.054
2560,2009,0.069
2580,2009,0.064
2581,2009,0.072
2582,2009,0.069
2583,2009,0.053
2584,2009,0.044
0114,2010,0.076
0115,2010,0.074
0117,2010,0.071
0120,2010,0.06
0123,2010,0.062
0125,2010,0.063
0126,2010,0.06
0127,2010,0.058
0128,2010,0.064
0136,2010,0.07
0138,2010,0.065
0139,2010,0.069
0140,2010,0.058
0160,2010,0.062
0162,2010,0.054
0163,2010,0.061
0180,2010,0.067
0181,2010,0.06
0182,2010,0.059
0183,2010,0.069
0184,2010,0.061
0186,2010,0.062
0187,2010,0.062
0188,2010,0.074
0191,2010,0.066
0192,2010,0.07
0305,2010,0.064
0319,2010,0.071
0330,2010,0.062
0331,2010,0.083
0360,2010,0.081
0380,2010,0.076
0381,2010,0.081
0382,2010,0.075
0428,2010,0.076
0461,2010,0.064
0480,2010,0.074
0481,2010,0.082
0482,2010,0.067
0483,2010,0.07
0484,2010,0.069
0486,2010,0.071
0488,2010,0.069
0509,2010,0.06
0512,2010,0.058
0513,2010,0.067
0560,2010,0.082
0561,2010,0.078
0562,2010,0.066
0563,2010,0.07
0580,2010,0.065
0581,2010,0.073
0582,2010,0.067
0583,2010,0.082
0584,2010,0.099
0586,2010,0.073
0604,2010,0.066
0617,2010,0.046
0642,2010,0.075
0643,2010,0.071
0662,2010,0.057
0665,2010,0.064
0680,2010,0.071
0682,2010,0.076
0683,2010,0.059
0684,2010,0.065
0685,2010,0.071
0686,2010,0.082
0687,2010,0.083
0760,2010,0.065
0761,2010,0.074
0763,2010,0.068
0764,2010,0.068
0765,2010,0.065
0767,2010,0.071
0780,2010,0.069
0781,2010,0.067
0821,2010,0.065
0834,2010,0.078
0840,2010,0.06
0860,2010,0.078
0861,2010,0.065
0862,2010,0.06
0880,2010,0.068
0881,2010,0.071
0882,2010,0.062
0883,2010,0.077
0884,2010,0.068
0885,2010,0.067
0980,2010,0.07
1060,2010,0.059
1080,2010,0.068
1081,2010,0.078
1082,2010,0.065
1083,2010,0.069
1214,2010,0.066
1230,2010,0.074
1231,2010,0.073
1233,2010,0.059
1256,2010,0.081
1257,2010,0.063
1260,2010,0.066
1261,2010,0.079
1262,2010,0.065
1263,2010,0.065
1264,2010,0.073
1265,2010,0.073
1266,2010,0.083
1267,2010,0.077
1270,2010,0.079
1272,2010,0.075
1273,2010,0.068
1275,2010,0.065
1276,2010,0.068
1277,2010,0.065
1278,2010,0.054
1280,2010,0.069
1281,2010,0.076
1282,2010,0.072
1283,2010,0.068
1284,2010,0.061
1285,2010,0.075
1286,2010,0.079
1287,2010,0.082
1290,2010,0.074
1291,2010,0.085
1292,2010,0.055
1293,2010,0.071
1315,2010,0.06
1380,2010,0.07
1381,2010,0.064
1382,2010,0.07
1383,2010,0.069
1384,2010,0.069
1401,2010,0.074
1402,2010,0.077
1407,2010,0.077
1415,2010,0.083
1419,2010,0.079
1421,2010,0.076
1427,2010,0.082
1430,2010,0.085
1435,2010,0.077
1438,2010,0.085
1439,2010,0.087
1440,2010,0.083
1441,2010,0.077
1442,2010,0.073
1443,2010,0.068
1444,2010,0.083
1445,2010,0.071
1446,2010,0.068
1447,2010,0.095
1452,2010,0.06
1460,2010,0.085
1461,2010,0.081
1462,2010,0.088
1463,2010,0.076
1465,2010,0.063
1466,2010,0.067
1470,2010,0.075
1471,2010,0.07
1472,2010,0.068
1473,2010,0.085
1480,2010,0.078
1481,2010,0.081
1482,2010,0.076
1484,2010,0.088
1485,2010,0.092
1486,2010,0.063
1487,2010,0.091
1488,2010,0.086
1489,2010,0.084
1490,2010,0.077
1491,2010,0.065
1492,2010,0.079
1493,2010,0.081
1494,2010,0.077
1495,2010,0.074
1496,2010,0.075
1497,2010,0.08
1498,2010,0.088
1499,2010,0.078
1715,2010,0.089
1730,2010,0.075
1737,2010,0.072
1760,2010,0.087
1761,2010,0.077
1762,2010,0.08
1763,2010,0.084
1764,2010,0.083
1765,2010,0.063
1766,2010,0.076
1780,2010,0.077
1781,2010,0.095
1782,2010,0.074
1783,2010,0.084
1784,2010,0.08
1785,2010,0.074
1814,2010,0.072
1860,2010,0.078
1861,2010,0.069
1862,2010,0.09
1863,2010,0.066
1864,2010,0.087
1880,2010,0.066
1881,2010,0.061
1882,2010,0.062
1883,2010,0.077
1884,2010,0.072
1885,2010,0.065
1904,2010,0.092
1907,2010,0.084
1960,2010,0.081
1961,2010,0.077
1962,2010,0.074
1980,2010,0.078
1981,2010,0.082
1982,2010,0.068
1983,2010,0.072
1984,2010,0.073
2021,2010,0.067
2023,2010,0.063
2026,2010,0.067
2029,2010,0.066
2031,2010,0.065
2034,2010,0.083
2039,2010,0.074
2061,2010,0.083
2062,2010,0.073
2080,2010,0.065
2081,2010,0.068
2082,2010,0.073
2083,2010,0.071
2084,2010,0.078
2085,2010,0.08
2101,2010,0.082
2104,2010,0.066
2121,2010,0.069
2132,2010,0.066
2161,2010,0.073
2180,2010,0.071
2181,2010,0.072
2182,2010,0.077
2183,2010,0.071
2184,2010,0.069
2260,2010,0.066
2262,2010,0.061
2280,2010,0.062
2281,2010,0.065
2282,2010,0.055
2283,2010,0.059
2284,2010,0.06
2303,2010,0.069
2305,2010,0.068
2309,2010,0.06
2313,2010,0.069
2321,2010,0.062
2326,2010,0.074
2361,2010,0.059
2380,2010,0.075
2401,2010,0.064
2403,2010,0.059
2404,2010,0.076
2409,2010,0.072
2417,2010,0.076
2418,2010,0.076
2421,2010,0.074
2422,2010,0.064
2425,2010,0.064
2460,2010,0.064
2462,2010,0.059
2463,2010,0.064
2480,2010,0.07
2481,2010,0.074
2482,2010,0.086
2505,2010,0.07
2506,2010,0.059
2510,2010,0.041
2513,2010,0.061
2514,2010,0.07
2518,2010,0.048
2521,2010,0.044
2523,2010,0.058
2560,2010,0.07
2580,2010,0.066
2581,2010,0.076
2582,2010,0.071
2583,2010,0.056
2584,2010,0.044
0114,2011,0.075
0115,2011,0.077
0117,2011,0.076
0120,2011,0.063
0123,2011,0.064
0125,2011,0.065
0126,2011,0.062
0127,2011,0.055
0128,2011,0.068
0136,2011,0.072
0138,2011,0.068
0139,2011,0.067
0140,2011,0.063
0160,2011,0.063
0162,2011,0.057
0163,2011,0.062
0180,2011,0.069
0181,2011,0.06
0182,2011,0.062
0183,2011,0.069
0184,2011,0.061
0186,2011,0.064
0187,2011,0.063
0188,2011,0.077
0191,2011,0.068
0192,2011,0.071
0305,2011,0.071
0319,2011,0.073
0330,2011,0.065
0331,2011,0.081
0360,2011,0.076
0380,2011,0.078
0381,2011,0.082
0382,2011,0.074
0428,2011,0.074
0461,2011,0.07
0480,2011,0.076
0481,2011,0.087
0482,2011,0.071
0483,2011,0.074
0484,2011,0.072
0486,2011,0.073
0488,2011,0.065
0509,2011,0.065
0512,2011,0.063
0513,2011,0.071
0560,2011,0.078
0561,2011,0.079
0562,2011,0.068
0563,2011,0.071
0580,2011,0.067
0581,2011,0.074
0582,2011,0.073
0583,2011,0.085
0584,2011,0.102
0586,2011,0.075
0604,2011,0.07
0617,2011,0.049
0642,2011,0.076
0643,2011,0.074
0662,2011,0.061
0665,2011,0.069
0680,2011,0.074
0682,2011,0.081
0683,2011,0.061
0684,2011,0.068
0685,2011,0.076
0686,2011,0.085
0687,2011,0.088
0760,2011,0.07
0761,2011,0.079
0763,2011,0.072
0764,2011,0.071
0765,2011,0.066
0767,2011,0.078
0780,2011,0.071
0781,2011,0.07
0821,2011,0.069
0834,2011,0.072
0840,2011,0.06
0860,2011,0.076
0861,2011,0.067
0862,2011,0.062
0880,2011,0.07
0881,2011,0.073
0882,2011,0.065
0883,2011,0.078
0884,2011,0.069
0885,2011,0.069
0980,2011,0.075
1060,2011,0.063
1080,2011,0.071
1081,2011,0.081
1082,2011,0.069
1083,2011,0.073
1214,2011,0.069
1230,2011,0.073
1231,2011,0.075
1233,2011,0.062
1256,2011,0.083
1257,2011,0.063
1260,2011,0.07
1261,2011,0.078
1262,2011,0.066
1263,2011,0.067
1264,2011,0.076
1265,2011,0.078
1266,2011,0.088
1267,2011,0.081
1270,2011,0.083
1272,2011,0.079
1273,2011,0.068
1275,2011,0.068
1276,2011,0.071
1277,2011,0.071
1278,2011,0.06
1280,2011,0.07
1281,2011,0.079
1282,2011,0.076
1283,2011,0.07
1284,2011,0.066
1285,2011,0.081
1286,2011,0.079
1287,2011,0.085
1290,2011,0.077
1291,2011,0.088
1292,2011,0.058
1293,2011,0.071
1315,2011,0.057
1380,2011,0.073
1381,2011,0.068
1382,2011,0.07
1383,2011,0.072
1384,2011,0.072
1401,2011,0.077
1402,2011,0.08
1407,2011,0.082
1415,2011,0.082
1419,2011,0.078
1421,2011,0.081
1427,2011,0.092
1430,2011,0.086
1435,2011,0.083
1438,2011,0.079
1439,2011,0.089
1440,2011,0.083
1441,2011,0.079
1442,2011,0.075
1443,2011,0.074
1444,2011,0.083
1445,2011,0.079
1446,2011,0.076
1447,2011,0.104
1452,2011,0.061
1460,2011,0.088
1461,2011,0.082
1462,2011,0.088
1463,2011,0.083
1465,2011,0.068
1466,2011,0.072
1470,2011,0.076
1471,2011,0.076
1472,2011,0.07
1473,2011,0.094
1480,2011,0.08
1481,2011,0.081
1482,2011,0.078
1484,2011,0.091
1485,2011,0.093
1486,2011,0.066
1487,2011,0.097
1488,2011,0.089
1489,2011,0.087
1490,2011,0.078
1491,2011,0.07
1492,2011,0.076
1493,2011,0.086
1494,2011,0.083
1495,2011,0.08
1496,2011,0.08
1497,2011,0.082
1498,2011,0.092
1499,2011,0.079
1715,2011,0.089
1730,2011,0.083
1737,2011,0.075
1760,2011,0.09
1761,2011,0.078
1762,2011,0.091
1763,2011,0.086
1764,2011,0.087
1765,2011,0.07
1766,2011,0.081
1780,2011,0.081
1781,2011,0.101
1782,2011,0.08
1783,2011,0.086
1784,2011,0.082
1785,2011,0.081
1814,2011,0.071
1860,2011,0.075
1861,2011,0.071
1862,2011,0.092
1863,2011,0.068
1864,2011,0.083
1880,2011,0.068
1881,2011,0.066
1882,2011,0.061
1883,2011,0.079
1884,2011,0.071
1885,2011,0.064
1904,2011,0.098
1907,2011,0.089
1960,2011,0.081
1961,2011,0.078
1962,2011,0.076
1980,2011,0.079
1981,2011,0.085
1982,2011,0.069
1983,2011,0.07
1984,2011,0.072
2021,2011,0.071
2023,2011,0.063
2026,2011,0.067
2029,2011,0.069
2031,2011,0.063
2034,2011,0.077
2039,2011,0.073
2061,2011,0.084
2062,2011,0.078
2080,2011,0.068
2081,2011,0.067
2082,2011,0.078
2083,2011,0.076
2084,2011,0.079
2085,2011,0.084
2101,2011,0.09
2104,2011,0.075
2121,2011,0.069
2132,2011,0.074
2161,2011,0.073
2180,2011,0.074
2181,2011,0.075
2182,2011,0.083
2183,2011,0.075
2184,2011,0.069
2260,2011,0.067
2262,2011,0.067
2280,2011,0.067
2281,2011,0.069
2282,2011,0.062
2283,2011,0.06
2284,2011,0.064
2303,2011,0.071
2305,2011,0.076
2309,2011,0.064
2313,2011,0.068
2321,2011,0.063
2326,2011,0.078
2361,2011,0.058
2380,2011,0.078
2401,2011,0.064
2403,2011,0.061
2404,2011,0.076
2409,2011,0.079
2417,2011,0.079
2418,2011,0.08
2421,2011,0.078
2422,2011,0.077
2425,2011,0.061
2460,2011,0.065
2462,2011,0.07
2463,2011,0.062
2480,2011,0.074
2481,2011,0.079
2482,2011,0.088
2505,2011,0.066
2506,2011,0.073
2510,2011,0.039
2513,2011,0.068
2514,2011,0.069
2518,2011,0.056
2521,2011,0.044
2523,2011,0.06
2560,2011,0.071
2580,2011,0.068
2581,2011,0.082
2582,2011,0.073
2583,2011,0.063
2584,2011,0.047
0114,2012,0.077
0115,2012,0.08
0117,2012,0.079
0120,2012,0.068
0123,2012,0.066
0125,2012,0.065
0126,2012,0.063
0127,2012,0.057
0128,2012,0.069
0136,2012,0.073
0138,2012,0.069
0139,2012,0.069
0140,2012,0.065
0160,2012,0.066
0162,2012,0.058
0163,2012,0.061
0180,2012,0.071
0181,2012,0.062
0182,2012,0.064
0183,2012,0.072
0184,2012,0.062
0186,2012,0.068
0187,2012,0.066
0188,2012,0.08
0191,2012,0.066
0192,2012,0.075
0305,2012,0.071
0319,2012,0.077
0330,2012,0.068
0331,2012,0.083
0360,2012,0.081
0380,2012,0.081
0381,2012,0.088
0382,2012,0.078
0428,2012,0.078
0461,2012,0.074
0480,2012,0.079
0481,2012,0.085
0482,2012,0.075
0483,2012,0.079
0484,2012,0.076
0486,2012,0.078
0488,2012,0.068
0509,2012,0.072
0512,2012,0.068
0513,2012,0.079
0560,2012,0.081
0561,2012,0.081
0562,2012,0.072
0563,2012,0.074
0580,2012,0.069
0581,2012,0.074
0582,2012,0.077
0583,2012,0.087
0584,2012,0.109
0586,2012,0.078
0604,2012,0.074
0617,2012,0.055
0642,2012,0.085
0643,2012,0.079
0662,2012,0.065
0665,2012,0.071
0680,2012,0.078
0682,2012,0.084
0683,2012,0.065
0684,2012,0.073
0685,2012,0.083
0686,2012,0.088
0687,2012,0.09
0760,2012,0.071
0761,2012,0.085
0763,2012,0.073
0764,2012,0.075
0765,2012,0.066
0767,2012,0.081
0780,2012,0.074
0781,2012,0.074
0821,2012,0.07
0834,2012,0.082
0840,2012,0.062
0860,2012,0.082
0861,2012,0.071
0862,2012,0.059
0880,2012,0.073
0881,2012,0.075
0882,2012,0.068
0883,2012,0.083
0884,2012,0.073
0885,2012,0.071
0980,2012,0.079
1060,2012,0.063
1080,2012,0.072
1081,2012,0.082
1082,2012,0.071
1083,2012,0.075
1214,2012,0.073
1230,2012,0.077
1231,2012,0.079
1233,2012,0.064
1256,2012,0.084
1257,2012,0.07
1260,2012,0.077
1261,2012,0.083
1262,2012,0.068
1263,2012,0.069
1264,2012,0.079
1265,2012,0.08
1266,2012,0.092
1267,2012,0.085
1270,2012,0.085
1272,2012,0.082
1273,2012,0.071
1275,2012,0.072
1276,2012,0.077
1277,2012,0.075
1278,2012,0.062
1280,2012,0.073
1281,2012,0.081
1282,2012,0.079
1283,2012,0.071
1284,2012,0.071
1285,2012,0.086
1286,2012,0.084
1287,2012,0.087
1290,2012,0.079
1291,2012,0.085
1292,2012,0.061
1293,2012,0.075
1315,2012,0.058
1380,2012,0.074
1381,2012,0.066
1382,2012,0.073
1383,2012,0.079
1384,2012,0.074
1401,2012,0.079
1402,2012,0.083
1407,2012,0.082
1415,2012,0.082
1419,2012,0.082
1421,2012,0.085
1427,2012,0.089
1430,2012,0.088
1435,2012,0.085
1438,2012,0.085
1439,2012,0.089
1440,2012,0.084
1441,2012,0.08
1442,2012,0.076
1443,2012,0.081
1444,2012,0.083
1445,2012,0.082
1446,2012,0.071
1447,2012,0.101
1452,2012,0.064
1460,2012,0.088
1461,2012,0.085
1462,2012,0.094
1463,2012,0.088
1465,2012,0.072
1466,2012,0.072
1470,2012,0.078
1471,2012,0.078
1472,2012,0.069
1473,2012,0.093
1480,2012,0.083
1481,2012,0.084
1482,2012,0.082
1484,2012,0.092
1485,2012,0.093
1486,2012,0.069
1487,2012,0.1
1488,2012,0.093
1489,2012,0.089
1490,2012,0.082
1491,2012,0.074
1492,2012,0.079
1493,2012,0.091
1494,2012,0.09
1495,2012,0.084
1496,2012,0.085
1497,2012,0.082
1498,2012,0.096
1499,2012,0.082
1715,2012,0.096
1730,2012,0.077
1737,2012,0.075
1760,2012,0.09
1761,2012,0.078
1762,2012,0.094
1763,2012,0.084
1764,2012,0.092
1765,2012,0.074
1766,2012,0.083
1780,2012,0.083
1781,2012,0.099
1782,2012,0.08
1783,2012,0.092
1784,2012,0.087
1785,2012,0.088
1814,2012,0.075
1860,2012,0.075
1861,2012,0.074
1862,2012,0.09
1863,2012,0.066
1864,2012,0.085
1880,2012,0.069
1881,2012,0.067
1882,2012,0.063
1883,2012,0.082
1884,2012,0.076
1885,2012,0.067
1904,2012,0.092
1907,2012,0.093
1960,2012,0.085
1961,2012,0.077
1962,2012,0.075
1980,2012,0.08
1981,2012,0.091
1982,2012,0.065
1983,2012,0.07
1984,2012,0.076
2021,2012,0.071
2023,2012,0.063
2026,2012,0.068
2029,2012,0.072
2031,2012,0.065
2034,2012,0.083
2039,2012,0.079
2061,2012,0.09
2062,2012,0.083
2080,2012,0.07
2081,2012,0.07
2082,2012,0.079
2083,2012,0.079
2084,2012,0.079
2085,2012,0.085
2101,2012,0.091
2104,2012,0.072
2121,2012,0.069
2132,2012,0.077
2161,2012,0.074
2180,2012,0.077
2181,2012,0.076
2182,2012,0.084
2183,2012,0.079
2184,2012,0.074
2260,2012,0.074
2262,2012,0.067
2280,2012,0.072
2281,2012,0.071
2282,2012,0.066
2283,2012,0.062
2284,2012,0.066
2303,2012,0.07
2305,2012,0.077
2309,2012,0.066
2313,2012,0.075
2321,2012,0.068
2326,2012,0.082
2361,2012,0.06
2380,2012,0.08
2401,2012,0.067
2403,2012,0.062
2404,2012,0.084
2409,2012,0.075
2417,2012,0.074
2418,2012,0.082
2421,2012,0.08
2422,2012,0.081
2425,2012,0.068
2460,2012,0.074
2462,2012,0.068
2463,2012,0.068
2480,2012,0.079
2481,2012,0.085
2482,2012,0.093
2505,2012,0.068
2506,2012,0.069
2510,2012,0.041
2513,2012,0.075
2514,2012,0.073
2518,2012,0.053
2521,2012,0.05
2523,2012,0.061
2560,2012,0.078
2580,2012,0.071
2581,2012,0.085
2582,2012,0.075
2583,2012,0.063
2584,2012,0.052
0114,2013,0.082
0115,2013,0.087
0117,2013,0.084
0120,2013,0.071
0123,2013,0.068
0125,2013,0.067
0126,2013,0.064
0127,2013,0.058
0128,2013,0.074
0136,2013,0.074
0138,2013,0.072
0139,2013,0.073
0140,2013,0.065
0160,2013,0.07
0162,2013,0.059
0163,2013,0.065
0180,2013,0.074
0181,2013,0.065
0182,2013,0.066
0183,2013,0.073
0184,2013,0.065
0186,2013,0.067
0187,2013,0.067
0188,2013,0.088
0191,2013,0.07
0192,2013,0.074
0305,2013,0.075
0319,2013,0.083
0330,2013,0.07
0331,2013,0.086
0360,2013,0.088
0380,2013,0.084
0381,2013,0.089
0382,2013,0.079
0428,2013,0.084
0461,2013,0.077
0480,2013,0.083
0481,2013,0.089
0482,2013,0.077
0483,2013,0.081
0484,2013,0.079
0486,2013,0.085
0488,2013,0.07
0509,2013,0.078
0512,2013,0.065
0513,2013,0.087
0560,2013,0.08
0561,2013,0.085
0562,2013,0.073
0563,2013,0.073
0580,2013,0.07
0581,2013,0.077
0582,2013,0.081
0583,2013,0.09
0584,2013,0.107
0586,2013,0.084
0604,2013,0.079
0617,2013,0.059
0642,2013,0.085
0643,2013,0.078
0662,2013,0.066
0665,2013,0.076
0680,2013,0.082
0682,2013,0.085
0683,2013,0.069
0684,2013,0.072
0685,2013,0.085
0686,2013,0.097
0687,2013,0.091
0760,2013,0.075
0761,2013,0.084
0763,2013,0.079
0764,2013,0.073
0765,2013,0.069
0767,2013,0.087
0780,2013,0.076
0781,2013,0.077
0821,2013,0.069
0834,2013,0.087
0840,2013,0.067
0860,2013,0.085
0861,2013,0.077
0862,2013,0.063
0880,2013,0.076
0881,2013,0.074
0882,2013,0.072
0883,2013,0.089
0884,2013,0.073
0885,2013,0.082
0980,2013,0.086
1060,2013,0.068
1080,2013,0.073
1081,2013,0.084
1082,2013,0.076
1083,2013,0.08
1214,2013,0.077
1230,2013,0.079
1231,2013,0.083
1233,2013,0.065
1256,2013,0.093
1257,2013,0.075
1260,2013,0.081
1261,2013,0.086
1262,2013,0.066
1263,2013,0.072
1264,2013,0.082
1265,2013,0.081
1266,2013,0.097
1267,2013,0.09
1270,2013,0.084
1272,2013,0.084
1273,2013,0.075
1275,2013,0.073
1276,2013,0.081
1277,2013,0.08
1278,2013,0.07
1280,2013,0.074
1281,2013,0.084
1282,2013,0.079
1283,2013,0.074
1284,2013,0.073
1285,2013,0.09
1286,2013,0.089
1287,2013,0.09
1290,2013,0.083
1291,2013,0.094
1292,2013,0.066
1293,2013,0.082
1315,2013,0.066
1380,2013,0.075
1381,2013,0.07
1382,2013,0.075
1383,2013,0.082
1384,2013,0.077
1401,2013,0.083
1402,2013,0.085
1407,2013,0.082
1415,2013,0.084
1419,2013,0.084
1421,2013,0.086
1427,2013,0.09
1430,2013,0.097
1435,2013,0.088
1438,2013,0.074
1439,2013,0.09
1440,2013,0.091
1441,2013,0.083
1442,2013,0.081
1443,2013,0.081
1444,2013,0.086
1445,2013,0.085
1446,2013,0.075
1447,2013,0.105
1452,2013,0.067
1460,2013,0.088
1461,2013,0.087
1462,2013,0.096
1463,2013,0.09
1465,2013,0.081
1466,2013,0.082
1470,2013,0.078
1471,2013,0.086
1472,2013,0.074
1473,2013,0.099
1480,2013,0.086
1481,2013,0.086
1482,2013,0.084
1484,2013,0.095
1485,2013,0.096
1486,2013,0.072
1487,2013,0.102
1488,2013,0.092
1489,2013,0.095
1490,2013,0.085
1491,2013,0.072
1492,2013,0.08
1493,2013,0.092
1494,2013,0.092
1495,2013,0.086
1496,2013,0.087
1497,2013,0.089
1498,2013,0.093
1499,2013,0.082
1715,2013,0.097
1730,2013,0.08
1737,2013,0.078
1760,2013,0.09
1761,2013,0.08
1762,2013,0.098
1763,2013,0.097
1764,2013,0.094
1765,2013,0.07
1766,2013,0.091
1780,2013,0.085
1781,2013,0.102
1782,2013,0.082
1783,2013,0.099
1784,2013,0.089
1785,2013,0.096
1814,2013,0.079
1860,2013,0.077
1861,2013,0.073
1862,2013,0.097
1863,2013,0.073
1864,2013,0.093
1880,2013,0.072
1881,2013,0.072
1882,2013,0.07
1883,2013,0.082
1884,2013,0.078
1885,2013,0.069
1904,2013,0.082
1907,2013,0.09
1960,2013,0.09
1961,2013,0.081
1962,2013,0.072
1980,2013,0.081
1981,2013,0.095
1982,2013,0.069
1983,2013,0.073
1984,2013,0.078
2021,2013,0.073
2023,2013,0.069
2026,2013,0.072
2029,2013,0.074
2031,2013,0.07
2034,2013,0.092
2039,2013,0.077
2061,2013,0.096
2062,2013,0.088
2080,2013,0.074
2081,2013,0.074
2082,2013,0.08
2083,2013,0.082
2084,2013,0.082
2085,2013,0.089
2101,2013,0.091
2104,2013,0.076
2121,2013,0.07
2132,2013,0.078
2161,2013,0.077
2180,2013,0.081
2181,2013,0.082
2182,2013,0.091
2183,2013,0.079
2184,2013,0.078
2260,2013,0.076
2262,2013,0.072
2280,2013,0.075
2281,2013,0.073
2282,2013,0.067
2283,2013,0.07
2284,2013,0.069
2303,2013,0.076
2305,2013,0.085
2309,2013,0.071
2313,2013,0.079
2321,2013,0.066
2326,2013,0.087
2361,2013,0.06
2380,2013,0.082
2401,2013,0.079
2403,2013,0.066
2404,2013,0.084
2409,2013,0.079
2417,2013,0.091
2418,2013,0.085
2421,2013,0.077
2422,2013,0.086
2425,2013,0.08
2460,2013,0.072
2462,2013,0.072
2463,2013,0.07
2480,2013,0.081
2481,2013,0.086
2482,2013,0.095
2505,2013,0.071
2506,2013,0.075
2510,2013,0.042
2513,2013,0.075
2514,2013,0.08
2518,2013,0.05
2521,2013,0.048
2523,2013,0.066
2560,2013,0.083
2580,2013,0.075
2581,2013,0.087
2582,2013,0.078
2583,2013,0.067
2584,2013,0.051
0114,2014,0.084
0115,2014,0.09
0117,2014,0.089
0120,2014,0.075
0123,2014,0.07
0125,2014,0.075
0126,2014,0.067
0127,2014,0.06
0128,2014,0.077
0136,2014,0.077
0138,2014,0.078
0139,2014,0.074
0140,2014,0.071
0160,2014,0.075
0162,2014,0.062
0163,2014,0.069
0180,2014,0.078
0181,2014,0.066
0182,2014,0.069
0183,2014,0.076
0184,2014,0.069
0186,2014,0.072
0187,2014,0.073
0188,2014,0.089
0191,2014,0.071
0192,2014,0.082
0305,2014,0.076
0319,2014,0.089
0330,2014,0.076
0331,2014,0.087
0360,2014,0.095
0380,2014,0.088
0381,2014,0.093
0382,2014,0.079
0428,2014,0.084
0461,2014,0.081
0480,2014,0.089
0481,2014,0.098
0482,2014,0.078
0483,2014,0.082
0484,2014,0.083
0486,2014,0.089
0488,2014,0.07
0509,2014,0.077
0512,2014,0.066
0513,2014,0.094
0560,2014,0.088
0561,2014,0.089
0562,2014,0.079
0563,2014,0.078
0580,2014,0.073
0581,2014,0.08
0582,2014,0.081
0583,2014,0.094
0584,2014,0.11
0586,2014,0.088
0604,2014,0.088
0617,2014,0.059
0642,2014,0.092
0643,2014,0.085
0662,2014,0.07
0665,2014,0.079
0680,2014,0.088
0682,2014,0.091
0683,2014,0.071
0684,2014,0.071
0685,2014,0.093
0686,2014,0.097
0687,2014,0.094
0760,2014,0.08
0761,2014,0.089
0763,2014,0.08
0764,2014,0.078
0765,2014,0.071
0767,2014,0.092
0780,2014,0.079
0781,2014,0.083
0821,2014,0.068
0834,2014,0.094
0840,2014,0.069
0860,2014,0.087
0861,2014,0.076
0862,2014,0.067
0880,2014,0.081
0881,2014,0.079
0882,2014,0.078
0883,2014,0.09
0884,2014,0.075
0885,2014,0.081
0980,2014,0.091
1060,2014,0.075
1080,2014,0.079
1081,2014,0.087
1082,2014,0.084
1083,2014,0.089
1214,2014,0.081
1230,2014,0.081
1231,2014,0.085
1233,2014,0.068
1256,2014,0.088
1257,2014,0.078
1260,2014,0.082
1261,2014,0.09
1262,2014,0.07
1263,2014,0.076
1264,2014,0.088
1265,2014,0.087
1266,2014,0.098
1267,2014,0.093
1270,2014,0.091
1272,2014,0.086
1273,2014,0.081
1275,2014,0.076
1276,2014,0.081
1277,2014,0.079
1278,2014,0.073
1280,2014,0.077
1281,2014,0.087
1282,2014,0.082
1283,2014,0.077
1284,2014,0.076
1285,2014,0.091
1286,2014,0.092
1287,2014,0.096
1290,2014,0.087
1291,2014,0.096
1292,2014,0.07
1293,2014,0.086
1315,2014,0.064
1380,2014,0.078
1381,2014,0.076
1382,2014,0.082
1383,2014,0.086
1384,2014,0.08
1401,2014,0.085
1402,2014,0.091
1407,2014,0.09
1415,2014,0.09
1419,2014,0.088
1421,2014,0.091
1427,2014,0.097
1430,2014,0.099
1435,2014,0.093
1438,2014,0.084
1439,2014,0.105
1440,2014,0.092
1441,2014,0.087
1442,2014,0.081
1443,2014,0.084
1444,2014,0.084
1445,2014,0.086
1446,2014,0.083
1447,2014,0.102
1452,2014,0.067
1460,2014,0.093
1461,2014,0.087
1462,2014,0.099
1463,2014,0.094
1465,2014,0.085
1466,2014,0.089
1470,2014,0.083
1471,2014,0.095
1472,2014,0.074
1473,2014,0.106
1480,2014,0.089
1481,2014,0.09
1482,2014,0.088
1484,2014,0.104
1485,2014,0.099
1486,2014,0.08
1487,2014,0.104
1488,2014,0.094
1489,2014,0.099
1490,2014,0.089
1491,2014,0.077
1492,2014,0.088
1493,2014,0.097
1494,2014,0.097
1495,2014,0.09
1496,2014,0.09
1497,2014,0.091
1498,2014,0.093
1499,2014,0.085
1715,2014,0.101
1730,2014,0.082
1737,2014,0.083
1760,2014,0.088
1761,2014,0.087
1762,2014,0.101
1763,2014,0.099
1764,2014,0.094
1765,2014,0.078
1766,2014,0.092
1780,2014,0.089
1781,2014,0.104
1782,2014,0.086
1783,2014,0.105
1784,2014,0.092
1785,2014,0.099
1814,2014,0.081
1860,2014,0.075
1861,2014,0.078
1862,2014,0.099
1863,2014,0.077
1864,2014,0.092
1880,2014,0.076
1881,2014,0.077
1882,2014,0.072
1883,2014,0.086
1884,2014,0.079
1885,2014,0.072
1904,2014,0.089
1907,2014,0.104
1960,2014,0.096
1961,2014,0.08
1962,2014,0.076
1980,2014,0.085
1981,2014,0.097
1982,2014,0.074
1983,2014,0.078
1984,2014,0.082
2021,2014,0.077
2023,2014,0.07
2026,2014,0.074
2029,2014,0.082
2031,2014,0.08
2034,2014,0.094
2039,2014,0.088
2061,2014,0.105
2062,2014,0.096
2080,2014,0.08
2081,2014,0.078
2082,2014,0.083
2083,2014,0.086
2084,2014,0.084
2085,2014,0.097
2101,2014,0.098
2104,2014,0.082
2121,2014,0.079
2132,2014,0.078
2161,2014,0.084
2180,2014,0.085
2181,2014,0.087
2182,2014,0.093
2183,2014,0.083
2184,2014,0.087
2260,2014,0.084
2262,2014,0.078
2280,2014,0.079
2281,2014,0.08
2282,2014,0.07
2283,2014,0.073
2284,2014,0.073
2303,2014,0.076
2305,2014,0.091
2309,2014,0.072
2313,2014,0.087
2321,2014,0.07
2326,2014,0.088
2361,2014,0.065
2380,2014,0.087
2401,2014,0.08
2403,2014,0.063
2404,2014,0.098
2409,2014,0.088
2417,2014,0.1
2418,2014,0.098
2421,2014,0.075
2422,2014,0.079
2425,2014,0.083
2460,2014,0.081
2462,2014,0.079
2463,2014,0.071
2480,2014,0.087
2481,2014,0.089
2482,2014,0.1
2505,2014,0.074
2506,2014,0.085
2510,2014,0.046
2513,2014,0.08
2514,2014,0.084
2518,2014,0.051
2521,2014,0.055
2523,2014,0.069
2560,2014,0.089
2580,2014,0.077
2581,2014,0.092
2582,2014,0.081
2583,2014,0.063
2584,2014,0.056
0114,2015,0.086
0115,2015,0.094
0117,2015,0.094
0120,2015,0.078
0123,2015,0.072
0125,2015,0.078
0126,2015,0.071
0127,2015,0.064
0128,2015,0.078
0136,2015,0.08
0138,2015,0.082
0139,2015,0.078
0140,2015,0.074
0160,2015,0.081
0162,2015,0.067
0163,2015,0.073
0180,2015,0.082
0181,2015,0.067
0182,2015,0.071
0183,2015,0.077
0184,2015,0.073
0186,2015,0.074
0187,2015,0.074
0188,2015,0.097
0191,2015,0.072
0192,2015,0.086
0305,2015,0.079
0319,2015,0.088
0330,2015,0.077
0331,2015,0.091
0360,2015,0.095
0380,2015,0.092
0381,2015,0.096
0382,2015,0.081
0428,2015,0.084
0461,2015,0.084
0480,2015,0.094
0481,2015,0.099
0482,2015,0.081
0483,2015,0.084
0484,2015,0.087
0486,2015,0.093
0488,2015,0.079
0509,2015,0.073
0512,2015,0.069
0513,2015,0.092
0560,2015,0.091
0561,2015,0.089
0562,2015,0.079
0563,2015,0.075
0580,2015,0.076
0581,2015,0.082
0582,2015,0.085
0583,2015,0.096
0584,2015,0.114
0586,2015,0.093
0604,2015,0.089
0617,2015,0.067
0642,2015,0.098
0643,2015,0.092
0662,2015,0.073
0665,2015,0.082
0680,2015,0.092
0682,2015,0.093
0683,2015,0.074
0684,2015,0.076
0685,2015,0.1
0686,2015,0.103
0687,2015,0.101
0760,2015,0.084
0761,2015,0.089
0763,2015,0.087
0764,2015,0.082
0765,2015,0.073
0767,2015,0.096
0780,2015,0.082
0781,2015,0.086
0821,2015,0.073
0834,2015,0.092
0840,2015,0.073
0860,2015,0.092
0861,2015,0.081
0862,2015,0.079
0880,2015,0.085
0881,2015,0.086
0882,2015,0.084
0883,2015,0.094
0884,2015,0.079
0885,2015,0.086
0980,2015,0.098
1060,2015,0.078
1080,2015,0.084
1081,2015,0.089
1082,2015,0.089
1083,2015,0.095
1214,2015,0.085
1230,2015,0.086
1231,2015,0.086
1233,2015,0.07
1256,2015,0.09
1257,2015,0.083
1260,2015,0.092
1261,2015,0.093
1262,2015,0.075
1263,2015,0.083
1264,2015,0.091
1265,2015,0.093
1266,2015,0.103
1267,2015,0.098
1270,2015,0.093
1272,2015,0.092
1273,2015,0.083
1275,2015,0.082
1276,2015,0.084
1277,2015,0.085
1278,2015,0.079
1280,2015,0.081
1281,2015,0.093
1282,2015,0.084
1283,2015,0.079
1284,2015,0.078
1285,2015,0.096
1286,2015,0.092
1287,2015,0.099
1290,2015,0.091
1291,2015,0.102
1292,2015,0.076
1293,2015,0.09
1315,2015,0.066
1380,2015,0.084
1381,2015,0.078
1382,2015,0.085
1383,2015,0.087
1384,2015,0.086
1401,2015,0.09
1402,2015,0.091
1407,2015,0.093
1415,2015,0.09
1419,2015,0.101
1421,2015,0.094
1427,2015,0.1
1430,2015,0.102
1435,2015,0.102
1438,2015,0.089
1439,2015,0.11
1440,2015,0.097
1441,2015,0.09
1442,2015,0.089
1443,2015,0.091
1444,2015,0.088
1445,2015,0.091
1446,2015,0.088
1447,2015,0.102
1452,2015,0.072
1460,2015,0.097
1461,2015,0.089
1462,2015,0.102
1463,2015,0.101
1465,2015,0.083
1466,2015,0.089
1470,2015,0.088
1471,2015,0.095
1472,2015,0.077
1473,2015,0.103
1480,2015,0.093
1481,2015,0.095
1482,2015,0.093
1484,2015,0.111
1485,2015,0.105
1486,2015,0.087
1487,2015,0.109
1488,2015,0.101
1489,2015,0.101
1490,2015,0.09
1491,2015,0.083
1492,2015,0.092
1493,2015,0.097
1494,2015,0.101
1495,2015,0.093
1496,2015,0.092
1497,2015,0.098
1498,2015,0.096
1499,2015,0.084
1715,2015,0.112
1730,2015,0.087
1737,2015,0.089
1760,2015,0.102
1761,2015,0.085
1762,2015,0.103
1763,2015,0.112
1764,2015,0.098
1765,2015,0.082
1766,2015,0.094
1780,2015,0.093
1781,2015,0.106
1782,2015,0.092
1783,2015,0.112
1784,2015,0.094
1785,2015,0.103
1814,2015,0.089
1860,2015,0.091
1861,2015,0.078
1862,2015,0.101
1863,2015,0.078
1864,2015,0.092
1880,2015,0.08
1881,2015,0.081
1882,2015,0.079
1883,2015,0.094
1884,2015,0.083
1885,2015,0.075
1904,2015,0.097
1907,2015,0.106
1960,2015,0.1
1961,2015,0.088
1962,2015,0.085
1980,2015,0.09
1981,2015,0.101
1982,2015,0.076
1983,2015,0.081
1984,2015,0.086
2021,2015,0.087
2023,2015,0.078
2026,2015,0.083
2029,2015,0.085
2031,2015,0.083
2034,2015,0.1
2039,2015,0.094
2061,2015,0.111
2062,2015,0.1
2080,2015,0.089
2081,2015,0.082
2082,2015,0.088
2083,2015,0.09
2084,2015,0.088
2085,2015,0.098
2101,2015,0.102
2104,2015,0.085
2121,2015,0.084
2132,2015,0.083
2161,2015,0.089
2180,2015,0.089
2181,2015,0.089
2182,2015,0.097
2183,2015,0.085
2184,2015,0.092
2260,2015,0.086
2262,2015,0.086
2280,2015,0.084
2281,2015,0.086
2282,2015,0.08
2283,2015,0.075
2284,2015,0.077
2303,2015,0.082
2305,2015,0.093
2309,2015,0.074
2313,2015,0.096
2321,2015,0.073
2326,2015,0.086
2361,2015,0.067
2380,2015,0.091
2401,2015,0.083
2403,2015,0.077
2404,2015,0.103
2409,2015,0.097
2417,2015,0.107
2418,2015,0.094
2421,2015,0.082
2422,2015,0.081
2425,2015,0.095
2460,2015,0.086
2462,2015,0.081
2463,2015,0.07
2480,2015,0.092
2481,2015,0.098
2482,2015,0.106
2505,2015,0.079
2506,2015,0.088
2510,2015,0.055
2513,2015,0.082
2514,2015,0.094
2518,2015,0.064
2521,2015,0.062
2523,2015,0.077
2560,2015,0.089
2580,2015,0.083
2581,2015,0.099
2582,2015,0.087
2583,2015,0.069
2584,2015,0.058
0114,2016,0.089
0115,2016,0.094
0117,2016,0.099
0120,2016,0.081
0123,2016,0.074
0125,2016,0.079
0126,2016,0.072
0127,2016,0.066
0128,2016,0.078
0136,2016,0.082
0138,2016,0.085
0139,2016,0.08
0140,2016,0.076
0160,2016,0.082
0162,2016,0.068
0163,2016,0.076
0180,2016,0.085
0181,2016,0.068
0182,2016,0.072
0183,2016,0.075
0184,2016,0.075
0186,2016,0.079
0187,2016,0.075
0188,2016,0.101
0191,2016,0.074
0192,2016,0.089
0305,2016,0.078
0319,2016,0.088
0330,2016,0.079
0331,2016,0.099
0360,2016,0.096
0380,2016,0.094
0381,2016,0.096
0382,2016,0.091
0428,2016,0.087
0461,2016,0.089
0480,2016,0.097
0481,2016,0.098
0482,2016,0.085
0483,2016,0.086
0484,2016,0.087
0486,2016,0.1
0488,2016,0.083
0509,2016,0.083
0512,2016,0.076
0513,2016,0.096
0560,2016,0.095
0561,2016,0.095
0562,2016,0.081
0563,2016,0.075
0580,2016,0.078
0581,2016,0.083
0582,2016,0.091
0583,2016,0.096
0584,2016,0.121
0586,2016,0.095
0604,2016,0.094
0617,2016,0.068
0642,2016,0.103
0643,2016,0.097
0662,2016,0.075
0665,2016,0.087
0680,2016,0.093
0682,2016,0.096
0683,2016,0.078
0684,2016,0.077
0685,2016,0.099
0686,2016,0.105
0687,2016,0.101
0760,2016,0.082
0761,2016,0.083
0763,2016,0.087
0764,2016,0.083
0765,2016,0.073
0767,2016,0.088
0780,2016,0.084
0781,2016,0.087
0821,2016,0.068
0834,2016,0.09
0840,2016,0.079
0860,2016,0.09
0861,2016,0.086
0862,2016,0.081
0880,2016,0.088
0881,2016,0.085
0882,2016,0.088
0883,2016,0.098
0884,2016,0.084
0885,2016,0.084
0980,2016,0.1
1060,2016,0.084
1080,2016,0.088
1081,2016,0.091
1082,2016,0.091
1083,2016,0.1
1214,2016,0.09
1230,2016,0.088
1231,2016,0.083
1233,2016,0.069
1256,2016,0.095
1257,2016,0.087
1260,2016,0.09
1261,2016,0.093
1262,2016,0.074
1263,2016,0.083
1264,2016,0.092
1265,2016,0.097
1266,2016,0.101
1267,2016,0.105
1270,2016,0.096
1272,2016,0.094
1273,2016,0.087
1275,2016,0.081
1276,2016,0.088
1277,2016,0.085
1278,2016,0.084
1280,2016,0.081
1281,2016,0.094
1282,2016,0.085
1283,2016,0.08
1284,2016,0.079
1285,2016,0.098
1286,2016,0.092
1287,2016,0.101
1290,2016,0.094
1291,2016,0.099
1292,2016,0.079
1293,2016,0.094
1315,2016,0.066
1380,2016,0.086
1381,2016,0.082
1382,2016,0.082
1383,2016,0.089
1384,2016,0.088
1401,2016,0.093
1402,2016,0.094
1407,2016,0.095
1415,2016,0.093
1419,2016,0.105
1421,2016,0.098
1427,2016,0.107
1430,2016,0.104
1435,2016,0.107
1438,2016,0.095
1439,2016,0.115
1440,2016,0.098
1441,2016,0.092
1442,2016,0.095
1443,2016,0.097
1444,2016,0.092
1445,2016,0.101
1446,2016,0.089
1447,2016,0.098
1452,2016,0.074
1460,2016,0.106
1461,2016,0.09
1462,2016,0.108
1463,2016,0.1
1465,2016,0.081
1466,2016,0.092
1470,2016,0.088
1471,2016,0.096
1472,2016,0.08
1473,2016,0.107
1480,2016,0.094
1481,2016,0.098
1482,2016,0.099
1484,2016,0.103
1485,2016,0.105
1486,2016,0.089
1487,2016,0.112
1488,2016,0.103
1489,2016,0.103
1490,2016,0.092
1491,2016,0.087
1492,2016,0.094
1493,2016,0.103
1494,2016,0.103
1495,2016,0.092
1496,2016,0.094
1497,2016,0.103
1498,2016,0.095
1499,2016,0.087
1715,2016,0.113
1730,2016,0.098
1737,2016,0.089
1760,2016,0.102
1761,2016,0.085
1762,2016,0.113
1763,2016,0.112
1764,2016,0.1
1765,2016,0.085
1766,2016,0.096
1780,2016,0.096
1781,2016,0.108
1782,2016,0.097
1783,2016,0.114
1784,2016,0.099
1785,2016,0.1
1814,2016,0.093
1860,2016,0.096
1861,2016,0.085
1862,2016,0.101
1863,2016,0.078
1864,2016,0.105
1880,2016,0.084
1881,2016,0.086
1882,2016,0.081
1883,2016,0.094
1884,2016,0.092
1885,2016,0.081
1904,2016,0.11
1907,2016,0.107
1960,2016,0.098
1961,2016,0.089
1962,2016,0.088
1980,2016,0.094
1981,2016,0.104
1982,2016,0.078
1983,2016,0.08
1984,2016,0.089
2021,2016,0.087
2023,2016,0.077
2026,2016,0.087
2029,2016,0.089
2031,2016,0.084
2034,2016,0.101
2039,2016,0.092
2061,2016,0.107
2062,2016,0.098
2080,2016,0.094
2081,2016,0.085
2082,2016,0.093
2083,2016,0.093
2084,2016,0.088
2085,2016,0.098
2101,2016,0.114
2104,2016,0.089
2121,2016,0.085
2132,2016,0.084
2161,2016,0.092
2180,2016,0.094
2181,2016,0.095
2182,2016,0.095
2183,2016,0.088
2184,2016,0.097
2260,2016,0.088
2262,2016,0.093
2280,2016,0.085
2281,2016,0.09
2282,2016,0.084
2283,2016,0.083
2284,2016,0.082
2303,2016,0.081
2305,2016,0.094
2309,2016,0.077
2313,2016,0.097
2321,2016,0.081
2326,2016,0.087
2361,2016,0.071
2380,2016,0.096
2401,2016,0.085
2403,2016,0.084
2404,2016,0.108
2409,2016,0.098
2417,2016,0.119
2418,2016,0.097
2421,2016,0.085
2422,2016,0.083
2425,2016,0.093
2460,2016,0.094
2462,2016,0.092
2463,2016,0.087
2480,2016,0.095
2481,2016,0.104
2482,2016,0.11
2505,2016,0.083
2506,2016,0.097
2510,2016,0.055
2513,2016,0.079
2514,2016,0.098
2518,2016,0.062
2521,2016,0.069
2523,2016,0.083
2560,2016,0.094
2580,2016,0.088
2581,2016,0.106
2582,2016,0.088
2583,2016,0.071
2584,2016,0.06
0114,2017,0.086
0115,2017,0.096
0117,2017,0.099
0120,2017,0.079
0123,2017,0.076
0125,2017,0.081
0126,2017,0.072
0127,2017,0.065
0128,2017,0.078
0136,2017,0.082
0138,2017,0.087
0139,2017,0.082
0140,2017,0.075
0160,2017,0.086
0162,2017,0.067
0163,2017,0.076
0180,2017,0.086
0181,2017,0.068
0182,2017,0.072
0183,2017,0.076
0184,2017,0.077
0186,2017,0.08
0187,2017,0.072
0188,2017,0.104
0191,2017,0.074
0192,2017,0.089
0305,2017,0.082
0319,2017,0.092
0330,2017,0.084
0331,2017,0.104
0360,2017,0.097
0380,2017,0.094
0381,2017,0.098
0382,2017,0.094
0428,2017,0.087
0461,2017,0.088
0480,2017,0.101
0481,2017,0.1
0482,2017,0.083
0483,2017,0.087
0484,2017,0.086
0486,2017,0.099
0488,2017,0.084
0509,2017,0.084
0512,2017,0.086
0513,2017,0.098
0560,2017,0.103
0561,2017,0.095
0562,2017,0.084
0563,2017,0.079
0580,2017,0.08
0581,2017,0.085
0582,2017,0.093
0583,2017,0.099
0584,2017,0.118
0586,2017,0.097
0604,2017,0.098
0617,2017,0.066
0642,2017,0.103
0643,2017,0.093
0662,2017,0.078
0665,2017,0.089
0680,2017,0.093
0682,2017,0.098
0683,2017,0.079
0684,2017,0.082
0685,2017,0.099
0686,2017,0.104
0687,2017,0.1
0760,2017,0.078
0761,2017,0.093
0763,2017,0.09
0764,2017,0.088
0765,2017,0.074
0767,2017,0.092
0780,2017,0.086
0781,2017,0.086
0821,2017,0.07
0834,2017,0.085
0840,2017,0.08
0860,2017,0.091
0861,2017,0.088
0862,2017,0.079
0880,2017,0.088
0881,2017,0.088
0882,2017,0.095
0883,2017,0.099
0884,2017,0.089
0885,2017,0.088
0980,2017,0.103
1060,2017,0.084
1080,2017,0.091
1081,2017,0.095
1082,2017,0.093
1083,2017,0.098
1214,2017,0.09
1230,2017,0.089
1231,2017,0.082
1233,2017,0.072
1256,2017,0.096
1257,2017,0.092
1260,2017,0.089
1261,2017,0.093
1262,2017,0.077
1263,2017,0.087
1264,2017,0.093
1265,2017,0.105
1266,2017,0.102
1267,2017,0.103
1270,2017,0.099
1272,2017,0.101
1273,2017,0.092
1275,2017,0.083
1276,2017,0.09
1277,2017,0.085
1278,2017,0.081
1280,2017,0.082
1281,2017,0.096
1282,2017,0.085
1283,2017,0.083
1284,2017,0.083
1285,2017,0.098
1286,2017,0.093
1287,2017,0.103
1290,2017,0.095
1291,2017,0.1
1292,2017,0.081
1293,2017,0.095
1315,2017,0.067
1380,2017,0.088
1381,2017,0.083
1382,2017,0.083
1383,2017,0.091
1384,2017,0.09
1401,2017,0.096
1402,2017,0.094
1407,2017,0.093
1415,2017,0.094
1419,2017,0.105
1421,2017,0.099
1427,2017,0.111
1430,2017,0.109
1435,2017,0.112
1438,2017,0.097
1439,2017,0.114
1440,2017,0.099
1441,2017,0.095
1442,2017,0.094
1443,2017,0.097
1444,2017,0.098
1445,2017,0.099
1446,2017,0.09
1447,2017,0.099
1452,2017,0.076
1460,2017,0.104
1461,2017,0.095
1462,2017,0.111
1463,2017,0.101
1465,2017,0.085
1466,2017,0.096
1470,2017,0.09
1471,2017,0.102
1472,2017,0.08
1473,2017,0.104
1480,2017,0.095
1481,2017,0.098
1482,2017,0.098
1484,2017,0.104
1485,2017,0.105
1486,2017,0.093
1487,2017,0.113
1488,2017,0.106
1489,2017,0.104
1490,2017,0.094
1491,2017,0.092
1492,2017,0.097
1493,2017,0.103
1494,2017,0.102
1495,2017,0.093
1496,2017,0.095
1497,2017,0.106
1498,2017,0.1
1499,2017,0.09
1715,2017,0.111
1730,2017,0.096
1737,2017,0.094
1760,2017,0.102
1761,2017,0.088
1762,2017,0.111
1763,2017,0.111
1764,2017,0.107
1765,2017,0.083
1766,2017,0.096
1780,2017,0.101
1781,2017,0.11
1782,2017,0.101
1783,2017,0.117
1784,2017,0.108
1785,2017,0.1
1814,2017,0.096
1860,2017,0.096
1861,2017,0.088
1862,2017,0.104
1863,2017,0.078
1864,2017,0.104
1880,2017,0.087
1881,2017,0.09
1882,2017,0.084
1883,2017,0.097
1884,2017,0.093
1885,2017,0.082
1904,2017,0.108
1907,2017,0.113
1960,2017,0.101
1961,2017,0.094
1962,2017,0.095
1980,2017,0.095
1981,2017,0.104
1982,2017,0.085
1983,2017,0.085
1984,2017,0.094
2021,2017,0.089
2023,2017,0.082
2026,2017,0.094
2029,2017,0.093
2031,2017,0.086
2034,2017,0.11
2039,2017,0.099
2061,2017,0.112
2062,2017,0.1
2080,2017,0.098
2081,2017,0.089
2082,2017,0.099
2083,2017,0.094
2084,2017,0.093
2085,2017,0.102
2101,2017,0.111
2104,2017,0.093
2121,2017,0.086
2132,2017,0.087
2161,2017,0.092
2180,2017,0.097
2181,2017,0.101
2182,2017,0.104
2183,2017,0.095
2184,2017,0.097
2260,2017,0.094
2262,2017,0.1
2280,2017,0.089
2281,2017,0.092
2282,2017,0.086
2283,2017,0.088
2284,2017,0.084
2303,2017,0.09
2305,2017,0.098
2309,2017,0.08
2313,2017,0.101
2321,2017,0.077
2326,2017,0.089
2361,2017,0.068
2380,2017,0.099
2401,2017,0.086
2403,2017,0.084
2404,2017,0.105
2409,2017,0.1
2417,2017,0.119
2418,2017,0.094
2421,2017,0.084
2422,2017,0.092
2425,2017,0.093
2460,2017,0.106
2462,2017,0.088
2463,2017,0.088
2480,2017,0.097
2481,2017,0.104
2482,2017,0.112
2505,2017,0.087
2506,2017,0.103
2510,2017,0.061
2513,2017,0.082
2514,2017,0.104
2518,2017,0.063
2521,2017,0.074
2523,2017,0.087
2560,2017,0.095
2580,2017,0.091
2581,2017,0.109
2582,2017,0.091
2583,2017,0.07
2584,2017,0.063
0114,2018,0.087
0115,2018,0.097
0117,2018,0.1
0120,2018,0.081
0123,2018,0.076
0125,2018,0.079
0126,2018,0.074
0127,2018,0.066
0128,2018,0.078
0136,2018,0.083
0138,2018,0.089
0139,2018,0.074
0140,2018,0.071
0160,2018,0.088
0162,2018,0.069
0163,2018,0.078
0180,2018,0.088
0181,2018,0.067
0182,2018,0.074
0183,2018,0.076
0184,2018,0.076
0186,2018,0.082
0187,2018,0.075
0188,2018,0.109
0191,2018,0.073
0192,2018,0.093
0305,2018,0.084
0319,2018,0.094
0330,2018,0.086
0331,2018,0.103
0360,2018,0.102
0380,2018,0.097
0381,2018,0.097
0382,2018,0.097
0428,2018,0.094
0461,2018,0.091
0480,2018,0.104
0481,2018,0.104
0482,2018,0.083
0483,2018,0.088
0484,2018,0.087
0486,2018,0.101
0488,2018,0.088
0509,2018,0.086
0512,2018,0.094
0513,2018,0.101
0560,2018,0.103
0561,2018,0.103
0562,2018,0.085
0563,2018,0.08
0580,2018,0.083
0581,2018,0.086
0582,2018,0.096
0583,2018,0.101
0584,2018,0.12
0586,2018,0.099
0604,2018,0.102
0617,2018,0.064
0642,2018,0.103
0643,2018,0.095
0662,2018,0.08
0665,2018,0.087
0680,2018,0.094
0682,2018,0.101
0683,2018,0.08
0684,2018,0.087
0685,2018,0.103
0686,2018,0.11
0687,2018,0.101
0760,2018,0.083
0761,2018,0.094
0763,2018,0.093
0764,2018,0.087
0765,2018,0.075
0767,2018,0.091
0780,2018,0.087
0781,2018,0.085
0821,2018,0.07
0834,2018,0.093
0840,2018,0.081
0860,2018,0.092
0861,2018,0.092
0862,2018,0.088
0880,2018,0.089
0881,2018,0.094
0882,2018,0.091
0883,2018,0.099
0884,2018,0.089
0885,2018,0.088
0980,2018,0.106
1060,2018,0.087
1080,2018,0.097
1081,2018,0.096
1082,2018,0.098
1083,2018,0.093
1214,2018,0.095
1230,2018,0.089
1231,2018,0.082
1233,2018,0.073
1256,2018,0.096
1257,2018,0.092
1260,2018,0.091
1261,2018,0.095
1262,2018,0.077
1263,2018,0.089
1264,2018,0.094
1265,2018,0.108
1266,2018,0.102
1267,2018,0.104
1270,2018,0.1
1272,2018,0.103
1273,2018,0.09
1275,2018,0.082
1276,2018,0.091
1277,2018,0.088
1278,2018,0.085
1280,2018,0.083
1281,2018,0.099
1282,2018,0.086
1283,2018,0.083
1284,2018,0.086
1285,2018,0.101
1286,2018,0.094
1287,2018,0.105
1290,2018,0.099
1291,2018,0.099
1292,2018,0.086
1293,2018,0.098
1315,2018,0.072
1380,2018,0.089
1381,2018,0.084
1382,2018,0.085
1383,2018,0.095
1384,2018,0.094
1401,2018,0.096
1402,2018,0.096
1407,2018,0.096
1415,2018,0.099
1419,2018,0.106
1421,2018,0.098
1427,2018,0.121
1430,2018,0.115
1435,2018,0.112
1438,2018,0.106
1439,2018,0.123
1440,2018,0.103
1441,2018,0.096
1442,2018,0.096
1443,2018,0.096
1444,2018,0.096
1445,2018,0.098
1446,2018,0.09
1447,2018,0.104
1452,2018,0.084
1460,2018,0.111
1461,2018,0.097
1462,2018,0.109
1463,2018,0.1
1465,2018,0.087
1466,2018,0.094
1470,2018,0.098
1471,2018,0.106
1472,2018,0.082
1473,2018,0.106
1480,2018,0.096
1481,2018,0.1
1482,2018,0.1
1484,2018,0.107
1485,2018,0.11
1486,2018,0.104
1487,2018,0.113
1488,2018,0.104
1489,2018,0.102
1490,2018,0.094
1491,2018,0.093
1492,2018,0.099
1493,2018,0.103
1494,2018,0.104
1495,2018,0.095
1496,2018,0.099
1497,2018,0.11
1498,2018,0.105
1499,2018,0.089
1715,2018,0.115
1730,2018,0.099
1737,2018,0.097
1760,2018,0.111
1761,2018,0.09
1762,2018,0.109
1763,2018,0.112
1764,2018,0.109
1765,2018,0.089
1766,2018,0.101
1780,2018,0.103
1781,2018,0.115
1782,2018,0.097
1783,2018,0.124
1784,2018,0.11
1785,2018,0.098
1814,2018,0.088
1860,2018,0.099
1861,2018,0.087
1862,2018,0.106
1863,2018,0.083
1864,2018,0.11
1880,2018,0.09
1881,2018,0.095
1882,2018,0.086
1883,2018,0.092
1884,2018,0.097
1885,2018,0.086
1904,2018,0.103
1907,2018,0.114
1960,2018,0.102
1961,2018,0.095
1962,2018,0.098
1980,2018,0.095
1981,2018,0.106
1982,2018,0.088
1983,2018,0.086
1984,2018,0.095
2021,2018,0.092
2023,2018,0.085
2026,2018,0.097
2029,2018,0.096
2031,2018,0.093
2034,2018,0.115
2039,2018,0.096
2061,2018,0.115
2062,2018,0.104
2080,2018,0.098
2081,2018,0.093
2082,2018,0.103
2083,2018,0.097
2084,2018,0.092
2085,2018,0.106
2101,2018,0.103
2104,2018,0.094
2121,2018,0.088
2132,2018,0.093
2161,2018,0.093
2180,2018,0.101
2181,2018,0.106
2182,2018,0.105
2183,2018,0.096
2184,2018,0.099
2260,2018,0.098
2262,2018,0.099
2280,2018,0.095
2281,2018,0.094
2282,2018,0.088
2283,2018,0.089
2284,2018,0.089
2303,2018,0.091
2305,2018,0.101
2309,2018,0.082
2313,2018,0.108
2321,2018,0.081
2326,2018,0.098
2361,2018,0.07
2380,2018,0.101
2401,2018,0.086
2403,2018,0.09
2404,2018,0.112
2409,2018,0.106
2417,2018,0.116
2418,2018,0.109
2421,2018,0.09
2422,2018,0.09
2425,2018,0.088
2460,2018,0.101
2462,2018,0.091
2463,2018,0.088
2480,2018,0.1
2481,2018,0.101
2482,2018,0.117
2505,2018,0.087
2506,2018,0.099
2510,2018,0.066
2513,2018,0.09
2514,2018,0.102
2518,2018,0.065
2521,2018,0.075
2523,2018,0.087
2560,2018,0.101
2580,2018,0.093
2581,2018,0.109
2582,2018,0.096
2583,2018,0.081
2584,2018,0.065
0114,2019,0.09
0115,2019,0.099
0117,2019,0.103
0120,2019,0.083
0123,2019,0.076
0125,2019,0.081
0126,2019,0.076
0127,2019,0.068
0128,2019,0.083
0136,2019,0.086
0138,2019,0.093
0139,2019,0.074
0140,2019,0.075
0160,2019,0.09
0162,2019,0.069
0163,2019,0.08
0180,2019,0.09
0181,2019,0.068
0182,2019,0.077
0183,2019,0.077
0184,2019,0.079
0186,2019,0.086
0187,2019,0.078
0188,2019,0.112
0191,2019,0.075
0192,2019,0.099
0305,2019,0.084
0319,2019,0.104
0330,2019,0.087
0331,2019,0.113
0360,2019,0.113
0380,2019,0.099
0381,2019,0.102
0382,2019,0.098
0428,2019,0.094
0461,2019,0.096
0480,2019,0.104
0481,2019,0.107
0482,2019,0.086
0483,2019,0.088
0484,2019,0.088
0486,2019,0.1
0488,2019,0.09
0509,2019,0.096
0512,2019,0.1
0513,2019,0.106
0560,2019,0.102
0561,2019,0.108
0562,2019,0.091
0563,2019,0.087
0580,2019,0.086
0581,2019,0.09
0582,2019,0.103
0583,2019,0.102
0584,2019,0.123
0586,2019,0.103
0604,2019,0.108
0617,2019,0.071
0642,2019,0.1
0643,2019,0.093
0662,2019,0.083
0665,2019,0.093
0680,2019,0.096
0682,2019,0.107
0683,2019,0.083
0684,2019,0.093
0685,2019,0.104
0686,2019,0.113
0687,2019,0.102
0760,2019,0.086
0761,2019,0.096
0763,2019,0.099
0764,2019,0.089
0765,2019,0.076
0767,2019,0.094
0780,2019,0.088
0781,2019,0.089
0821,2019,0.075
0834,2019,0.095
0840,2019,0.082
0860,2019,0.099
0861,2019,0.096
0862,2019,0.089
0880,2019,0.093
0881,2019,0.099
0882,2019,0.092
0883,2019,0.101
0884,2019,0.092
0885,2019,0.093
0980,2019,0.112
1060,2019,0.094
1080,2019,0.1
1081,2019,0.1
1082,2019,0.104
1083,2019,0.1
1214,2019,0.101
1230,2019,0.089
1231,2019,0.087
1233,2019,0.072
1256,2019,0.102
1257,2019,0.1
1260,2019,0.095
1261,2019,0.097
1262,2019,0.078
1263,2019,0.094
1264,2019,0.097
1265,2019,0.11
1266,2019,0.107
1267,2019,0.106
1270,2019,0.103
1272,2019,0.098
1273,2019,0.101
1275,2019,0.089
1276,2019,0.094
1277,2019,0.091
1278,2019,0.085
1280,2019,0.086
1281,2019,0.099
1282,2019,0.088
1283,2019,0.086
1284,2019,0.087
1285,2019,0.102
1286,2019,0.096
1287,2019,0.106
1290,2019,0.102
1291,2019,0.098
1292,2019,0.088
1293,2019,0.1
1315,2019,0.075
1380,2019,0.09
1381,2019,0.087
1382,2019,0.086
1383,2019,0.097
1384,2019,0.094
1401,2019,0.098
1402,2019,0.103
1407,2019,0.101
1415,2019,0.1
1419,2019,0.108
1421,2019,0.108
1427,2019,0.122
1430,2019,0.126
1435,2019,0.119
1438,2019,0.113
1439,2019,0.124
1440,2019,0.103
1441,2019,0.098
1442,2019,0.09
1443,2019,0.099
1444,2019,0.101
1445,2019,0.104
1446,2019,0.099
1447,2019,0.113
1452,2019,0.092
1460,2019,0.11
1461,2019,0.1
1462,2019,0.11
1463,2019,0.105
1465,2019,0.09
1466,2019,0.102
1470,2019,0.105
1471,2019,0.104
1472,2019,0.09
1473,2019,0.109
1480,2019,0.097
1481,2019,0.102
1482,2019,0.103
1484,2019,0.105
1485,2019,0.114
1486,2019,0.106
1487,2019,0.114
1488,2019,0.105
1489,2019,0.105
1490,2019,0.097
1491,2019,0.096
1492,2019,0.098
1493,2019,0.107
1494,2019,0.112
1495,2019,0.101
1496,2019,0.103
1497,2019,0.112
1498,2019,0.111
1499,2019,0.093
1715,2019,0.121
1730,2019,0.104
1737,2019,0.103
1760,2019,0.12
1761,2019,0.091
1762,2019,0.108
1763,2019,0.12
1764,2019,0.117
1765,2019,0.089
1766,2019,0.104
1780,2019,0.109
1781,2019,0.123
1782,2019,0.103
1783,2019,0.123
1784,2019,0.112
1785,2019,0.101
1814,2019,0.092
1860,2019,0.1
1861,2019,0.092
1862,2019,0.109
1863,2019,0.081
1864,2019,0.113
1880,2019,0.092
1881,2019,0.099
1882,2019,0.09
1883,2019,0.096
1884,2019,0.102
1885,2019,0.087
1904,2019,0.114
1907,2019,0.12
1960,2019,0.104
1961,2019,0.1
1962,2019,0.103
1980,2019,0.098
1981,2019,0.109
1982,2019,0.098
1983,2019,0.09
1984,2019,0.1
2021,2019,0.103
2023,2019,0.094
2026,2019,0.098
2029,2019,0.096
2031,2019,0.099
2034,2019,0.119
2039,2019,0.102
2061,2019,0.12
2062,2019,0.107
2080,2019,0.103
2081,2019,0.095
2082,2019,0.111
2083,2019,0.103
2084,2019,0.097
2085,2019,0.108
2101,2019,0.11
2104,2019,0.101
2121,2019,0.093
2132,2019,0.1
2161,2019,0.093
2180,2019,0.105
2181,2019,0.106
2182,2019,0.108
2183,2019,0.102
2184,2019,0.104
2260,2019,0.105
2262,2019,0.104
2280,2019,0.095
2281,2019,0.096
2282,2019,0.089
2283,2019,0.09
2284,2019,0.093
2303,2019,0.089
2305,2019,0.107
2309,2019,0.083
2313,2019,0.116
2321,2019,0.085
2326,2019,0.103
2361,2019,0.077
2380,2019,0.105
2401,2019,0.095
2403,2019,0.092
2404,2019,0.113
2409,2019,0.104
2417,2019,0.124
2418,2019,0.106
2421,2019,0.095
2422,2019,0.109
2425,2019,0.097
2460,2019,0.1
2462,2019,0.094
2463,2019,0.099
2480,2019,0.103
2481,2019,0.114
2482,2019,0.12
2505,2019,0.095
2506,2019,0.095
2510,2019,0.065
2513,2019,0.091
2514,2019,0.11
2518,2019,0.072
2521,2019,0.071
2523,2019,0.085
2560,2019,0.1
2580,2019,0.094
2581,2019,0.11
2582,2019,0.099
2583,2019,0.085
2584,2019,0.068
0114,2020,0.091
0115,2020,0.103
0117,2020,0.104
0120,2020,0.083
0123,2020,0.077
0125,2020,0.082
0126,2020,0.077
0127,2020,0.067
0128,2020,0.083
0136,2020,0.087
0138,2020,0.094
0139,2020,0.077
0140,2020,0.08
0160,2020,0.092
0162,2020,0.072
0163,2020,0.082
0180,2020,0.092
0181,2020,0.066
0182,2020,0.08
0183,2020,0.081
0184,2020,0.08
0186,2020,0.089
0187,2020,0.083
0188,2020,0.112
0191,2020,0.076
0192,2020,0.102
0305,2020,0.088
0319,2020,0.099
0330,2020,0.092
0331,2020,0.112
0360,2020,0.112
0380,2020,0.103
0381,2020,0.107
0382,2020,0.105
0428,2020,0.096
0461,2020,0.098
0480,2020,0.107
0481,2020,0.112
0482,2020,0.094
0483,2020,0.092
0484,2020,0.089
0486,2020,0.101
0488,2020,0.091
0509,2020,0.091
0512,2020,0.11
0513,2020,0.103
0560,2020,0.099
0561,2020,0.111
0562,2020,0.093
0563,2020,0.096
0580,2020,0.09
0581,2020,0.092
0582,2020,0.109
0583,2020,0.106
0584,2020,0.125
0586,2020,0.105
0604,2020,0.109
0617,2020,0.072
0642,2020,0.101
0643,2020,0.096
0662,2020,0.082
0665,2020,0.097
0680,2020,0.098
0682,2020,0.106
0683,2020,0.087
0684,2020,0.094
0685,2020,0.109
0686,2020,0.116
0687,2020,0.107
0760,2020,0.089
0761,2020,0.103
0763,2020,0.096
0764,2020,0.091
0765,2020,0.076
0767,2020,0.09
0780,2020,0.091
0781,2020,0.092
0821,2020,0.081
0834,2020,0.105
0840,2020,0.088
0860,2020,0.098
0861,2020,0.097
0862,2020,0.096
0880,2020,0.095
0881,2020,0.105
0882,2020,0.093
0883,2020,0.103
0884,2020,0.091
0885,2020,0.1
0980,2020,0.114
1060,2020,0.097
1080,2020,0.1
1081,2020,0.108
1082,2020,0.103
1083,2020,0.101
1214,2020,0.098
1230,2020,0.09
1231,2020,0.09
1233,2020,0.074
1256,2020,0.105
1257,2020,0.106
1260,2020,0.101
1261,2020,0.1
1262,2020,0.079
1263,2020,0.095
1264,2020,0.095
1265,2020,0.114
1266,2020,0.109
1267,2020,0.105
1270,2020,0.103
1272,2020,0.102
1273,2020,0.105
1275,2020,0.093
1276,2020,0.098
1277,2020,0.088
1278,2020,0.086
1280,2020,0.087
1281,2020,0.101
1282,2020,0.093
1283,2020,0.088
1284,2020,0.088
1285,2020,0.102
1286,2020,0.098
1287,2020,0.104
1290,2020,0.105
1291,2020,0.102
1292,2020,0.093
1293,2020,0.102
1315,2020,0.082
1380,2020,0.092
1381,2020,0.091
1382,2020,0.09
1383,2020,0.098
1384,2020,0.096
1401,2020,0.098
1402,2020,0.101
1407,2020,0.106
1415,2020,0.102
1419,2020,0.108
1421,2020,0.105
1427,2020,0.117
1430,2020,0.128
1435,2020,0.12
1438,2020,0.123
1439,2020,0.128
1440,2020,0.105
1441,2020,0.1
1442,2020,0.096
1443,2020,0.104
1444,2020,0.101
1445,2020,0.106
1446,2020,0.108
1447,2020,0.103
1452,2020,0.093
1460,2020,0.117
1461,2020,0.099
1462,2020,0.116
1463,2020,0.106
1465,2020,0.093
1466,2020,0.103
1470,2020,0.11
1471,2020,0.11
1472,2020,0.094
1473,2020,0.113
1480,2020,0.099
1481,2020,0.105
1482,2020,0.105
1484,2020,0.108
1485,2020,0.116
1486,2020,0.114
1487,2020,0.115
1488,2020,0.105
1489,2020,0.106
1490,2020,0.096
1491,2020,0.096
1492,2020,0.107
1493,2020,0.11
1494,2020,0.113
1495,2020,0.108
1496,2020,0.107
1497,2020,0.114
1498,2020,0.115
1499,2020,0.097
1715,2020,0.126
1730,2020,0.108
1737,2020,0.105
1760,2020,0.127
1761,2020,0.095
1762,2020,0.122
1763,2020,0.121
1764,2020,0.119
1765,2020,0.092
1766,2020,0.109
1780,2020,0.111
1781,2020,0.125
1782,2020,0.107
1783,2020,0.124
1784,2020,0.114
1785,2020,0.104
1814,2020,0.095
1860,2020,0.109
1861,2020,0.094
1862,2020,0.111
1863,2020,0.086
1864,2020,0.114
1880,2020,0.095
1881,2020,0.103
1882,2020,0.089
1883,2020,0.096
1884,2020,0.101
1885,2020,0.089
1904,2020,0.116
1907,2020,0.113
1960,2020,0.11
1961,2020,0.102
1962,2020,0.109
1980,2020,0.099
1981,2020,0.113
1982,2020,0.094
1983,2020,0.095
1984,2020,0.098
2021,2020,0.11
2023,2020,0.09
2026,2020,0.102
2029,2020,0.098
2031,2020,0.097
2034,2020,0.117
2039,2020,0.107
2061,2020,0.12
2062,2020,0.112
2080,2020,0.107
2081,2020,0.099
2082,2020,0.113
2083,2020,0.109
2084,2020,0.102
2085,2020,0.11
2101,2020,0.11
2104,2020,0.112
2121,2020,0.097
2132,2020,0.101
2161,2020,0.098
2180,2020,0.107
2181,2020,0.108
2182,2020,0.116
2183,2020,0.105
2184,2020,0.106
2260,2020,0.105
2262,2020,0.103
2280,2020,0.097
2281,2020,0.097
2282,2020,0.095
2283,2020,0.093
2284,2020,0.098
2303,2020,0.093
2305,2020,0.11
2309,2020,0.083
2313,2020,0.115
2321,2020,0.078
2326,2020,0.108
2361,2020,0.082
2380,2020,0.107
2401,2020,0.102
2403,2020,0.086
2404,2020,0.113
2409,2020,0.105
2417,2020,0.126
2418,2020,0.112
2421,2020,0.096
2422,2020,0.111
2425,2020,0.103
2460,2020,0.101
2462,2020,0.096
2463,2020,0.109
2480,2020,0.106
2481,2020,0.119
2482,2020,0.123
2505,2020,0.1
2506,2020,0.107
2510,2020,0.075
2513,2020,0.094
2514,2020,0.114
2518,2020,0.081
2521,2020,0.077
2523,2020,0.089
2560,2020,0.099
2580,2020,0.096
2581,2020,0.113
2582,2020,0.099
2583,2020,0.087
2584,2020,0.069
0114,2021,0.095
0115,2021,0.107
0117,2021,0.105
0120,2021,0.089
0123,2021,0.08
0125,2021,0.083
0126,2021,0.08
0127,2021,0.07
0128,2021,0.083
0136,2021,0.089
0138,2021,0.098
0139,2021,0.081
0140,2021,0.081
0160,2021,0.097
0162,2021,0.075
0163,2021,0.084
0180,2021,0.095
0181,2021,0.067
0182,2021,0.083
0183,2021,0.084
0184,2021,0.083
0186,2021,0.093
0187,2021,0.092
0188,2021,0.115
0191,2021,0.078
0192,2021,0.107
0305,2021,0.091
0319,2021,0.101
0330,2021,0.097
0331,2021,0.114
0360,2021,0.114
0380,2021,0.107
0381,2021,0.11
0382,2021,0.108
0428,2021,0.105
0461,2021,0.103
0480,2021,0.115
0481,2021,0.117
0482,2021,0.098
0483,2021,0.097
0484,2021,0.091
0486,2021,0.103
0488,2021,0.093
0509,2021,0.102
0512,2021,0.119
0513,2021,0.107
0560,2021,0.099
0561,2021,0.111
0562,2021,0.097
0563,2021,0.097
0580,2021,0.095
0581,2021,0.095
0582,2021,0.109
0583,2021,0.115
0584,2021,0.138
0586,2021,0.109
0604,2021,0.11
0617,2021,0.074
0642,2021,0.107
0643,2021,0.101
0662,2021,0.084
0665,2021,0.098
0680,2021,0.1
0682,2021,0.109
0683,2021,0.093
0684,2021,0.101
0685,2021,0.113
0686,2021,0.121
0687,2021,0.109
0760,2021,0.093
0761,2021,0.108
0763,2021,0.103
0764,2021,0.092
0765,2021,0.084
0767,2021,0.096
0780,2021,0.096
0781,2021,0.097
0821,2021,0.082
0834,2021,0.111
0840,2021,0.094
0860,2021,0.098
0861,2021,0.104
0862,2021,0.098
0880,2021,0.1
0881,2021,0.106
0882,2021,0.094
0883,2021,0.105
0884,2021,0.091
0885,2021,0.107
0980,2021,0.119
1060,2021,0.107
1080,2021,0.105
1081,2021,0.109
1082,2021,0.107
1083,2021,0.108
1214,2021,0.103
1230,2021,0.097
1231,2021,0.09
1233,2021,0.076
1256,2021,0.107
1257,2021,0.104
1260,2021,0.105
1261,2021,0.104
1262,2021,0.083
1263,2021,0.094
1264,2021,0.099
1265,2021,0.114
1266,2021,0.115
1267,2021,0.11
1270,2021,0.108
1272,2021,0.108
1273,2021,0.106
1275,2021,0.092
1276,2021,0.103
1277,2021,0.091
1278,2021,0.092
1280,2021,0.089
1281,2021,0.104
1282,2021,0.098
1283,2021,0.092
1284,2021,0.094
1285,2021,0.104
1286,2021,0.097
1287,2021,0.104
1290,2021,0.107
1291,2021,0.109
1292,2021,0.093
1293,2021,0.104
1315,2021,0.087
1380,2021,0.095
1381,2021,0.092
1382,2021,0.093
1383,2021,0.103
1384,2021,0.102
1401,2021,0.101
1402,2021,0.106
1407,2021,0.107
1415,2021,0.107
1419,2021,0.109
1421,2021,0.11
1427,2021,0.113
1430,2021,0.13
1435,2021,0.13
1438,2021,0.12
1439,2021,0.131
1440,2021,0.109
1441,2021,0.102
1442,2021,0.101
1443,2021,0.108
1444,2021,0.11
1445,2021,0.109
1446,2021,0.117
1447,2021,0.106
1452,2021,0.096
1460,2021,0.124
1461,2021,0.103
1462,2021,0.123
1463,2021,0.11
1465,2021,0.096
1466,2021,0.108
1470,2021,0.108
1471,2021,0.114
1472,2021,0.1
1473,2021,0.117
1480,2021,0.102
1481,2021,0.109
1482,2021,0.109
1484,2021,0.109
1485,2021,0.122
1486,2021,0.118
1487,2021,0.122
1488,2021,0.111
1489,2021,0.111
1490,2021,0.097
1491,2021,0.099
1492,2021,0.103
1493,2021,0.114
1494,2021,0.119
1495,2021,0.115
1496,2021,0.11
1497,2021,0.12
1498,2021,0.12
1499,2021,0.103
1715,2021,0.126
1730,2021,0.109
1737,2021,0.115
1760,2021,0.148
1761,2021,0.101
1762,2021,0.126
1763,2021,0.127
1764,2021,0.124
1765,2021,0.098
1766,2021,0.116
1780,2021,0.115
1781,2021,0.127
1782,2021,0.113
1783,2021,0.13
1784,2021,0.116
1785,2021,0.108
1814,2021,0.101
1860,2021,0.113
1861,2021,0.099
1862,2021,0.12
1863,2021,0.091
1864,2021,0.112
1880,2021,0.1
1881,2021,0.103
1882,2021,0.091
1883,2021,0.101
1884,2021,0.108
1885,2021,0.098
1904,2021,0.119
1907,2021,0.12
1960,2021,0.115
1961,2021,0.107
1962,2021,0.115
1980,2021,0.104
1981,2021,0.112
1982,2021,0.098
1983,2021,0.098
1984,2021,0.105
2021,2021,0.113
2023,2021,0.098
2026,2021,0.108
2029,2021,0.104
2031,2021,0.104
2034,2021,0.129
2039,2021,0.104
2061,2021,0.123
2062,2021,0.112
2080,2021,0.111
2081,2021,0.103
2082,2021,0.117
2083,2021,0.111
2084,2021,0.114
2085,2021,0.118
2101,2021,0.112
2104,2021,0.111
2121,2021,0.103
2132,2021,0.104
2161,2021,0.105
2180,2021,0.111
2181,2021,0.109
2182,2021,0.119
2183,2021,0.113
2184,2021,0.106
2260,2021,0.111
2262,2021,0.111
2280,2021,0.105
2281,2021,0.103
2282,2021,0.098
2283,2021,0.094
2284,2021,0.1
2303,2021,0.105
2305,2021,0.114
2309,2021,0.092
2313,2021,0.121
2321,2021,0.089
2326,2021,0.103
2361,2021,0.084
2380,2021,0.109
2401,2021,0.109
2403,2021,0.092
2404,2021,0.116
2409,2021,0.111
2417,2021,0.138
2418,2021,0.113
2421,2021,0.108
2422,2021,0.113
2425,2021,0.102
2460,2021,0.109
2462,2021,0.102
2463,2021,0.122
2480,2021,0.112
2481,2021,0.12
2482,2021,0.127
2505,2021,0.1
2506,2021,0.109
2510,2021,0.08
2513,2021,0.093
2514,2021,0.12
2518,2021,0.094
2521,2021,0.082
2523,2021,0.096
2560,2021,0.107
2580,2021,0.1
2581,2021,0.118
2582,2021,0.104
2583,2021,0.088
2584,2021,0.072
