kommun,year,antal
0114,2005,37496
0114,2006,37704
0114,2007,37841
0114,2008,38032
0114,2009,38390
0114,2010,39022
0114,2011,39868
0114,2012,40300
0114,2013,40981
0114,2014,41307
0114,2015,42094
0114,2016,43257
0114,2017,43898
0114,2018,44718
0114,2019,45805
0114,2020,46096
0114,2021,46641
0115,2005,27332
0115,2006,27782
0115,2007,28259
0115,2008,28838
0115,2009,29250
0115,2010,29994
0115,2011,30575
0115,2012,31045
0115,2013,31440
0115,2014,31773
0115,2015,32168
0115,2016,32521
0115,2017,32890
0115,2018,33125
0115,2019,33747
0115,2020,33759
0115,2021,33849
0117,2005,37217
0117,2006,37771
0117,2007,38138
0117,2008,38581
0117,2009,39018
0117,2010,39371
0117,2011,39635
0117,2012,40078
0117,2013,40288
0117,2014,40931
0117,2015,41837
0117,2016,42942
0117,2017,43734
0117,2018,44373
0117,2019,45062
0117,2020,46065
0117,2021,47574
0120,2005,34864
0120,2006,35702
0120,2007,36764
0120,2008,37273
0120,2009,37634
0120,2010,38178
0120,2011,38754
0120,2012,39228
0120,2013,39599
0120,2014,40316
0120,2015,40857
0120,2016,41733
0120,2017,43153
0120,2018,44062
0120,2019,44610
0120,2020,45101
0120,2021,45757
0123,2005,61516
0123,2006,62059
0123,2007,63065
0123,2008,63990
0123,2009,64853
0123,2010,65727
0123,2011,66757
0123,2012,67537
0123,2013,68433
0123,2014,69862
0123,2015,71468
0123,2016,73294
0123,2017,75205
0123,2018,77029
0123,2019,78379
0123,2020,79467
0123,2021,81172
0125,2005,23942
0125,2006,24219
0125,2007,24572
0125,2008,24658
0125,2009,24970
0125,2010,25278
0125,2011,25608
0125,2012,25994
0125,2013,26157
0125,2014,26493
0125,2015,26753
0125,2016,27155
0125,2017,27493
0125,2018,28011
0125,2019,28219
0125,2020,28375
0125,2021,28648
0126,2005,88364
0126,2006,89577
0126,2007,91012
0126,2008,93275
0126,2009,94746
0126,2010,96372
0126,2011,97805
0126,2012,99600
0126,2013,101003
0126,2014,102484
0126,2015,103523
0126,2016,105632
0126,2017,107913
0126,2018,109356
0126,2019,110380
0126,2020,110578
0126,2021,111199
0127,2005,76077
0127,2006,76790
0127,2007,78041
0127,2008,78917
0127,2009,79923
0127,2010,81262
0127,2011,83114
0127,2012,84546
0127,2013,85676
0127,2014,86863
0127,2015,87215
0127,2016,88289
0127,2017,89259
0127,2018,90228
0127,2019,91447
0127,2020,91543
0127,2021,91756
0128,2005,14311
0128,2006,14677
0128,2007,15015
0128,2008,15122
0128,2009,15257
0128,2010,15337
0128,2011,15620
0128,2012,15788
0128,2013,15900
0128,2014,16032
0128,2015,16297
0128,2016,16469
0128,2017,16522
0128,2018,16613
0128,2019,16568
0128,2020,16745
0128,2021,17003
0136,2005,71546
0136,2006,72540
0136,2007,73167
0136,2008,74374
0136,2009,75549
0136,2010,76298
0136,2011,77450
0136,2012,78465
0136,2013,79892
0136,2014,81224
0136,2015,82583
0136,2016,84240
0136,2017,86449
0136,2018,88199
0136,2019,90031
0136,2020,91503
0136,2021,93286
0138,2005,41005
0138,2006,41301
0138,2007,41841
0138,2008,42124
0138,2009,42389
0138,2010,42738
0138,2011,43089
0138,2012,43514
0138,2013,43975
0138,2014,45058
0138,2015,45813
0138,2016,46674
0138,2017,46850
0138,2018,47512
0138,2019,47808
0138,2020,48126
0138,2021,48469
0139,2005,21269
0139,2006,21556
0139,2007,22115
0139,2008,22572
0139,2009,23080
0139,2010,23542
0139,2011,23825
0139,2012,24159
0139,2013,24481
0139,2014,25037
0139,2015,25491
0139,2016,26401
0139,2017,27183
0139,2018,28233
0139,2019,28746
0139,2020,29517
0139,2021,30292
0140,2005,8343
0140,2006,8595
0140,2007,8911
0140,2008,9020
0140,2009,9210
0140,2010,9320
0140,2011,9319
0140,2012,9428
0140,2013,9503
0140,2014,9787
0140,2015,10163
0140,2016,10381
0140,2017,10606
0140,2018,10873
0140,2019,10958
0140,2020,11154
0140,2021,11426
0160,2005,60432
0160,2006,60829
0160,2007,61427
0160,2008,62050
0160,2009,62775
0160,2010,63523
0160,2011,64272
0160,2012,65037
0160,2013,65916
0160,2014,66925
0160,2015,67841
0160,2016,68925
0160,2017,69898
0160,2018,70829
0160,2019,71252
0160,2020,72092
0160,2021,73258
0162,2005,30125
0162,2006,30396
0162,2007,30666
0162,2008,30737
0162,2009,31043
0162,2010,31214
0162,2011,31658
0162,2012,31814
0162,2013,32048
0162,2014,32099
0162,2015,32206
0162,2016,32420
0162,2017,32657
0162,2018,32937
0162,2019,32598
0162,2020,32452
0162,2021,32536
0163,2005,58887
0163,2006,60020
0163,2007,60777
0163,2008,61521
0163,2009,62695
0163,2010,64187
0163,2011,65387
0163,2012,66301
0163,2013,67517
0163,2014,68632
0163,2015,69472
0163,2016,70171
0163,2017,70931
0163,2018,71532
0163,2019,72802
0163,2020,72857
0163,2021,73867
0180,2005,766249
0180,2006,775713
0180,2007,787007
0180,2008,801931
0180,2009,820746
0180,2010,839197
0180,2011,855541
0180,2012,871200
0180,2013,886425
0180,2014,900080
0180,2015,911313
0180,2016,922550
0180,2017,935893
0180,2018,947189
0180,2019,958402
0180,2020,959257
0180,2021,961634
0181,2005,79860
0181,2006,81315
0181,2007,83057
0181,2008,84112
0181,2009,84573
0181,2010,85502
0181,2011,86805
0181,2012,88368
0181,2013,89838
0181,2014,90886
0181,2015,91695
0181,2016,93003
0181,2017,94244
0181,2018,95332
0181,2019,96680
0181,2020,97593
0181,2021,98418
0182,2005,79947
0182,2006,81927
0182,2007,83712
0182,2008,85048
0182,2009,87424
0182,2010,89496
0182,2011,90905
0182,2012,92051
0182,2013,93369
0182,2014,95096
0182,2015,96995
0182,2016,98295
0182,2017,100064
0182,2018,102386
0182,2019,103843
0182,2020,105099
0182,2021,106799
0183,2005,33829
0183,2006,34191
0183,2007,34652
0183,2008,35627
0183,2009,37210
0183,2010,38123
0183,2011,38955
0183,2012,40146
0183,2013,41899
0183,2014,43244
0183,2015,45289
0183,2016,46892
0183,2017,48438
0183,2018,49486
0183,2019,51244
0183,2020,51613
0183,2021,52338
0184,2005,60239
0184,2006,61134
0184,2007,62659
0184,2008,64614
0184,2009,66230
0184,2010,67599
0184,2011,69297
0184,2012,70549
0184,2013,71891
0184,2014,73138
0184,2015,75233
0184,2016,77110
0184,2017,78550
0184,2018,79786
0184,2019,81231
0184,2020,81870
0184,2021,82774
0186,2005,41753
0186,2006,42108
0186,2007,42501
0186,2008,42897
0186,2009,43199
0186,2010,43799
0186,2011,43830
0186,2012,44129
0186,2013,44849
0186,2014,45112
0186,2015,45932
0186,2016,46416
0186,2017,46756
0186,2018,47324
0186,2019,47589
0186,2020,47474
0186,2021,47597
0187,2005,9960
0187,2006,10256
0187,2007,10418
0187,2008,10551
0187,2009,10807
0187,2010,10919
0187,2011,11094
0187,2012,11057
0187,2013,11123
0187,2014,11265
0187,2015,11333
0187,2016,11565
0187,2017,11770
0187,2018,11957
0187,2019,11938
0187,2020,11820
0187,2021,11919
0188,2005,54461
0188,2006,54690
0188,2007,55058
0188,2008,55379
0188,2009,55782
0188,2010,55921
0188,2011,56070
0188,2012,56433
0188,2013,56605
0188,2014,57283
0188,2015,58337
0188,2016,59070
0188,2017,60413
0188,2018,61344
0188,2019,62146
0188,2020,63153
0188,2021,64200
0191,2005,36547
0191,2006,36781
0191,2007,37555
0191,2008,38127
0191,2009,38944
0191,2010,39698
0191,2011,40931
0191,2012,41794
0191,2013,42744
0191,2014,43356
0191,2015,44007
0191,2016,45369
0191,2017,46074
0191,2018,46875
0191,2019,47591
0191,2020,48019
0191,2021,48651
0192,2005,24553
0192,2006,24863
0192,2007,25199
0192,2008,25336
0192,2009,25612
0192,2010,25852
0192,2011,26060
0192,2012,26340
0192,2013,26540
0192,2014,26771
0192,2015,27239
0192,2016,27451
0192,2017,27759
0192,2018,27909
0192,2019,28149
0192,2020,28346
0192,2021,28988
0305,2005,18526
0305,2006,18595
0305,2007,18890
0305,2008,19179
0305,2009,19394
0305,2010,19566
0305,2011,19643
0305,2012,19802
0305,2013,19870
0305,2014,19921
0305,2015,20163
0305,2016,20603
0305,2017,20945
0305,2018,21423
0305,2019,21767
0305,2020,21839
0305,2021,22125
0319,2005,9065
0319,2006,9087
0319,2007,9069
0319,2008,9037
0319,2009,9040
0319,2010,9074
0319,2011,9064
0319,2012,9025
0319,2013,9094
0319,2014,9127
0319,2015,9229
0319,2016,9375
0319,2017,9340
0319,2018,9325
0319,2019,9411
0319,2020,9464
0319,2021,9574
0330,2005,13287
0330,2006,13558
0330,2007,13911
0330,2008,14219
0330,2009,14439
0330,2010,14691
0330,2011,14933
0330,2012,15240
0330,2013,15523
0330,2014,16047
0330,2015,16788
0330,2016,17240
0330,2017,17938
0330,2018,18581
0330,2019,18675
0330,2020,18941
0330,2021,19618
0331,2005,13619
0331,2006,13512
0331,2007,13466
0331,2008,13378
0331,2009,13323
0331,2010,13340
0331,2011,13339
0331,2012,13318
0331,2013,13404
0331,2014,13438
0331,2015,13544
0331,2016,13690
0331,2017,13785
0331,2018,13824
0331,2019,13955
0331,2020,13988
0331,2021,14181
0360,2005,19978
0360,2006,19875
0360,2007,20006
0360,2008,20101
0360,2009,19985
0360,2010,20065
0360,2011,20009
0360,2012,20065
0360,2013,20051
0360,2014,20143
0360,2015,20437
0360,2016,20621
0360,2017,20790
0360,2018,20988
0360,2019,20991
0360,2020,21188
0360,2021,21341
0380,2005,182542
0380,2006,184235
0380,2007,186569
0380,2008,189710
0380,2009,193713
0380,2010,196742
0380,2011,198822
0380,2012,201273
0380,2013,203728
0380,2014,205830
0380,2015,208433
0380,2016,212727
0380,2017,217839
0380,2018,222867
0380,2019,228272
0380,2020,231169
0380,2021,234758
0381,2005,38294
0381,2006,38381
0381,2007,38669
0381,2008,38874
0381,2009,39250
0381,2010,39641
0381,2011,39885
0381,2012,40208
0381,2013,40503
0381,2014,40994
0381,2015,41711
0381,2016,42780
0381,2017,43559
0381,2018,44170
0381,2019,44976
0381,2020,45875
0381,2021,47075
0382,2005,21554
0382,2006,21385
0382,2007,21379
0382,2008,21392
0382,2009,21346
0382,2010,21326
0382,2011,21336
0382,2012,21220
0382,2013,21309
0382,2014,21325
0382,2015,21501
0382,2016,21742
0382,2017,21840
0382,2018,21956
0382,2019,22146
0382,2020,22142
0382,2021,22256
0428,2005,9252
0428,2006,9188
0428,2007,9062
0428,2008,8980
0428,2009,8890
0428,2010,8872
0428,2011,8800
0428,2012,8752
0428,2013,8801
0428,2014,8894
0428,2015,8922
0428,2016,9071
0428,2017,9143
0428,2018,9093
0428,2019,9063
0428,2020,9090
0428,2021,9008
0461,2005,9951
0461,2006,9969
0461,2007,10013
0461,2008,10163
0461,2009,10301
0461,2010,10342
0461,2011,10322
0461,2012,10417
0461,2013,10374
0461,2014,10478
0461,2015,10608
0461,2016,10814
0461,2017,10965
0461,2018,11166
0461,2019,11282
0461,2020,11331
0461,2021,11423
0480,2005,49716
0480,2006,50082
0480,2007,50638
0480,2008,50864
0480,2009,51085
0480,2010,51527
0480,2011,51765
0480,2012,52188
0480,2013,52881
0480,2014,53323
0480,2015,54043
0480,2016,54677
0480,2017,55190
0480,2018,55710
0480,2019,56264
0480,2020,56708
0480,2021,57224
0481,2005,11107
0481,2006,11077
0481,2007,11116
0481,2008,11141
0481,2009,11101
0481,2010,11164
0481,2011,11216
0481,2012,11200
0481,2013,11354
0481,2014,11499
0481,2015,11643
0481,2016,11851
0481,2017,11949
0481,2018,11992
0481,2019,11904
0481,2020,11922
0481,2021,12059
0482,2005,16378
0482,2006,16184
0482,2007,16149
0482,2008,16088
0482,2009,16090
0482,2010,15960
0482,2011,15979
0482,2012,15921
0482,2013,16041
0482,2014,16134
0482,2015,16324
0482,2016,16709
0482,2017,16730
0482,2018,16562
0482,2019,16424
0482,2020,16265
0482,2021,16126
0483,2005,32112
0483,2006,31946
0483,2007,32087
0483,2008,32136
0483,2009,32216
0483,2010,32326
0483,2011,32275
0483,2012,32409
0483,2013,32784
0483,2014,33109
0483,2015,33305
0483,2016,33542
0483,2017,33936
0483,2018,34348
0483,2019,34539
0483,2020,34561
0483,2021,34549
0484,2005,91297
0484,2006,91900
0484,2007,92977
0484,2008,94440
0484,2009,95198
0484,2010,95895
0484,2011,97110
0484,2012,98233
0484,2013,99148
0484,2014,100326
0484,2015,101454
0484,2016,103013
0484,2017,104002
0484,2018,105127
0484,2019,106017
0484,2020,106078
0484,2021,106636
0486,2005,30442
0486,2006,30960
0486,2007,31228
0486,2008,31503
0486,2009,31820
0486,2010,32339
0486,2011,32599
0486,2012,32967
0486,2013,33276
0486,2014,33737
0486,2015,33942
0486,2016,34429
0486,2017,34846
0486,2018,35523
0486,2019,36261
0486,2020,36983
0486,2021,37776
0488,2005,10807
0488,2006,10926
0488,2007,11012
0488,2008,11338
0488,2009,11424
0488,2010,11431
0488,2011,11457
0488,2012,11492
0488,2013,11583
0488,2014,11746
0488,2015,12015
0488,2016,12377
0488,2017,12831
0488,2018,13210
0488,2019,13650
0488,2020,14204
0488,2021,14544
0509,2005,5508
0509,2006,5422
0509,2007,5357
0509,2008,5340
0509,2009,5304
0509,2010,5273
0509,2011,5234
0509,2012,5181
0509,2013,5148
0509,2014,5218
0509,2015,5209
0509,2016,5310
0509,2017,5315
0509,2018,5282
0509,2019,5298
0509,2020,5292
0509,2021,5260
0512,2005,3865
0512,2006,3812
0512,2007,3754
0512,2008,3723
0512,2009,3669
0512,2010,3670
0512,2011,3662
0512,2012,3607
0512,2013,3612
0512,2014,3655
0512,2015,3653
0512,2016,3672
0512,2017,3722
0512,2018,3730
0512,2019,3727
0512,2020,3704
0512,2021,3673
0513,2005,9936
0513,2006,9906
0513,2007,9936
0513,2008,9871
0513,2009,9795
0513,2010,9745
0513,2011,9780
0513,2012,9727
0513,2013,9782
0513,2014,9767
0513,2015,9763
0513,2016,9843
0513,2017,9848
0513,2018,9875
0513,2019,9892
0513,2020,9943
0513,2021,9999
0560,2005,5235
0560,2006,5220
0560,2007,5219
0560,2008,5257
0560,2009,5243
0560,2010,5217
0560,2011,5201
0560,2012,5201
0560,2013,5269
0560,2014,5311
0560,2015,5319
0560,2016,5364
0560,2017,5442
0560,2018,5437
0560,2019,5464
0560,2020,5427
0560,2021,5492
0561,2005,11721
0561,2006,11769
0561,2007,11649
0561,2008,11537
0561,2009,11491
0561,2010,11495
0561,2011,11499
0561,2012,11430
0561,2013,11441
0561,2014,11448
0561,2015,11515
0561,2016,11577
0561,2017,11588
0561,2018,11496
0561,2019,11453
0561,2020,11380
0561,2021,11414
0562,2005,20856
0562,2006,20776
0562,2007,20663
0562,2008,20554
0562,2009,20695
0562,2010,20717
0562,2011,20713
0562,2012,20741
0562,2013,20840
0562,2014,21072
0562,2015,21124
0562,2016,21445
0562,2017,21476
0562,2018,21648
0562,2019,21767
0562,2020,21620
0562,2021,21732
0563,2005,8109
0563,2006,8027
0563,2007,7934
0563,2008,7833
0563,2009,7792
0563,2010,7734
0563,2011,7635
0563,2012,7572
0563,2013,7561
0563,2014,7623
0563,2015,7705
0563,2016,7774
0563,2017,7874
0563,2018,7911
0563,2019,7824
0563,2020,7693
0563,2021,7606
0580,2005,137330
0580,2006,138181
0580,2007,139950
0580,2008,141385
0580,2009,144212
0580,2010,145974
0580,2011,146799
0580,2012,147941
0580,2013,149493
0580,2014,151103
0580,2015,152208
0580,2016,154978
0580,2017,157622
0580,2018,160025
0580,2019,162011
0580,2020,163490
0580,2021,164302
0581,2005,124179
0581,2006,124960
0581,2007,126134
0581,2008,127471
0581,2009,128707
0581,2010,129597
0581,2011,130168
0581,2012,131583
0581,2013,133161
0581,2014,134634
0581,2015,136387
0581,2016,138619
0581,2017,140124
0581,2018,140797
0581,2019,142223
0581,2020,142431
0581,2021,143296
0582,2005,13995
0582,2006,14018
0582,2007,13992
0582,2008,13928
0582,2009,14009
0582,2010,13991
0582,2011,14013
0582,2012,14109
0582,2013,14156
0582,2014,14227
0582,2015,14207
0582,2016,14360
0582,2017,14472
0582,2018,14558
0582,2019,14574
0582,2020,14572
0582,2021,14623
0583,2005,41796
0583,2006,41829
0583,2007,41934
0583,2008,41833
0583,2009,41703
0583,2010,41820
0583,2011,41711
0583,2012,41741
0583,2013,42047
0583,2014,42390
0583,2015,42745
0583,2016,43092
0583,2017,43385
0583,2018,43510
0583,2019,43487
0583,2020,43436
0583,2021,43459
0584,2005,7515
0584,2006,7526
0584,2007,7515
0584,2008,7448
0584,2009,7397
0584,2010,7369
0584,2011,7294
0584,2012,7311
0584,2013,7355
0584,2014,7359
0584,2015,7369
0584,2016,7305
0584,2017,7377
0584,2018,7475
0584,2019,7392
0584,2020,7383
0584,2021,7478
0586,2005,25200
0586,2006,25293
0586,2007,25480
0586,2008,25600
0586,2009,25718
0586,2010,25794
0586,2011,25999
0586,2012,26113
0586,2013,26226
0586,2014,26337
0586,2015,26500
0586,2016,26607
0586,2017,26903
0586,2018,27242
0586,2019,27612
0586,2020,27806
0586,2021,28103
0604,2005,6553
0604,2006,6526
0604,2007,6472
0604,2008,6492
0604,2009,6430
0604,2010,6384
0604,2011,6402
0604,2012,6395
0604,2013,6361
0604,2014,6410
0604,2015,6524
0604,2016,6587
0604,2017,6755
0604,2018,6808
0604,2019,6821
0604,2020,6789
0604,2021,6855
0617,2005,9726
0617,2006,9566
0617,2007,9615
0617,2008,9609
0617,2009,9487
0617,2010,9498
0617,2011,9355
0617,2012,9305
0617,2013,9350
0617,2014,9450
0617,2015,9446
0617,2016,9538
0617,2017,9634
0617,2018,9665
0617,2019,9591
0617,2020,9485
0617,2021,9448
0642,2005,7082
0642,2006,7063
0642,2007,7030
0642,2008,7073
0642,2009,7015
0642,2010,7021
0642,2011,7020
0642,2012,7057
0642,2013,7025
0642,2014,7091
0642,2015,7133
0642,2016,7201
0642,2017,7294
0642,2018,7287
0642,2019,7244
0642,2020,7332
0642,2021,7372
0643,2005,9831
0643,2006,10113
0643,2007,10363
0643,2008,10515
0643,2009,10662
0643,2010,10730
0643,2011,10803
0643,2012,10861
0643,2013,10956
0643,2014,11091
0643,2015,11295
0643,2016,11560
0643,2017,11817
0643,2018,12100
0643,2019,12400
0643,2020,12556
0643,2021,12771
0662,2005,29417
0662,2006,29253
0662,2007,29251
0662,2008,29294
0662,2009,29128
0662,2010,29035
0662,2011,28781
0662,2012,28652
0662,2013,28608
0662,2014,28618
0662,2015,29144
0662,2016,29337
0662,2017,29456
0662,2018,29661
0662,2019,29735
0662,2020,29391
0662,2021,29268
0665,2005,12646
0665,2006,12788
0665,2007,12906
0665,2008,12945
0665,2009,12932
0665,2010,12967
0665,2011,13138
0665,2012,13122
0665,2013,13176
0665,2014,13190
0665,2015,13323
0665,2016,13585
0665,2017,13767
0665,2018,13897
0665,2019,14169
0665,2020,14403
0665,2021,14610
0680,2005,120720
0680,2006,121898
0680,2007,123364
0680,2008,124784
0680,2009,125974
0680,2010,127017
0680,2011,127906
0680,2012,129094
0680,2013,130346
0680,2014,131655
0680,2015,132776
0680,2016,134691
0680,2017,136787
0680,2018,138404
0680,2019,140120
0680,2020,141398
0680,2021,142439
0682,2005,29265
0682,2006,29298
0682,2007,29380
0682,2008,29414
0682,2009,29395
0682,2010,29244
0682,2011,29256
0682,2012,29267
0682,2013,29376
0682,2014,29752
0682,2015,30277
0682,2016,30637
0682,2017,30968
0682,2018,31243
0682,2019,31290
0682,2020,31287
0682,2021,31469
0683,2005,32622
0683,2006,32758
0683,2007,32838
0683,2008,32719
0683,2009,32647
0683,2010,32737
0683,2011,32832
0683,2012,32914
0683,2013,33022
0683,2014,33203
0683,2015,33348
0683,2016,33763
0683,2017,34030
0683,2018,34228
0683,2019,34349
0683,2020,34307
0683,2021,34404
0684,2005,10954
0684,2006,10947
0684,2007,10902
0684,2008,10831
0684,2009,10816
0684,2010,10777
0684,2011,10809
0684,2012,10787
0684,2013,10906
0684,2014,11038
0684,2015,11159
0684,2016,11314
0684,2017,11402
0684,2018,11529
0684,2019,11564
0684,2020,11606
0684,2021,11583
0685,2005,26344
0685,2006,26263
0685,2007,26251
0685,2008,26221
0685,2009,26241
0685,2010,26202
0685,2011,26199
0685,2012,26189
0685,2013,26299
0685,2014,26511
0685,2015,26736
0685,2016,27096
0685,2017,27256
0685,2018,27341
0685,2019,27295
0685,2020,27321
0685,2021,27426
0686,2005,16545
0686,2006,16484
0686,2007,16398
0686,2008,16273
0686,2009,16312
0686,2010,16202
0686,2011,16264
0686,2012,16318
0686,2013,16416
0686,2014,16545
0686,2015,16733
0686,2016,17069
0686,2017,17347
0686,2018,17579
0686,2019,17663
0686,2020,17689
0686,2021,17734
0687,2005,17731
0687,2006,17720
0687,2007,17866
0687,2008,17999
0687,2009,17977
0687,2010,18044
0687,2011,18033
0687,2012,18072
0687,2013,18111
0687,2014,18328
0687,2015,18462
0687,2016,18687
0687,2017,18772
0687,2018,18848
0687,2019,18867
0687,2020,18767
0687,2021,18730
0760,2005,9438
0760,2006,9457
0760,2007,9423
0760,2008,9294
0760,2009,9265
0760,2010,9195
0760,2011,9159
0760,2012,9207
0760,2013,9218
0760,2014,9137
0760,2015,9230
0760,2016,9419
0760,2017,9456
0760,2018,9455
0760,2019,9457
0760,2020,9369
0760,2021,9309
0761,2005,8112
0761,2006,8075
0761,2007,8037
0761,2008,8044
0761,2009,8121
0761,2010,8077
0761,2011,8011
0761,2012,7948
0761,2013,7995
0761,2014,8194
0761,2015,8457
0761,2016,8688
0761,2017,8740
0761,2018,8701
0761,2019,8655
0761,2020,8564
0761,2021,8477
0763,2005,12766
0763,2006,12688
0763,2007,12571
0763,2008,12471
0763,2009,12326
0763,2010,12203
0763,2011,12202
0763,2012,12108
0763,2013,12110
0763,2014,12145
0763,2015,12195
0763,2016,12330
0763,2017,12386
0763,2018,12344
0763,2019,12321
0763,2020,12284
0763,2021,12217
0764,2005,18640
0764,2006,18682
0764,2007,18704
0764,2008,18689
0764,2009,18661
0764,2010,18708
0764,2011,18814
0764,2012,18925
0764,2013,19181
0764,2014,19394
0764,2015,19457
0764,2016,19723
0764,2017,19881
0764,2018,19981
0764,2019,19954
0764,2020,20028
0764,2021,20088
0765,2005,15315
0765,2006,15335
0765,2007,15337
0765,2008,15356
0765,2009,15492
0765,2010,15521
0765,2011,15537
0765,2012,15624
0765,2013,15649
0765,2014,15799
0765,2015,16032
0765,2016,16465
0765,2017,16959
0765,2018,17373
0765,2019,17459
0765,2020,17683
0765,2021,17756
0767,2005,9551
0767,2006,9585
0767,2007,9608
0767,2008,9571
0767,2009,9522
0767,2010,9574
0767,2011,9465
0767,2012,9420
0767,2013,9453
0767,2014,9476
0767,2015,9699
0767,2016,9900
0767,2017,10071
0767,2018,10140
0767,2019,10189
0767,2020,10238
0767,2021,10174
0780,2005,77194
0780,2006,78249
0780,2007,79325
0780,2008,80781
0780,2009,81699
0780,2010,82676
0780,2011,83331
0780,2012,84430
0780,2013,85437
0780,2014,86538
0780,2015,87688
0780,2016,89036
0780,2017,90566
0780,2018,92016
0780,2019,93528
0780,2020,94231
0780,2021,95311
0781,2005,27022
0781,2006,27041
0781,2007,27170
0781,2008,27325
0781,2009,27310
0781,2010,27193
0781,2011,27222
0781,2012,27259
0781,2013,27093
0781,2014,27327
0781,2015,27431
0781,2016,27759
0781,2017,28001
0781,2018,28199
0781,2019,28139
0781,2020,28016
0781,2021,28035
0821,2005,6054
0821,2006,6017
0821,2007,5912
0821,2008,5902
0821,2009,5839
0821,2010,5743
0821,2011,5732
0821,2012,5699
0821,2013,5686
0821,2014,5745
0821,2015,5816
0821,2016,6026
0821,2017,6026
0821,2018,6036
0821,2019,5868
0821,2020,5670
0821,2021,5581
0834,2005,7231
0834,2006,7145
0834,2007,7121
0834,2008,7061
0834,2009,7029
0834,2010,6942
0834,2011,6860
0834,2012,6837
0834,2013,6849
0834,2014,6880
0834,2015,6897
0834,2016,7013
0834,2017,7039
0834,2018,7059
0834,2019,7073
0834,2020,7111
0834,2021,7068
0840,2005,13382
0840,2006,13490
0840,2007,13579
0840,2008,13713
0840,2009,13811
0840,2010,13993
0840,2011,14111
0840,2012,14225
0840,2013,14332
0840,2014,14454
0840,2015,14617
0840,2016,14854
0840,2017,14928
0840,2018,14961
0840,2019,15151
0840,2020,15380
0840,2021,15607
0860,2005,14416
0860,2006,14265
0860,2007,14157
0860,2008,14010
0860,2009,13820
0860,2010,13654
0860,2011,13459
0860,2012,13487
0860,2013,13566
0860,2014,13656
0860,2015,13838
0860,2016,14502
0860,2017,14465
0860,2018,14238
0860,2019,14103
0860,2020,13972
0860,2021,13913
0861,2005,13078
0861,2006,13082
0861,2007,13084
0861,2008,12931
0861,2009,12953
0861,2010,12878
0861,2011,12813
0861,2012,12758
0861,2013,12901
0861,2014,12973
0861,2015,13056
0861,2016,13289
0861,2017,13371
0861,2018,13435
0861,2019,13291
0861,2020,13118
0861,2021,13104
0862,2005,9515
0862,2006,9408
0862,2007,9357
0862,2008,9312
0862,2009,9205
0862,2010,9166
0862,2011,9018
0862,2012,8962
0862,2013,8932
0862,2014,8964
0862,2015,9040
0862,2016,9289
0862,2017,9302
0862,2018,9322
0862,2019,9361
0862,2020,9264
0862,2021,9198
0880,2005,60727
0880,2006,61098
0880,2007,61285
0880,2008,61488
0880,2009,62185
0880,2010,62613
0880,2011,62798
0880,2012,63367
0880,2013,63577
0880,2014,64331
0880,2015,65330
0880,2016,66159
0880,2017,67007
0880,2018,68014
0880,2019,68925
0880,2020,69769
0880,2021,70730
0881,2005,19721
0881,2006,19617
0881,2007,19577
0881,2008,19495
0881,2009,19514
0881,2010,19603
0881,2011,19574
0881,2012,19411
0881,2013,19415
0881,2014,19629
0881,2015,19679
0881,2016,20225
0881,2017,20313
0881,2018,20245
0881,2019,20209
0881,2020,20142
0881,2021,20137
0882,2005,26188
0882,2006,26190
0882,2007,26248
0882,2008,26257
0882,2009,26174
0882,2010,26109
0882,2011,26106
0882,2012,26067
0882,2013,26126
0882,2014,26203
0882,2015,26350
0882,2016,26891
0882,2017,26810
0882,2018,26806
0882,2019,26974
0882,2020,27001
0882,2021,27048
0883,2005,36416
0883,2006,36304
0883,2007,36367
0883,2008,36285
0883,2009,36227
0883,2010,36141
0883,2011,35942
0883,2012,35816
0883,2013,35772
0883,2014,35806
0883,2015,35931
0883,2016,36304
0883,2017,36397
0883,2018,36516
0883,2019,36500
0883,2020,36466
0883,2021,36548
0884,2005,15590
0884,2006,15557
0884,2007,15578
0884,2008,15524
0884,2009,15506
0884,2010,15440
0884,2011,15358
0884,2012,15358
0884,2013,15240
0884,2014,15246
0884,2015,15362
0884,2016,15565
0884,2017,15645
0884,2018,15677
0884,2019,15551
0884,2020,15563
0884,2021,15465
0885,2005,11051
0885,2006,10967
0885,2007,10909
0885,2008,10833
0885,2009,10779
0885,2010,10650
0885,2011,10597
0885,2012,10734
0885,2013,10588
0885,2014,10647
0885,2015,10643
0885,2016,10869
0885,2017,10786
0885,2018,10785
0885,2019,10757
0885,2020,10757
0885,2021,10815
0980,2005,57276
0980,2006,57063
0980,2007,56892
0980,2008,56804
0980,2009,57030
0980,2010,57097
0980,2011,57114
0980,2012,57037
0980,2013,56916
0980,2014,56987
0980,2015,57102
0980,2016,57685
0980,2017,58234
0980,2018,58851
0980,2019,59283
0980,2020,59701
0980,2021,60543
1060,2005,13367
1060,2006,13329
1060,2007,13161
1060,2008,13123
1060,2009,13054
1060,2010,12940
1060,2011,12823
1060,2012,12843
1060,2013,12833
1060,2014,12947
1060,2015,13095
1060,2016,13334
1060,2017,13390
1060,2018,13415
1060,2019,13321
1060,2020,13205
1060,2021,13152
1080,2005,61240
1080,2006,61704
1080,2007,62161
1080,2008,62616
1080,2009,63149
1080,2010,63844
1080,2011,64000
1080,2012,63445
1080,2013,63661
1080,2014,64082
1080,2015,65151
1080,2016,65999
1080,2017,66388
1080,2018,66377
1080,2019,66300
1080,2020,66164
1080,2021,66370
1081,2005,28281
1081,2006,28360
1081,2007,28395
1081,2008,28389
1081,2009,28321
1081,2010,28149
1081,2011,27797
1081,2012,27660
1081,2013,27754
1081,2014,28101
1081,2015,28565
1081,2016,29068
1081,2017,29415
1081,2018,29535
1081,2019,29458
1081,2020,29199
1081,2021,29016
1082,2005,30962
1082,2006,31097
1082,2007,30966
1082,2008,30873
1082,2009,30832
1082,2010,31053
1082,2011,31077
1082,2012,31015
1082,2013,31143
1082,2014,31457
1082,2015,31691
1082,2016,31969
1082,2017,32021
1082,2018,32155
1082,2019,32288
1082,2020,32184
1082,2021,32003
1083,2005,16535
1083,2006,16582
1083,2007,16774
1083,2008,16774
1083,2009,16744
1083,2010,16731
1083,2011,16700
1083,2012,16700
1083,2013,16695
1083,2014,16848
1083,2015,17033
1083,2016,17299
1083,2017,17318
1083,2018,17333
1083,2019,17305
1083,2020,17313
1083,2021,17393
1214,2005,12975
1214,2006,13017
1214,2007,13103
1214,2008,13139
1214,2009,13241
1214,2010,13189
1214,2011,13184
1214,2012,13208
1214,2013,13242
1214,2014,13339
1214,2015,13501
1214,2016,13753
1214,2017,13835
1214,2018,13898
1214,2019,14029
1214,2020,14018
1214,2021,14138
1230,2005,20568
1230,2006,20801
1230,2007,21157
1230,2008,21614
1230,2009,21887
1230,2010,22206
1230,2011,22236
1230,2012,22462
1230,2013,22594
1230,2014,22909
1230,2015,23030
1230,2016,23491
1230,2017,24053
1230,2018,24591
1230,2019,25257
1230,2020,25722
1230,2021,26069
1231,2005,15270
1231,2006,15594
1231,2007,15862
1231,2008,16126
1231,2009,16395
1231,2010,16600
1231,2011,16725
1231,2012,16881
1231,2013,16970
1231,2014,17059
1231,2015,17264
1231,2016,17464
1231,2017,17878
1231,2018,18137
1231,2019,18883
1231,2020,19032
1231,2021,19412
1233,2005,31678
1233,2006,32232
1233,2007,32505
1233,2008,32783
1233,2009,33092
1233,2010,33238
1233,2011,33440
1233,2012,33540
1233,2013,33669
1233,2014,33955
1233,2015,34549
1233,2016,35119
1233,2017,35645
1233,2018,36345
1233,2019,36488
1233,2020,36766
1233,2021,37287
1256,2005,13951
1256,2006,13825
1256,2007,13772
1256,2008,13608
1256,2009,13469
1256,2010,13524
1256,2011,13536
1256,2012,13544
1256,2013,13614
1256,2014,13792
1256,2015,14028
1256,2016,14325
1256,2017,14636
1256,2018,14823
1256,2019,14911
1256,2020,14918
1256,2021,14837
1257,2005,9522
1257,2006,9495
1257,2007,9539
1257,2008,9545
1257,2009,9601
1257,2010,9592
1257,2011,9623
1257,2012,9606
1257,2013,9609
1257,2014,9680
1257,2015,9771
1257,2016,9893
1257,2017,9983
1257,2018,10090
1257,2019,10174
1257,2020,10344
1257,2021,10380
1260,2005,13960
1260,2006,14141
1260,2007,14394
1260,2008,14517
1260,2009,14707
1260,2010,14734
1260,2011,14726
1260,2012,14720
1260,2013,14662
1260,2014,14736
1260,2015,14782
1260,2016,15008
1260,2017,15202
1260,2018,15253
1260,2019,15433
1260,2020,15420
1260,2021,15523
1261,2005,26670
1261,2006,27287
1261,2007,27690
1261,2008,28203
1261,2009,28578
1261,2010,28955
1261,2011,29191
1261,2012,29357
1261,2013,29517
1261,2014,29708
1261,2015,30002
1261,2016,30409
1261,2017,30823
1261,2018,31334
1261,2019,31532
1261,2020,31831
1261,2021,32126
1262,2005,18843
1262,2006,19414
1262,2007,20002
1262,2008,20426
1262,2009,21039
1262,2010,21519
1262,2011,21973
1262,2012,22251
1262,2013,22443
1262,2014,22889
1262,2015,23264
1262,2016,23829
1262,2017,24199
1262,2018,24686
1262,2019,24752
1262,2020,24781
1262,2021,24539
1263,2005,18670
1263,2006,18928
1263,2007,19093
1263,2008,19335
1263,2009,19570
1263,2010,19760
1263,2011,19737
1263,2012,19897
1263,2013,19989
1263,2014,20163
1263,2015,20374
1263,2016,20662
1263,2017,20957
1263,2018,21455
1263,2019,22091
1263,2020,22525
1263,2021,23071
1264,2005,14378
1264,2006,14656
1264,2007,14745
1264,2008,14740
1264,2009,14829
1264,2010,14939
1264,2011,14904
1264,2012,14915
1264,2013,14980
1264,2014,15108
1264,2015,15068
1264,2016,15320
1264,2017,15548
1264,2018,15661
1264,2019,15778
1264,2020,15924
1264,2021,16278
1265,2005,17464
1265,2006,17684
1265,2007,17961
1265,2008,18035
1265,2009,18094
1265,2010,18047
1265,2011,18072
1265,2012,18218
1265,2013,18328
1265,2014,18332
1265,2015,18418
1265,2016,18642
1265,2017,18953
1265,2018,19016
1265,2019,19085
1265,2020,19261
1265,2021,19335
1266,2005,14232
1266,2006,14489
1266,2007,14535
1266,2008,14712
1266,2009,14714
1266,2010,14785
1266,2011,14843
1266,2012,14883
1266,2013,14846
1266,2014,14850
1266,2015,14940
1266,2016,15207
1266,2017,15484
1266,2018,15555
1266,2019,15540
1266,2020,15549
1266,2021,15629
1267,2005,14555
1267,2006,14720
1267,2007,14870
1267,2008,14991
1267,2009,15216
1267,2010,15413
1267,2011,15442
1267,2012,15470
1267,2013,15573
1267,2014,15701
1267,2015,15895
1267,2016,16118
1267,2017,16401
1267,2018,16547
1267,2019,16618
1267,2020,16718
1267,2021,16837
1270,2005,12641
1270,2006,12670
1270,2007,12728
1270,2008,12767
1270,2009,12878
1270,2010,12857
1270,2011,12865
1270,2012,12846
1270,2013,12814
1270,2014,12920
1270,2015,13049
1270,2016,13245
1270,2017,13321
1270,2018,13445
1270,2019,13503
1270,2020,13543
1270,2021,13582
1272,2005,12069
1272,2006,12110
1272,2007,12135
1272,2008,12155
1272,2009,12244
1272,2010,12231
1272,2011,12322
1272,2012,12205
1272,2013,12285
1272,2014,12337
1272,2015,12445
1272,2016,12543
1272,2017,12613
1272,2018,12781
1272,2019,12768
1272,2020,12651
1272,2021,12531
1273,2005,12559
1273,2006,12592
1273,2007,12572
1273,2008,12584
1273,2009,12592
1273,2010,12657
1273,2011,12631
1273,2012,12573
1273,2013,12646
1273,2014,12763
1273,2015,12881
1273,2016,13070
1273,2017,13096
1273,2018,13164
1273,2019,13107
1273,2020,13091
1273,2021,13154
1275,2005,6871
1275,2006,6868
1275,2007,6897
1275,2008,6933
1275,2009,6942
1275,2010,7011
1275,2011,7101
1275,2012,7045
1275,2013,7089
1275,2014,7122
1275,2015,7170
1275,2016,7292
1275,2017,7265
1275,2018,7404
1275,2019,7409
1275,2020,7379
1275,2021,7466
1276,2005,15980
1276,2006,16045
1276,2007,16190
1276,2008,16261
1276,2009,16302
1276,2010,16430
1276,2011,16501
1276,2012,16549
1276,2013,16590
1276,2014,16588
1276,2015,16761
1276,2016,17050
1276,2017,17278
1276,2018,17381
1276,2019,17512
1276,2020,17459
1276,2021,17466
1277,2005,13480
1277,2006,13814
1277,2007,14140
1277,2008,14427
1277,2009,14545
1277,2010,14607
1277,2011,14660
1277,2012,14669
1277,2013,14777
1277,2014,14900
1277,2015,15037
1277,2016,15359
1277,2017,15630
1277,2018,15752
1277,2019,15692
1277,2020,15811
1277,2021,16013
1278,2005,13996
1278,2006,14122
1278,2007,14185
1278,2008,14141
1278,2009,14202
1278,2010,14201
1278,2011,14150
1278,2012,14168
1278,2013,14175
1278,2014,14309
1278,2015,14260
1278,2016,14475
1278,2017,14637
1278,2018,14790
1278,2019,14976
1278,2020,15245
1278,2021,15464
1280,2005,269482
1280,2006,273962
1280,2007,278164
1280,2008,283945
1280,2009,291298
1280,2010,296576
1280,2011,300062
1280,2012,304895
1280,2013,310066
1280,2014,314825
1280,2015,319150
1280,2016,324807
1280,2017,329746
1280,2018,335056
1280,2019,339542
1280,2020,343026
1280,2021,346511
1281,2005,101797
1281,2006,102461
1281,2007,104381
1281,2008,106452
1281,2009,108211
1281,2010,110019
1281,2011,111139
1281,2012,112402
1281,2013,113706
1281,2014,115308
1281,2015,116128
1281,2016,117762
1281,2017,120420
1281,2018,122044
1281,2019,124023
1281,2020,124958
1281,2021,126275
1282,2005,39153
1282,2006,39831
1282,2007,40205
1282,2008,40616
1282,2009,40995
1282,2010,41502
1282,2011,41912
1282,2012,42276
1282,2013,42758
1282,2014,43226
1282,2015,43590
1282,2016,44204
1282,2017,44825
1282,2018,45295
1282,2019,45589
1282,2020,45787
1282,2021,45928
1283,2005,121471
1283,2006,122717
1283,2007,124189
1283,2008,125926
1283,2009,127538
1283,2010,128389
1283,2011,129757
1283,2012,131104
1283,2013,132021
1283,2014,134250
1283,2015,136747
1283,2016,139282
1283,2017,141880
1283,2018,143852
1283,2019,146055
1283,2020,147494
1283,2021,148213
1284,2005,23417
1284,2006,23776
1284,2007,23965
1284,2008,24140
1284,2009,24358
1284,2010,24519
1284,2011,24569
1284,2012,24716
1284,2013,24925
1284,2014,25107
1284,2015,25410
1284,2016,25613
1284,2017,25933
1284,2018,26293
1284,2019,26633
1284,2020,26839
1284,2021,27258
1285,2005,29994
1285,2006,30313
1285,2007,30649
1285,2008,31002
1285,2009,31144
1285,2010,31461
1285,2011,31579
1285,2012,31593
1285,2013,31788
1285,2014,32021
1285,2015,32252
1285,2016,32683
1285,2017,33003
1285,2018,33308
1285,2019,33502
1285,2020,33793
1285,2021,34232
1286,2005,27034
1286,2006,27312
1286,2007,27626
1286,2008,27794
1286,2009,28026
1286,2010,28249
1286,2011,28335
1286,2012,28477
1286,2013,28538
1286,2014,28680
1286,2015,28883
1286,2016,29336
1286,2017,29711
1286,2018,30092
1286,2019,30403
1286,2020,30826
1286,2021,31407
1287,2005,39679
1287,2006,40153
1287,2007,40830
1287,2008,41356
1287,2009,41675
1287,2010,42024
1287,2011,42340
1287,2012,42400
1287,2013,42571
1287,2014,42684
1287,2015,43078
1287,2016,43593
1287,2017,44256
1287,2018,44528
1287,2019,45033
1287,2020,45419
1287,2021,45760
1290,2005,75544
1290,2006,76109
1290,2007,76767
1290,2008,77544
1290,2009,78365
1290,2010,79109
1290,2011,79448
1290,2012,80012
1290,2013,80507
1290,2014,81255
1290,2015,81908
1290,2016,82572
1290,2017,83499
1290,2018,84212
1290,2019,84981
1290,2020,85414
1290,2021,85803
1291,2005,19339
1291,2006,19326
1291,2007,19230
1291,2008,19271
1291,2009,19258
1291,2010,19241
1291,2011,19086
1291,2012,18931
1291,2013,18875
1291,2014,18825
1291,2015,18972
1291,2016,19370
1291,2017,19261
1291,2018,19149
1291,2019,19054
1291,2020,19102
1291,2021,19130
1292,2005,38206
1292,2006,38536
1292,2007,38601
1292,2008,38707
1292,2009,38936
1292,2010,39225
1292,2011,39425
1292,2012,39546
1292,2013,39654
1292,2014,39984
1292,2015,40473
1292,2016,41068
1292,2017,41509
1292,2018,41833
1292,2019,42178
1292,2020,42578
1292,2021,43302
1293,2005,48897
1293,2006,49090
1293,2007,49476
1293,2008,49686
1293,2009,49735
1293,2010,49826
1293,2011,49852
1293,2012,49894
1293,2013,49940
1293,2014,50245
1293,2015,50760
1293,2016,51342
1293,2017,51659
1293,2018,51761
1293,2019,51759
1293,2020,51571
1293,2021,51824
1315,2005,10334
1315,2006,10338
1315,2007,10225
1315,2008,10222
1315,2009,10221
1315,2010,10116
1315,2011,10052
1315,2012,9957
1315,2013,9924
1315,2014,10194
1315,2015,10423
1315,2016,10848
1315,2017,10878
1315,2018,10807
1315,2019,10706
1315,2020,10534
1315,2021,10488
1380,2005,87877
1380,2006,88617
1380,2007,89389
1380,2008,89939
1380,2009,90764
1380,2010,91455
1380,2011,91904
1380,2012,92836
1380,2013,93646
1380,2014,95051
1380,2015,96467
1380,2016,98022
1380,2017,99153
1380,2018,100614
1380,2019,102067
1380,2020,103010
1380,2021,103737
1381,2005,22985
1381,2006,23093
1381,2007,23121
1381,2008,23184
1381,2009,23270
1381,2010,23308
1381,2011,23372
1381,2012,23361
1381,2013,23411
1381,2014,23659
1381,2015,24055
1381,2016,24515
1381,2017,24962
1381,2018,25286
1381,2019,25662
1381,2020,25695
1381,2021,26035
1382,2005,39453
1382,2006,39750
1382,2007,40030
1382,2008,40316
1382,2009,40604
1382,2010,40867
1382,2011,41137
1382,2012,41252
1382,2013,41727
1382,2014,42244
1382,2015,42733
1382,2016,43652
1382,2017,43965
1382,2018,44437
1382,2019,45047
1382,2020,45673
1382,2021,46371
1383,2005,54711
1383,2006,55358
1383,2007,55995
1383,2008,56570
1383,2009,57323
1383,2010,57954
1383,2011,58442
1383,2012,59047
1383,2013,59766
1383,2014,60223
1383,2015,60811
1383,2016,61629
1383,2017,62483
1383,2018,63322
1383,2019,64239
1383,2020,64997
1383,2021,66184
1384,2005,69711
1384,2006,70936
1384,2007,71827
1384,2008,72550
1384,2009,73806
1384,2010,74906
1384,2011,75818
1384,2012,76613
1384,2013,77213
1384,2014,77989
1384,2015,78889
1384,2016,80165
1384,2017,81690
1384,2018,83005
1384,2019,84018
1384,2020,84515
1384,2021,84841
1401,2005,31990
1401,2006,32323
1401,2007,32887
1401,2008,33499
1401,2009,33931
1401,2010,34384
1401,2011,34767
1401,2012,35137
1401,2013,35633
1401,2014,36179
1401,2015,36540
1401,2016,36978
1401,2017,37268
1401,2018,37634
1401,2019,37773
1401,2020,38014
1401,2021,38726
1402,2005,33406
1402,2006,33461
1402,2007,33543
1402,2008,33629
1402,2009,34219
1402,2010,34958
1402,2011,35370
1402,2012,35676
1402,2013,35954
1402,2014,36309
1402,2015,36750
1402,2016,37061
1402,2017,37597
1402,2018,38117
1402,2019,38913
1402,2020,39087
1402,2021,39026
1407,2005,12215
1407,2006,12210
1407,2007,12234
1407,2008,12230
1407,2009,12274
1407,2010,12432
1407,2011,12473
1407,2012,12528
1407,2013,12556
1407,2014,12623
1407,2015,12654
1407,2016,12737
1407,2017,12879
1407,2018,12893
1407,2019,12860
1407,2020,12871
1407,2021,12840
1415,2005,22891
1415,2006,23123
1415,2007,23319
1415,2008,23597
1415,2009,23922
1415,2010,24229
1415,2011,24541
1415,2012,24798
1415,2013,24857
1415,2014,25193
1415,2015,25427
1415,2016,25732
1415,2017,26105
1415,2018,26354
1415,2019,26627
1415,2020,26872
1415,2021,27372
1419,2005,15005
1419,2006,14928
1419,2007,14921
1419,2008,14937
1419,2009,14939
1419,2010,14930
1419,2011,14927
1419,2012,14943
1419,2013,15014
1419,2014,15095
1419,2015,15262
1419,2016,15513
1419,2017,15714
1419,2018,15814
1419,2019,15888
1419,2020,16002
1419,2021,16158
1421,2005,15167
1421,2006,15143
1421,2007,15328
1421,2008,15285
1421,2009,15268
1421,2010,15190
1421,2011,15101
1421,2012,15053
1421,2013,15000
1421,2014,15008
1421,2015,14962
1421,2016,15032
1421,2017,15031
1421,2018,15024
1421,2019,15124
1421,2020,15213
1421,2021,15241
1427,2005,9301
1427,2006,9265
1427,2007,9259
1427,2008,9144
1427,2009,9085
1427,2010,9026
1427,2011,8975
1427,2012,8965
1427,2013,8883
1427,2014,8882
1427,2015,8958
1427,2016,9013
1427,2017,9016
1427,2018,8972
1427,2019,8992
1427,2020,9017
1427,2021,9034
1430,2005,10264
1430,2006,10220
1430,2007,10233
1430,2008,10223
1430,2009,10224
1430,2010,10159
1430,2011,10192
1430,2012,10138
1430,2013,10171
1430,2014,10212
1430,2015,10172
1430,2016,10325
1430,2017,10386
1430,2018,10461
1430,2019,10462
1430,2020,10514
1430,2021,10509
1435,2005,12214
1435,2006,12217
1435,2007,12207
1435,2008,12231
1435,2009,12211
1435,2010,12333
1435,2011,12278
1435,2012,12225
1435,2013,12245
1435,2014,12283
1435,2015,12392
1435,2016,12542
1435,2017,12684
1435,2018,12779
1435,2019,12744
1435,2020,12805
1435,2021,12858
1438,2005,4882
1438,2006,4890
1438,2007,4819
1438,2008,4774
1438,2009,4714
1438,2010,4678
1438,2011,4663
1438,2012,4647
1438,2013,4720
1438,2014,4740
1438,2015,4777
1438,2016,4759
1438,2017,4736
1438,2018,4774
1438,2019,4780
1438,2020,4724
1438,2021,4719
1439,2005,6813
1439,2006,6763
1439,2007,6756
1439,2008,6729
1439,2009,6669
1439,2010,6630
1439,2011,6573
1439,2012,6517
1439,2013,6489
1439,2014,6472
1439,2015,6471
1439,2016,6596
1439,2017,6558
1439,2018,6563
1439,2019,6591
1439,2020,6606
1439,2021,6528
1440,2005,26373
1440,2006,26757
1440,2007,27042
1440,2008,27261
1440,2009,27337
1440,2010,27387
1440,2011,27497
1440,2012,27762
1440,2013,27976
1440,2014,28325
1440,2015,28749
1440,2016,29410
1440,2017,30070
1440,2018,30739
1440,2019,31180
1440,2020,31625
1440,2021,31875
1441,2005,36452
1441,2006,37037
1441,2007,37648
1441,2008,38014
1441,2009,38226
1441,2010,38508
1441,2011,38714
1441,2012,38981
1441,2013,39220
1441,2014,39668
1441,2015,40051
1441,2016,40550
1441,2017,41343
1441,2018,41962
1441,2019,42359
1441,2020,42805
1441,2021,43163
1442,2005,10744
1442,2006,10883
1442,2007,10966
1442,2008,10959
1442,2009,10945
1442,2010,10929
1442,2011,10979
1442,2012,11010
1442,2013,11039
1442,2014,11062
1442,2015,11130
1442,2016,11260
1442,2017,11441
1442,2018,11603
1442,2019,11754
1442,2020,11879
1442,2021,12106
1443,2005,8077
1443,2006,8147
1443,2007,8169
1443,2008,8206
1443,2009,8231
1443,2010,8362
1443,2011,8338
1443,2012,8492
1443,2013,8541
1443,2014,8630
1443,2015,8768
1443,2016,9070
1443,2017,9219
1443,2018,9387
1443,2019,9449
1443,2020,9492
1443,2021,9573
1444,2005,5754
1444,2006,5802
1444,2007,5819
1444,2008,5837
1444,2009,5837
1444,2010,5759
1444,2011,5654
1444,2012,5623
1444,2013,5625
1444,2014,5614
1444,2015,5630
1444,2016,5704
1444,2017,5734
1444,2018,5712
1444,2019,5676
1444,2020,5665
1444,2021,5703
1445,2005,5707
1445,2006,5639
1445,2007,5622
1445,2008,5611
1445,2009,5589
1445,2010,5549
1445,2011,5477
1445,2012,5481
1445,2013,5468
1445,2014,5519
1445,2015,5572
1445,2016,5596
1445,2017,5623
1445,2018,5647
1445,2019,5627
1445,2020,5649
1445,2021,5663
1446,2005,6888
1446,2006,6869
1446,2007,6839
1446,2008,6782
1446,2009,6775
1446,2010,6741
1446,2011,6711
1446,2012,6683
1446,2013,6741
1446,2014,6764
1446,2015,6739
1446,2016,6887
1446,2017,6926
1446,2018,6914
1446,2019,6913
1446,2020,6928
1446,2021,6927
1447,2005,5586
1447,2006,5490
1447,2007,5414
1447,2008,5358
1447,2009,5324
1447,2010,5278
1447,2011,5240
1447,2012,5205
1447,2013,5165
1447,2014,5216
1447,2015,5205
1447,2016,5281
1447,2017,5257
1447,2018,5261
1447,2019,5247
1447,2020,5138
1447,2021,5172
1452,2005,11769
1452,2006,11708
1452,2007,11715
1452,2008,11690
1452,2009,11585
1452,2010,11554
1452,2011,11569
1452,2012,11528
1452,2013,11488
1452,2014,11596
1452,2015,11570
1452,2016,11714
1452,2017,11765
1452,2018,11788
1452,2019,11830
1452,2020,11777
1452,2021,11829
1460,2005,10207
1460,2006,10061
1460,2007,9932
1460,2008,9874
1460,2009,9821
1460,2010,9772
1460,2011,9659
1460,2012,9563
1460,2013,9522
1460,2014,9522
1460,2015,9585
1460,2016,9894
1460,2017,9852
1460,2018,9792
1460,2019,9686
1460,2020,9521
1460,2021,9338
1461,2005,9600
1461,2006,9567
1461,2007,9499
1461,2008,9385
1461,2009,9209
1461,2010,9138
1461,2011,9026
1461,2012,8909
1461,2013,8853
1461,2014,8890
1461,2015,9126
1461,2016,9277
1461,2017,9333
1461,2018,9304
1461,2019,9244
1461,2020,9232
1461,2021,9166
1462,2005,12848
1462,2006,12777
1462,2007,12774
1462,2008,12762
1462,2009,12704
1462,2010,12515
1462,2011,12485
1462,2012,12516
1462,2013,12761
1462,2014,12957
1462,2015,13094
1462,2016,13628
1462,2017,13854
1462,2018,13928
1462,2019,13978
1462,2020,14151
1462,2021,14338
1463,2005,33453
1463,2006,33542
1463,2007,33673
1463,2008,33753
1463,2009,33766
1463,2010,33784
1463,2011,33712
1463,2012,33675
1463,2013,33670
1463,2014,33782
1463,2015,33790
1463,2016,34080
1463,2017,34325
1463,2018,34606
1463,2019,34561
1463,2020,34664
1463,2021,34937
1465,2005,10360
1465,2006,10329
1465,2007,10330
1465,2008,10220
1465,2009,10204
1465,2010,10260
1465,2011,10249
1465,2012,10207
1465,2013,10269
1465,2014,10329
1465,2015,10463
1465,2016,10628
1465,2017,10602
1465,2018,10600
1465,2019,10701
1465,2020,10669
1465,2021,10777
1466,2005,9300
1466,2006,9234
1466,2007,9292
1466,2008,9261
1466,2009,9326
1466,2010,9288
1466,2011,9259
1466,2012,9260
1466,2013,9251
1466,2014,9350
1466,2015,9322
1466,2016,9443
1466,2017,9435
1466,2018,9428
1466,2019,9393
1466,2020,9369
1466,2021,9420
1470,2005,15995
1470,2006,15935
1470,2007,15972
1470,2008,15831
1470,2009,15733
1470,2010,15728
1470,2011,15656
1470,2012,15498
1470,2013,15549
1470,2014,15532
1470,2015,15587
1470,2016,15703
1470,2017,15842
1470,2018,15834
1470,2019,15884
1470,2020,15924
1470,2021,15975
1471,2005,12859
1471,2006,12930
1471,2007,13017
1471,2008,13046
1471,2009,13144
1471,2010,13173
1471,2011,13086
1471,2012,13041
1471,2013,12979
1471,2014,13019
1471,2015,13093
1471,2016,13206
1471,2017,13164
1471,2018,13136
1471,2019,13104
1471,2020,13080
1471,2021,13139
1472,2005,10572
1472,2006,10658
1472,2007,10594
1472,2008,10643
1472,2009,10595
1472,2010,10548
1472,2011,10612
1472,2012,10653
1472,2013,10726
1472,2014,10842
1472,2015,10950
1472,2016,11033
1472,2017,11073
1472,2018,11119
1472,2019,11187
1472,2020,11244
1472,2021,11219
1473,2005,9448
1473,2006,9344
1473,2007,9344
1473,2008,9225
1473,2009,9219
1473,2010,9076
1473,2011,9027
1473,2012,8978
1473,2013,8956
1473,2014,9037
1473,2015,9254
1473,2016,9397
1473,2017,9376
1473,2018,9258
1473,2019,9222
1473,2020,9199
1473,2021,9122
1480,2005,482494
1480,2006,486998
1480,2007,490386
1480,2008,497213
1480,2009,504213
1480,2010,510739
1480,2011,517033
1480,2012,522270
1480,2013,528799
1480,2014,536343
1480,2015,543061
1480,2016,551063
1480,2017,558040
1480,2018,565207
1480,2019,572001
1480,2020,575148
1480,2021,579006
1481,2005,58091
1481,2006,58774
1481,2007,59221
1481,2008,59605
1481,2009,60186
1481,2010,60761
1481,2011,61119
1481,2012,61390
1481,2013,61679
1481,2014,62607
1481,2015,62999
1481,2016,64064
1481,2017,65709
1481,2018,67665
1481,2019,68809
1481,2020,69265
1481,2021,69268
1482,2005,38632
1482,2006,38816
1482,2007,39565
1482,2008,40180
1482,2009,40645
1482,2010,41163
1482,2011,41452
1482,2012,41649
1482,2013,41976
1482,2014,42174
1482,2015,42553
1482,2016,43105
1482,2017,43910
1482,2018,44867
1482,2019,46070
1482,2020,46747
1482,2021,47949
1484,2005,14617
1484,2006,14580
1484,2007,14580
1484,2008,14606
1484,2009,14487
1484,2010,14470
1484,2011,14350
1484,2012,14339
1484,2013,14291
1484,2014,14224
1484,2015,14392
1484,2016,14496
1484,2017,14545
1484,2018,14525
1484,2019,14453
1484,2020,14256
1484,2021,14141
1485,2005,50156
1485,2006,50302
1485,2007,50723
1485,2008,50996
1485,2009,51319
1485,2010,51678
1485,2011,51966
1485,2012,52309
1485,2013,52776
1485,2014,53240
1485,2015,53897
1485,2016,54868
1485,2017,55451
1485,2018,55915
1485,2019,56341
1485,2020,56377
1485,2021,56686
1486,2005,11463
1486,2006,11505
1486,2007,11483
1486,2008,11529
1486,2009,11599
1486,2010,11715
1486,2011,11916
1486,2012,12187
1486,2013,12354
1486,2014,12555
1486,2015,12689
1486,2016,12891
1486,2017,13011
1486,2018,13025
1486,2019,12980
1486,2020,12986
1486,2021,13022
1487,2005,36898
1487,2006,36960
1487,2007,36874
1487,2008,36915
1487,2009,36798
1487,2010,36781
1487,2011,36874
1487,2012,36863
1487,2013,37258
1487,2014,37757
1487,2015,38245
1487,2016,38792
1487,2017,38985
1487,2018,39233
1487,2019,39386
1487,2020,39381
1487,2021,39381
1488,2005,53173
1488,2006,53659
1488,2007,54129
1488,2008,54328
1488,2009,54709
1488,2010,55075
1488,2011,55312
1488,2012,55529
1488,2013,56307
1488,2014,56638
1488,2015,56793
1488,2016,57425
1488,2017,57880
1488,2018,58340
1488,2019,58638
1488,2020,58788
1488,2021,58663
1489,2005,35938
1489,2006,36400
1489,2007,36650
1489,2008,37149
1489,2009,37424
1489,2010,37707
1489,2011,37960
1489,2012,38255
1489,2013,38505
1489,2014,39056
1489,2015,39458
1489,2016,39897
1489,2017,40230
1489,2018,40881
1489,2019,41208
1489,2020,41347
1489,2021,41567
1490,2005,98969
1490,2006,99826
1490,2007,100563
1490,2008,101124
1490,2009,102091
1490,2010,102903
1490,2011,103658
1490,2012,104380
1490,2013,105419
1490,2014,106410
1490,2015,107817
1490,2016,109150
1490,2017,110191
1490,2018,111187
1490,2019,112089
1490,2020,112537
1490,2021,112826
1491,2005,22274
1491,2006,22309
1491,2007,22413
1491,2008,22574
1491,2009,22627
1491,2010,22786
1491,2011,22930
1491,2012,22947
1491,2013,23134
1491,2014,23150
1491,2015,23392
1491,2016,23768
1491,2017,24162
1491,2018,24292
1491,2019,24481
1491,2020,24492
1491,2021,24672
1492,2005,12718
1492,2006,12695
1492,2007,12565
1492,2008,12526
1492,2009,12416
1492,2010,12276
1492,2011,12202
1492,2012,12184
1492,2013,12192
1492,2014,12279
1492,2015,12562
1492,2016,12751
1492,2017,12662
1492,2018,12674
1492,2019,12555
1492,2020,12375
1492,2021,12252
1493,2005,23849
1493,2006,23882
1493,2007,23810
1493,2008,23759
1493,2009,23739
1493,2010,23687
1493,2011,23684
1493,2012,23685
1493,2013,23811
1493,2014,23861
1493,2015,23973
1493,2016,24136
1493,2017,24193
1493,2018,24269
1493,2019,24420
1493,2020,24382
1493,2021,24573
1494,2005,37289
1494,2006,37430
1494,2007,37666
1494,2008,37809
1494,2009,37893
1494,2010,37948
1494,2011,38087
1494,2012,38156
1494,2013,38306
1494,2014,38649
1494,2015,38886
1494,2016,39111
1494,2017,39383
1494,2018,39743
1494,2019,39947
1494,2020,40173
1494,2021,40282
1495,2005,18549
1495,2006,18550
1495,2007,18497
1495,2008,18449
1495,2009,18385
1495,2010,18243
1495,2011,18146
1495,2012,18196
1495,2013,18478
1495,2014,18641
1495,2015,18584
1495,2016,18850
1495,2017,18710
1495,2018,18684
1495,2019,18646
1495,2020,18482
1495,2021,18517
1496,2005,49883
1496,2006,50038
1496,2007,50088
1496,2008,50487
1496,2009,50850
1496,2010,51254
1496,2011,51589
1496,2012,52017
1496,2013,52624
1496,2014,52903
1496,2015,53317
1496,2016,53876
1496,2017,54699
1496,2018,55415
1496,2019,56046
1496,2020,56442
1496,2021,56650
1497,2005,8831
1497,2006,8831
1497,2007,8787
1497,2008,8794
1497,2009,8847
1497,2010,8830
1497,2011,8780
1497,2012,8815
1497,2013,8784
1497,2014,8862
1497,2015,8953
1497,2016,9014
1497,2017,9065
1497,2018,9143
1497,2019,9168
1497,2020,9184
1497,2021,9190
1498,2005,12520
1498,2006,12636
1498,2007,12633
1498,2008,12675
1498,2009,12613
1498,2010,12555
1498,2011,12550
1498,2012,12530
1498,2013,12531
1498,2014,12568
1498,2015,12624
1498,2016,12743
1498,2017,12772
1498,2018,12770
1498,2019,12782
1498,2020,12729
1498,2021,12763
1499,2005,31051
1499,2006,31132
1499,2007,31200
1499,2008,31261
1499,2009,31330
1499,2010,31433
1499,2011,31610
1499,2012,31592
1499,2013,31875
1499,2014,32076
1499,2015,32401
1499,2016,32674
1499,2017,32935
1499,2018,33004
1499,2019,33073
1499,2020,33055
1499,2021,33074
1715,2005,11793
1715,2006,11782
1715,2007,11731
1715,2008,11660
1715,2009,11701
1715,2010,11689
1715,2011,11654
1715,2012,11745
1715,2013,11776
1715,2014,11859
1715,2015,11779
1715,2016,11775
1715,2017,11877
1715,2018,11923
1715,2019,12039
1715,2020,12071
1715,2021,12087
1730,2005,8576
1730,2006,8644
1730,2007,8620
1730,2008,8619
1730,2009,8540
1730,2010,8486
1730,2011,8411
1730,2012,8441
1730,2013,8371
1730,2014,8383
1730,2015,8421
1730,2016,8436
1730,2017,8517
1730,2018,8452
1730,2019,8434
1730,2020,8403
1730,2021,8349
1737,2005,12942
1737,2006,12921
1737,2007,12851
1737,2008,12674
1737,2009,12471
1737,2010,12375
1737,2011,12266
1737,2012,12173
1737,2013,11962
1737,2014,11934
1737,2015,11839
1737,2016,12093
1737,2017,11808
1737,2018,11634
1737,2019,11530
1737,2020,11457
1737,2021,11372
1760,2005,4522
1760,2006,4506
1760,2007,4482
1760,2008,4373
1760,2009,4351
1760,2010,4259
1760,2011,4207
1760,2012,4132
1760,2013,4111
1760,2014,4085
1760,2015,4010
1760,2016,4028
1760,2017,4104
1760,2018,4034
1760,2019,3992
1760,2020,3965
1760,2021,3918
1761,2005,14342
1761,2006,14448
1761,2007,14514
1761,2008,14628
1761,2009,14808
1761,2010,14902
1761,2011,14913
1761,2012,15032
1761,2013,15108
1761,2014,15230
1761,2015,15391
1761,2016,15694
1761,2017,16099
1761,2018,16399
1761,2019,16507
1761,2020,16624
1761,2021,16721
1762,2005,3980
1762,2006,3924
1762,2007,3865
1762,2008,3803
1762,2009,3779
1762,2010,3755
1762,2011,3689
1762,2012,3628
1762,2013,3637
1762,2014,3637
1762,2015,3647
1762,2016,3719
1762,2017,3738
1762,2018,3754
1762,2019,3705
1762,2020,3686
1762,2021,3634
1763,2005,11499
1763,2006,11446
1763,2007,11425
1763,2008,11390
1763,2009,11379
1763,2010,11244
1763,2011,11203
1763,2012,11288
1763,2013,11252
1763,2014,11340
1763,2015,11342
1763,2016,11411
1763,2017,11464
1763,2018,11483
1763,2019,11461
1763,2020,11482
1763,2021,11565
1764,2005,9394
1764,2006,9318
1764,2007,9286
1764,2008,9230
1764,2009,9125
1764,2010,9064
1764,2011,8993
1764,2012,8919
1764,2013,8902
1764,2014,8929
1764,2015,8914
1764,2016,9036
1764,2017,8974
1764,2018,8960
1764,2019,8984
1764,2020,8989
1764,2021,9030
1765,2005,9785
1765,2006,9792
1765,2007,9841
1765,2008,9915
1765,2009,9880
1765,2010,9810
1765,2011,9781
1765,2012,9813
1765,2013,9896
1765,2014,9737
1765,2015,9791
1765,2016,9878
1765,2017,9864
1765,2018,9895
1765,2019,9927
1765,2020,9856
1765,2021,9800
1766,2005,13566
1766,2006,13573
1766,2007,13547
1766,2008,13456
1766,2009,13324
1766,2010,13231
1766,2011,13118
1766,2012,13078
1766,2013,12981
1766,2014,13065
1766,2015,13172
1766,2016,13376
1766,2017,13278
1766,2018,13209
1766,2019,13253
1766,2020,13283
1766,2021,13295
1780,2005,81830
1780,2006,82577
1780,2007,83341
1780,2008,83701
1780,2009,84434
1780,2010,85462
1780,2011,86070
1780,2012,86587
1780,2013,87397
1780,2014,87908
1780,2015,88759
1780,2016,89701
1780,2017,90627
1780,2018,91987
1780,2019,93336
1780,2020,94194
1780,2021,94752
1781,2005,23826
1781,2006,23769
1781,2007,23825
1781,2008,23891
1781,2009,23904
1781,2010,23752
1781,2011,23630
1781,2012,23645
1781,2013,23878
1781,2014,24027
1781,2015,24162
1781,2016,24556
1781,2017,24524
1781,2018,24211
1781,2019,24134
1781,2020,24059
1781,2021,23960
1782,2005,10984
1782,2006,10918
1782,2007,10755
1782,2008,10658
1782,2009,10602
1782,2010,10540
1782,2011,10484
1782,2012,10516
1782,2013,10525
1782,2014,10568
1782,2015,10571
1782,2016,10904
1782,2017,10717
1782,2018,10766
1782,2019,10574
1782,2020,10432
1782,2021,10334
1783,2005,13307
1783,2006,13095
1783,2007,12952
1783,2008,12772
1783,2009,12597
1783,2010,12440
1783,2011,12229
1783,2012,12115
1783,2013,12003
1783,2014,11860
1783,2015,11767
1783,2016,11857
1783,2017,11709
1783,2018,11609
1783,2019,11521
1783,2020,11429
1783,2021,11458
1784,2005,26222
1784,2006,26082
1784,2007,26189
1784,2008,26118
1784,2009,26038
1784,2010,25975
1784,2011,25831
1784,2012,25755
1784,2013,25740
1784,2014,25689
1784,2015,25751
1784,2016,25960
1784,2017,25955
1784,2018,25984
1784,2019,25929
1784,2020,25802
1784,2021,25731
1785,2005,16051
1785,2006,15941
1785,2007,15837
1785,2008,15756
1785,2009,15579
1785,2010,15517
1785,2011,15358
1785,2012,15268
1785,2013,15232
1785,2014,15284
1785,2015,15310
1785,2016,15559
1785,2017,15651
1785,2018,15560
1785,2019,15369
1785,2020,15332
1785,2021,15302
1814,2005,7037
1814,2006,7055
1814,2007,7056
1814,2008,7072
1814,2009,7083
1814,2010,7095
1814,2011,7184
1814,2012,7254
1814,2013,7241
1814,2014,7313
1814,2015,7446
1814,2016,7582
1814,2017,7805
1814,2018,8047
1814,2019,8159
1814,2020,8396
1814,2021,8519
1860,2005,6127
1860,2006,6034
1860,2007,5910
1860,2008,5859
1860,2009,5778
1860,2010,5679
1860,2011,5614
1860,2012,5545
1860,2013,5567
1860,2014,5646
1860,2015,5643
1860,2016,5692
1860,2017,5627
1860,2018,5616
1860,2019,5653
1860,2020,5623
1860,2021,5549
1861,2005,15286
1861,2006,15257
1861,2007,15236
1861,2008,15219
1861,2009,15195
1861,2010,15231
1861,2011,15201
1861,2012,15240
1861,2013,15218
1861,2014,15256
1861,2015,15450
1861,2016,15555
1861,2017,15816
1861,2018,15839
1861,2019,15815
1861,2020,15866
1861,2021,16039
1862,2005,10081
1862,2006,9993
1862,2007,9885
1862,2008,9818
1862,2009,9687
1862,2010,9614
1862,2011,9528
1862,2012,9448
1862,2013,9469
1862,2014,9500
1862,2015,9514
1862,2016,9573
1862,2017,9631
1862,2018,9625
1862,2019,9626
1862,2020,9583
1862,2021,9483
1863,2005,7613
1863,2006,7527
1863,2007,7458
1863,2008,7345
1863,2009,7316
1863,2010,7200
1863,2011,7119
1863,2012,6963
1863,2013,6947
1863,2014,6907
1863,2015,7001
1863,2016,7105
1863,2017,7073
1863,2018,6948
1863,2019,6958
1863,2020,6828
1863,2021,6774
1864,2005,5303
1864,2006,5229
1864,2007,5171
1864,2008,5112
1864,2009,5037
1864,2010,4916
1864,2011,4854
1864,2012,4827
1864,2013,4856
1864,2014,4889
1864,2015,4900
1864,2016,4977
1864,2017,4905
1864,2018,4808
1864,2019,4732
1864,2020,4640
1864,2021,4567
1880,2005,127225
1880,2006,128470
1880,2007,129938
1880,2008,131797
1880,2009,133494
1880,2010,134938
1880,2011,136487
1880,2012,138294
1880,2013,139862
1880,2014,141836
1880,2015,143445
1880,2016,145814
1880,2017,149396
1880,2018,152373
1880,2019,154605
1880,2020,155234
1880,2021,155742
1881,2005,19446
1881,2006,19608
1881,2007,19809
1881,2008,20117
1881,2009,20173
1881,2010,20413
1881,2011,20455
1881,2012,20680
1881,2013,20841
1881,2014,20951
1881,2015,21082
1881,2016,21253
1881,2017,21414
1881,2018,21540
1881,2019,21626
1881,2020,21733
1881,2021,22002
1882,2005,11445
1882,2006,11453
1882,2007,11377
1882,2008,11373
1882,2009,11293
1882,2010,11259
1882,2011,11111
1882,2012,10987
1882,2013,11046
1882,2014,11091
1882,2015,11125
1882,2016,11250
1882,2017,11138
1882,2018,11273
1882,2019,11334
1882,2020,11418
1882,2021,11468
1883,2005,27822
1883,2006,27797
1883,2007,27654
1883,2008,27556
1883,2009,27463
1883,2010,27436
1883,2011,27345
1883,2012,27338
1883,2013,27450
1883,2014,27810
1883,2015,27999
1883,2016,28248
1883,2017,28143
1883,2018,28153
1883,2019,30237
1883,2020,30114
1883,2021,30279
1884,2005,10454
1884,2006,10456
1884,2007,10426
1884,2008,10352
1884,2009,10313
1884,2010,10421
1884,2011,10394
1884,2012,10318
1884,2013,10364
1884,2014,10310
1884,2015,10460
1884,2016,10620
1884,2017,10686
1884,2018,10677
1884,2019,10672
1884,2020,10628
1884,2021,10658
1885,2005,23176
1885,2006,23008
1885,2007,23039
1885,2008,23033
1885,2009,22957
1885,2010,22954
1885,2011,23014
1885,2012,22878
1885,2013,23067
1885,2014,23158
1885,2015,23446
1885,2016,23626
1885,2017,23482
1885,2018,23438
1885,2019,23435
1885,2020,23499
1885,2021,23428
1904,2005,4754
1904,2006,4740
1904,2007,4674
1904,2008,4614
1904,2009,4555
1904,2010,4433
1904,2011,4398
1904,2012,4379
1904,2013,4397
1904,2014,4419
1904,2015,4454
1904,2016,4404
1904,2017,4408
1904,2018,4406
1904,2019,4366
1904,2020,4341
1904,2021,4342
1907,2005,10175
1907,2006,10083
1907,2007,10096
1907,2008,10034
1907,2009,9947
1907,2010,9912
1907,2011,9827
1907,2012,9840
1907,2013,9788
1907,2014,9872
1907,2015,9938
1907,2016,10015
1907,2017,9995
1907,2018,10041
1907,2019,10055
1907,2020,10037
1907,2021,10031
1960,2005,8292
1960,2006,8203
1960,2007,8209
1960,2008,8161
1960,2009,8106
1960,2010,8078
1960,2011,8073
1960,2012,8013
1960,2013,8152
1960,2014,8242
1960,2015,8305
1960,2016,8392
1960,2017,8564
1960,2018,8622
1960,2019,8627
1960,2020,8698
1960,2021,8730
1961,2005,14918
1961,2006,15003
1961,2007,14986
1961,2008,14969
1961,2009,15084
1961,2010,15125
1961,2011,15169
1961,2012,15282
1961,2013,15448
1961,2014,15521
1961,2015,15563
1961,2016,15752
1961,2017,15890
1961,2018,16078
1961,2019,16240
1961,2020,16285
1961,2021,16491
1962,2005,5856
1962,2006,5833
1962,2007,5776
1962,2008,5735
1962,2009,5716
1962,2010,5709
1962,2011,5708
1962,2012,5610
1962,2013,5587
1962,2014,5692
1962,2015,5774
1962,2016,5747
1962,2017,5753
1962,2018,5754
1962,2019,5650
1962,2020,5689
1962,2021,5664
1980,2005,131537
1980,2006,132445
1980,2007,133221
1980,2008,134149
1980,2009,135380
1980,2010,136596
1980,2011,138034
1980,2012,139748
1980,2013,141296
1980,2014,142841
1980,2015,144360
1980,2016,146496
1980,2017,149142
1980,2018,150988
1980,2019,152856
1980,2020,154282
1980,2021,155443
1981,2005,21383
1981,2006,21308
1981,2007,21352
1981,2008,21308
1981,2009,21445
1981,2010,21468
1981,2011,21497
1981,2012,21513
1981,2013,21676
1981,2014,21833
1981,2015,22015
1981,2016,22251
1981,2017,22513
1981,2018,22689
1981,2019,22754
1981,2020,22737
1981,2021,22842
1982,2005,12229
1982,2006,12162
1982,2007,12144
1982,2008,12219
1982,2009,12189
1982,2010,12370
1982,2011,12475
1982,2012,12539
1982,2013,12765
1982,2014,13018
1982,2015,13170
1982,2016,13314
1982,2017,13272
1982,2018,13317
1982,2019,13246
1982,2020,13124
1982,2021,13166
1983,2005,24598
1983,2006,24606
1983,2007,24587
1983,2008,24681
1983,2009,24778
1983,2010,24830
1983,2011,24722
1983,2012,24775
1983,2013,25133
1983,2014,25261
1983,2015,25437
1983,2016,25824
1983,2017,25986
1983,2018,26119
1983,2019,26051
1983,2020,25918
1983,2021,25967
1984,2005,13349
1984,2006,13357
1984,2007,13333
1984,2008,13285
1984,2009,13283
1984,2010,13260
1984,2011,13274
1984,2012,13313
1984,2013,13448
1984,2014,13574
1984,2015,13788
1984,2016,13827
1984,2017,13855
1984,2018,14056
1984,2019,13997
1984,2020,13947
1984,2021,14005
2021,2005,7054
2021,2006,6973
2021,2007,6950
2021,2008,6905
2021,2009,6867
2021,2010,6789
2021,2011,6804
2021,2012,6765
2021,2013,6714
2021,2014,6674
2021,2015,6695
2021,2016,6863
2021,2017,6816
2021,2018,6782
2021,2019,6775
2021,2020,6762
2021,2021,6734
2023,2005,10496
2023,2006,10493
2023,2007,10413
2023,2008,10370
2023,2009,10391
2023,2010,10337
2023,2011,10240
2023,2012,10152
2023,2013,10039
2023,2014,9941
2023,2015,9994
2023,2016,10041
2023,2017,10056
2023,2018,10034
2023,2019,10060
2023,2020,10092
2023,2021,10118
2026,2005,10111
2026,2006,10060
2026,2007,10098
2026,2008,10097
2026,2009,10058
2026,2010,10085
2026,2011,10051
2026,2012,9994
2026,2013,10001
2026,2014,10002
2026,2015,10057
2026,2016,10154
2026,2017,10217
2026,2018,10244
2026,2019,10280
2026,2020,10353
2026,2021,10475
2029,2005,15404
2029,2006,15419
2029,2007,15308
2029,2008,15256
2029,2009,15272
2029,2010,15261
2029,2011,15207
2029,2012,15117
2029,2013,15122
2029,2014,15213
2029,2015,15327
2029,2016,15504
2029,2017,15631
2029,2018,15789
2029,2019,15783
2029,2020,15773
2029,2021,15968
2031,2005,10855
2031,2006,10854
2031,2007,10857
2031,2008,10821
2031,2009,10764
2031,2010,10783
2031,2011,10824
2031,2012,10762
2031,2013,10727
2031,2014,10710
2031,2015,10715
2031,2016,10802
2031,2017,10781
2031,2018,10847
2031,2019,10892
2031,2020,10994
2031,2021,11052
2034,2005,7010
2034,2006,7013
2034,2007,7074
2034,2008,6979
2034,2009,6916
2034,2010,6900
2034,2011,6843
2034,2012,6809
2034,2013,6824
2034,2014,6785
2034,2015,6726
2034,2016,6833
2034,2017,6863
2034,2018,6864
2034,2019,6881
2034,2020,6845
2034,2021,6884
2039,2005,7437
2039,2006,7411
2039,2007,7353
2039,2008,7274
2039,2009,7278
2039,2010,7196
2039,2011,7168
2039,2012,7122
2039,2013,7081
2039,2014,7030
2039,2015,7012
2039,2016,7011
2039,2017,7036
2039,2018,7083
2039,2019,6990
2039,2020,6989
2039,2021,6997
2061,2005,10784
2061,2006,10684
2061,2007,10688
2061,2008,10719
2061,2009,10742
2061,2010,10695
2061,2011,10638
2061,2012,10628
2061,2013,10663
2061,2014,10676
2061,2015,10756
2061,2016,10868
2061,2017,10850
2061,2018,10850
2061,2019,10837
2061,2020,10798
2061,2021,10882
2062,2005,20170
2062,2006,20117
2062,2007,20102
2062,2008,20107
2062,2009,20095
2062,2010,20097
2062,2011,20038
2062,2012,20014
2062,2013,19928
2062,2014,19936
2062,2015,20026
2062,2016,20191
2062,2017,20272
2062,2018,20278
2062,2019,20358
2062,2020,20373
2062,2021,20544
2080,2005,55042
2080,2006,55045
2080,2007,55013
2080,2008,55096
2080,2009,55480
2080,2010,55842
2080,2011,55902
2080,2012,56174
2080,2013,56495
2080,2014,56621
2080,2015,56790
2080,2016,57410
2080,2017,58074
2080,2018,58624
2080,2019,59074
2080,2020,59171
2080,2021,59456
2081,2005,46816
2081,2006,47204
2081,2007,47558
2081,2008,48000
2081,2009,48491
2081,2010,49046
2081,2011,49079
2081,2012,49236
2081,2013,49738
2081,2014,50441
2081,2015,50720
2081,2016,51316
2081,2017,51675
2081,2018,51923
2081,2019,52257
2081,2020,52044
2081,2021,51890
2082,2005,10973
2082,2006,10967
2082,2007,10975
2082,2008,10942
2082,2009,10886
2082,2010,10824
2082,2011,10839
2082,2012,10826
2082,2013,10845
2082,2014,10851
2082,2015,10984
2082,2016,11055
2082,2017,11127
2082,2018,11085
2082,2019,11054
2082,2020,11123
2082,2021,11195
2083,2005,15446
2083,2006,15331
2083,2007,15250
2083,2008,15220
2083,2009,15153
2083,2010,15117
2083,2011,15065
2083,2012,15008
2083,2013,14966
2083,2014,15025
2083,2015,15161
2083,2016,15387
2083,2017,15477
2083,2018,15372
2083,2019,15388
2083,2020,15345
2083,2021,15338
2084,2005,21900
2084,2006,21896
2084,2007,21823
2084,2008,21880
2084,2009,21707
2084,2010,21524
2084,2011,21418
2084,2012,21404
2084,2013,21498
2084,2014,21917
2084,2015,22670
2084,2016,23045
2084,2017,23119
2084,2018,23181
2084,2019,23029
2084,2020,22923
2084,2021,22772
2085,2005,25461
2085,2006,25398
2085,2007,25361
2085,2008,25460
2085,2009,25581
2085,2010,25732
2085,2011,25495
2085,2012,25545
2085,2013,25612
2085,2014,25920
2085,2015,26219
2085,2016,26781
2085,2017,26832
2085,2018,26772
2085,2019,26722
2085,2020,26424
2085,2021,26294
2101,2005,6019
2101,2006,6016
2101,2007,5964
2101,2008,6006
2101,2009,5966
2101,2010,5919
2101,2011,5889
2101,2012,5834
2101,2013,5762
2101,2014,5743
2101,2015,5825
2101,2016,5830
2101,2017,5871
2101,2018,5879
2101,2019,5882
2101,2020,5860
2101,2021,5843
2104,2005,10180
2104,2006,10064
2104,2007,10012
2104,2008,9871
2104,2009,9847
2104,2010,9718
2104,2011,9546
2104,2012,9484
2104,2013,9465
2104,2014,9391
2104,2015,9393
2104,2016,9524
2104,2017,9620
2104,2018,9561
2104,2019,9540
2104,2020,9518
2104,2021,9527
2121,2005,11861
2121,2006,11800
2121,2007,11777
2121,2008,11631
2121,2009,11513
2121,2010,11423
2121,2011,11379
2121,2012,11368
2121,2013,11327
2121,2014,11401
2121,2015,11441
2121,2016,11602
2121,2017,11575
2121,2018,11649
2121,2019,11629
2121,2020,11630
2121,2021,11670
2132,2005,9827
2132,2006,9782
2132,2007,9784
2132,2008,9714
2132,2009,9632
2132,2010,9598
2132,2011,9519
2132,2012,9515
2132,2013,9471
2132,2014,9469
2132,2015,9462
2132,2016,9482
2132,2017,9455
2132,2018,9493
2132,2019,9453
2132,2020,9458
2132,2021,9451
2161,2005,19354
2161,2006,19207
2161,2007,19137
2161,2008,19088
2161,2009,19031
2161,2010,19026
2161,2011,18933
2161,2012,18830
2161,2013,18882
2161,2014,18904
2161,2015,18976
2161,2016,19006
2161,2017,18966
2161,2018,18974
2161,2019,18887
2161,2020,18805
2161,2021,18733
2180,2005,91881
2180,2006,92074
2180,2007,92327
2180,2008,93173
2180,2009,94012
2180,2010,94704
2180,2011,95011
2180,2012,95716
2180,2013,96752
2180,2014,97797
2180,2015,98362
2180,2016,99271
2180,2017,100052
2180,2018,100891
2180,2019,101795
2180,2020,102200
2180,2021,102333
2181,2005,36604
2181,2006,36643
2181,2007,36704
2181,2008,36781
2181,2009,36894
2181,2010,36823
2181,2011,36881
2181,2012,36957
2181,2013,37100
2181,2014,37672
2181,2015,38151
2181,2016,38764
2181,2017,39064
2181,2018,39024
2181,2019,39041
2181,2020,39094
2181,2021,39008
2182,2005,26407
2182,2006,26163
2182,2007,26038
2182,2008,25916
2182,2009,25701
2182,2010,25588
2182,2011,25276
2182,2012,25167
2182,2013,25367
2182,2014,25364
2182,2015,25692
2182,2016,25897
2182,2017,25679
2182,2018,25616
2182,2019,25540
2182,2020,25364
2182,2021,25321
2183,2005,26197
2183,2006,26230
2183,2007,26165
2183,2008,26134
2183,2009,26121
2183,2010,26196
2183,2011,26132
2183,2012,26086
2183,2013,26066
2183,2014,26303
2183,2015,26506
2183,2016,26832
2183,2017,26812
2183,2018,26886
2183,2019,26784
2183,2020,26702
2183,2021,26643
2184,2005,36924
2184,2006,36852
2184,2007,36836
2184,2008,36825
2184,2009,36763
2184,2010,36768
2184,2011,36694
2184,2012,36728
2184,2013,36736
2184,2014,36822
2184,2015,36873
2184,2016,37174
2184,2017,37280
2184,2018,37314
2184,2019,37490
2184,2020,37404
2184,2021,37602
2260,2005,10676
2260,2006,10590
2260,2007,10426
2260,2008,10300
2260,2009,10125
2260,2010,10027
2260,2011,9813
2260,2012,9610
2260,2013,9511
2260,2014,9452
2260,2015,9454
2260,2016,9453
2260,2017,9434
2260,2018,9355
2260,2019,9262
2260,2020,9167
2260,2021,9155
2262,2005,17716
2262,2006,17836
2262,2007,17848
2262,2008,17936
2262,2009,17866
2262,2010,17943
2262,2011,17973
2262,2012,17939
2262,2013,17998
2262,2014,17968
2262,2015,17914
2262,2016,17901
2262,2017,17939
2262,2018,17961
2262,2019,17893
2262,2020,17874
2262,2021,17826
2280,2005,25166
2280,2006,25017
2280,2007,24859
2280,2008,24642
2280,2009,24605
2280,2010,24545
2280,2011,24461
2280,2012,24319
2280,2013,24421
2280,2014,24648
2280,2015,24944
2280,2016,25139
2280,2017,25051
2280,2018,24970
2280,2019,25030
2280,2020,24956
2280,2021,24845
2281,2005,93792
2281,2006,94253
2281,2007,94337
2281,2008,94682
2281,2009,95262
2281,2010,95446
2281,2011,95779
2281,2012,96307
2281,2013,96546
2281,2014,96873
2281,2015,97137
2281,2016,97734
2281,2017,98210
2281,2018,98240
2281,2019,98812
2281,2020,98805
2281,2021,98713
2282,2005,19982
2282,2006,19716
2282,2007,19585
2282,2008,19401
2282,2009,19156
2282,2010,18857
2282,2011,18691
2282,2012,18468
2282,2013,18392
2282,2014,18366
2282,2015,18289
2282,2016,18596
2282,2017,18518
2282,2018,18322
2282,2019,18182
2282,2020,18023
2282,2021,17904
2283,2005,20939
2283,2006,20811
2283,2007,20640
2283,2008,20498
2283,2009,20403
2283,2010,20205
2283,2011,19905
2283,2012,19675
2283,2013,19548
2283,2014,19698
2283,2015,19692
2283,2016,19743
2283,2017,19599
2283,2018,19372
2283,2019,19013
2283,2020,18741
2283,2021,18666
2284,2005,54848
2284,2006,55164
2284,2007,55196
2284,2008,55306
2284,2009,55054
2284,2010,54993
2284,2011,54831
2284,2012,54898
2284,2013,54871
2284,2014,55114
2284,2015,55426
2284,2016,55807
2284,2017,55962
2284,2018,55904
2284,2019,55802
2284,2020,55605
2284,2021,55597
2303,2005,5792
2303,2006,5803
2303,2007,5744
2303,2008,5675
2303,2009,5602
2303,2010,5578
2303,2011,5483
2303,2012,5440
2303,2013,5429
2303,2014,5417
2303,2015,5360
2303,2016,5379
2303,2017,5402
2303,2018,5305
2303,2019,5246
2303,2020,5166
2303,2021,5165
2305,2005,7170
2305,2006,7175
2305,2007,7085
2305,2008,6981
2305,2009,6837
2305,2010,6856
2305,2011,6720
2305,2012,6620
2305,2013,6525
2305,2014,6427
2305,2015,6419
2305,2016,6452
2305,2017,6463
2305,2018,6335
2305,2019,6254
2305,2020,6140
2305,2021,6128
2309,2005,14104
2309,2006,14245
2309,2007,14282
2309,2008,14308
2309,2009,14444
2309,2010,14517
2309,2011,14537
2309,2012,14568
2309,2013,14615
2309,2014,14626
2309,2015,14759
2309,2016,14816
2309,2017,14894
2309,2018,14817
2309,2019,14931
2309,2020,15021
2309,2021,15314
2313,2005,12901
2313,2006,12751
2313,2007,12646
2313,2008,12501
2313,2009,12255
2313,2010,12144
2313,2011,12114
2313,2012,12079
2313,2013,11926
2313,2014,11819
2313,2015,11655
2313,2016,11747
2313,2017,11720
2313,2018,11632
2313,2019,11530
2313,2020,11415
2313,2021,11390
2321,2005,9940
2321,2006,9996
2321,2007,10099
2321,2008,10231
2321,2009,10245
2321,2010,10240
2321,2011,10218
2321,2012,10367
2321,2013,10374
2321,2014,10494
2321,2015,10616
2321,2016,11025
2321,2017,11186
2321,2018,11429
2321,2019,11625
2321,2020,11932
2321,2021,12145
2326,2005,7685
2326,2006,7582
2326,2007,7575
2326,2008,7514
2326,2009,7423
2326,2010,7327
2326,2011,7308
2326,2012,7179
2326,2013,7129
2326,2014,7035
2326,2015,6996
2326,2016,7039
2326,2017,7073
2326,2018,7047
2326,2019,7008
2326,2020,7073
2326,2021,7090
2361,2005,10877
2361,2006,10748
2361,2007,10678
2361,2008,10627
2361,2009,10567
2361,2010,10433
2361,2011,10322
2361,2012,10225
2361,2013,10253
2361,2014,10195
2361,2015,10231
2361,2016,10163
2361,2017,10112
2361,2018,10094
2361,2019,10028
2361,2020,9998
2361,2021,10044
2380,2005,58301
2380,2006,58455
2380,2007,58562
2380,2008,58780
2380,2009,59021
2380,2010,59283
2380,2011,59205
2380,2012,59285
2380,2013,59749
2380,2014,60277
2380,2015,60837
2380,2016,61512
2380,2017,62350
2380,2018,62968
2380,2019,63487
2380,2020,63669
2380,2021,63983
2401,2005,7459
2401,2006,7418
2401,2007,7380
2401,2008,7262
2401,2009,7194
2401,2010,7086
2401,2011,7038
2401,2012,7024
2401,2013,6990
2401,2014,7068
2401,2015,7041
2401,2016,7110
2401,2017,7084
2401,2018,7094
2401,2019,7121
2401,2020,7086
2401,2021,7078
2403,2005,2553
2403,2006,2541
2403,2007,2548
2403,2008,2509
2403,2009,2499
2403,2010,2458
2403,2011,2427
2403,2012,2418
2403,2013,2433
2403,2014,2449
2403,2015,2449
2403,2016,2448
2403,2017,2447
2403,2018,2442
2403,2019,2399
2403,2020,2379
2403,2021,2386
2404,2005,5735
2404,2006,5646
2404,2007,5622
2404,2008,5593
2404,2009,5498
2404,2010,5485
2404,2011,5412
2404,2012,5335
2404,2013,5317
2404,2014,5352
2404,2015,5342
2404,2016,5382
2404,2017,5381
2404,2018,5399
2404,2019,5384
2404,2020,5441
2404,2021,5504
2409,2005,7055
2409,2006,6985
2409,2007,6896
2409,2008,6891
2409,2009,6870
2409,2010,6815
2409,2011,6746
2409,2012,6702
2409,2013,6714
2409,2014,6692
2409,2015,6735
2409,2016,6736
2409,2017,6737
2409,2018,6705
2409,2019,6687
2409,2020,6686
2409,2021,6723
2417,2005,4462
2417,2006,4433
2417,2007,4377
2417,2008,4358
2417,2009,4351
2417,2010,4293
2417,2011,4229
2417,2012,4161
2417,2013,4165
2417,2014,4169
2417,2015,4160
2417,2016,4110
2417,2017,4068
2417,2018,4068
2417,2019,3963
2417,2020,3923
2417,2021,3945
2418,2005,3412
2418,2006,3339
2418,2007,3333
2418,2008,3364
2418,2009,3287
2418,2010,3271
2418,2011,3229
2418,2012,3194
2418,2013,3153
2418,2014,3110
2418,2015,3104
2418,2016,3094
2418,2017,3128
2418,2018,3117
2418,2019,3061
2418,2020,3015
2418,2021,3023
2421,2005,6499
2421,2006,6425
2421,2007,6347
2421,2008,6278
2421,2009,6215
2421,2010,6109
2421,2011,6016
2421,2012,5991
2421,2013,5942
2421,2014,5943
2421,2015,5925
2421,2016,5879
2421,2017,5882
2421,2018,5893
2421,2019,5826
2421,2020,5799
2421,2021,5784
2422,2005,2891
2422,2006,2859
2422,2007,2798
2422,2008,2722
2422,2009,2732
2422,2010,2725
2422,2011,2716
2422,2012,2661
2422,2013,2582
2422,2014,2550
2422,2015,2505
2422,2016,2520
2422,2017,2502
2422,2018,2506
2422,2019,2476
2422,2020,2429
2422,2021,2445
2425,2005,3076
2425,2006,3063
2425,2007,2988
2425,2008,2907
2425,2009,2893
2425,2010,2871
2425,2011,2854
2425,2012,2784
2425,2013,2748
2425,2014,2749
2425,2015,2732
2425,2016,2711
2425,2017,2638
2425,2018,2560
2425,2019,2543
2425,2020,2487
2425,2021,2445
2460,2005,8398
2460,2006,8428
2460,2007,8344
2460,2008,8349
2460,2009,8346
2460,2010,8400
2460,2011,8452
2460,2012,8506
2460,2013,8564
2460,2014,8594
2460,2015,8565
2460,2016,8669
2460,2017,8751
2460,2018,8755
2460,2019,8844
2460,2020,8966
2460,2021,9010
2462,2005,7322
2462,2006,7274
2462,2007,7208
2462,2008,7205
2462,2009,7137
2462,2010,7120
2462,2011,7024
2462,2012,6921
2462,2013,6864
2462,2014,6826
2462,2015,6805
2462,2016,6784
2462,2017,6768
2462,2018,6732
2462,2019,6644
2462,2020,6516
2462,2021,6462
2463,2005,3319
2463,2006,3264
2463,2007,3258
2463,2008,3174
2463,2009,3129
2463,2010,3030
2463,2011,2994
2463,2012,2944
2463,2013,2861
2463,2014,2821
2463,2015,2813
2463,2016,2855
2463,2017,2789
2463,2018,2795
2463,2019,2769
2463,2020,2776
2463,2021,2780
2480,2005,110463
2480,2006,110931
2480,2007,111472
2480,2008,112394
2480,2009,113760
2480,2010,115130
2480,2011,116057
2480,2012,116828
2480,2013,117875
2480,2014,119151
2480,2015,120256
2480,2016,122307
2480,2017,124473
2480,2018,126461
2480,2019,128180
2480,2020,129463
2480,2021,130175
2481,2005,12679
2481,2006,12591
2481,2007,12475
2481,2008,12441
2481,2009,12396
2481,2010,12339
2481,2011,12305
2481,2012,12310
2481,2013,12225
2481,2014,12154
2481,2015,12128
2481,2016,12134
2481,2017,12201
2481,2018,12165
2481,2019,12179
2481,2020,12256
2481,2021,12196
2482,2005,71809
2482,2006,71842
2482,2007,71957
2482,2008,71709
2482,2009,71604
2482,2010,71472
2482,2011,71389
2482,2012,71570
2482,2013,71753
2482,2014,71768
2482,2015,71767
2482,2016,71955
2482,2017,72371
2482,2018,72075
2482,2019,72173
2482,2020,72397
2482,2021,72906
2505,2005,6807
2505,2006,6779
2505,2007,6734
2505,2008,6648
2505,2009,6602
2505,2010,6510
2505,2011,6472
2505,2012,6441
2505,2013,6441
2505,2014,6457
2505,2015,6439
2505,2016,6410
2505,2017,6402
2505,2018,6293
2505,2019,6177
2505,2020,6099
2505,2021,6097
2506,2005,3150
2506,2006,3145
2506,2007,3082
2506,2008,3139
2506,2009,3136
2506,2010,3151
2506,2011,3104
2506,2012,3043
2506,2013,2973
2506,2014,2899
2506,2015,2874
2506,2016,2861
2506,2017,2803
2506,2018,2773
2506,2019,2764
2506,2020,2697
2506,2021,2682
2510,2005,5512
2510,2006,5482
2510,2007,5392
2510,2008,5285
2510,2009,5191
2510,2010,5145
2510,2011,5094
2510,2012,5054
2510,2013,5033
2510,2014,5050
2510,2015,5028
2510,2016,5052
2510,2017,5030
2510,2018,4946
2510,2019,4865
2510,2020,4790
2510,2021,4717
2513,2005,3869
2513,2006,3856
2513,2007,3791
2513,2008,3709
2513,2009,3665
2513,2010,3606
2513,2011,3543
2513,2012,3490
2513,2013,3426
2513,2014,3398
2513,2015,3381
2513,2016,3363
2513,2017,3344
2513,2018,3274
2513,2019,3286
2513,2020,3257
2513,2021,3216
2514,2005,17456
2514,2006,17364
2514,2007,17250
2514,2008,17127
2514,2009,16901
2514,2010,16709
2514,2011,16557
2514,2012,16483
2514,2013,16350
2514,2014,16264
2514,2015,16198
2514,2016,16178
2514,2017,16117
2514,2018,15988
2514,2019,15811
2514,2020,15732
2514,2021,15678
2518,2005,5220
2518,2006,5158
2518,2007,5078
2518,2008,4957
2518,2009,4911
2518,2010,4802
2518,2011,4799
2518,2012,4762
2518,2013,4692
2518,2014,4692
2518,2015,4583
2518,2016,4514
2518,2017,4434
2518,2018,4387
2518,2019,4278
2518,2020,4191
2518,2021,4187
2521,2005,6793
2521,2006,6682
2521,2007,6515
2521,2008,6420
2521,2009,6302
2521,2010,6275
2521,2011,6260
2521,2012,6266
2521,2013,6279
2521,2014,6258
2521,2015,6163
2521,2016,6082
2521,2017,6063
2521,2018,6001
2521,2019,6008
2521,2020,5917
2521,2021,5919
2523,2005,19032
2523,2006,18899
2523,2007,18798
2523,2008,18642
2523,2009,18471
2523,2010,18354
2523,2011,18237
2523,2012,18204
2523,2013,18227
2523,2014,18116
2523,2015,18005
2523,2016,17826
2523,2017,17696
2523,2018,17487
2523,2019,17369
2523,2020,17309
2523,2021,17298
2560,2005,8642
2560,2006,8633
2560,2007,8523
2560,2008,8442
2560,2009,8366
2560,2010,8313
2560,2011,8226
2560,2012,8162
2560,2013,8123
2560,2014,8122
2560,2015,8125
2560,2016,8134
2560,2017,8206
2560,2018,8070
2560,2019,7999
2560,2020,7983
2560,2021,7934
2580,2005,72595
2580,2006,73142
2580,2007,72973
2580,2008,73209
2580,2009,73743
2580,2010,73936
2580,2011,74174
2580,2012,74653
2580,2013,75103
2580,2014,75659
2580,2015,75772
2580,2016,76399
2580,2017,77065
2580,2018,77389
2580,2019,77645
2580,2020,78027
2580,2021,78296
2581,2005,40774
2581,2006,40880
2581,2007,40900
2581,2008,40839
2581,2009,40799
2581,2010,40831
2581,2011,40855
2581,2012,40979
2581,2013,41177
2581,2014,41401
2581,2015,41434
2581,2016,41784
2581,2017,42045
2581,2018,41953
2581,2019,42104
2581,2020,42036
2581,2021,42117
2582,2005,28106
2582,2006,27916
2582,2007,27744
2582,2008,27450
2582,2009,27329
2582,2010,27387
2582,2011,27535
2582,2012,27483
2582,2013,27721
2582,2014,27758
2582,2015,27779
2582,2016,27898
2582,2017,28032
2582,2018,27894
2582,2019,27888
2582,2020,27866
2582,2021,27963
2583,2005,10137
2583,2006,10168
2583,2007,10142
2583,2008,10122
2583,2009,10065
2583,2010,10007
2583,2011,9991
2583,2012,9855
2583,2013,9827
2583,2014,9711
2583,2015,9765
2583,2016,9801
2583,2017,9733
2583,2018,9686
2583,2019,9593
2583,2020,9504
2583,2021,9404
2584,2005,23065
2584,2006,23175
2584,2007,23020
2584,2008,22995
2584,2009,22894
2584,2010,22866
2584,2011,22875
2584,2012,22863
2584,2013,23069
2584,2014,23085
2584,2015,23012
2584,2016,22986
2584,2017,22906
2584,2018,22750
2584,2019,22619
2584,2020,22393
2584,2021,22246
