kommun,year,mean_alder
0114,2005,37.861
0114,2006,38.073
0114,2007,38.186
0114,2008,38.371
0114,2009,38.558
0114,2010,38.642
0114,2011,38.753
0114,2012,38.861
0114,2013,38.84
0114,2014,38.938
0114,2015,38.87
0114,2016,38.881
0114,2017,38.861
0114,2018,38.87
0114,2019,38.807
0114,2020,38.901
0114,2021,38.999
0115,2005,36.471
0115,2006,36.566
0115,2007,36.684
0115,2008,36.722
0115,2009,36.88
0115,2010,36.963
0115,2011,37.09
0115,2012,37.297
0115,2013,37.484
0115,2014,37.726
0115,2015,37.886
0115,2016,38.113
0115,2017,38.191
0115,2018,38.371
0115,2019,38.532
0115,2020,38.789
0115,2021,39.12
0117,2005,37.214
0117,2006,37.349
0117,2007,37.625
0117,2008,37.898
0117,2009,38.147
0117,2010,38.415
0117,2011,38.691
0117,2012,38.853
0117,2013,39.18
0117,2014,39.386
0117,2015,39.444
0117,2016,39.526
0117,2017,39.589
0117,2018,39.793
0117,2019,40.123
0117,2020,40.147
0117,2021,40.115
0120,2005,36.455
0120,2006,36.643
0120,2007,36.633
0120,2008,36.87
0120,2009,37.211
0120,2010,37.387
0120,2011,37.59
0120,2012,37.89
0120,2013,38.218
0120,2014,38.448
0120,2015,38.659
0120,2016,38.875
0120,2017,38.906
0120,2018,39.11
0120,2019,39.404
0120,2020,39.808
0120,2021,40.099
0123,2005,38.864
0123,2006,38.877
0123,2007,38.858
0123,2008,38.924
0123,2009,38.961
0123,2010,38.991
0123,2011,39.007
0123,2012,39.094
0123,2013,39.108
0123,2014,39.01
0123,2015,38.96
0123,2016,38.871
0123,2017,38.717
0123,2018,38.635
0123,2019,38.582
0123,2020,38.594
0123,2021,38.592
0125,2005,36.959
0125,2006,37.195
0125,2007,37.168
0125,2008,37.435
0125,2009,37.565
0125,2010,37.805
0125,2011,38.03
0125,2012,38.189
0125,2013,38.387
0125,2014,38.507
0125,2015,38.675
0125,2016,38.852
0125,2017,38.917
0125,2018,39.075
0125,2019,39.272
0125,2020,39.55
0125,2021,39.689
0126,2005,36.573
0126,2006,36.582
0126,2007,36.537
0126,2008,36.455
0126,2009,36.521
0126,2010,36.481
0126,2011,36.528
0126,2012,36.568
0126,2013,36.619
0126,2014,36.665
0126,2015,36.758
0126,2016,36.78
0126,2017,36.776
0126,2018,36.874
0126,2019,37.048
0126,2020,37.264
0126,2021,37.475
0127,2005,36.254
0127,2006,36.352
0127,2007,36.326
0127,2008,36.404
0127,2009,36.498
0127,2010,36.57
0127,2011,36.581
0127,2012,36.544
0127,2013,36.622
0127,2014,36.728
0127,2015,36.867
0127,2016,36.888
0127,2017,36.925
0127,2018,36.975
0127,2019,37.088
0127,2020,37.269
0127,2021,37.483
0128,2005,36.506
0128,2006,36.494
0128,2007,36.477
0128,2008,36.682
0128,2009,36.996
0128,2010,37.277
0128,2011,37.409
0128,2012,37.589
0128,2013,37.77
0128,2014,37.852
0128,2015,37.897
0128,2016,38.116
0128,2017,38.363
0128,2018,38.387
0128,2019,38.716
0128,2020,38.849
0128,2021,38.83
0136,2005,37.124
0136,2006,37.197
0136,2007,37.274
0136,2008,37.304
0136,2009,37.395
0136,2010,37.519
0136,2011,37.584
0136,2012,37.659
0136,2013,37.723
0136,2014,37.74
0136,2015,37.766
0136,2016,37.742
0136,2017,37.651
0136,2018,37.621
0136,2019,37.611
0136,2020,37.622
0136,2021,37.691
0138,2005,36.631
0138,2006,36.847
0138,2007,36.982
0138,2008,37.27
0138,2009,37.545
0138,2010,37.745
0138,2011,37.981
0138,2012,38.247
0138,2013,38.436
0138,2014,38.456
0138,2015,38.541
0138,2016,38.652
0138,2017,38.894
0138,2018,39.012
0138,2019,39.314
0138,2020,39.444
0138,2021,39.661
0139,2005,37.47
0139,2006,37.682
0139,2007,37.56
0139,2008,37.625
0139,2009,37.708
0139,2010,37.809
0139,2011,37.915
0139,2012,38.041
0139,2013,38.176
0139,2014,38.136
0139,2015,38.062
0139,2016,37.912
0139,2017,37.927
0139,2018,37.597
0139,2019,37.654
0139,2020,37.542
0139,2021,37.47
0140,2005,37.181
0140,2006,37.18
0140,2007,37.101
0140,2008,37.157
0140,2009,37.156
0140,2010,37.454
0140,2011,37.864
0140,2012,38.014
0140,2013,38.221
0140,2014,38.477
0140,2015,38.334
0140,2016,38.577
0140,2017,38.616
0140,2018,38.657
0140,2019,39.05
0140,2020,39.115
0140,2021,39.069
0160,2005,39.181
0160,2006,39.231
0160,2007,39.31
0160,2008,39.416
0160,2009,39.498
0160,2010,39.571
0160,2011,39.654
0160,2012,39.688
0160,2013,39.782
0160,2014,39.891
0160,2015,39.94
0160,2016,40.032
0160,2017,40.075
0160,2018,40.192
0160,2019,40.364
0160,2020,40.461
0160,2021,40.541
0162,2005,39.888
0162,2006,39.772
0162,2007,39.689
0162,2008,39.773
0162,2009,39.793
0162,2010,39.757
0162,2011,39.71
0162,2012,39.817
0162,2013,39.923
0162,2014,40.036
0162,2015,40.171
0162,2016,40.215
0162,2017,40.365
0162,2018,40.436
0162,2019,40.792
0162,2020,41.041
0162,2021,41.163
0163,2005,37.648
0163,2006,37.569
0163,2007,37.553
0163,2008,37.604
0163,2009,37.645
0163,2010,37.665
0163,2011,37.747
0163,2012,37.858
0163,2013,37.931
0163,2014,38.069
0163,2015,38.188
0163,2016,38.266
0163,2017,38.401
0163,2018,38.553
0163,2019,38.598
0163,2020,38.757
0163,2021,38.86
0180,2005,39.216
0180,2006,39.064
0180,2007,38.917
0180,2008,38.784
0180,2009,38.624
0180,2010,38.463
0180,2011,38.371
0180,2012,38.31
0180,2013,38.284
0180,2014,38.299
0180,2015,38.356
0180,2016,38.429
0180,2017,38.505
0180,2018,38.599
0180,2019,38.726
0180,2020,38.898
0180,2021,39.128
0181,2005,38.369
0181,2006,38.384
0181,2007,38.265
0181,2008,38.264
0181,2009,38.409
0181,2010,38.434
0181,2011,38.368
0181,2012,38.351
0181,2013,38.417
0181,2014,38.522
0181,2015,38.67
0181,2016,38.687
0181,2017,38.757
0181,2018,38.813
0181,2019,38.864
0181,2020,38.847
0181,2021,38.934
0182,2005,37.627
0182,2006,37.541
0182,2007,37.561
0182,2008,37.552
0182,2009,37.518
0182,2010,37.524
0182,2011,37.619
0182,2012,37.787
0182,2013,37.882
0182,2014,37.945
0182,2015,38.017
0182,2016,38.172
0182,2017,38.266
0182,2018,38.377
0182,2019,38.555
0182,2020,38.749
0182,2021,38.984
0183,2005,38.855
0183,2006,38.749
0183,2007,38.551
0183,2008,38.401
0183,2009,38.143
0183,2010,38.015
0183,2011,37.897
0183,2012,37.591
0183,2013,37.37
0183,2014,37.397
0183,2015,37.179
0183,2016,37.093
0183,2017,37.06
0183,2018,37.045
0183,2019,36.977
0183,2020,37.068
0183,2021,37.233
0184,2005,40.6
0184,2006,40.444
0184,2007,40.266
0184,2008,39.901
0184,2009,39.686
0184,2010,39.516
0184,2011,39.375
0184,2012,39.226
0184,2013,39.166
0184,2014,39.092
0184,2015,38.923
0184,2016,38.772
0184,2017,38.714
0184,2018,38.698
0184,2019,38.737
0184,2020,38.794
0184,2021,38.871
0186,2005,40.752
0186,2006,40.632
0186,2007,40.525
0186,2008,40.568
0186,2009,40.536
0186,2010,40.402
0186,2011,40.511
0186,2012,40.617
0186,2013,40.631
0186,2014,40.687
0186,2015,40.584
0186,2016,40.608
0186,2017,40.731
0186,2018,40.822
0186,2019,40.936
0186,2020,41.175
0186,2021,41.464
0187,2005,38.08
0187,2006,38.075
0187,2007,38.167
0187,2008,38.37
0187,2009,38.438
0187,2010,38.613
0187,2011,38.746
0187,2012,39.107
0187,2013,39.489
0187,2014,39.783
0187,2015,40.054
0187,2016,40.299
0187,2017,40.744
0187,2018,41.155
0187,2019,41.627
0187,2020,42.296
0187,2021,42.801
0188,2005,42.197
0188,2006,42.494
0188,2007,42.769
0188,2008,43.058
0188,2009,43.312
0188,2010,43.533
0188,2011,43.799
0188,2012,44.062
0188,2013,44.34
0188,2014,44.535
0188,2015,44.684
0188,2016,44.698
0188,2017,44.722
0188,2018,44.802
0188,2019,44.974
0188,2020,45.096
0188,2021,45.293
0191,2005,37.392
0191,2006,37.641
0191,2007,37.637
0191,2008,37.775
0191,2009,37.829
0191,2010,37.89
0191,2011,37.763
0191,2012,37.771
0191,2013,37.767
0191,2014,37.756
0191,2015,37.718
0191,2016,37.525
0191,2017,37.476
0191,2018,37.445
0191,2019,37.532
0191,2020,37.582
0191,2021,37.696
0192,2005,40.36
0192,2006,40.57
0192,2007,40.652
0192,2008,40.813
0192,2009,40.954
0192,2010,41.172
0192,2011,41.418
0192,2012,41.625
0192,2013,41.748
0192,2014,41.92
0192,2015,42.012
0192,2016,42.11
0192,2017,42.058
0192,2018,42.09
0192,2019,42.176
0192,2020,42.206
0192,2021,42.278
0305,2005,36.177
0305,2006,36.58
0305,2007,36.947
0305,2008,37.244
0305,2009,37.538
0305,2010,37.816
0305,2011,38.223
0305,2012,38.512
0305,2013,38.833
0305,2014,39.093
0305,2015,39.3
0305,2016,39.161
0305,2017,39.225
0305,2018,39.24
0305,2019,39.332
0305,2020,39.572
0305,2021,39.781
0319,2005,42.202
0319,2006,42.302
0319,2007,42.439
0319,2008,42.59
0319,2009,42.764
0319,2010,42.883
0319,2011,43.027
0319,2012,43.271
0319,2013,43.366
0319,2014,43.535
0319,2015,43.259
0319,2016,43.061
0319,2017,43.221
0319,2018,43.244
0319,2019,43.42
0319,2020,43.329
0319,2021,43.442
0330,2005,35.74
0330,2006,35.71
0330,2007,35.559
0330,2008,35.612
0330,2009,35.759
0330,2010,35.886
0330,2011,36.026
0330,2012,36.016
0330,2013,36.132
0330,2014,36.215
0330,2015,35.968
0330,2016,35.978
0330,2017,35.804
0330,2018,35.844
0330,2019,36.155
0330,2020,36.391
0330,2021,36.494
0331,2005,41.671
0331,2006,42.033
0331,2007,42.139
0331,2008,42.525
0331,2009,42.785
0331,2010,43.06
0331,2011,43.182
0331,2012,43.504
0331,2013,43.565
0331,2014,43.631
0331,2015,43.525
0331,2016,43.413
0331,2017,43.377
0331,2018,43.567
0331,2019,43.469
0331,2020,43.609
0331,2021,43.497
0360,2005,42.125
0360,2006,42.489
0360,2007,42.646
0360,2008,42.68
0360,2009,42.939
0360,2010,42.936
0360,2011,42.979
0360,2012,43.052
0360,2013,43.227
0360,2014,43.2
0360,2015,43.084
0360,2016,42.879
0360,2017,42.936
0360,2018,42.831
0360,2019,43.056
0360,2020,42.988
0360,2021,43.01
0380,2005,37.807
0380,2006,37.913
0380,2007,37.975
0380,2008,37.985
0380,2009,37.961
0380,2010,38.012
0380,2011,38.129
0380,2012,38.2
0380,2013,38.3
0380,2014,38.399
0380,2015,38.449
0380,2016,38.498
0380,2017,38.445
0380,2018,38.431
0380,2019,38.401
0380,2020,38.47
0380,2021,38.53
0381,2005,40.478
0381,2006,40.7
0381,2007,40.83
0381,2008,40.995
0381,2009,41.109
0381,2010,41.22
0381,2011,41.307
0381,2012,41.305
0381,2013,41.414
0381,2014,41.507
0381,2015,41.47
0381,2016,41.27
0381,2017,41.237
0381,2018,41.196
0381,2019,41.084
0381,2020,41.056
0381,2021,40.941
0382,2005,42.239
0382,2006,42.586
0382,2007,42.846
0382,2008,43.089
0382,2009,43.271
0382,2010,43.472
0382,2011,43.619
0382,2012,43.706
0382,2013,43.867
0382,2014,44.174
0382,2015,44.302
0382,2016,44.252
0382,2017,44.482
0382,2018,44.661
0382,2019,44.849
0382,2020,45.048
0382,2021,45.244
0428,2005,41.943
0428,2006,42.1
0428,2007,42.59
0428,2008,42.923
0428,2009,43.166
0428,2010,43.469
0428,2011,43.681
0428,2012,43.897
0428,2013,44.053
0428,2014,44.084
0428,2015,44.084
0428,2016,43.862
0428,2017,43.665
0428,2018,43.673
0428,2019,43.916
0428,2020,43.892
0428,2021,44.176
0461,2005,40.764
0461,2006,41.013
0461,2007,41.167
0461,2008,41.204
0461,2009,41.286
0461,2010,41.426
0461,2011,41.717
0461,2012,41.907
0461,2013,42.087
0461,2014,42.117
0461,2015,42.217
0461,2016,42.167
0461,2017,42.12
0461,2018,42.215
0461,2019,42.337
0461,2020,42.582
0461,2021,42.779
0480,2005,42.107
0480,2006,42.121
0480,2007,42.169
0480,2008,42.277
0480,2009,42.403
0480,2010,42.436
0480,2011,42.563
0480,2012,42.634
0480,2013,42.562
0480,2014,42.647
0480,2015,42.624
0480,2016,42.539
0480,2017,42.528
0480,2018,42.553
0480,2019,42.618
0480,2020,42.674
0480,2021,42.739
0481,2005,44.171
0481,2006,44.426
0481,2007,44.608
0481,2008,44.846
0481,2009,45.115
0481,2010,45.325
0481,2011,45.39
0481,2012,45.552
0481,2013,45.564
0481,2014,45.412
0481,2015,45.264
0481,2016,45.036
0481,2017,44.828
0481,2018,44.594
0481,2019,44.738
0481,2020,44.682
0481,2021,44.742
0482,2005,42.862
0482,2006,43.4
0482,2007,43.591
0482,2008,43.796
0482,2009,43.94
0482,2010,44.077
0482,2011,44.256
0482,2012,44.542
0482,2013,44.581
0482,2014,44.639
0482,2015,44.58
0482,2016,44.276
0482,2017,44.275
0482,2018,44.493
0482,2019,44.625
0482,2020,44.856
0482,2021,45.273
0483,2005,41.946
0483,2006,42.139
0483,2007,42.163
0483,2008,42.167
0483,2009,42.105
0483,2010,42.226
0483,2011,42.352
0483,2012,42.353
0483,2013,42.217
0483,2014,42.14
0483,2015,42.111
0483,2016,42.024
0483,2017,41.907
0483,2018,41.835
0483,2019,41.814
0483,2020,41.989
0483,2021,42.173
0484,2005,40.742
0484,2006,40.799
0484,2007,40.725
0484,2008,40.605
0484,2009,40.587
0484,2010,40.614
0484,2011,40.568
0484,2012,40.54
0484,2013,40.528
0484,2014,40.438
0484,2015,40.397
0484,2016,40.313
0484,2017,40.278
0484,2018,40.236
0484,2019,40.324
0484,2020,40.459
0484,2021,40.602
0486,2005,40.449
0486,2006,40.517
0486,2007,40.684
0486,2008,40.805
0486,2009,40.859
0486,2010,41.134
0486,2011,41.265
0486,2012,41.443
0486,2013,41.588
0486,2014,41.748
0486,2015,41.964
0486,2016,41.972
0486,2017,42.076
0486,2018,42.144
0486,2019,42.1
0486,2020,42.166
0486,2021,42.205
0488,2005,40.011
0488,2006,40.506
0488,2007,40.877
0488,2008,40.856
0488,2009,41.187
0488,2010,41.445
0488,2011,41.771
0488,2012,41.957
0488,2013,42.218
0488,2014,42.435
0488,2015,42.717
0488,2016,42.809
0488,2017,42.804
0488,2018,42.915
0488,2019,42.989
0488,2020,42.976
0488,2021,43.139
0509,2005,42.588
0509,2006,42.887
0509,2007,43.223
0509,2008,43.42
0509,2009,43.696
0509,2010,44.077
0509,2011,44.352
0509,2012,44.681
0509,2013,44.894
0509,2014,44.99
0509,2015,45.207
0509,2016,44.555
0509,2017,44.504
0509,2018,44.697
0509,2019,44.606
0509,2020,44.796
0509,2021,45.13
0512,2005,43.793
0512,2006,44.075
0512,2007,44.244
0512,2008,44.481
0512,2009,44.818
0512,2010,44.884
0512,2011,45.308
0512,2012,45.597
0512,2013,45.573
0512,2014,45.694
0512,2015,45.765
0512,2016,45.902
0512,2017,45.591
0512,2018,46.137
0512,2019,46.378
0512,2020,46.9
0512,2021,47.343
0513,2005,42.458
0513,2006,42.66
0513,2007,42.823
0513,2008,42.989
0513,2009,43.186
0513,2010,43.466
0513,2011,43.649
0513,2012,43.8
0513,2013,43.755
0513,2014,43.976
0513,2015,44.138
0513,2016,44.119
0513,2017,44.317
0513,2018,44.458
0513,2019,44.651
0513,2020,44.681
0513,2021,44.771
0560,2005,42.977
0560,2006,43.324
0560,2007,43.342
0560,2008,43.402
0560,2009,43.518
0560,2010,43.78
0560,2011,43.696
0560,2012,43.772
0560,2013,43.751
0560,2014,43.609
0560,2015,43.94
0560,2016,44.049
0560,2017,44.264
0560,2018,44.336
0560,2019,44.569
0560,2020,45.194
0560,2021,45.127
0561,2005,42.112
0561,2006,42.181
0561,2007,42.618
0561,2008,42.871
0561,2009,42.981
0561,2010,43.25
0561,2011,43.475
0561,2012,43.838
0561,2013,43.89
0561,2014,43.967
0561,2015,43.976
0561,2016,43.951
0561,2017,44.129
0561,2018,44.384
0561,2019,44.527
0561,2020,44.791
0561,2021,44.814
0562,2005,42.861
0562,2006,43.053
0562,2007,43.225
0562,2008,43.527
0562,2009,43.422
0562,2010,43.523
0562,2011,43.638
0562,2012,43.683
0562,2013,43.584
0562,2014,43.538
0562,2015,43.578
0562,2016,43.288
0562,2017,43.513
0562,2018,43.406
0562,2019,43.429
0562,2020,43.671
0562,2021,43.767
0563,2005,44.188
0563,2006,44.569
0563,2007,44.997
0563,2008,45.439
0563,2009,45.651
0563,2010,46.159
0563,2011,46.658
0563,2012,46.956
0563,2013,47.14
0563,2014,47.331
0563,2015,47.107
0563,2016,46.976
0563,2017,46.836
0563,2018,46.906
0563,2019,47.005
0563,2020,47.475
0563,2021,47.875
0580,2005,38.836
0580,2006,38.881
0580,2007,38.857
0580,2008,38.832
0580,2009,38.735
0580,2010,38.731
0580,2011,38.831
0580,2012,38.872
0580,2013,38.869
0580,2014,38.882
0580,2015,38.952
0580,2016,38.932
0580,2017,38.861
0580,2018,38.865
0580,2019,38.932
0580,2020,38.989
0580,2021,39.114
0581,2005,40.165
0581,2006,40.195
0581,2007,40.167
0581,2008,40.102
0581,2009,40.025
0581,2010,40.084
0581,2011,40.161
0581,2012,40.088
0581,2013,39.986
0581,2014,40.016
0581,2015,40.009
0581,2016,39.949
0581,2017,39.973
0581,2018,40.069
0581,2019,40.147
0581,2020,40.275
0581,2021,40.34
0582,2005,41.139
0582,2006,41.474
0582,2007,41.806
0582,2008,42.092
0582,2009,42.331
0582,2010,42.51
0582,2011,42.676
0582,2012,42.757
0582,2013,42.84
0582,2014,42.9
0582,2015,43.152
0582,2016,43.172
0582,2017,43.087
0582,2018,43.204
0582,2019,43.393
0582,2020,43.563
0582,2021,43.772
0583,2005,41.338
0583,2006,41.493
0583,2007,41.628
0583,2008,41.839
0583,2009,42.045
0583,2010,42.17
0583,2011,42.427
0583,2012,42.579
0583,2013,42.614
0583,2014,42.586
0583,2015,42.582
0583,2016,42.619
0583,2017,42.634
0583,2018,42.649
0583,2019,42.828
0583,2020,42.978
0583,2021,43.155
0584,2005,44.138
0584,2006,44.556
0584,2007,45.011
0584,2008,45.443
0584,2009,45.977
0584,2010,46.345
0584,2011,46.807
0584,2012,47.001
0584,2013,47.16
0584,2014,47.51
0584,2015,47.607
0584,2016,47.703
0584,2017,47.493
0584,2018,47.399
0584,2019,47.911
0584,2020,48.224
0584,2021,48.49
0586,2005,41.176
0586,2006,41.277
0586,2007,41.334
0586,2008,41.316
0586,2009,41.466
0586,2010,41.514
0586,2011,41.594
0586,2012,41.731
0586,2013,41.775
0586,2014,41.874
0586,2015,41.837
0586,2016,41.709
0586,2017,41.561
0586,2018,41.52
0586,2019,41.417
0586,2020,41.446
0586,2021,41.509
0604,2005,41.467
0604,2006,41.536
0604,2007,41.756
0604,2008,41.868
0604,2009,42.257
0604,2010,42.531
0604,2011,42.396
0604,2012,42.485
0604,2013,42.908
0604,2014,43.011
0604,2015,42.719
0604,2016,42.431
0604,2017,41.904
0604,2018,42.104
0604,2019,42.023
0604,2020,42.183
0604,2021,42.187
0617,2005,38.77
0617,2006,39.262
0617,2007,39.313
0617,2008,39.63
0617,2009,39.998
0617,2010,40.255
0617,2011,40.557
0617,2012,40.835
0617,2013,40.711
0617,2014,40.667
0617,2015,40.912
0617,2016,41.057
0617,2017,40.901
0617,2018,40.929
0617,2019,41.198
0617,2020,41.495
0617,2021,41.689
0642,2005,39.781
0642,2006,40.042
0642,2007,40.372
0642,2008,40.433
0642,2009,40.805
0642,2010,41.083
0642,2011,41.259
0642,2012,41.332
0642,2013,41.568
0642,2014,41.612
0642,2015,41.528
0642,2016,41.639
0642,2017,41.692
0642,2018,41.94
0642,2019,42.324
0642,2020,42.471
0642,2021,42.384
0643,2005,37.652
0643,2006,37.538
0643,2007,37.534
0643,2008,37.499
0643,2009,37.677
0643,2010,37.719
0643,2011,37.817
0643,2012,37.975
0643,2013,38.144
0643,2014,38.14
0643,2015,38.004
0643,2016,37.998
0643,2017,37.847
0643,2018,37.882
0643,2019,37.848
0643,2020,37.941
0643,2021,38.028
0662,2005,39.539
0662,2006,39.667
0662,2007,39.828
0662,2008,40.02
0662,2009,40.272
0662,2010,40.534
0662,2011,40.862
0662,2012,41.042
0662,2013,41.183
0662,2014,41.368
0662,2015,41.116
0662,2016,41.129
0662,2017,41.169
0662,2018,41.234
0662,2019,41.296
0662,2020,41.537
0662,2021,41.786
0665,2005,40.189
0665,2006,40.147
0665,2007,40.074
0665,2008,40.261
0665,2009,40.321
0665,2010,40.459
0665,2011,40.492
0665,2012,40.569
0665,2013,40.701
0665,2014,40.767
0665,2015,40.762
0665,2016,40.594
0665,2017,40.567
0665,2018,40.592
0665,2019,40.398
0665,2020,40.478
0665,2021,40.447
0680,2005,39.785
0680,2006,39.77
0680,2007,39.748
0680,2008,39.701
0680,2009,39.716
0680,2010,39.699
0680,2011,39.708
0680,2012,39.709
0680,2013,39.765
0680,2014,39.822
0680,2015,39.832
0680,2016,39.82
0680,2017,39.752
0680,2018,39.738
0680,2019,39.783
0680,2020,39.815
0680,2021,39.915
0682,2005,41.898
0682,2006,41.93
0682,2007,41.869
0682,2008,41.82
0682,2009,41.945
0682,2010,42.093
0682,2011,42.068
0682,2012,42.11
0682,2013,41.989
0682,2014,41.834
0682,2015,41.517
0682,2016,41.316
0682,2017,41.113
0682,2018,41.006
0682,2019,41.123
0682,2020,41.198
0682,2021,41.26
0683,2005,40.534
0683,2006,40.676
0683,2007,40.78
0683,2008,40.979
0683,2009,41.261
0683,2010,41.453
0683,2011,41.494
0683,2012,41.596
0683,2013,41.737
0683,2014,41.756
0683,2015,41.813
0683,2016,41.777
0683,2017,41.762
0683,2018,41.778
0683,2019,41.888
0683,2020,42.038
0683,2021,42.151
0684,2005,41.525
0684,2006,41.6
0684,2007,41.849
0684,2008,42.128
0684,2009,42.261
0684,2010,42.331
0684,2011,42.436
0684,2012,42.642
0684,2013,42.579
0684,2014,42.356
0684,2015,42.302
0684,2016,42.142
0684,2017,42.003
0684,2018,41.963
0684,2019,41.947
0684,2020,41.918
0684,2021,42.077
0685,2005,41.867
0685,2006,42.104
0685,2007,42.163
0685,2008,42.263
0685,2009,42.361
0685,2010,42.459
0685,2011,42.507
0685,2012,42.682
0685,2013,42.775
0685,2014,42.683
0685,2015,42.642
0685,2016,42.476
0685,2017,42.501
0685,2018,42.621
0685,2019,42.889
0685,2020,42.842
0685,2021,42.879
0686,2005,42.746
0686,2006,42.882
0686,2007,43.162
0686,2008,43.588
0686,2009,43.689
0686,2010,43.822
0686,2011,43.912
0686,2012,43.982
0686,2013,44.034
0686,2014,43.909
0686,2015,43.845
0686,2016,43.539
0686,2017,43.131
0686,2018,43.001
0686,2019,43.251
0686,2020,43.295
0686,2021,43.444
0687,2005,42.388
0687,2006,42.425
0687,2007,42.289
0687,2008,42.302
0687,2009,42.548
0687,2010,42.562
0687,2011,42.65
0687,2012,42.702
0687,2013,42.803
0687,2014,42.763
0687,2015,42.923
0687,2016,42.84
0687,2017,42.786
0687,2018,42.804
0687,2019,42.771
0687,2020,42.946
0687,2021,43.231
0760,2005,43.145
0760,2006,43.171
0760,2007,43.114
0760,2008,43.184
0760,2009,43.359
0760,2010,43.599
0760,2011,43.625
0760,2012,43.739
0760,2013,43.58
0760,2014,43.765
0760,2015,43.692
0760,2016,43.314
0760,2017,43.31
0760,2018,42.926
0760,2019,42.962
0760,2020,43.026
0760,2021,43.327
0761,2005,41.927
0761,2006,42.108
0761,2007,42.334
0761,2008,42.246
0761,2009,42.278
0761,2010,42.419
0761,2011,42.84
0761,2012,43.114
0761,2013,43.143
0761,2014,42.467
0761,2015,41.647
0761,2016,41.19
0761,2017,41.15
0761,2018,41.208
0761,2019,41.48
0761,2020,41.914
0761,2021,42.212
0763,2005,44.606
0763,2006,44.717
0763,2007,45.031
0763,2008,45.268
0763,2009,45.65
0763,2010,45.892
0763,2011,45.917
0763,2012,46.065
0763,2013,46.057
0763,2014,46.034
0763,2015,45.868
0763,2016,45.566
0763,2017,45.531
0763,2018,45.595
0763,2019,45.606
0763,2020,45.616
0763,2021,45.934
0764,2005,41.56
0764,2006,41.682
0764,2007,41.677
0764,2008,41.837
0764,2009,42.036
0764,2010,42.059
0764,2011,42.084
0764,2012,41.99
0764,2013,41.725
0764,2014,41.572
0764,2015,41.598
0764,2016,41.426
0764,2017,41.343
0764,2018,41.305
0764,2019,41.351
0764,2020,41.319
0764,2021,41.512
0765,2005,41.82
0765,2006,41.961
0765,2007,41.933
0765,2008,41.867
0765,2009,41.761
0765,2010,41.778
0765,2011,41.838
0765,2012,41.692
0765,2013,41.82
0765,2014,41.779
0765,2015,41.537
0765,2016,41.219
0765,2017,40.627
0765,2018,40.371
0765,2019,40.375
0765,2020,40.288
0765,2021,40.456
0767,2005,43.391
0767,2006,43.507
0767,2007,43.462
0767,2008,43.458
0767,2009,43.683
0767,2010,43.763
0767,2011,44.16
0767,2012,44.437
0767,2013,44.472
0767,2014,44.423
0767,2015,44.146
0767,2016,43.645
0767,2017,43.305
0767,2018,43.185
0767,2019,43.202
0767,2020,43.139
0767,2021,43.348
0780,2005,39.343
0780,2006,39.334
0780,2007,39.366
0780,2008,39.303
0780,2009,39.302
0780,2010,39.358
0780,2011,39.448
0780,2012,39.397
0780,2013,39.321
0780,2014,39.35
0780,2015,39.375
0780,2016,39.355
0780,2017,39.294
0780,2018,39.262
0780,2019,39.257
0780,2020,39.293
0780,2021,39.325
0781,2005,41.718
0781,2006,41.79
0781,2007,41.837
0781,2008,41.944
0781,2009,42.09
0781,2010,42.295
0781,2011,42.512
0781,2012,42.674
0781,2013,42.964
0781,2014,42.995
0781,2015,42.967
0781,2016,42.915
0781,2017,42.882
0781,2018,43.003
0781,2019,43.241
0781,2020,43.407
0781,2021,43.602
0821,2005,44.192
0821,2006,44.18
0821,2007,44.629
0821,2008,44.745
0821,2009,44.993
0821,2010,45.599
0821,2011,45.631
0821,2012,45.693
0821,2013,45.618
0821,2014,45.394
0821,2015,45.154
0821,2016,43.856
0821,2017,43.681
0821,2018,43.724
0821,2019,44.099
0821,2020,44.771
0821,2021,45.119
0834,2005,43.526
0834,2006,43.911
0834,2007,44.035
0834,2008,44.187
0834,2009,44.149
0834,2010,44.648
0834,2011,45.086
0834,2012,45.387
0834,2013,45.701
0834,2014,45.877
0834,2015,45.867
0834,2016,45.595
0834,2017,45.581
0834,2018,45.653
0834,2019,45.794
0834,2020,45.834
0834,2021,46.053
0840,2005,42.768
0840,2006,42.815
0840,2007,43.04
0840,2008,43.133
0840,2009,43.199
0840,2010,43.165
0840,2011,43.147
0840,2012,43.331
0840,2013,43.542
0840,2014,43.703
0840,2015,43.893
0840,2016,43.924
0840,2017,43.813
0840,2018,44.035
0840,2019,44.346
0840,2020,44.502
0840,2021,44.712
0860,2005,43.89
0860,2006,44.277
0860,2007,44.404
0860,2008,44.756
0860,2009,45.152
0860,2010,45.33
0860,2011,45.573
0860,2012,45.618
0860,2013,45.483
0860,2014,45.326
0860,2015,45.047
0860,2016,43.954
0860,2017,43.976
0860,2018,44.357
0860,2019,44.663
0860,2020,44.885
0860,2021,45.169
0861,2005,42.573
0861,2006,42.789
0861,2007,43.004
0861,2008,43.405
0861,2009,43.647
0861,2010,43.942
0861,2011,44.134
0861,2012,44.452
0861,2013,44.221
0861,2014,44.139
0861,2015,43.979
0861,2016,43.797
0861,2017,43.76
0861,2018,43.84
0861,2019,44.126
0861,2020,44.386
0861,2021,44.625
0862,2005,44.111
0862,2006,44.099
0862,2007,44.339
0862,2008,44.617
0862,2009,45.088
0862,2010,45.328
0862,2011,45.668
0862,2012,45.953
0862,2013,45.948
0862,2014,45.799
0862,2015,45.697
0862,2016,45.181
0862,2017,44.962
0862,2018,45.165
0862,2019,45.116
0862,2020,45.394
0862,2021,45.758
0880,2005,40.122
0880,2006,40.203
0880,2007,40.289
0880,2008,40.392
0880,2009,40.307
0880,2010,40.382
0880,2011,40.504
0880,2012,40.457
0880,2013,40.516
0880,2014,40.58
0880,2015,40.506
0880,2016,40.499
0880,2017,40.553
0880,2018,40.571
0880,2019,40.578
0880,2020,40.596
0880,2021,40.642
0881,2005,43.225
0881,2006,43.434
0881,2007,43.585
0881,2008,43.734
0881,2009,43.981
0881,2010,43.986
0881,2011,43.938
0881,2012,44.001
0881,2013,44.053
0881,2014,44.016
0881,2015,43.947
0881,2016,43.309
0881,2017,43.304
0881,2018,43.374
0881,2019,43.666
0881,2020,43.722
0881,2021,43.82
0882,2005,42.152
0882,2006,42.296
0882,2007,42.42
0882,2008,42.509
0882,2009,42.715
0882,2010,42.892
0882,2011,43.036
0882,2012,43.147
0882,2013,43.194
0882,2014,43.172
0882,2015,43.092
0882,2016,42.827
0882,2017,43.028
0882,2018,43.036
0882,2019,43.128
0882,2020,43.273
0882,2021,43.362
0883,2005,43.776
0883,2006,44.043
0883,2007,44.214
0883,2008,44.45
0883,2009,44.549
0883,2010,44.728
0883,2011,44.999
0883,2012,45.168
0883,2013,45.264
0883,2014,45.356
0883,2015,45.448
0883,2016,45.423
0883,2017,45.547
0883,2018,45.612
0883,2019,45.853
0883,2020,46.095
0883,2021,46.264
0884,2005,41.912
0884,2006,42.078
0884,2007,42.256
0884,2008,42.478
0884,2009,42.68
0884,2010,42.917
0884,2011,43.196
0884,2012,43.418
0884,2013,43.714
0884,2014,43.803
0884,2015,43.62
0884,2016,43.454
0884,2017,43.474
0884,2018,43.504
0884,2019,43.787
0884,2020,43.873
0884,2021,44.12
0885,2005,45.86
0885,2006,46.255
0885,2007,46.558
0885,2008,46.847
0885,2009,47.222
0885,2010,47.684
0885,2011,48.016
0885,2012,47.816
0885,2013,48.519
0885,2014,48.686
0885,2015,49.079
0885,2016,48.652
0885,2017,48.99
0885,2018,49.397
0885,2019,50.113
0885,2020,50.639
0885,2021,50.975
0980,2005,41.54
0980,2006,41.804
0980,2007,42.209
0980,2008,42.523
0980,2009,42.716
0980,2010,42.909
0980,2011,43.164
0980,2012,43.362
0980,2013,43.632
0980,2014,43.911
0980,2015,44.109
0980,2016,44.159
0980,2017,44.247
0980,2018,44.286
0980,2019,44.423
0980,2020,44.688
0980,2021,44.755
1060,2005,43.349
1060,2006,43.466
1060,2007,43.805
1060,2008,43.994
1060,2009,44.334
1060,2010,44.668
1060,2011,44.965
1060,2012,45.078
1060,2013,45.315
1060,2014,45.243
1060,2015,45.017
1060,2016,44.549
1060,2017,44.453
1060,2018,44.36
1060,2019,44.613
1060,2020,44.953
1060,2021,45.158
1080,2005,41.096
1080,2006,41.085
1080,2007,41.105
1080,2008,41.029
1080,2009,40.975
1080,2010,40.905
1080,2011,40.986
1080,2012,41.197
1080,2013,41.233
1080,2014,41.247
1080,2015,41.188
1080,2016,41.127
1080,2017,41.237
1080,2018,41.419
1080,2019,41.63
1080,2020,41.831
1080,2021,41.946
1081,2005,42.497
1081,2006,42.534
1081,2007,42.64
1081,2008,42.881
1081,2009,42.975
1081,2010,43.215
1081,2011,43.533
1081,2012,43.661
1081,2013,43.801
1081,2014,43.644
1081,2015,43.389
1081,2016,43.064
1081,2017,42.901
1081,2018,42.843
1081,2019,42.971
1081,2020,43.159
1081,2021,43.464
1082,2005,42.703
1082,2006,42.842
1082,2007,43.064
1082,2008,43.249
1082,2009,43.391
1082,2010,43.542
1082,2011,43.688
1082,2012,43.815
1082,2013,43.809
1082,2014,43.698
1082,2015,43.684
1082,2016,43.6
1082,2017,43.569
1082,2018,43.622
1082,2019,43.648
1082,2020,43.861
1082,2021,44.05
1083,2005,42.793
1083,2006,42.969
1083,2007,43.047
1083,2008,43.264
1083,2009,43.498
1083,2010,43.637
1083,2011,43.855
1083,2012,43.987
1083,2013,44.016
1083,2014,44.063
1083,2015,44.047
1083,2016,43.891
1083,2017,44.025
1083,2018,44.254
1083,2019,44.583
1083,2020,44.931
1083,2021,45.097
1214,2005,39.523
1214,2006,39.652
1214,2007,39.732
1214,2008,39.9
1214,2009,39.926
1214,2010,40.052
1214,2011,40.215
1214,2012,40.504
1214,2013,40.609
1214,2014,40.478
1214,2015,40.248
1214,2016,39.939
1214,2017,39.946
1214,2018,39.875
1214,2019,39.791
1214,2020,39.921
1214,2021,39.964
1230,2005,38.157
1230,2006,38.283
1230,2007,38.44
1230,2008,38.421
1230,2009,38.602
1230,2010,38.67
1230,2011,38.868
1230,2012,38.895
1230,2013,39.162
1230,2014,39.2
1230,2015,39.399
1230,2016,39.328
1230,2017,39.257
1230,2018,39.264
1230,2019,39.064
1230,2020,39.104
1230,2021,39.299
1231,2005,39.673
1231,2006,39.451
1231,2007,39.276
1231,2008,39.273
1231,2009,39.309
1231,2010,39.266
1231,2011,39.265
1231,2012,39.327
1231,2013,39.458
1231,2014,39.381
1231,2015,39.311
1231,2016,39.279
1231,2017,39.153
1231,2018,39.135
1231,2019,38.789
1231,2020,38.836
1231,2021,38.645
1233,2005,40.135
1233,2006,40.212
1233,2007,40.386
1233,2008,40.614
1233,2009,40.769
1233,2010,41.034
1233,2011,41.282
1233,2012,41.532
1233,2013,41.785
1233,2014,41.978
1233,2015,41.99
1233,2016,42.029
1233,2017,42.116
1233,2018,42.087
1233,2019,42.381
1233,2020,42.625
1233,2021,42.72
1256,2005,41.298
1256,2006,41.463
1256,2007,41.858
1256,2008,42.213
1256,2009,42.519
1256,2010,42.487
1256,2011,42.719
1256,2012,42.881
1256,2013,42.811
1256,2014,42.622
1256,2015,42.239
1256,2016,41.886
1256,2017,41.594
1256,2018,41.348
1256,2019,41.227
1256,2020,41.233
1256,2021,41.598
1257,2005,41.933
1257,2006,42.238
1257,2007,42.509
1257,2008,42.564
1257,2009,42.611
1257,2010,42.813
1257,2011,42.93
1257,2012,43.316
1257,2013,43.548
1257,2014,43.642
1257,2015,43.711
1257,2016,43.664
1257,2017,43.555
1257,2018,43.361
1257,2019,43.297
1257,2020,43.085
1257,2021,43.156
1260,2005,39.627
1260,2006,39.624
1260,2007,39.55
1260,2008,39.544
1260,2009,39.636
1260,2010,39.683
1260,2011,39.848
1260,2012,40.1
1260,2013,40.218
1260,2014,40.308
1260,2015,40.453
1260,2016,40.145
1260,2017,40.045
1260,2018,40.038
1260,2019,39.933
1260,2020,40.078
1260,2021,40.119
1261,2005,38.278
1261,2006,38.194
1261,2007,38.264
1261,2008,38.297
1261,2009,38.42
1261,2010,38.525
1261,2011,38.67
1261,2012,38.866
1261,2013,39.016
1261,2014,39.144
1261,2015,39.298
1261,2016,39.376
1261,2017,39.413
1261,2018,39.448
1261,2019,39.662
1261,2020,39.783
1261,2021,39.969
1262,2005,40.261
1262,2006,40.188
1262,2007,40.14
1262,2008,39.969
1262,2009,39.858
1262,2010,39.921
1262,2011,39.958
1262,2012,40.042
1262,2013,40.138
1262,2014,40.213
1262,2015,40.388
1262,2016,40.35
1262,2017,40.462
1262,2018,40.508
1262,2019,40.68
1262,2020,41.093
1262,2021,41.472
1263,2005,38.06
1263,2006,37.989
1263,2007,37.989
1263,2008,38.087
1263,2009,38.236
1263,2010,38.355
1263,2011,38.587
1263,2012,38.63
1263,2013,38.814
1263,2014,38.912
1263,2015,38.946
1263,2016,38.874
1263,2017,38.902
1263,2018,38.944
1263,2019,38.832
1263,2020,38.771
1263,2021,38.673
1264,2005,40.091
1264,2006,40.069
1264,2007,40.007
1264,2008,40.257
1264,2009,40.409
1264,2010,40.581
1264,2011,40.77
1264,2012,40.933
1264,2013,41.012
1264,2014,41.208
1264,2015,41.36
1264,2016,41.246
1264,2017,41.147
1264,2018,41.224
1264,2019,41.357
1264,2020,41.416
1264,2021,41.414
1265,2005,41.392
1265,2006,41.595
1265,2007,41.667
1265,2008,41.972
1265,2009,42.225
1265,2010,42.491
1265,2011,42.732
1265,2012,42.742
1265,2013,42.863
1265,2014,43.059
1265,2015,43.13
1265,2016,43.227
1265,2017,43.121
1265,2018,43.143
1265,2019,43.37
1265,2020,43.31
1265,2021,43.428
1266,2005,41.586
1266,2006,41.65
1266,2007,41.762
1266,2008,41.803
1266,2009,41.982
1266,2010,42.114
1266,2011,42.29
1266,2012,42.383
1266,2013,42.398
1266,2014,42.668
1266,2015,42.601
1266,2016,42.481
1266,2017,42.196
1266,2018,42.362
1266,2019,42.478
1266,2020,42.599
1266,2021,42.82
1267,2005,40.328
1267,2006,40.493
1267,2007,40.485
1267,2008,40.73
1267,2009,40.878
1267,2010,40.848
1267,2011,41.126
1267,2012,41.168
1267,2013,41.292
1267,2014,41.401
1267,2015,41.451
1267,2016,41.466
1267,2017,41.419
1267,2018,41.489
1267,2019,41.691
1267,2020,41.973
1267,2021,42.045
1270,2005,42.808
1270,2006,42.789
1270,2007,42.84
1270,2008,42.834
1270,2009,42.965
1270,2010,42.927
1270,2011,43.105
1270,2012,43.222
1270,2013,43.289
1270,2014,43.265
1270,2015,43.208
1270,2016,43.242
1270,2017,43.42
1270,2018,43.387
1270,2019,43.592
1270,2020,43.725
1270,2021,43.932
1272,2005,41.628
1272,2006,41.827
1272,2007,42.112
1272,2008,42.28
1272,2009,42.346
1272,2010,42.498
1272,2011,42.53
1272,2012,42.817
1272,2013,42.829
1272,2014,42.907
1272,2015,42.928
1272,2016,42.846
1272,2017,42.984
1272,2018,42.845
1272,2019,42.97
1272,2020,43.218
1272,2021,43.516
1273,2005,42.62
1273,2006,42.719
1273,2007,42.853
1273,2008,42.986
1273,2009,43.183
1273,2010,43.089
1273,2011,43.241
1273,2012,43.478
1273,2013,43.48
1273,2014,43.421
1273,2015,43.439
1273,2016,43.243
1273,2017,43.293
1273,2018,43.178
1273,2019,43.418
1273,2020,43.66
1273,2021,43.797
1275,2005,40.952
1275,2006,41.125
1275,2007,41.117
1275,2008,41.215
1275,2009,41.443
1275,2010,41.758
1275,2011,41.598
1275,2012,41.854
1275,2013,41.917
1275,2014,41.8
1275,2015,41.818
1275,2016,41.506
1275,2017,41.57
1275,2018,41.288
1275,2019,41.389
1275,2020,41.418
1275,2021,41.244
1276,2005,41.8
1276,2006,41.902
1276,2007,41.868
1276,2008,42.069
1276,2009,42.187
1276,2010,42.15
1276,2011,42.179
1276,2012,42.277
1276,2013,42.422
1276,2014,42.622
1276,2015,42.613
1276,2016,42.433
1276,2017,42.301
1276,2018,42.365
1276,2019,42.342
1276,2020,42.444
1276,2021,42.493
1277,2005,39.001
1277,2006,38.825
1277,2007,38.797
1277,2008,38.773
1277,2009,38.838
1277,2010,38.976
1277,2011,39.012
1277,2012,39.222
1277,2013,39.363
1277,2014,39.368
1277,2015,39.289
1277,2016,39.192
1277,2017,38.978
1277,2018,38.942
1277,2019,39.129
1277,2020,38.921
1277,2021,38.784
1278,2005,45.258
1278,2006,45.496
1278,2007,45.686
1278,2008,45.901
1278,2009,46.15
1278,2010,46.353
1278,2011,46.649
1278,2012,46.716
1278,2013,46.886
1278,2014,46.94
1278,2015,47.069
1278,2016,46.921
1278,2017,47.02
1278,2018,47.158
1278,2019,47.159
1278,2020,47.398
1278,2021,47.478
1280,2005,39.62
1280,2006,39.409
1280,2007,39.206
1280,2008,38.939
1280,2009,38.655
1280,2010,38.479
1280,2011,38.393
1280,2012,38.272
1280,2013,38.151
1280,2014,38.061
1280,2015,38.018
1280,2016,37.952
1280,2017,37.901
1280,2018,37.872
1280,2019,37.915
1280,2020,37.97
1280,2021,38.027
1281,2005,37.487
1281,2006,37.554
1281,2007,37.494
1281,2008,37.493
1281,2009,37.516
1281,2010,37.575
1281,2011,37.688
1281,2012,37.784
1281,2013,37.885
1281,2014,37.949
1281,2015,38.075
1281,2016,38.161
1281,2017,38.131
1281,2018,38.215
1281,2019,38.267
1281,2020,38.399
1281,2021,38.527
1282,2005,41.249
1282,2006,41.143
1282,2007,41.125
1282,2008,41.058
1282,2009,40.978
1282,2010,40.89
1282,2011,40.798
1282,2012,40.738
1282,2013,40.68
1282,2014,40.646
1282,2015,40.648
1282,2016,40.525
1282,2017,40.463
1282,2018,40.547
1282,2019,40.751
1282,2020,40.887
1282,2021,41.089
1283,2005,40.683
1283,2006,40.62
1283,2007,40.552
1283,2008,40.478
1283,2009,40.486
1283,2010,40.513
1283,2011,40.518
1283,2012,40.46
1283,2013,40.493
1283,2014,40.429
1283,2015,40.359
1283,2016,40.306
1283,2017,40.209
1283,2018,40.175
1283,2019,40.164
1283,2020,40.209
1283,2021,40.362
1284,2005,42.841
1284,2006,42.858
1284,2007,43.063
1284,2008,43.145
1284,2009,43.342
1284,2010,43.441
1284,2011,43.623
1284,2012,43.601
1284,2013,43.702
1284,2014,43.961
1284,2015,44.041
1284,2016,44.143
1284,2017,44.183
1284,2018,44.39
1284,2019,44.569
1284,2020,44.864
1284,2021,44.976
1285,2005,39.406
1285,2006,39.499
1285,2007,39.571
1285,2008,39.574
1285,2009,39.647
1285,2010,39.706
1285,2011,39.842
1285,2012,40.033
1285,2013,40.019
1285,2014,40.081
1285,2015,40.067
1285,2016,40.026
1285,2017,40.053
1285,2018,40.022
1285,2019,40.066
1285,2020,40.123
1285,2021,40.082
1286,2005,43.846
1286,2006,44.076
1286,2007,44.235
1286,2008,44.362
1286,2009,44.505
1286,2010,44.601
1286,2011,44.748
1286,2012,44.844
1286,2013,44.909
1286,2014,45.089
1286,2015,45.044
1286,2016,44.967
1286,2017,45.069
1286,2018,45.213
1286,2019,45.336
1286,2020,45.501
1286,2021,45.529
1287,2005,41.222
1287,2006,41.247
1287,2007,41.252
1287,2008,41.255
1287,2009,41.322
1287,2010,41.376
1287,2011,41.561
1287,2012,41.712
1287,2013,41.735
1287,2014,41.891
1287,2015,41.98
1287,2016,41.973
1287,2017,41.909
1287,2018,41.998
1287,2019,42.004
1287,2020,42.005
1287,2021,42.061
1290,2005,40.863
1290,2006,40.957
1290,2007,41.013
1290,2008,41.048
1290,2009,41.093
1290,2010,41.145
1290,2011,41.248
1290,2012,41.328
1290,2013,41.381
1290,2014,41.402
1290,2015,41.474
1290,2016,41.503
1290,2017,41.511
1290,2018,41.53
1290,2019,41.617
1290,2020,41.697
1290,2021,41.805
1291,2005,45.695
1291,2006,45.943
1291,2007,46.256
1291,2008,46.539
1291,2009,46.877
1291,2010,47.248
1291,2011,47.611
1291,2012,47.939
1291,2013,48.177
1291,2014,48.386
1291,2015,48.511
1291,2016,48.152
1291,2017,48.325
1291,2018,48.575
1291,2019,48.925
1291,2020,49.136
1291,2021,49.452
1292,2005,41.787
1292,2006,41.99
1292,2007,42.179
1292,2008,42.299
1292,2009,42.448
1292,2010,42.61
1292,2011,42.778
1292,2012,42.853
1292,2013,42.933
1292,2014,43.036
1292,2015,43.061
1292,2016,42.988
1292,2017,42.962
1292,2018,43.02
1292,2019,43.232
1292,2020,43.235
1292,2021,43.346
1293,2005,41.661
1293,2006,41.73
1293,2007,41.806
1293,2008,41.912
1293,2009,42.054
1293,2010,42.216
1293,2011,42.425
1293,2012,42.422
1293,2013,42.581
1293,2014,42.678
1293,2015,42.696
1293,2016,42.63
1293,2017,42.669
1293,2018,42.739
1293,2019,42.861
1293,2020,42.964
1293,2021,42.97
1315,2005,41.379
1315,2006,41.309
1315,2007,41.462
1315,2008,41.57
1315,2009,41.695
1315,2010,42.009
1315,2011,42.295
1315,2012,42.362
1315,2013,42.489
1315,2014,42.057
1315,2015,41.752
1315,2016,40.913
1315,2017,41.117
1315,2018,41.357
1315,2019,41.643
1315,2020,41.968
1315,2021,42.293
1380,2005,40.53
1380,2006,40.587
1380,2007,40.704
1380,2008,40.805
1380,2009,40.881
1380,2010,40.904
1380,2011,41.024
1380,2012,41.021
1380,2013,41.047
1380,2014,40.999
1380,2015,40.979
1380,2016,40.938
1380,2017,40.925
1380,2018,40.92
1380,2019,40.946
1380,2020,40.986
1380,2021,41.066
1381,2005,42.148
1381,2006,42.356
1381,2007,42.641
1381,2008,42.901
1381,2009,43.082
1381,2010,43.287
1381,2011,43.447
1381,2012,43.696
1381,2013,43.8
1381,2014,43.746
1381,2015,43.709
1381,2016,43.474
1381,2017,43.378
1381,2018,43.474
1381,2019,43.503
1381,2020,43.798
1381,2021,43.907
1382,2005,41.587
1382,2006,41.775
1382,2007,41.913
1382,2008,42.059
1382,2009,42.213
1382,2010,42.378
1382,2011,42.434
1382,2012,42.668
1382,2013,42.747
1382,2014,42.808
1382,2015,42.86
1382,2016,42.712
1382,2017,42.848
1382,2018,42.844
1382,2019,42.945
1382,2020,43.014
1382,2021,43.142
1383,2005,41.13
1383,2006,41.24
1383,2007,41.396
1383,2008,41.531
1383,2009,41.613
1383,2010,41.733
1383,2011,41.831
1383,2012,42.005
1383,2013,42.159
1383,2014,42.302
1383,2015,42.473
1383,2016,42.539
1383,2017,42.585
1383,2018,42.666
1383,2019,42.777
1383,2020,42.928
1383,2021,43.05
1384,2005,38.438
1384,2006,38.627
1384,2007,38.803
1384,2008,39.083
1384,2009,39.194
1384,2010,39.342
1384,2011,39.548
1384,2012,39.726
1384,2013,39.944
1384,2014,40.086
1384,2015,40.303
1384,2016,40.412
1384,2017,40.448
1384,2018,40.531
1384,2019,40.73
1384,2020,40.99
1384,2021,41.213
1401,2005,37.279
1401,2006,37.373
1401,2007,37.43
1401,2008,37.423
1401,2009,37.52
1401,2010,37.436
1401,2011,37.617
1401,2012,37.686
1401,2013,37.78
1401,2014,37.918
1401,2015,38.103
1401,2016,38.158
1401,2017,38.386
1401,2018,38.495
1401,2019,38.758
1401,2020,38.976
1401,2021,38.991
1402,2005,38.227
1402,2006,38.371
1402,2007,38.549
1402,2008,38.683
1402,2009,38.727
1402,2010,38.693
1402,2011,38.784
1402,2012,38.827
1402,2013,38.862
1402,2014,38.948
1402,2015,38.917
1402,2016,39.0
1402,2017,39.039
1402,2018,39.078
1402,2019,39.082
1402,2020,39.137
1402,2021,39.286
1407,2005,40.149
1407,2006,40.355
1407,2007,40.501
1407,2008,40.76
1407,2009,41.035
1407,2010,41.342
1407,2011,41.743
1407,2012,42.072
1407,2013,42.422
1407,2014,42.721
1407,2015,43.074
1407,2016,43.272
1407,2017,43.565
1407,2018,43.744
1407,2019,44.181
1407,2020,44.551
1407,2021,45.127
1415,2005,38.249
1415,2006,38.422
1415,2007,38.75
1415,2008,39.019
1415,2009,39.296
1415,2010,39.457
1415,2011,39.583
1415,2012,39.724
1415,2013,39.961
1415,2014,40.105
1415,2015,40.311
1415,2016,40.428
1415,2017,40.493
1415,2018,40.591
1415,2019,40.744
1415,2020,40.982
1415,2021,41.15
1419,2005,41.856
1419,2006,42.178
1419,2007,42.471
1419,2008,42.732
1419,2009,43.009
1419,2010,43.479
1419,2011,43.781
1419,2012,44.086
1419,2013,44.408
1419,2014,44.541
1419,2015,44.714
1419,2016,44.882
1419,2017,44.857
1419,2018,44.932
1419,2019,45.229
1419,2020,45.457
1419,2021,45.628
1421,2005,42.883
1421,2006,43.264
1421,2007,43.623
1421,2008,44.033
1421,2009,44.384
1421,2010,44.783
1421,2011,45.288
1421,2012,45.364
1421,2013,45.779
1421,2014,46.048
1421,2015,46.318
1421,2016,46.378
1421,2017,46.667
1421,2018,46.899
1421,2019,47.048
1421,2020,47.207
1421,2021,47.474
1427,2005,45.279
1427,2006,45.82
1427,2007,45.98
1427,2008,46.466
1427,2009,46.59
1427,2010,46.981
1427,2011,47.308
1427,2012,47.469
1427,2013,47.959
1427,2014,48.419
1427,2015,48.635
1427,2016,48.6
1427,2017,48.612
1427,2018,48.782
1427,2019,48.928
1427,2020,49.423
1427,2021,49.99
1430,2005,42.668
1430,2006,42.874
1430,2007,43.036
1430,2008,43.181
1430,2009,43.239
1430,2010,43.26
1430,2011,43.295
1430,2012,43.357
1430,2013,43.523
1430,2014,43.646
1430,2015,43.648
1430,2016,43.374
1430,2017,43.253
1430,2018,43.309
1430,2019,43.314
1430,2020,43.409
1430,2021,43.716
1435,2005,43.823
1435,2006,44.04
1435,2007,44.308
1435,2008,44.594
1435,2009,44.732
1435,2010,44.685
1435,2011,44.89
1435,2012,45.14
1435,2013,45.285
1435,2014,45.537
1435,2015,45.633
1435,2016,45.506
1435,2017,45.334
1435,2018,45.532
1435,2019,45.823
1435,2020,46.011
1435,2021,46.321
1438,2005,42.161
1438,2006,42.37
1438,2007,42.61
1438,2008,42.977
1438,2009,43.273
1438,2010,43.533
1438,2011,43.798
1438,2012,44.059
1438,2013,43.862
1438,2014,43.978
1438,2015,43.927
1438,2016,44.119
1438,2017,44.54
1438,2018,44.332
1438,2019,44.556
1438,2020,45.021
1438,2021,45.41
1439,2005,42.406
1439,2006,42.761
1439,2007,42.872
1439,2008,43.181
1439,2009,43.399
1439,2010,43.69
1439,2011,43.793
1439,2012,43.916
1439,2013,44.059
1439,2014,44.09
1439,2015,44.105
1439,2016,43.955
1439,2017,44.215
1439,2018,44.161
1439,2019,43.99
1439,2020,44.019
1439,2021,44.358
1440,2005,38.32
1440,2006,38.352
1440,2007,38.459
1440,2008,38.656
1440,2009,38.899
1440,2010,39.044
1440,2011,39.147
1440,2012,39.253
1440,2013,39.289
1440,2014,39.347
1440,2015,39.397
1440,2016,39.232
1440,2017,38.978
1440,2018,38.924
1440,2019,38.892
1440,2020,38.911
1440,2021,38.932
1441,2005,37.962
1441,2006,38.037
1441,2007,38.049
1441,2008,38.154
1441,2009,38.296
1441,2010,38.515
1441,2011,38.719
1441,2012,38.88
1441,2013,38.983
1441,2014,38.986
1441,2015,39.076
1441,2016,39.144
1441,2017,39.115
1441,2018,39.112
1441,2019,39.137
1441,2020,39.158
1441,2021,39.302
1442,2005,39.296
1442,2006,39.224
1442,2007,39.298
1442,2008,39.417
1442,2009,39.775
1442,2010,40.109
1442,2011,40.317
1442,2012,40.431
1442,2013,40.622
1442,2014,40.761
1442,2015,41.042
1442,2016,40.946
1442,2017,40.913
1442,2018,40.975
1442,2019,40.916
1442,2020,40.993
1442,2021,40.905
1443,2005,39.595
1443,2006,39.747
1443,2007,39.796
1443,2008,40.131
1443,2009,40.164
1443,2010,40.167
1443,2011,40.467
1443,2012,40.647
1443,2013,40.899
1443,2014,41.049
1443,2015,41.097
1443,2016,40.901
1443,2017,40.833
1443,2018,40.954
1443,2019,41.145
1443,2020,41.21
1443,2021,41.308
1444,2005,42.016
1444,2006,41.865
1444,2007,42.055
1444,2008,42.024
1444,2009,42.222
1444,2010,42.645
1444,2011,43.063
1444,2012,43.294
1444,2013,43.419
1444,2014,43.747
1444,2015,43.849
1444,2016,43.781
1444,2017,43.962
1444,2018,44.422
1444,2019,44.579
1444,2020,44.876
1444,2021,44.967
1445,2005,42.372
1445,2006,42.611
1445,2007,42.44
1445,2008,42.635
1445,2009,42.943
1445,2010,43.018
1445,2011,43.383
1445,2012,43.599
1445,2013,43.657
1445,2014,43.599
1445,2015,43.618
1445,2016,43.576
1445,2017,43.603
1445,2018,43.63
1445,2019,43.882
1445,2020,44.231
1445,2021,44.371
1446,2005,44.497
1446,2006,44.776
1446,2007,45.019
1446,2008,45.387
1446,2009,45.596
1446,2010,45.838
1446,2011,45.918
1446,2012,46.11
1446,2013,46.016
1446,2014,46.086
1446,2015,46.254
1446,2016,45.843
1446,2017,46.037
1446,2018,46.098
1446,2019,46.305
1446,2020,46.383
1446,2021,46.475
1447,2005,44.303
1447,2006,44.956
1447,2007,45.215
1447,2008,45.814
1447,2009,46.233
1447,2010,46.647
1447,2011,46.763
1447,2012,46.99
1447,2013,47.331
1447,2014,47.257
1447,2015,47.432
1447,2016,47.099
1447,2017,47.547
1447,2018,47.614
1447,2019,47.796
1447,2020,48.292
1447,2021,48.253
1452,2005,41.86
1452,2006,42.04
1452,2007,42.12
1452,2008,42.235
1452,2009,42.588
1452,2010,42.732
1452,2011,42.963
1452,2012,43.082
1452,2013,43.31
1452,2014,43.105
1452,2015,43.299
1452,2016,43.246
1452,2017,43.228
1452,2018,43.175
1452,2019,43.302
1452,2020,43.535
1452,2021,43.721
1460,2005,45.105
1460,2006,45.318
1460,2007,45.789
1460,2008,45.878
1460,2009,46.074
1460,2010,46.137
1460,2011,46.372
1460,2012,46.571
1460,2013,46.468
1460,2014,46.597
1460,2015,46.39
1460,2016,45.77
1460,2017,45.862
1460,2018,45.955
1460,2019,46.111
1460,2020,46.545
1460,2021,47.098
1461,2005,44.038
1461,2006,44.45
1461,2007,44.655
1461,2008,44.868
1461,2009,45.226
1461,2010,45.356
1461,2011,45.558
1461,2012,46.027
1461,2013,45.963
1461,2014,45.932
1461,2015,45.422
1461,2016,44.879
1461,2017,44.702
1461,2018,44.699
1461,2019,45.006
1461,2020,45.02
1461,2021,45.272
1462,2005,40.111
1462,2006,40.401
1462,2007,40.637
1462,2008,40.655
1462,2009,40.996
1462,2010,41.355
1462,2011,41.513
1462,2012,41.648
1462,2013,41.663
1462,2014,41.53
1462,2015,41.437
1462,2016,40.999
1462,2017,40.869
1462,2018,40.805
1462,2019,40.94
1462,2020,40.906
1462,2021,40.935
1463,2005,41.163
1463,2006,41.273
1463,2007,41.316
1463,2008,41.327
1463,2009,41.524
1463,2010,41.547
1463,2011,41.828
1463,2012,42.014
1463,2013,42.15
1463,2014,42.26
1463,2015,42.407
1463,2016,42.399
1463,2017,42.366
1463,2018,42.403
1463,2019,42.515
1463,2020,42.572
1463,2021,42.628
1465,2005,42.37
1465,2006,42.653
1465,2007,42.677
1465,2008,42.965
1465,2009,43.129
1465,2010,43.216
1465,2011,43.451
1465,2012,43.763
1465,2013,43.819
1465,2014,43.865
1465,2015,43.672
1465,2016,43.441
1465,2017,43.61
1465,2018,43.613
1465,2019,43.767
1465,2020,43.885
1465,2021,43.868
1466,2005,41.493
1466,2006,41.783
1466,2007,41.846
1466,2008,42.12
1466,2009,42.14
1466,2010,42.393
1466,2011,42.607
1466,2012,42.712
1466,2013,42.817
1466,2014,42.775
1466,2015,42.864
1466,2016,42.763
1466,2017,42.967
1466,2018,43.188
1466,2019,43.415
1466,2020,43.632
1466,2021,43.704
1470,2005,42.312
1470,2006,42.555
1470,2007,42.654
1470,2008,42.816
1470,2009,42.967
1470,2010,42.999
1470,2011,43.173
1470,2012,43.293
1470,2013,43.329
1470,2014,43.337
1470,2015,43.406
1470,2016,43.251
1470,2017,43.207
1470,2018,43.276
1470,2019,43.311
1470,2020,43.389
1470,2021,43.382
1471,2005,41.504
1471,2006,41.535
1471,2007,41.625
1471,2008,41.878
1471,2009,41.94
1471,2010,42.075
1471,2011,42.459
1471,2012,42.675
1471,2013,42.936
1471,2014,43.096
1471,2015,43.221
1471,2016,43.445
1471,2017,43.671
1471,2018,43.863
1471,2019,44.121
1471,2020,44.461
1471,2021,44.696
1472,2005,42.012
1472,2006,42.018
1472,2007,42.272
1472,2008,42.396
1472,2009,42.628
1472,2010,42.742
1472,2011,42.805
1472,2012,42.952
1472,2013,43.044
1472,2014,43.052
1472,2015,43.081
1472,2016,43.171
1472,2017,43.123
1472,2018,43.198
1472,2019,43.19
1472,2020,43.217
1472,2021,43.385
1473,2005,42.548
1473,2006,42.927
1473,2007,42.988
1473,2008,43.352
1473,2009,43.445
1473,2010,43.67
1473,2011,44.148
1473,2012,44.182
1473,2013,44.331
1473,2014,44.212
1473,2015,43.868
1473,2016,43.652
1473,2017,43.966
1473,2018,44.213
1473,2019,44.448
1473,2020,44.592
1473,2021,44.86
1480,2005,38.752
1480,2006,38.691
1480,2007,38.65
1480,2008,38.583
1480,2009,38.525
1480,2010,38.476
1480,2011,38.456
1480,2012,38.432
1480,2013,38.392
1480,2014,38.376
1480,2015,38.384
1480,2016,38.381
1480,2017,38.405
1480,2018,38.431
1480,2019,38.51
1480,2020,38.623
1480,2021,38.738
1481,2005,38.409
1481,2006,38.397
1481,2007,38.394
1481,2008,38.449
1481,2009,38.429
1481,2010,38.448
1481,2011,38.558
1481,2012,38.619
1481,2013,38.768
1481,2014,38.749
1481,2015,38.877
1481,2016,38.802
1481,2017,38.704
1481,2018,38.595
1481,2019,38.612
1481,2020,38.722
1481,2021,38.903
1482,2005,39.673
1482,2006,39.921
1482,2007,40.037
1482,2008,40.084
1482,2009,40.176
1482,2010,40.295
1482,2011,40.498
1482,2012,40.665
1482,2013,40.772
1482,2014,41.018
1482,2015,41.126
1482,2016,41.141
1482,2017,41.114
1482,2018,41.087
1482,2019,41.015
1482,2020,41.122
1482,2021,41.164
1484,2005,43.993
1484,2006,44.307
1484,2007,44.6
1484,2008,44.615
1484,2009,44.981
1484,2010,45.204
1484,2011,45.424
1484,2012,45.721
1484,2013,45.96
1484,2014,46.244
1484,2015,46.184
1484,2016,46.143
1484,2017,46.312
1484,2018,46.469
1484,2019,46.711
1484,2020,47.06
1484,2021,47.463
1485,2005,41.182
1485,2006,41.184
1485,2007,41.179
1485,2008,41.225
1485,2009,41.231
1485,2010,41.304
1485,2011,41.42
1485,2012,41.508
1485,2013,41.461
1485,2014,41.404
1485,2015,41.313
1485,2016,41.186
1485,2017,41.129
1485,2018,41.266
1485,2019,41.271
1485,2020,41.46
1485,2021,41.602
1486,2005,42.336
1486,2006,42.547
1486,2007,42.722
1486,2008,42.96
1486,2009,42.951
1486,2010,42.887
1486,2011,42.799
1486,2012,42.588
1486,2013,42.34
1486,2014,42.231
1486,2015,42.113
1486,2016,41.942
1486,2017,41.934
1486,2018,42.042
1486,2019,42.362
1486,2020,42.564
1486,2021,42.784
1487,2005,41.111
1487,2006,41.274
1487,2007,41.481
1487,2008,41.618
1487,2009,41.865
1487,2010,41.907
1487,2011,42.097
1487,2012,42.205
1487,2013,42.131
1487,2014,42.081
1487,2015,42.043
1487,2016,41.836
1487,2017,41.839
1487,2018,41.901
1487,2019,42.107
1487,2020,42.277
1487,2021,42.485
1488,2005,39.908
1488,2006,39.873
1488,2007,39.891
1488,2008,39.953
1488,2009,39.944
1488,2010,39.927
1488,2011,39.984
1488,2012,39.992
1488,2013,39.903
1488,2014,40.008
1488,2015,40.032
1488,2016,39.957
1488,2017,39.977
1488,2018,39.979
1488,2019,40.026
1488,2020,40.117
1488,2021,40.332
1489,2005,40.609
1489,2006,40.713
1489,2007,40.799
1489,2008,40.826
1489,2009,40.932
1489,2010,41.035
1489,2011,41.14
1489,2012,41.291
1489,2013,41.459
1489,2014,41.447
1489,2015,41.503
1489,2016,41.547
1489,2017,41.615
1489,2018,41.568
1489,2019,41.687
1489,2020,41.72
1489,2021,41.895
1490,2005,40.496
1490,2006,40.433
1490,2007,40.382
1490,2008,40.401
1490,2009,40.388
1490,2010,40.327
1490,2011,40.311
1490,2012,40.306
1490,2013,40.242
1490,2014,40.23
1490,2015,40.182
1490,2016,40.143
1490,2017,40.148
1490,2018,40.133
1490,2019,40.16
1490,2020,40.195
1490,2021,40.288
1491,2005,41.719
1491,2006,41.877
1491,2007,42.018
1491,2008,42.093
1491,2009,42.34
1491,2010,42.583
1491,2011,42.661
1491,2012,42.791
1491,2013,42.799
1491,2014,42.928
1491,2015,43.052
1491,2016,42.95
1491,2017,42.842
1491,2018,43.013
1491,2019,42.993
1491,2020,43.104
1491,2021,43.125
1492,2005,43.432
1492,2006,43.666
1492,2007,43.906
1492,2008,44.126
1492,2009,44.477
1492,2010,44.66
1492,2011,45.016
1492,2012,45.001
1492,2013,45.028
1492,2014,44.919
1492,2015,44.338
1492,2016,43.964
1492,2017,44.134
1492,2018,44.258
1492,2019,44.641
1492,2020,44.854
1492,2021,45.255
1493,2005,42.39
1493,2006,42.595
1493,2007,42.887
1493,2008,43.094
1493,2009,43.313
1493,2010,43.536
1493,2011,43.772
1493,2012,43.972
1493,2013,43.989
1493,2014,44.188
1493,2015,44.165
1493,2016,44.162
1493,2017,44.141
1493,2018,44.239
1493,2019,44.316
1493,2020,44.514
1493,2021,44.573
1494,2005,41.052
1494,2006,41.185
1494,2007,41.253
1494,2008,41.395
1494,2009,41.474
1494,2010,41.667
1494,2011,41.844
1494,2012,42.117
1494,2013,42.266
1494,2014,42.315
1494,2015,42.428
1494,2016,42.458
1494,2017,42.476
1494,2018,42.603
1494,2019,42.718
1494,2020,42.845
1494,2021,43.076
1495,2005,40.79
1495,2006,41.02
1495,2007,41.128
1495,2008,41.195
1495,2009,41.452
1495,2010,41.682
1495,2011,41.955
1495,2012,42.003
1495,2013,41.85
1495,2014,41.803
1495,2015,41.969
1495,2016,41.761
1495,2017,42.001
1495,2018,42.058
1495,2019,42.189
1495,2020,42.453
1495,2021,42.581
1496,2005,39.902
1496,2006,39.963
1496,2007,40.094
1496,2008,40.117
1496,2009,40.169
1496,2010,40.173
1496,2011,40.222
1496,2012,40.246
1496,2013,40.225
1496,2014,40.3
1496,2015,40.36
1496,2016,40.41
1496,2017,40.386
1496,2018,40.344
1496,2019,40.339
1496,2020,40.327
1496,2021,40.388
1497,2005,42.243
1497,2006,42.493
1497,2007,42.667
1497,2008,43.053
1497,2009,43.243
1497,2010,43.503
1497,2011,43.688
1497,2012,43.64
1497,2013,43.769
1497,2014,43.887
1497,2015,43.788
1497,2016,43.966
1497,2017,44.104
1497,2018,44.251
1497,2019,44.448
1497,2020,44.531
1497,2021,44.638
1498,2005,41.827
1498,2006,41.874
1498,2007,42.009
1498,2008,42.21
1498,2009,42.488
1498,2010,42.662
1498,2011,42.829
1498,2012,42.812
1498,2013,42.921
1498,2014,42.835
1498,2015,42.904
1498,2016,42.88
1498,2017,42.931
1498,2018,42.998
1498,2019,43.19
1498,2020,43.369
1498,2021,43.548
1499,2005,41.693
1499,2006,41.722
1499,2007,41.811
1499,2008,41.822
1499,2009,41.935
1499,2010,41.921
1499,2011,41.9
1499,2012,41.997
1499,2013,41.838
1499,2014,41.788
1499,2015,41.63
1499,2016,41.569
1499,2017,41.478
1499,2018,41.483
1499,2019,41.473
1499,2020,41.686
1499,2021,41.832
1715,2005,40.569
1715,2006,40.826
1715,2007,41.116
1715,2008,41.396
1715,2009,41.607
1715,2010,41.816
1715,2011,42.046
1715,2012,42.086
1715,2013,42.242
1715,2014,42.272
1715,2015,42.686
1715,2016,42.837
1715,2017,42.721
1715,2018,42.751
1715,2019,42.913
1715,2020,43.025
1715,2021,43.095
1730,2005,43.474
1730,2006,43.6
1730,2007,43.896
1730,2008,43.995
1730,2009,44.208
1730,2010,44.497
1730,2011,44.635
1730,2012,44.52
1730,2013,44.63
1730,2014,44.491
1730,2015,44.32
1730,2016,43.943
1730,2017,43.682
1730,2018,43.702
1730,2019,43.891
1730,2020,44.117
1730,2021,44.384
1737,2005,44.997
1737,2006,45.2
1737,2007,45.509
1737,2008,45.675
1737,2009,45.754
1737,2010,45.863
1737,2011,46.036
1737,2012,45.974
1737,2013,46.108
1737,2014,46.198
1737,2015,46.466
1737,2016,45.75
1737,2017,46.27
1737,2018,46.579
1737,2019,46.707
1737,2020,46.829
1737,2021,46.944
1760,2005,43.796
1760,2006,43.641
1760,2007,43.63
1760,2008,44.213
1760,2009,44.319
1760,2010,44.559
1760,2011,45.001
1760,2012,45.253
1760,2013,45.347
1760,2014,45.189
1760,2015,45.551
1760,2016,45.493
1760,2017,45.123
1760,2018,45.551
1760,2019,46.181
1760,2020,46.57
1760,2021,47.138
1761,2005,39.212
1761,2006,39.385
1761,2007,39.472
1761,2008,39.553
1761,2009,39.581
1761,2010,39.677
1761,2011,39.912
1761,2012,39.906
1761,2013,40.092
1761,2014,40.051
1761,2015,40.162
1761,2016,40.118
1761,2017,39.932
1761,2018,39.911
1761,2019,39.989
1761,2020,40.159
1761,2021,40.333
1762,2005,45.195
1762,2006,45.442
1762,2007,45.655
1762,2008,45.98
1762,2009,46.065
1762,2010,46.252
1762,2011,46.511
1762,2012,46.929
1762,2013,46.985
1762,2014,47.074
1762,2015,46.735
1762,2016,46.359
1762,2017,46.301
1762,2018,46.16
1762,2019,46.526
1762,2020,46.131
1762,2021,46.24
1763,2005,40.316
1763,2006,40.658
1763,2007,40.91
1763,2008,41.128
1763,2009,41.435
1763,2010,41.814
1763,2011,42.035
1763,2012,42.095
1763,2013,42.264
1763,2014,42.281
1763,2015,42.341
1763,2016,42.207
1763,2017,42.089
1763,2018,42.03
1763,2019,42.233
1763,2020,42.366
1763,2021,42.326
1764,2005,42.635
1764,2006,42.896
1764,2007,43.092
1764,2008,43.337
1764,2009,43.587
1764,2010,43.822
1764,2011,44.206
1764,2012,44.286
1764,2013,44.538
1764,2014,44.531
1764,2015,44.535
1764,2016,44.085
1764,2017,44.261
1764,2018,44.477
1764,2019,44.409
1764,2020,44.639
1764,2021,44.824
1765,2005,42.663
1765,2006,42.86
1765,2007,42.84
1765,2008,42.966
1765,2009,43.104
1765,2010,43.229
1765,2011,43.372
1765,2012,43.424
1765,2013,43.322
1765,2014,43.693
1765,2015,43.694
1765,2016,43.605
1765,2017,43.696
1765,2018,43.759
1765,2019,43.8
1765,2020,44.105
1765,2021,44.252
1766,2005,42.495
1766,2006,42.663
1766,2007,42.779
1766,2008,43.079
1766,2009,43.352
1766,2010,43.496
1766,2011,43.713
1766,2012,43.916
1766,2013,44.135
1766,2014,44.307
1766,2015,44.227
1766,2016,43.986
1766,2017,44.248
1766,2018,44.27
1766,2019,44.383
1766,2020,44.458
1766,2021,44.719
1780,2005,40.416
1780,2006,40.413
1780,2007,40.529
1780,2008,40.639
1780,2009,40.643
1780,2010,40.627
1780,2011,40.712
1780,2012,40.829
1780,2013,40.893
1780,2014,41.019
1780,2015,40.969
1780,2016,40.945
1780,2017,40.988
1780,2018,40.958
1780,2019,40.974
1780,2020,41.032
1780,2021,41.142
1781,2005,43.598
1781,2006,43.692
1781,2007,43.818
1781,2008,43.827
1781,2009,44.022
1781,2010,44.189
1781,2011,44.471
1781,2012,44.561
1781,2013,44.488
1781,2014,44.416
1781,2015,44.308
1781,2016,44.168
1781,2017,44.291
1781,2018,44.733
1781,2019,44.815
1781,2020,44.967
1781,2021,45.269
1782,2005,45.13
1782,2006,45.114
1782,2007,45.514
1782,2008,45.647
1782,2009,45.696
1782,2010,45.917
1782,2011,45.899
1782,2012,45.618
1782,2013,45.358
1782,2014,45.241
1782,2015,45.045
1782,2016,44.217
1782,2017,44.634
1782,2018,44.417
1782,2019,44.869
1782,2020,45.094
1782,2021,45.234
1783,2005,45.667
1783,2006,46.005
1783,2007,46.198
1783,2008,46.523
1783,2009,46.632
1783,2010,46.824
1783,2011,47.134
1783,2012,47.111
1783,2013,47.238
1783,2014,47.402
1783,2015,47.535
1783,2016,47.395
1783,2017,47.503
1783,2018,47.728
1783,2019,47.843
1783,2020,47.994
1783,2021,47.952
1784,2005,43.024
1784,2006,43.199
1784,2007,43.234
1784,2008,43.339
1784,2009,43.45
1784,2010,43.583
1784,2011,43.822
1784,2012,44.009
1784,2013,44.045
1784,2014,44.081
1784,2015,44.073
1784,2016,43.976
1784,2017,44.082
1784,2018,44.166
1784,2019,44.322
1784,2020,44.533
1784,2021,44.765
1785,2005,43.61
1785,2006,43.818
1785,2007,44.023
1785,2008,44.143
1785,2009,44.483
1785,2010,44.659
1785,2011,44.978
1785,2012,45.191
1785,2013,45.21
1785,2014,45.283
1785,2015,45.19
1785,2016,44.791
1785,2017,44.684
1785,2018,44.835
1785,2019,45.15
1785,2020,45.348
1785,2021,45.481
1814,2005,40.855
1814,2006,41.162
1814,2007,41.15
1814,2008,41.162
1814,2009,41.344
1814,2010,41.463
1814,2011,41.342
1814,2012,41.388
1814,2013,41.428
1814,2014,41.412
1814,2015,41.189
1814,2016,40.999
1814,2017,40.724
1814,2018,40.508
1814,2019,40.474
1814,2020,40.445
1814,2021,40.37
1860,2005,44.527
1860,2006,44.736
1860,2007,45.047
1860,2008,45.183
1860,2009,45.725
1860,2010,46.16
1860,2011,46.49
1860,2012,46.784
1860,2013,46.658
1860,2014,46.478
1860,2015,46.36
1860,2016,45.962
1860,2017,46.332
1860,2018,46.238
1860,2019,46.049
1860,2020,46.224
1860,2021,46.678
1861,2005,41.764
1861,2006,41.783
1861,2007,42.029
1861,2008,42.15
1861,2009,42.274
1861,2010,42.403
1861,2011,42.451
1861,2012,42.625
1861,2013,42.724
1861,2014,42.778
1861,2015,42.675
1861,2016,42.487
1861,2017,42.11
1861,2018,42.072
1861,2019,42.06
1861,2020,41.982
1861,2021,41.989
1862,2005,43.386
1862,2006,43.626
1862,2007,43.88
1862,2008,44.054
1862,2009,44.416
1862,2010,44.61
1862,2011,44.894
1862,2012,45.173
1862,2013,45.225
1862,2014,45.304
1862,2015,45.417
1862,2016,45.285
1862,2017,45.208
1862,2018,45.379
1862,2019,45.557
1862,2020,45.75
1862,2021,46.205
1863,2005,45.071
1863,2006,45.241
1863,2007,45.479
1863,2008,45.701
1863,2009,45.525
1863,2010,45.849
1863,2011,45.95
1863,2012,46.391
1863,2013,46.266
1863,2014,46.235
1863,2015,46.024
1863,2016,45.485
1863,2017,45.347
1863,2018,45.557
1863,2019,45.343
1863,2020,45.522
1863,2021,45.627
1864,2005,45.338
1864,2006,45.655
1864,2007,46.167
1864,2008,46.39
1864,2009,46.705
1864,2010,47.088
1864,2011,47.232
1864,2012,47.732
1864,2013,47.238
1864,2014,46.724
1864,2015,46.59
1864,2016,46.135
1864,2017,46.415
1864,2018,46.97
1864,2019,47.374
1864,2020,48.061
1864,2021,48.391
1880,2005,39.344
1880,2006,39.409
1880,2007,39.386
1880,2008,39.31
1880,2009,39.214
1880,2010,39.197
1880,2011,39.187
1880,2012,39.184
1880,2013,39.179
1880,2014,39.16
1880,2015,39.216
1880,2016,39.155
1880,2017,39.082
1880,2018,39.001
1880,2019,39.087
1880,2020,39.238
1880,2021,39.457
1881,2005,39.586
1881,2006,39.654
1881,2007,39.715
1881,2008,39.613
1881,2009,39.737
1881,2010,39.707
1881,2011,39.704
1881,2012,39.616
1881,2013,39.667
1881,2014,39.784
1881,2015,39.813
1881,2016,39.963
1881,2017,39.998
1881,2018,40.018
1881,2019,40.125
1881,2020,40.164
1881,2021,40.311
1882,2005,43.647
1882,2006,43.802
1882,2007,44.059
1882,2008,44.281
1882,2009,44.513
1882,2010,44.789
1882,2011,45.123
1882,2012,45.426
1882,2013,45.401
1882,2014,45.616
1882,2015,45.657
1882,2016,45.494
1882,2017,45.696
1882,2018,45.668
1882,2019,45.761
1882,2020,45.891
1882,2021,46.059
1883,2005,43.465
1883,2006,43.441
1883,2007,43.614
1883,2008,43.662
1883,2009,43.692
1883,2010,43.803
1883,2011,43.901
1883,2012,43.8
1883,2013,43.69
1883,2014,43.5
1883,2015,43.386
1883,2016,43.186
1883,2017,43.315
1883,2018,43.362
1883,2019,43.614
1883,2020,43.833
1883,2021,43.728
1884,2005,42.192
1884,2006,42.405
1884,2007,42.685
1884,2008,43.032
1884,2009,43.187
1884,2010,43.23
1884,2011,43.511
1884,2012,43.818
1884,2013,43.942
1884,2014,44.229
1884,2015,44.152
1884,2016,43.992
1884,2017,43.919
1884,2018,44.105
1884,2019,44.245
1884,2020,44.538
1884,2021,44.815
1885,2005,42.465
1885,2006,42.612
1885,2007,42.663
1885,2008,42.777
1885,2009,42.988
1885,2010,43.056
1885,2011,43.122
1885,2012,43.14
1885,2013,43.017
1885,2014,43.08
1885,2015,42.932
1885,2016,42.949
1885,2017,43.026
1885,2018,43.203
1885,2019,43.365
1885,2020,43.572
1885,2021,43.795
1904,2005,43.479
1904,2006,43.763
1904,2007,43.978
1904,2008,44.481
1904,2009,45.148
1904,2010,45.823
1904,2011,46.315
1904,2012,46.374
1904,2013,46.216
1904,2014,46.117
1904,2015,45.89
1904,2016,45.917
1904,2017,46.144
1904,2018,46.411
1904,2019,46.57
1904,2020,46.763
1904,2021,46.935
1907,2005,41.499
1907,2006,41.604
1907,2007,41.858
1907,2008,42.198
1907,2009,42.607
1907,2010,43.015
1907,2011,43.418
1907,2012,43.46
1907,2013,43.725
1907,2014,43.825
1907,2015,43.625
1907,2016,43.401
1907,2017,43.575
1907,2018,43.363
1907,2019,43.426
1907,2020,43.49
1907,2021,43.485
1960,2005,41.447
1960,2006,41.871
1960,2007,41.979
1960,2008,42.368
1960,2009,42.785
1960,2010,43.163
1960,2011,43.242
1960,2012,43.628
1960,2013,43.362
1960,2014,43.286
1960,2015,43.355
1960,2016,43.148
1960,2017,42.883
1960,2018,42.744
1960,2019,42.854
1960,2020,42.871
1960,2021,43.076
1961,2005,42.47
1961,2006,42.531
1961,2007,42.642
1961,2008,42.729
1961,2009,42.712
1961,2010,42.828
1961,2011,42.909
1961,2012,42.942
1961,2013,42.798
1961,2014,42.854
1961,2015,42.813
1961,2016,42.844
1961,2017,42.839
1961,2018,42.664
1961,2019,42.621
1961,2020,42.719
1961,2021,42.59
1962,2005,43.261
1962,2006,43.249
1962,2007,43.672
1962,2008,43.946
1962,2009,44.073
1962,2010,44.165
1962,2011,44.105
1962,2012,44.53
1962,2013,44.797
1962,2014,44.466
1962,2015,44.312
1962,2016,44.43
1962,2017,44.571
1962,2018,44.552
1962,2019,45.034
1962,2020,45.033
1962,2021,45.214
1980,2005,39.995
1980,2006,40.058
1980,2007,40.097
1980,2008,40.183
1980,2009,40.232
1980,2010,40.299
1980,2011,40.365
1980,2012,40.409
1980,2013,40.494
1980,2014,40.538
1980,2015,40.612
1980,2016,40.561
1980,2017,40.453
1980,2018,40.426
1980,2019,40.465
1980,2020,40.481
1980,2021,40.591
1981,2005,42.065
1981,2006,42.289
1981,2007,42.435
1981,2008,42.642
1981,2009,42.766
1981,2010,42.813
1981,2011,42.96
1981,2012,43.091
1981,2013,43.125
1981,2014,43.179
1981,2015,43.223
1981,2016,43.188
1981,2017,43.133
1981,2018,43.108
1981,2019,43.265
1981,2020,43.419
1981,2021,43.565
1982,2005,43.619
1982,2006,43.763
1982,2007,43.88
1982,2008,43.725
1982,2009,43.819
1982,2010,43.547
1982,2011,43.334
1982,2012,43.13
1982,2013,42.617
1982,2014,42.409
1982,2015,42.262
1982,2016,42.155
1982,2017,42.278
1982,2018,42.446
1982,2019,42.622
1982,2020,42.837
1982,2021,42.867
1983,2005,42.43
1983,2006,42.543
1983,2007,42.712
1983,2008,42.722
1983,2009,42.74
1983,2010,42.845
1983,2011,42.992
1983,2012,43.054
1983,2013,42.926
1983,2014,42.978
1983,2015,42.963
1983,2016,42.828
1983,2017,42.799
1983,2018,42.739
1983,2019,42.849
1983,2020,42.986
1983,2021,43.121
1984,2005,42.65
1984,2006,42.923
1984,2007,43.194
1984,2008,43.289
1984,2009,43.403
1984,2010,43.627
1984,2011,43.731
1984,2012,43.727
1984,2013,43.772
1984,2014,43.762
1984,2015,43.532
1984,2016,43.674
1984,2017,43.768
1984,2018,43.763
1984,2019,44.129
1984,2020,44.425
1984,2021,44.442
2021,2005,43.469
2021,2006,43.671
2021,2007,43.821
2021,2008,44.093
2021,2009,44.043
2021,2010,44.362
2021,2011,44.491
2021,2012,44.581
2021,2013,44.706
2021,2014,44.839
2021,2015,44.792
2021,2016,44.527
2021,2017,44.807
2021,2018,45.007
2021,2019,45.127
2021,2020,45.058
2021,2021,45.301
2023,2005,43.498
2023,2006,43.574
2023,2007,43.777
2023,2008,43.855
2023,2009,43.886
2023,2010,43.956
2023,2011,44.245
2023,2012,44.422
2023,2013,44.671
2023,2014,45.032
2023,2015,44.953
2023,2016,44.856
2023,2017,44.8
2023,2018,44.937
2023,2019,45.039
2023,2020,45.285
2023,2021,45.569
2026,2005,41.095
2026,2006,41.438
2026,2007,41.648
2026,2008,41.758
2026,2009,41.967
2026,2010,42.078
2026,2011,42.269
2026,2012,42.492
2026,2013,42.595
2026,2014,42.903
2026,2015,42.891
2026,2016,42.929
2026,2017,42.83
2026,2018,42.991
2026,2019,43.161
2026,2020,43.113
2026,2021,43.209
2029,2005,43.003
2029,2006,43.284
2029,2007,43.78
2029,2008,44.194
2029,2009,44.258
2029,2010,44.464
2029,2011,44.661
2029,2012,44.936
2029,2013,45.059
2029,2014,45.202
2029,2015,45.285
2029,2016,45.182
2029,2017,45.352
2029,2018,45.423
2029,2019,45.647
2029,2020,45.911
2029,2021,46.142
2031,2005,45.675
2031,2006,45.879
2031,2007,46.162
2031,2008,46.451
2031,2009,46.752
2031,2010,46.812
2031,2011,46.96
2031,2012,47.226
2031,2013,47.542
2031,2014,47.75
2031,2015,48.062
2031,2016,47.823
2031,2017,48.091
2031,2018,48.087
2031,2019,48.365
2031,2020,48.423
2031,2021,48.522
2034,2005,43.166
2034,2006,43.074
2034,2007,43.022
2034,2008,43.458
2034,2009,43.771
2034,2010,44.058
2034,2011,44.407
2034,2012,44.638
2034,2013,44.87
2034,2014,45.227
2034,2015,45.507
2034,2016,45.207
2034,2017,45.117
2034,2018,45.552
2034,2019,45.511
2034,2020,45.654
2034,2021,45.94
2039,2005,44.262
2039,2006,44.217
2039,2007,44.386
2039,2008,44.344
2039,2009,44.324
2039,2010,44.345
2039,2011,44.413
2039,2012,44.662
2039,2013,45.174
2039,2014,45.365
2039,2015,45.545
2039,2016,45.673
2039,2017,45.71
2039,2018,45.67
2039,2019,46.051
2039,2020,46.067
2039,2021,46.182
2061,2005,43.844
2061,2006,44.156
2061,2007,44.249
2061,2008,44.439
2061,2009,44.521
2061,2010,44.856
2061,2011,45.158
2061,2012,45.408
2061,2013,45.359
2061,2014,45.446
2061,2015,45.577
2061,2016,45.263
2061,2017,45.531
2061,2018,45.625
2061,2019,45.9
2061,2020,46.057
2061,2021,46.109
2062,2005,42.663
2062,2006,42.937
2062,2007,43.183
2062,2008,43.352
2062,2009,43.501
2062,2010,43.723
2062,2011,43.944
2062,2012,44.04
2062,2013,44.229
2062,2014,44.348
2062,2015,44.478
2062,2016,44.474
2062,2017,44.661
2062,2018,44.774
2062,2019,44.911
2062,2020,45.187
2062,2021,45.232
2080,2005,40.392
2080,2006,40.569
2080,2007,40.782
2080,2008,40.883
2080,2009,41.0
2080,2010,41.055
2080,2011,41.274
2080,2012,41.323
2080,2013,41.416
2080,2014,41.509
2080,2015,41.579
2080,2016,41.561
2080,2017,41.55
2080,2018,41.621
2080,2019,41.676
2080,2020,41.856
2080,2021,41.969
2081,2005,40.5
2081,2006,40.508
2081,2007,40.466
2081,2008,40.411
2081,2009,40.329
2081,2010,40.303
2081,2011,40.397
2081,2012,40.417
2081,2013,40.356
2081,2014,40.215
2081,2015,40.194
2081,2016,40.115
2081,2017,40.091
2081,2018,40.123
2081,2019,40.169
2081,2020,40.377
2081,2021,40.681
2082,2005,41.713
2082,2006,41.983
2082,2007,42.278
2082,2008,42.446
2082,2009,42.705
2082,2010,43.018
2082,2011,43.147
2082,2012,43.453
2082,2013,43.541
2082,2014,43.719
2082,2015,43.68
2082,2016,43.796
2082,2017,43.708
2082,2018,43.981
2082,2019,44.274
2082,2020,44.225
2082,2021,44.389
2083,2005,42.933
2083,2006,43.135
2083,2007,43.382
2083,2008,43.522
2083,2009,43.586
2083,2010,43.623
2083,2011,43.897
2083,2012,43.983
2083,2013,44.268
2083,2014,44.37
2083,2015,44.273
2083,2016,43.992
2083,2017,44.006
2083,2018,44.13
2083,2019,44.245
2083,2020,44.435
2083,2021,44.597
2084,2005,43.334
2084,2006,43.545
2084,2007,43.629
2084,2008,43.818
2084,2009,44.15
2084,2010,44.334
2084,2011,44.585
2084,2012,44.547
2084,2013,44.513
2084,2014,44.349
2084,2015,43.754
2084,2016,43.473
2084,2017,43.381
2084,2018,43.357
2084,2019,43.533
2084,2020,43.817
2084,2021,43.961
2085,2005,43.996
2085,2006,44.247
2085,2007,44.221
2085,2008,44.204
2085,2009,44.146
2085,2010,44.092
2085,2011,44.182
2085,2012,44.05
2085,2013,43.934
2085,2014,43.682
2085,2015,43.401
2085,2016,42.927
2085,2017,42.872
2085,2018,42.809
2085,2019,42.851
2085,2020,43.104
2085,2021,43.309
2101,2005,44.166
2101,2006,44.341
2101,2007,44.564
2101,2008,44.234
2101,2009,44.492
2101,2010,44.749
2101,2011,44.911
2101,2012,45.025
2101,2013,45.525
2101,2014,45.571
2101,2015,45.298
2101,2016,45.443
2101,2017,45.441
2101,2018,45.421
2101,2019,45.513
2101,2020,45.885
2101,2021,46.384
2104,2005,44.107
2104,2006,44.11
2104,2007,44.134
2104,2008,44.242
2104,2009,44.281
2104,2010,44.279
2104,2011,44.716
2104,2012,44.753
2104,2013,44.785
2104,2014,44.896
2104,2015,44.698
2104,2016,44.413
2104,2017,44.388
2104,2018,44.595
2104,2019,44.625
2104,2020,44.665
2104,2021,44.705
2121,2005,43.553
2121,2006,43.807
2121,2007,44.007
2121,2008,44.29
2121,2009,44.539
2121,2010,44.853
2121,2011,44.912
2121,2012,45.044
2121,2013,45.24
2121,2014,45.227
2121,2015,44.999
2121,2016,44.83
2121,2017,44.902
2121,2018,44.886
2121,2019,44.938
2121,2020,44.995
2121,2021,44.954
2132,2005,43.154
2132,2006,43.467
2132,2007,43.41
2132,2008,43.592
2132,2009,43.937
2132,2010,43.922
2132,2011,44.032
2132,2012,44.141
2132,2013,44.213
2132,2014,44.335
2132,2015,44.467
2132,2016,44.509
2132,2017,44.605
2132,2018,44.479
2132,2019,44.662
2132,2020,44.65
2132,2021,44.848
2161,2005,43.771
2161,2006,44.044
2161,2007,44.088
2161,2008,44.228
2161,2009,44.184
2161,2010,44.279
2161,2011,44.499
2161,2012,44.548
2161,2013,44.592
2161,2014,44.641
2161,2015,44.602
2161,2016,44.699
2161,2017,44.765
2161,2018,44.843
2161,2019,45.071
2161,2020,45.222
2161,2021,45.533
2180,2005,40.52
2180,2006,40.633
2180,2007,40.718
2180,2008,40.731
2180,2009,40.701
2180,2010,40.736
2180,2011,40.832
2180,2012,40.84
2180,2013,40.8
2180,2014,40.763
2180,2015,40.817
2180,2016,40.851
2180,2017,40.898
2180,2018,40.965
2180,2019,41.054
2180,2020,41.201
2180,2021,41.367
2181,2005,42.747
2181,2006,42.793
2181,2007,42.856
2181,2008,42.927
2181,2009,42.973
2181,2010,43.165
2181,2011,43.266
2181,2012,43.337
2181,2013,43.372
2181,2014,43.269
2181,2015,43.113
2181,2016,42.884
2181,2017,42.871
2181,2018,42.94
2181,2019,43.082
2181,2020,43.217
2181,2021,43.402
2182,2005,43.927
2182,2006,44.125
2182,2007,44.288
2182,2008,44.488
2182,2009,44.726
2182,2010,44.86
2182,2011,45.216
2182,2012,45.309
2182,2013,45.148
2182,2014,45.182
2182,2015,44.968
2182,2016,44.786
2182,2017,44.918
2182,2018,45.032
2182,2019,45.125
2182,2020,45.274
2182,2021,45.437
2183,2005,43.446
2183,2006,43.487
2183,2007,43.581
2183,2008,43.787
2183,2009,43.917
2183,2010,43.964
2183,2011,44.095
2183,2012,44.234
2183,2013,44.197
2183,2014,44.044
2183,2015,43.86
2183,2016,43.735
2183,2017,43.69
2183,2018,43.699
2183,2019,43.843
2183,2020,44.037
2183,2021,44.271
2184,2005,42.25
2184,2006,42.43
2184,2007,42.589
2184,2008,42.736
2184,2009,42.869
2184,2010,42.99
2184,2011,43.16
2184,2012,43.291
2184,2013,43.456
2184,2014,43.551
2184,2015,43.665
2184,2016,43.706
2184,2017,43.811
2184,2018,43.997
2184,2019,44.163
2184,2020,44.287
2184,2021,44.361
2260,2005,44.479
2260,2006,44.555
2260,2007,44.637
2260,2008,44.761
2260,2009,44.965
2260,2010,45.12
2260,2011,45.419
2260,2012,45.822
2260,2013,45.925
2260,2014,46.028
2260,2015,46.098
2260,2016,46.033
2260,2017,46.04
2260,2018,46.029
2260,2019,46.092
2260,2020,46.191
2260,2021,46.214
2262,2005,41.327
2262,2006,41.268
2262,2007,41.443
2262,2008,41.443
2262,2009,41.652
2262,2010,41.652
2262,2011,41.851
2262,2012,41.922
2262,2013,42.109
2262,2014,42.278
2262,2015,42.397
2262,2016,42.568
2262,2017,42.521
2262,2018,42.617
2262,2019,42.822
2262,2020,43.023
2262,2021,43.22
2280,2005,42.64
2280,2006,42.821
2280,2007,43.056
2280,2008,43.277
2280,2009,43.317
2280,2010,43.526
2280,2011,43.681
2280,2012,43.894
2280,2013,43.89
2280,2014,43.878
2280,2015,43.674
2280,2016,43.491
2280,2017,43.615
2280,2018,43.734
2280,2019,43.813
2280,2020,44.065
2280,2021,44.274
2281,2005,41.127
2281,2006,41.199
2281,2007,41.305
2281,2008,41.344
2281,2009,41.328
2281,2010,41.376
2281,2011,41.422
2281,2012,41.489
2281,2013,41.577
2281,2014,41.631
2281,2015,41.66
2281,2016,41.653
2281,2017,41.688
2281,2018,41.854
2281,2019,41.95
2281,2020,42.069
2281,2021,42.279
2282,2005,45.17
2282,2006,45.273
2282,2007,45.454
2282,2008,45.655
2282,2009,45.929
2282,2010,46.26
2282,2011,46.349
2282,2012,46.484
2282,2013,46.609
2282,2014,46.616
2282,2015,46.673
2282,2016,46.276
2282,2017,46.198
2282,2018,46.251
2282,2019,46.385
2282,2020,46.561
2282,2021,46.694
2283,2005,44.849
2283,2006,44.944
2283,2007,45.097
2283,2008,45.203
2283,2009,45.378
2283,2010,45.426
2283,2011,45.605
2283,2012,45.705
2283,2013,45.705
2283,2014,45.496
2283,2015,45.437
2283,2016,45.34
2283,2017,45.244
2283,2018,45.445
2283,2019,45.8
2283,2020,46.11
2283,2021,46.261
2284,2005,42.503
2284,2006,42.516
2284,2007,42.629
2284,2008,42.671
2284,2009,42.79
2284,2010,42.907
2284,2011,43.047
2284,2012,43.069
2284,2013,43.182
2284,2014,43.174
2284,2015,43.111
2284,2016,43.055
2284,2017,43.061
2284,2018,43.141
2284,2019,43.226
2284,2020,43.374
2284,2021,43.447
2303,2005,45.477
2303,2006,45.511
2303,2007,45.678
2303,2008,46.132
2303,2009,46.405
2303,2010,46.296
2303,2011,46.689
2303,2012,46.503
2303,2013,46.586
2303,2014,46.563
2303,2015,46.73
2303,2016,46.094
2303,2017,45.837
2303,2018,46.276
2303,2019,46.306
2303,2020,46.506
2303,2021,46.43
2305,2005,44.092
2305,2006,44.141
2305,2007,44.535
2305,2008,44.748
2305,2009,45.142
2305,2010,45.178
2305,2011,45.671
2305,2012,45.816
2305,2013,45.976
2305,2014,46.35
2305,2015,46.284
2305,2016,45.951
2305,2017,45.764
2305,2018,45.987
2305,2019,46.428
2305,2020,46.576
2305,2021,46.702
2309,2005,40.65
2309,2006,40.614
2309,2007,40.76
2309,2008,40.853
2309,2009,40.714
2309,2010,40.649
2309,2011,40.654
2309,2012,40.804
2309,2013,40.808
2309,2014,40.891
2309,2015,40.865
2309,2016,40.913
2309,2017,40.999
2309,2018,41.138
2309,2019,41.275
2309,2020,41.376
2309,2021,41.382
2313,2005,45.425
2313,2006,45.566
2313,2007,45.533
2313,2008,45.626
2313,2009,45.921
2313,2010,46.08
2313,2011,45.962
2313,2012,46.019
2313,2013,46.119
2313,2014,46.23
2313,2015,46.572
2313,2016,46.269
2313,2017,46.095
2313,2018,46.187
2313,2019,46.251
2313,2020,46.383
2313,2021,46.397
2321,2005,40.204
2321,2006,40.262
2321,2007,40.239
2321,2008,40.138
2321,2009,40.18
2321,2010,40.254
2321,2011,40.502
2321,2012,40.464
2321,2013,40.461
2321,2014,40.603
2321,2015,40.466
2321,2016,40.058
2321,2017,40.005
2321,2018,39.728
2321,2019,39.663
2321,2020,39.576
2321,2021,39.617
2326,2005,44.405
2326,2006,44.643
2326,2007,44.739
2326,2008,45.13
2326,2009,45.334
2326,2010,45.414
2326,2011,45.431
2326,2012,45.796
2326,2013,45.748
2326,2014,46.003
2326,2015,45.987
2326,2016,45.547
2326,2017,45.474
2326,2018,45.512
2326,2019,45.788
2326,2020,45.831
2326,2021,45.676
2361,2005,45.324
2361,2006,45.602
2361,2007,45.649
2361,2008,45.686
2361,2009,45.939
2361,2010,46.246
2361,2011,46.475
2361,2012,46.557
2361,2013,46.461
2361,2014,46.681
2361,2015,46.603
2361,2016,46.737
2361,2017,46.594
2361,2018,46.576
2361,2019,46.719
2361,2020,46.861
2361,2021,47.074
2380,2005,40.78
2380,2006,40.844
2380,2007,40.895
2380,2008,40.98
2380,2009,41.011
2380,2010,41.084
2380,2011,41.177
2380,2012,41.316
2380,2013,41.355
2380,2014,41.314
2380,2015,41.251
2380,2016,41.3
2380,2017,41.238
2380,2018,41.298
2380,2019,41.371
2380,2020,41.48
2380,2021,41.635
2401,2005,42.944
2401,2006,43.377
2401,2007,43.617
2401,2008,43.88
2401,2009,44.342
2401,2010,44.748
2401,2011,44.854
2401,2012,44.965
2401,2013,44.956
2401,2014,44.918
2401,2015,44.984
2401,2016,44.826
2401,2017,44.839
2401,2018,44.85
2401,2019,44.954
2401,2020,45.319
2401,2021,45.368
2403,2005,45.608
2403,2006,45.71
2403,2007,45.71
2403,2008,46.105
2403,2009,45.996
2403,2010,46.075
2403,2011,46.444
2403,2012,46.476
2403,2013,46.072
2403,2014,46.292
2403,2015,46.278
2403,2016,45.964
2403,2017,45.976
2403,2018,45.869
2403,2019,46.009
2403,2020,46.091
2403,2021,45.771
2404,2005,44.555
2404,2006,44.897
2404,2007,44.889
2404,2008,44.785
2404,2009,45.303
2404,2010,45.311
2404,2011,45.35
2404,2012,45.458
2404,2013,45.446
2404,2014,45.5
2404,2015,45.477
2404,2016,45.345
2404,2017,45.127
2404,2018,44.957
2404,2019,45.011
2404,2020,44.584
2404,2021,44.615
2409,2005,42.607
2409,2006,42.907
2409,2007,43.082
2409,2008,43.251
2409,2009,43.35
2409,2010,43.511
2409,2011,43.749
2409,2012,43.857
2409,2013,44.039
2409,2014,44.306
2409,2015,44.111
2409,2016,44.175
2409,2017,44.224
2409,2018,44.477
2409,2019,44.593
2409,2020,44.589
2409,2021,44.519
2417,2005,43.774
2417,2006,44.115
2417,2007,44.316
2417,2008,44.541
2417,2009,44.635
2417,2010,44.627
2417,2011,44.633
2417,2012,44.579
2417,2013,44.326
2417,2014,44.387
2417,2015,44.645
2417,2016,44.81
2417,2017,44.936
2417,2018,45.111
2417,2019,45.557
2417,2020,46.001
2417,2021,45.93
2418,2005,43.399
2418,2006,43.769
2418,2007,44.012
2418,2008,43.962
2418,2009,44.13
2418,2010,44.483
2418,2011,44.822
2418,2012,44.747
2418,2013,44.809
2418,2014,45.011
2418,2015,44.931
2418,2016,45.081
2418,2017,44.916
2418,2018,44.93
2418,2019,44.991
2418,2020,45.295
2418,2021,45.194
2421,2005,44.826
2421,2006,45.085
2421,2007,45.236
2421,2008,45.456
2421,2009,45.565
2421,2010,45.926
2421,2011,46.263
2421,2012,46.45
2421,2013,46.503
2421,2014,46.571
2421,2015,46.486
2421,2016,46.394
2421,2017,46.189
2421,2018,46.036
2421,2019,46.435
2421,2020,46.466
2421,2021,46.562
2422,2005,45.724
2422,2006,45.868
2422,2007,46.162
2422,2008,46.517
2422,2009,46.113
2422,2010,45.816
2422,2011,45.555
2422,2012,45.222
2422,2013,45.612
2422,2014,45.23
2422,2015,45.665
2422,2016,45.559
2422,2017,46.003
2422,2018,46.273
2422,2019,46.66
2422,2020,46.885
2422,2021,46.89
2425,2005,46.951
2425,2006,46.91
2425,2007,47.076
2425,2008,47.345
2425,2009,47.398
2425,2010,47.34
2425,2011,47.264
2425,2012,47.656
2425,2013,47.543
2425,2014,47.386
2425,2015,47.306
2425,2016,47.088
2425,2017,47.557
2425,2018,48.035
2425,2019,48.057
2425,2020,48.44
2425,2021,48.516
2460,2005,40.69
2460,2006,40.668
2460,2007,40.943
2460,2008,40.974
2460,2009,41.104
2460,2010,41.138
2460,2011,41.145
2460,2012,41.219
2460,2013,41.096
2460,2014,41.211
2460,2015,41.199
2460,2016,41.017
2460,2017,40.991
2460,2018,40.997
2460,2019,41.073
2460,2020,41.026
2460,2021,41.039
2462,2005,42.958
2462,2006,43.053
2462,2007,43.13
2462,2008,43.211
2462,2009,43.331
2462,2010,43.2
2462,2011,43.458
2462,2012,43.504
2462,2013,43.618
2462,2014,43.943
2462,2015,44.046
2462,2016,43.973
2462,2017,44.068
2462,2018,44.373
2462,2019,44.558
2462,2020,44.926
2462,2021,45.098
2463,2005,46.35
2463,2006,46.499
2463,2007,46.351
2463,2008,46.679
2463,2009,46.775
2463,2010,47.344
2463,2011,47.482
2463,2012,47.244
2463,2013,47.51
2463,2014,47.625
2463,2015,47.383
2463,2016,47.087
2463,2017,47.236
2463,2018,47.018
2463,2019,47.043
2463,2020,47.071
2463,2021,47.359
2480,2005,36.957
2480,2006,37.161
2480,2007,37.396
2480,2008,37.531
2480,2009,37.602
2480,2010,37.66
2480,2011,37.801
2480,2012,37.932
2480,2013,38.091
2480,2014,38.203
2480,2015,38.296
2480,2016,38.321
2480,2017,38.366
2480,2018,38.398
2480,2019,38.437
2480,2020,38.55
2480,2021,38.749
2481,2005,42.381
2481,2006,42.701
2481,2007,42.923
2481,2008,43.008
2481,2009,43.06
2481,2010,43.17
2481,2011,43.288
2481,2012,43.305
2481,2013,43.445
2481,2014,43.574
2481,2015,43.627
2481,2016,43.451
2481,2017,43.171
2481,2018,43.081
2481,2019,43.042
2481,2020,43.097
2481,2021,43.017
2482,2005,41.743
2482,2006,41.875
2482,2007,42.037
2482,2008,42.207
2482,2009,42.376
2482,2010,42.535
2482,2011,42.618
2482,2012,42.681
2482,2013,42.681
2482,2014,42.742
2482,2015,42.838
2482,2016,42.857
2482,2017,42.82
2482,2018,42.978
2482,2019,43.142
2482,2020,43.243
2482,2021,43.191
2505,2005,44.762
2505,2006,44.659
2505,2007,44.617
2505,2008,44.959
2505,2009,45.061
2505,2010,45.103
2505,2011,45.089
2505,2012,45.144
2505,2013,45.295
2505,2014,44.765
2505,2015,44.829
2505,2016,44.824
2505,2017,44.794
2505,2018,45.044
2505,2019,45.235
2505,2020,45.367
2505,2021,45.457
2506,2005,45.242
2506,2006,45.213
2506,2007,45.654
2506,2008,45.5
2506,2009,45.573
2506,2010,45.515
2506,2011,45.682
2506,2012,45.824
2506,2013,46.047
2506,2014,46.264
2506,2015,46.317
2506,2016,46.119
2506,2017,46.505
2506,2018,46.56
2506,2019,46.702
2506,2020,47.152
2506,2021,47.377
2510,2005,44.139
2510,2006,44.539
2510,2007,44.968
2510,2008,45.223
2510,2009,45.563
2510,2010,45.869
2510,2011,46.191
2510,2012,46.493
2510,2013,46.419
2510,2014,46.038
2510,2015,45.796
2510,2016,45.393
2510,2017,45.625
2510,2018,46.012
2510,2019,46.507
2510,2020,46.898
2510,2021,47.178
2513,2005,47.225
2513,2006,47.121
2513,2007,47.362
2513,2008,47.624
2513,2009,48.027
2513,2010,48.399
2513,2011,48.705
2513,2012,48.75
2513,2013,48.907
2513,2014,48.969
2513,2015,48.929
2513,2016,49.286
2513,2017,49.227
2513,2018,49.394
2513,2019,49.311
2513,2020,49.709
2513,2021,49.959
2514,2005,43.474
2514,2006,43.659
2514,2007,43.944
2514,2008,44.166
2514,2009,44.565
2514,2010,44.869
2514,2011,45.095
2514,2012,45.324
2514,2013,45.609
2514,2014,45.806
2514,2015,45.913
2514,2016,46.052
2514,2017,46.118
2514,2018,46.256
2514,2019,46.538
2514,2020,46.609
2514,2021,46.682
2518,2005,45.615
2518,2006,45.709
2518,2007,45.806
2518,2008,46.235
2518,2009,46.26
2518,2010,46.549
2518,2011,46.865
2518,2012,47.001
2518,2013,47.358
2518,2014,47.376
2518,2015,48.045
2518,2016,48.304
2518,2017,48.583
2518,2018,48.984
2518,2019,49.543
2518,2020,50.22
2518,2021,50.292
2521,2005,47.147
2521,2006,47.314
2521,2007,47.733
2521,2008,47.814
2521,2009,47.933
2521,2010,48.103
2521,2011,48.199
2521,2012,48.295
2521,2013,48.068
2521,2014,47.955
2521,2015,48.267
2521,2016,48.322
2521,2017,48.291
2521,2018,48.28
2521,2019,48.215
2521,2020,48.522
2521,2021,48.613
2523,2005,43.209
2523,2006,43.432
2523,2007,43.579
2523,2008,43.846
2523,2009,44.074
2523,2010,44.334
2523,2011,44.537
2523,2012,44.501
2523,2013,44.429
2523,2014,44.542
2523,2015,44.581
2523,2016,44.614
2523,2017,44.589
2523,2018,44.724
2523,2019,44.762
2523,2020,44.661
2523,2021,44.552
2560,2005,43.045
2560,2006,43.018
2560,2007,43.346
2560,2008,43.521
2560,2009,43.888
2560,2010,44.111
2560,2011,44.219
2560,2012,44.268
2560,2013,44.356
2560,2014,44.494
2560,2015,44.433
2560,2016,44.262
2560,2017,44.016
2560,2018,44.336
2560,2019,44.381
2560,2020,44.583
2560,2021,44.814
2580,2005,39.704
2580,2006,39.857
2580,2007,40.144
2580,2008,40.309
2580,2009,40.455
2580,2010,40.631
2580,2011,40.776
2580,2012,40.862
2580,2013,40.998
2580,2014,41.059
2580,2015,41.264
2580,2016,41.325
2580,2017,41.319
2580,2018,41.467
2580,2019,41.661
2580,2020,41.707
2580,2021,41.775
2581,2005,40.717
2581,2006,40.916
2581,2007,41.155
2581,2008,41.392
2581,2009,41.679
2581,2010,41.92
2581,2011,42.129
2581,2012,42.322
2581,2013,42.378
2581,2014,42.491
2581,2015,42.629
2581,2016,42.662
2581,2017,42.667
2581,2018,42.906
2581,2019,42.963
2581,2020,43.118
2581,2021,43.265
2582,2005,41.807
2582,2006,42.075
2582,2007,42.325
2582,2008,42.659
2582,2009,42.915
2582,2010,43.115
2582,2011,43.114
2582,2012,43.271
2582,2013,43.283
2582,2014,43.435
2582,2015,43.453
2582,2016,43.521
2582,2017,43.54
2582,2018,43.769
2582,2019,43.865
2582,2020,43.962
2582,2021,44.016
2583,2005,43.015
2583,2006,43.234
2583,2007,43.378
2583,2008,43.511
2583,2009,43.645
2583,2010,44.045
2583,2011,44.135
2583,2012,44.386
2583,2013,44.605
2583,2014,45.017
2583,2015,45.09
2583,2016,45.1
2583,2017,45.369
2583,2018,45.604
2583,2019,45.91
2583,2020,46.282
2583,2021,46.466
2584,2005,40.984
2584,2006,41.145
2584,2007,41.378
2584,2008,41.559
2584,2009,41.81
2584,2010,41.738
2584,2011,41.761
2584,2012,41.741
2584,2013,41.587
2584,2014,41.619
2584,2015,41.697
2584,2016,41.762
2584,2017,41.772
2584,2018,41.94
2584,2019,42.05
2584,2020,42.179
2584,2021,42.344
