kommun,year,mean_invbak
0114,2005,0.378
0114,2006,0.383
0114,2007,0.388
0114,2008,0.395
0114,2009,0.401
0114,2010,0.409
0114,2011,0.419
0114,2012,0.424
0114,2013,0.433
0114,2014,0.44
0114,2015,0.454
0114,2016,0.469
0114,2017,0.479
0114,2018,0.493
0114,2019,0.508
0114,2020,0.518
0114,2021,0.53
0115,2005,0.225
0115,2006,0.226
0115,2007,0.23
0115,2008,0.232
0115,2009,0.235
0115,2010,0.238
0115,2011,0.243
0115,2012,0.249
0115,2013,0.252
0115,2014,0.254
0115,2015,0.257
0115,2016,0.264
0115,2017,0.271
0115,2018,0.277
0115,2019,0.287
0115,2020,0.288
0115,2021,0.293
0117,2005,0.228
0117,2006,0.23
0117,2007,0.231
0117,2008,0.236
0117,2009,0.24
0117,2010,0.243
0117,2011,0.249
0117,2012,0.255
0117,2013,0.258
0117,2014,0.263
0117,2015,0.271
0117,2016,0.281
0117,2017,0.289
0117,2018,0.295
0117,2019,0.298
0117,2020,0.303
0117,2021,0.309
0120,2005,0.227
0120,2006,0.229
0120,2007,0.231
0120,2008,0.235
0120,2009,0.237
0120,2010,0.239
0120,2011,0.242
0120,2012,0.243
0120,2013,0.245
0120,2014,0.249
0120,2015,0.251
0120,2016,0.255
0120,2017,0.265
0120,2018,0.272
0120,2019,0.273
0120,2020,0.274
0120,2021,0.275
0123,2005,0.356
0123,2006,0.366
0123,2007,0.377
0123,2008,0.388
0123,2009,0.398
0123,2010,0.408
0123,2011,0.418
0123,2012,0.427
0123,2013,0.437
0123,2014,0.45
0123,2015,0.461
0123,2016,0.477
0123,2017,0.493
0123,2018,0.51
0123,2019,0.524
0123,2020,0.539
0123,2021,0.554
0125,2005,0.189
0125,2006,0.192
0125,2007,0.196
0125,2008,0.197
0125,2009,0.202
0125,2010,0.207
0125,2011,0.21
0125,2012,0.216
0125,2013,0.22
0125,2014,0.224
0125,2015,0.227
0125,2016,0.233
0125,2017,0.241
0125,2018,0.253
0125,2019,0.257
0125,2020,0.261
0125,2021,0.263
0126,2005,0.387
0126,2006,0.397
0126,2007,0.404
0126,2008,0.414
0126,2009,0.421
0126,2010,0.43
0126,2011,0.436
0126,2012,0.444
0126,2013,0.451
0126,2014,0.457
0126,2015,0.467
0126,2016,0.475
0126,2017,0.483
0126,2018,0.491
0126,2019,0.497
0126,2020,0.5
0126,2021,0.505
0127,2005,0.565
0127,2006,0.573
0127,2007,0.583
0127,2008,0.59
0127,2009,0.598
0127,2010,0.608
0127,2011,0.617
0127,2012,0.626
0127,2013,0.634
0127,2014,0.639
0127,2015,0.645
0127,2016,0.652
0127,2017,0.66
0127,2018,0.668
0127,2019,0.676
0127,2020,0.682
0127,2021,0.686
0128,2005,0.279
0128,2006,0.283
0128,2007,0.29
0128,2008,0.294
0128,2009,0.3
0128,2010,0.306
0128,2011,0.311
0128,2012,0.318
0128,2013,0.326
0128,2014,0.336
0128,2015,0.35
0128,2016,0.361
0128,2017,0.375
0128,2018,0.383
0128,2019,0.392
0128,2020,0.404
0128,2021,0.417
0136,2005,0.343
0136,2006,0.351
0136,2007,0.359
0136,2008,0.368
0136,2009,0.375
0136,2010,0.382
0136,2011,0.39
0136,2012,0.396
0136,2013,0.402
0136,2014,0.41
0136,2015,0.417
0136,2016,0.427
0136,2017,0.438
0136,2018,0.446
0136,2019,0.455
0136,2020,0.462
0136,2021,0.47
0138,2005,0.279
0138,2006,0.277
0138,2007,0.281
0138,2008,0.284
0138,2009,0.287
0138,2010,0.291
0138,2011,0.293
0138,2012,0.296
0138,2013,0.299
0138,2014,0.301
0138,2015,0.308
0138,2016,0.313
0138,2017,0.318
0138,2018,0.326
0138,2019,0.331
0138,2020,0.333
0138,2021,0.337
0139,2005,0.336
0139,2006,0.343
0139,2007,0.35
0139,2008,0.362
0139,2009,0.37
0139,2010,0.378
0139,2011,0.386
0139,2012,0.39
0139,2013,0.397
0139,2014,0.406
0139,2015,0.416
0139,2016,0.428
0139,2017,0.44
0139,2018,0.46
0139,2019,0.476
0139,2020,0.49
0139,2021,0.506
0140,2005,0.24
0140,2006,0.239
0140,2007,0.242
0140,2008,0.244
0140,2009,0.246
0140,2010,0.243
0140,2011,0.243
0140,2012,0.245
0140,2013,0.248
0140,2014,0.25
0140,2015,0.252
0140,2016,0.257
0140,2017,0.264
0140,2018,0.267
0140,2019,0.271
0140,2020,0.276
0140,2021,0.285
0160,2005,0.255
0160,2006,0.258
0160,2007,0.26
0160,2008,0.263
0160,2009,0.269
0160,2010,0.273
0160,2011,0.278
0160,2012,0.282
0160,2013,0.286
0160,2014,0.292
0160,2015,0.298
0160,2016,0.305
0160,2017,0.313
0160,2018,0.321
0160,2019,0.327
0160,2020,0.332
0160,2021,0.338
0162,2005,0.241
0162,2006,0.241
0162,2007,0.245
0162,2008,0.247
0162,2009,0.252
0162,2010,0.256
0162,2011,0.259
0162,2012,0.261
0162,2013,0.265
0162,2014,0.27
0162,2015,0.274
0162,2016,0.28
0162,2017,0.288
0162,2018,0.295
0162,2019,0.298
0162,2020,0.299
0162,2021,0.304
0163,2005,0.305
0163,2006,0.312
0163,2007,0.319
0163,2008,0.325
0163,2009,0.334
0163,2010,0.346
0163,2011,0.355
0163,2012,0.363
0163,2013,0.371
0163,2014,0.381
0163,2015,0.387
0163,2016,0.399
0163,2017,0.412
0163,2018,0.421
0163,2019,0.434
0163,2020,0.438
0163,2021,0.449
0180,2005,0.35
0180,2006,0.357
0180,2007,0.363
0180,2008,0.37
0180,2009,0.377
0180,2010,0.384
0180,2011,0.39
0180,2012,0.396
0180,2013,0.401
0180,2014,0.406
0180,2015,0.41
0180,2016,0.416
0180,2017,0.423
0180,2018,0.429
0180,2019,0.434
0180,2020,0.436
0180,2021,0.44
0181,2005,0.447
0181,2006,0.463
0181,2007,0.48
0181,2008,0.494
0181,2009,0.507
0181,2010,0.519
0181,2011,0.532
0181,2012,0.545
0181,2013,0.558
0181,2014,0.573
0181,2015,0.585
0181,2016,0.595
0181,2017,0.605
0181,2018,0.617
0181,2019,0.628
0181,2020,0.638
0181,2021,0.647
0182,2005,0.304
0182,2006,0.305
0182,2007,0.308
0182,2008,0.311
0182,2009,0.315
0182,2010,0.32
0182,2011,0.323
0182,2012,0.327
0182,2013,0.328
0182,2014,0.332
0182,2015,0.336
0182,2016,0.342
0182,2017,0.349
0182,2018,0.354
0182,2019,0.355
0182,2020,0.354
0182,2021,0.358
0183,2005,0.371
0183,2006,0.385
0183,2007,0.399
0183,2008,0.408
0183,2009,0.42
0183,2010,0.43
0183,2011,0.439
0183,2012,0.45
0183,2013,0.461
0183,2014,0.467
0183,2015,0.479
0183,2016,0.49
0183,2017,0.499
0183,2018,0.507
0183,2019,0.518
0183,2020,0.525
0183,2021,0.532
0184,2005,0.362
0184,2006,0.365
0184,2007,0.374
0184,2008,0.386
0184,2009,0.398
0184,2010,0.409
0184,2011,0.419
0184,2012,0.427
0184,2013,0.434
0184,2014,0.444
0184,2015,0.454
0184,2016,0.466
0184,2017,0.479
0184,2018,0.489
0184,2019,0.499
0184,2020,0.509
0184,2021,0.522
0186,2005,0.246
0186,2006,0.248
0186,2007,0.253
0186,2008,0.256
0186,2009,0.262
0186,2010,0.267
0186,2011,0.272
0186,2012,0.276
0186,2013,0.282
0186,2014,0.287
0186,2015,0.293
0186,2016,0.303
0186,2017,0.308
0186,2018,0.313
0186,2019,0.318
0186,2020,0.317
0186,2021,0.318
0187,2005,0.186
0187,2006,0.19
0187,2007,0.191
0187,2008,0.196
0187,2009,0.199
0187,2010,0.204
0187,2011,0.207
0187,2012,0.208
0187,2013,0.211
0187,2014,0.212
0187,2015,0.214
0187,2016,0.216
0187,2017,0.221
0187,2018,0.226
0187,2019,0.226
0187,2020,0.224
0187,2021,0.223
0188,2005,0.176
0188,2006,0.178
0188,2007,0.181
0188,2008,0.186
0188,2009,0.188
0188,2010,0.19
0188,2011,0.193
0188,2012,0.196
0188,2013,0.2
0188,2014,0.204
0188,2015,0.211
0188,2016,0.217
0188,2017,0.225
0188,2018,0.231
0188,2019,0.236
0188,2020,0.241
0188,2021,0.242
0191,2005,0.36
0191,2006,0.367
0191,2007,0.375
0191,2008,0.385
0191,2009,0.399
0191,2010,0.41
0191,2011,0.423
0191,2012,0.438
0191,2013,0.45
0191,2014,0.464
0191,2015,0.479
0191,2016,0.495
0191,2017,0.51
0191,2018,0.525
0191,2019,0.538
0191,2020,0.551
0191,2021,0.56
0192,2005,0.205
0192,2006,0.211
0192,2007,0.218
0192,2008,0.224
0192,2009,0.231
0192,2010,0.238
0192,2011,0.246
0192,2012,0.253
0192,2013,0.263
0192,2014,0.266
0192,2015,0.275
0192,2016,0.282
0192,2017,0.292
0192,2018,0.3
0192,2019,0.309
0192,2020,0.315
0192,2021,0.325
0305,2005,0.251
0305,2006,0.252
0305,2007,0.257
0305,2008,0.26
0305,2009,0.264
0305,2010,0.267
0305,2011,0.269
0305,2012,0.272
0305,2013,0.273
0305,2014,0.274
0305,2015,0.277
0305,2016,0.285
0305,2017,0.293
0305,2018,0.301
0305,2019,0.306
0305,2020,0.306
0305,2021,0.309
0319,2005,0.162
0319,2006,0.165
0319,2007,0.165
0319,2008,0.174
0319,2009,0.179
0319,2010,0.182
0319,2011,0.189
0319,2012,0.193
0319,2013,0.195
0319,2014,0.204
0319,2015,0.222
0319,2016,0.24
0319,2017,0.243
0319,2018,0.25
0319,2019,0.251
0319,2020,0.249
0319,2021,0.25
0330,2005,0.185
0330,2006,0.19
0330,2007,0.194
0330,2008,0.197
0330,2009,0.199
0330,2010,0.202
0330,2011,0.205
0330,2012,0.209
0330,2013,0.213
0330,2014,0.217
0330,2015,0.231
0330,2016,0.239
0330,2017,0.252
0330,2018,0.264
0330,2019,0.267
0330,2020,0.275
0330,2021,0.287
0331,2005,0.136
0331,2006,0.14
0331,2007,0.146
0331,2008,0.149
0331,2009,0.156
0331,2010,0.16
0331,2011,0.164
0331,2012,0.165
0331,2013,0.172
0331,2014,0.178
0331,2015,0.185
0331,2016,0.192
0331,2017,0.199
0331,2018,0.204
0331,2019,0.212
0331,2020,0.213
0331,2021,0.219
0360,2005,0.121
0360,2006,0.124
0360,2007,0.132
0360,2008,0.138
0360,2009,0.142
0360,2010,0.147
0360,2011,0.154
0360,2012,0.159
0360,2013,0.165
0360,2014,0.173
0360,2015,0.184
0360,2016,0.193
0360,2017,0.204
0360,2018,0.213
0360,2019,0.215
0360,2020,0.222
0360,2021,0.226
0380,2005,0.251
0380,2006,0.255
0380,2007,0.26
0380,2008,0.268
0380,2009,0.275
0380,2010,0.283
0380,2011,0.287
0380,2012,0.291
0380,2013,0.297
0380,2014,0.302
0380,2015,0.31
0380,2016,0.321
0380,2017,0.335
0380,2018,0.346
0380,2019,0.355
0380,2020,0.36
0380,2021,0.367
0381,2005,0.182
0381,2006,0.184
0381,2007,0.19
0381,2008,0.194
0381,2009,0.199
0381,2010,0.203
0381,2011,0.206
0381,2012,0.209
0381,2013,0.216
0381,2014,0.222
0381,2015,0.232
0381,2016,0.246
0381,2017,0.255
0381,2018,0.263
0381,2019,0.272
0381,2020,0.281
0381,2021,0.291
0382,2005,0.137
0382,2006,0.137
0382,2007,0.139
0382,2008,0.143
0382,2009,0.148
0382,2010,0.152
0382,2011,0.156
0382,2012,0.155
0382,2013,0.158
0382,2014,0.16
0382,2015,0.164
0382,2016,0.171
0382,2017,0.174
0382,2018,0.178
0382,2019,0.179
0382,2020,0.179
0382,2021,0.184
0428,2005,0.145
0428,2006,0.144
0428,2007,0.148
0428,2008,0.15
0428,2009,0.157
0428,2010,0.159
0428,2011,0.165
0428,2012,0.173
0428,2013,0.189
0428,2014,0.201
0428,2015,0.203
0428,2016,0.216
0428,2017,0.23
0428,2018,0.237
0428,2019,0.239
0428,2020,0.243
0428,2021,0.241
0461,2005,0.165
0461,2006,0.169
0461,2007,0.176
0461,2008,0.183
0461,2009,0.188
0461,2010,0.194
0461,2011,0.197
0461,2012,0.201
0461,2013,0.206
0461,2014,0.214
0461,2015,0.222
0461,2016,0.231
0461,2017,0.236
0461,2018,0.24
0461,2019,0.247
0461,2020,0.252
0461,2021,0.253
0480,2005,0.174
0480,2006,0.178
0480,2007,0.184
0480,2008,0.187
0480,2009,0.193
0480,2010,0.2
0480,2011,0.204
0480,2012,0.209
0480,2013,0.219
0480,2014,0.227
0480,2015,0.238
0480,2016,0.248
0480,2017,0.257
0480,2018,0.266
0480,2019,0.273
0480,2020,0.28
0480,2021,0.285
0481,2005,0.256
0481,2006,0.261
0481,2007,0.26
0481,2008,0.263
0481,2009,0.268
0481,2010,0.268
0481,2011,0.275
0481,2012,0.278
0481,2013,0.286
0481,2014,0.302
0481,2015,0.318
0481,2016,0.336
0481,2017,0.343
0481,2018,0.352
0481,2019,0.354
0481,2020,0.356
0481,2021,0.358
0482,2005,0.215
0482,2006,0.218
0482,2007,0.222
0482,2008,0.229
0482,2009,0.24
0482,2010,0.248
0482,2011,0.259
0482,2012,0.266
0482,2013,0.283
0482,2014,0.297
0482,2015,0.314
0482,2016,0.337
0482,2017,0.347
0482,2018,0.351
0482,2019,0.356
0482,2020,0.357
0482,2021,0.36
0483,2005,0.199
0483,2006,0.204
0483,2007,0.212
0483,2008,0.222
0483,2009,0.232
0483,2010,0.241
0483,2011,0.244
0483,2012,0.251
0483,2013,0.261
0483,2014,0.272
0483,2015,0.28
0483,2016,0.292
0483,2017,0.302
0483,2018,0.312
0483,2019,0.32
0483,2020,0.323
0483,2021,0.325
0484,2005,0.307
0484,2006,0.312
0484,2007,0.321
0484,2008,0.331
0484,2009,0.338
0484,2010,0.345
0484,2011,0.354
0484,2012,0.363
0484,2013,0.371
0484,2014,0.382
0484,2015,0.392
0484,2016,0.405
0484,2017,0.414
0484,2018,0.423
0484,2019,0.431
0484,2020,0.436
0484,2021,0.441
0486,2005,0.197
0486,2006,0.2
0486,2007,0.204
0486,2008,0.209
0486,2009,0.213
0486,2010,0.217
0486,2011,0.223
0486,2012,0.226
0486,2013,0.233
0486,2014,0.239
0486,2015,0.244
0486,2016,0.254
0486,2017,0.26
0486,2018,0.27
0486,2019,0.278
0486,2020,0.286
0486,2021,0.294
0488,2005,0.21
0488,2006,0.21
0488,2007,0.214
0488,2008,0.217
0488,2009,0.218
0488,2010,0.22
0488,2011,0.221
0488,2012,0.222
0488,2013,0.229
0488,2014,0.234
0488,2015,0.237
0488,2016,0.251
0488,2017,0.254
0488,2018,0.261
0488,2019,0.268
0488,2020,0.277
0488,2021,0.278
0509,2005,0.097
0509,2006,0.098
0509,2007,0.104
0509,2008,0.113
0509,2009,0.115
0509,2010,0.117
0509,2011,0.121
0509,2012,0.125
0509,2013,0.13
0509,2014,0.14
0509,2015,0.145
0509,2016,0.159
0509,2017,0.168
0509,2018,0.172
0509,2019,0.171
0509,2020,0.175
0509,2021,0.174
0512,2005,0.093
0512,2006,0.095
0512,2007,0.099
0512,2008,0.106
0512,2009,0.112
0512,2010,0.116
0512,2011,0.123
0512,2012,0.122
0512,2013,0.138
0512,2014,0.146
0512,2015,0.151
0512,2016,0.158
0512,2017,0.163
0512,2018,0.166
0512,2019,0.163
0512,2020,0.161
0512,2021,0.164
0513,2005,0.085
0513,2006,0.091
0513,2007,0.093
0513,2008,0.097
0513,2009,0.101
0513,2010,0.104
0513,2011,0.111
0513,2012,0.117
0513,2013,0.125
0513,2014,0.129
0513,2015,0.132
0513,2016,0.136
0513,2017,0.141
0513,2018,0.145
0513,2019,0.145
0513,2020,0.148
0513,2021,0.15
0560,2005,0.084
0560,2006,0.086
0560,2007,0.089
0560,2008,0.094
0560,2009,0.096
0560,2010,0.097
0560,2011,0.102
0560,2012,0.108
0560,2013,0.118
0560,2014,0.124
0560,2015,0.126
0560,2016,0.135
0560,2017,0.145
0560,2018,0.15
0560,2019,0.154
0560,2020,0.15
0560,2021,0.155
0561,2005,0.084
0561,2006,0.089
0561,2007,0.089
0561,2008,0.09
0561,2009,0.091
0561,2010,0.096
0561,2011,0.099
0561,2012,0.102
0561,2013,0.104
0561,2014,0.113
0561,2015,0.119
0561,2016,0.125
0561,2017,0.13
0561,2018,0.129
0561,2019,0.133
0561,2020,0.132
0561,2021,0.134
0562,2005,0.188
0562,2006,0.19
0562,2007,0.192
0562,2008,0.194
0562,2009,0.196
0562,2010,0.199
0562,2011,0.2
0562,2012,0.206
0562,2013,0.215
0562,2014,0.224
0562,2015,0.232
0562,2016,0.245
0562,2017,0.246
0562,2018,0.254
0562,2019,0.261
0562,2020,0.264
0562,2021,0.268
0563,2005,0.09
0563,2006,0.092
0563,2007,0.096
0563,2008,0.101
0563,2009,0.105
0563,2010,0.111
0563,2011,0.116
0563,2012,0.118
0563,2013,0.122
0563,2014,0.131
0563,2015,0.15
0563,2016,0.17
0563,2017,0.183
0563,2018,0.189
0563,2019,0.186
0563,2020,0.175
0563,2021,0.169
0580,2005,0.178
0580,2006,0.185
0580,2007,0.194
0580,2008,0.204
0580,2009,0.216
0580,2010,0.224
0580,2011,0.229
0580,2012,0.234
0580,2013,0.24
0580,2014,0.246
0580,2015,0.251
0580,2016,0.261
0580,2017,0.271
0580,2018,0.28
0580,2019,0.287
0580,2020,0.292
0580,2021,0.298
0581,2005,0.232
0581,2006,0.238
0581,2007,0.245
0581,2008,0.253
0581,2009,0.261
0581,2010,0.266
0581,2011,0.269
0581,2012,0.276
0581,2013,0.286
0581,2014,0.295
0581,2015,0.305
0581,2016,0.317
0581,2017,0.325
0581,2018,0.332
0581,2019,0.339
0581,2020,0.343
0581,2021,0.348
0582,2005,0.101
0582,2006,0.102
0582,2007,0.104
0582,2008,0.106
0582,2009,0.106
0582,2010,0.106
0582,2011,0.108
0582,2012,0.11
0582,2013,0.113
0582,2014,0.115
0582,2015,0.119
0582,2016,0.127
0582,2017,0.132
0582,2018,0.137
0582,2019,0.143
0582,2020,0.143
0582,2021,0.144
0583,2005,0.163
0583,2006,0.167
0583,2007,0.171
0583,2008,0.175
0583,2009,0.178
0583,2010,0.18
0583,2011,0.182
0583,2012,0.188
0583,2013,0.197
0583,2014,0.205
0583,2015,0.217
0583,2016,0.226
0583,2017,0.234
0583,2018,0.239
0583,2019,0.243
0583,2020,0.247
0583,2021,0.248
0584,2005,0.095
0584,2006,0.1
0584,2007,0.104
0584,2008,0.107
0584,2009,0.107
0584,2010,0.109
0584,2011,0.111
0584,2012,0.113
0584,2013,0.119
0584,2014,0.122
0584,2015,0.127
0584,2016,0.134
0584,2017,0.142
0584,2018,0.148
0584,2019,0.146
0584,2020,0.146
0584,2021,0.148
0586,2005,0.107
0586,2006,0.11
0586,2007,0.115
0586,2008,0.118
0586,2009,0.122
0586,2010,0.127
0586,2011,0.131
0586,2012,0.136
0586,2013,0.14
0586,2014,0.146
0586,2015,0.154
0586,2016,0.164
0586,2017,0.176
0586,2018,0.184
0586,2019,0.192
0586,2020,0.195
0586,2021,0.199
0604,2005,0.104
0604,2006,0.11
0604,2007,0.117
0604,2008,0.13
0604,2009,0.13
0604,2010,0.135
0604,2011,0.143
0604,2012,0.146
0604,2013,0.145
0604,2014,0.156
0604,2015,0.169
0604,2016,0.181
0604,2017,0.195
0604,2018,0.2
0604,2019,0.204
0604,2020,0.208
0604,2021,0.212
0617,2005,0.289
0617,2006,0.293
0617,2007,0.302
0617,2008,0.309
0617,2009,0.31
0617,2010,0.316
0617,2011,0.319
0617,2012,0.325
0617,2013,0.335
0617,2014,0.348
0617,2015,0.358
0617,2016,0.365
0617,2017,0.375
0617,2018,0.379
0617,2019,0.382
0617,2020,0.383
0617,2021,0.383
0642,2005,0.141
0642,2006,0.144
0642,2007,0.147
0642,2008,0.151
0642,2009,0.154
0642,2010,0.157
0642,2011,0.159
0642,2012,0.157
0642,2013,0.161
0642,2014,0.167
0642,2015,0.174
0642,2016,0.179
0642,2017,0.19
0642,2018,0.192
0642,2019,0.192
0642,2020,0.2
0642,2021,0.204
0643,2005,0.117
0643,2006,0.12
0643,2007,0.124
0643,2008,0.127
0643,2009,0.131
0643,2010,0.132
0643,2011,0.133
0643,2012,0.134
0643,2013,0.134
0643,2014,0.137
0643,2015,0.138
0643,2016,0.143
0643,2017,0.151
0643,2018,0.156
0643,2019,0.159
0643,2020,0.161
0643,2021,0.164
0662,2005,0.271
0662,2006,0.276
0662,2007,0.282
0662,2008,0.288
0662,2009,0.293
0662,2010,0.296
0662,2011,0.299
0662,2012,0.304
0662,2013,0.312
0662,2014,0.319
0662,2015,0.337
0662,2016,0.353
0662,2017,0.365
0662,2018,0.377
0662,2019,0.385
0662,2020,0.389
0662,2021,0.393
0665,2005,0.195
0665,2006,0.203
0665,2007,0.209
0665,2008,0.215
0665,2009,0.218
0665,2010,0.219
0665,2011,0.223
0665,2012,0.227
0665,2013,0.229
0665,2014,0.235
0665,2015,0.244
0665,2016,0.254
0665,2017,0.261
0665,2018,0.267
0665,2019,0.274
0665,2020,0.282
0665,2021,0.282
0680,2005,0.204
0680,2006,0.212
0680,2007,0.219
0680,2008,0.227
0680,2009,0.233
0680,2010,0.238
0680,2011,0.241
0680,2012,0.246
0680,2013,0.253
0680,2014,0.261
0680,2015,0.267
0680,2016,0.277
0680,2017,0.287
0680,2018,0.296
0680,2019,0.305
0680,2020,0.31
0680,2021,0.317
0682,2005,0.137
0682,2006,0.144
0682,2007,0.155
0682,2008,0.164
0682,2009,0.169
0682,2010,0.175
0682,2011,0.183
0682,2012,0.192
0682,2013,0.205
0682,2014,0.222
0682,2015,0.24
0682,2016,0.255
0682,2017,0.267
0682,2018,0.279
0682,2019,0.286
0682,2020,0.291
0682,2021,0.298
0683,2005,0.237
0683,2006,0.242
0683,2007,0.248
0683,2008,0.254
0683,2009,0.257
0683,2010,0.262
0683,2011,0.266
0683,2012,0.272
0683,2013,0.279
0683,2014,0.287
0683,2015,0.294
0683,2016,0.306
0683,2017,0.314
0683,2018,0.32
0683,2019,0.326
0683,2020,0.33
0683,2021,0.334
0684,2005,0.143
0684,2006,0.148
0684,2007,0.153
0684,2008,0.161
0684,2009,0.169
0684,2010,0.175
0684,2011,0.181
0684,2012,0.188
0684,2013,0.204
0684,2014,0.225
0684,2015,0.237
0684,2016,0.251
0684,2017,0.265
0684,2018,0.273
0684,2019,0.277
0684,2020,0.28
0684,2021,0.286
0685,2005,0.137
0685,2006,0.143
0685,2007,0.151
0685,2008,0.158
0685,2009,0.163
0685,2010,0.167
0685,2011,0.171
0685,2012,0.175
0685,2013,0.182
0685,2014,0.194
0685,2015,0.207
0685,2016,0.22
0685,2017,0.23
0685,2018,0.236
0685,2019,0.241
0685,2020,0.246
0685,2021,0.253
0686,2005,0.114
0686,2006,0.118
0686,2007,0.122
0686,2008,0.126
0686,2009,0.133
0686,2010,0.135
0686,2011,0.141
0686,2012,0.15
0686,2013,0.158
0686,2014,0.167
0686,2015,0.178
0686,2016,0.198
0686,2017,0.218
0686,2018,0.226
0686,2019,0.229
0686,2020,0.233
0686,2021,0.237
0687,2005,0.131
0687,2006,0.136
0687,2007,0.144
0687,2008,0.146
0687,2009,0.149
0687,2010,0.156
0687,2011,0.159
0687,2012,0.16
0687,2013,0.17
0687,2014,0.18
0687,2015,0.192
0687,2016,0.205
0687,2017,0.219
0687,2018,0.232
0687,2019,0.239
0687,2020,0.245
0687,2021,0.244
0760,2005,0.169
0760,2006,0.177
0760,2007,0.187
0760,2008,0.189
0760,2009,0.195
0760,2010,0.202
0760,2011,0.213
0760,2012,0.229
0760,2013,0.24
0760,2014,0.241
0760,2015,0.255
0760,2016,0.271
0760,2017,0.286
0760,2018,0.299
0760,2019,0.308
0760,2020,0.313
0760,2021,0.316
0761,2005,0.181
0761,2006,0.19
0761,2007,0.196
0761,2008,0.205
0761,2009,0.213
0761,2010,0.22
0761,2011,0.22
0761,2012,0.228
0761,2013,0.25
0761,2014,0.285
0761,2015,0.32
0761,2016,0.341
0761,2017,0.35
0761,2018,0.362
0761,2019,0.363
0761,2020,0.361
0761,2021,0.36
0763,2005,0.128
0763,2006,0.133
0763,2007,0.142
0763,2008,0.148
0763,2009,0.152
0763,2010,0.155
0763,2011,0.159
0763,2012,0.16
0763,2013,0.172
0763,2014,0.184
0763,2015,0.199
0763,2016,0.214
0763,2017,0.221
0763,2018,0.227
0763,2019,0.231
0763,2020,0.237
0763,2021,0.238
0764,2005,0.157
0764,2006,0.166
0764,2007,0.176
0764,2008,0.184
0764,2009,0.192
0764,2010,0.201
0764,2011,0.211
0764,2012,0.224
0764,2013,0.24
0764,2014,0.254
0764,2015,0.266
0764,2016,0.277
0764,2017,0.288
0764,2018,0.297
0764,2019,0.303
0764,2020,0.309
0764,2021,0.31
0765,2005,0.165
0765,2006,0.175
0765,2007,0.183
0765,2008,0.195
0765,2009,0.203
0765,2010,0.211
0765,2011,0.22
0765,2012,0.229
0765,2013,0.235
0765,2014,0.248
0765,2015,0.265
0765,2016,0.288
0765,2017,0.316
0765,2018,0.336
0765,2019,0.347
0765,2020,0.357
0765,2021,0.363
0767,2005,0.221
0767,2006,0.229
0767,2007,0.238
0767,2008,0.247
0767,2009,0.251
0767,2010,0.256
0767,2011,0.258
0767,2012,0.265
0767,2013,0.274
0767,2014,0.283
0767,2015,0.303
0767,2016,0.323
0767,2017,0.339
0767,2018,0.35
0767,2019,0.357
0767,2020,0.361
0767,2021,0.363
0780,2005,0.189
0780,2006,0.199
0780,2007,0.21
0780,2008,0.219
0780,2009,0.23
0780,2010,0.238
0780,2011,0.243
0780,2012,0.249
0780,2013,0.258
0780,2014,0.267
0780,2015,0.273
0780,2016,0.283
0780,2017,0.293
0780,2018,0.302
0780,2019,0.31
0780,2020,0.314
0780,2021,0.321
0781,2005,0.181
0781,2006,0.186
0781,2007,0.195
0781,2008,0.204
0781,2009,0.21
0781,2010,0.214
0781,2011,0.219
0781,2012,0.226
0781,2013,0.231
0781,2014,0.241
0781,2015,0.25
0781,2016,0.262
0781,2017,0.273
0781,2018,0.281
0781,2019,0.285
0781,2020,0.289
0781,2021,0.293
0821,2005,0.139
0821,2006,0.145
0821,2007,0.152
0821,2008,0.162
0821,2009,0.174
0821,2010,0.178
0821,2011,0.187
0821,2012,0.192
0821,2013,0.206
0821,2014,0.226
0821,2015,0.254
0821,2016,0.295
0821,2017,0.308
0821,2018,0.319
0821,2019,0.32
0821,2020,0.31
0821,2021,0.314
0834,2005,0.102
0834,2006,0.104
0834,2007,0.107
0834,2008,0.113
0834,2009,0.12
0834,2010,0.122
0834,2011,0.121
0834,2012,0.125
0834,2013,0.129
0834,2014,0.135
0834,2015,0.149
0834,2016,0.171
0834,2017,0.17
0834,2018,0.175
0834,2019,0.175
0834,2020,0.176
0834,2021,0.172
0840,2005,0.087
0840,2006,0.087
0840,2007,0.089
0840,2008,0.091
0840,2009,0.097
0840,2010,0.101
0840,2011,0.104
0840,2012,0.107
0840,2013,0.111
0840,2014,0.116
0840,2015,0.121
0840,2016,0.141
0840,2017,0.141
0840,2018,0.142
0840,2019,0.143
0840,2020,0.144
0840,2021,0.145
0860,2005,0.14
0860,2006,0.147
0860,2007,0.157
0860,2008,0.165
0860,2009,0.17
0860,2010,0.174
0860,2011,0.18
0860,2012,0.189
0860,2013,0.203
0860,2014,0.217
0860,2015,0.238
0860,2016,0.281
0860,2017,0.287
0860,2018,0.284
0860,2019,0.286
0860,2020,0.283
0860,2021,0.287
0861,2005,0.109
0861,2006,0.114
0861,2007,0.117
0861,2008,0.122
0861,2009,0.127
0861,2010,0.13
0861,2011,0.134
0861,2012,0.138
0861,2013,0.151
0861,2014,0.161
0861,2015,0.172
0861,2016,0.192
0861,2017,0.202
0861,2018,0.209
0861,2019,0.213
0861,2020,0.211
0861,2021,0.208
0862,2005,0.163
0862,2006,0.168
0862,2007,0.172
0862,2008,0.18
0862,2009,0.183
0862,2010,0.187
0862,2011,0.191
0862,2012,0.193
0862,2013,0.199
0862,2014,0.211
0862,2015,0.222
0862,2016,0.25
0862,2017,0.262
0862,2018,0.275
0862,2019,0.285
0862,2020,0.29
0862,2021,0.29
0880,2005,0.142
0880,2006,0.148
0880,2007,0.152
0880,2008,0.156
0880,2009,0.162
0880,2010,0.169
0880,2011,0.173
0880,2012,0.176
0880,2013,0.181
0880,2014,0.187
0880,2015,0.197
0880,2016,0.206
0880,2017,0.214
0880,2018,0.221
0880,2019,0.229
0880,2020,0.236
0880,2021,0.242
0881,2005,0.143
0881,2006,0.147
0881,2007,0.152
0881,2008,0.156
0881,2009,0.163
0881,2010,0.17
0881,2011,0.177
0881,2012,0.18
0881,2013,0.187
0881,2014,0.206
0881,2015,0.218
0881,2016,0.25
0881,2017,0.259
0881,2018,0.264
0881,2019,0.267
0881,2020,0.27
0881,2021,0.276
0882,2005,0.14
0882,2006,0.144
0882,2007,0.149
0882,2008,0.155
0882,2009,0.16
0882,2010,0.163
0882,2011,0.167
0882,2012,0.171
0882,2013,0.177
0882,2014,0.185
0882,2015,0.194
0882,2016,0.213
0882,2017,0.215
0882,2018,0.224
0882,2019,0.229
0882,2020,0.236
0882,2021,0.241
0883,2005,0.115
0883,2006,0.118
0883,2007,0.121
0883,2008,0.125
0883,2009,0.129
0883,2010,0.132
0883,2011,0.135
0883,2012,0.14
0883,2013,0.147
0883,2014,0.152
0883,2015,0.16
0883,2016,0.174
0883,2017,0.18
0883,2018,0.185
0883,2019,0.187
0883,2020,0.188
0883,2021,0.19
0884,2005,0.099
0884,2006,0.104
0884,2007,0.11
0884,2008,0.113
0884,2009,0.119
0884,2010,0.121
0884,2011,0.125
0884,2012,0.129
0884,2013,0.131
0884,2014,0.137
0884,2015,0.148
0884,2016,0.164
0884,2017,0.174
0884,2018,0.184
0884,2019,0.188
0884,2020,0.19
0884,2021,0.191
0885,2005,0.097
0885,2006,0.099
0885,2007,0.104
0885,2008,0.107
0885,2009,0.116
0885,2010,0.116
0885,2011,0.117
0885,2012,0.132
0885,2013,0.126
0885,2014,0.139
0885,2015,0.145
0885,2016,0.169
0885,2017,0.167
0885,2018,0.17
0885,2019,0.171
0885,2020,0.169
0885,2021,0.171
0980,2005,0.099
0980,2006,0.101
0980,2007,0.102
0980,2008,0.104
0980,2009,0.107
0980,2010,0.109
0980,2011,0.111
0980,2012,0.113
0980,2013,0.115
0980,2014,0.117
0980,2015,0.12
0980,2016,0.129
0980,2017,0.134
0980,2018,0.141
0980,2019,0.145
0980,2020,0.148
0980,2021,0.151
1060,2005,0.295
1060,2006,0.298
1060,2007,0.299
1060,2008,0.305
1060,2009,0.308
1060,2010,0.31
1060,2011,0.312
1060,2012,0.319
1060,2013,0.325
1060,2014,0.338
1060,2015,0.35
1060,2016,0.369
1060,2017,0.375
1060,2018,0.382
1060,2019,0.382
1060,2020,0.381
1060,2021,0.379
1080,2005,0.119
1080,2006,0.127
1080,2007,0.137
1080,2008,0.146
1080,2009,0.156
1080,2010,0.165
1080,2011,0.168
1080,2012,0.163
1080,2013,0.168
1080,2014,0.176
1080,2015,0.189
1080,2016,0.199
1080,2017,0.205
1080,2018,0.207
1080,2019,0.21
1080,2020,0.211
1080,2021,0.214
1081,2005,0.139
1081,2006,0.146
1081,2007,0.153
1081,2008,0.158
1081,2009,0.167
1081,2010,0.171
1081,2011,0.168
1081,2012,0.172
1081,2013,0.18
1081,2014,0.193
1081,2015,0.214
1081,2016,0.234
1081,2017,0.25
1081,2018,0.26
1081,2019,0.265
1081,2020,0.263
1081,2021,0.261
1082,2005,0.13
1082,2006,0.136
1082,2007,0.139
1082,2008,0.143
1082,2009,0.148
1082,2010,0.153
1082,2011,0.159
1082,2012,0.165
1082,2013,0.173
1082,2014,0.183
1082,2015,0.192
1082,2016,0.205
1082,2017,0.213
1082,2018,0.22
1082,2019,0.227
1082,2020,0.229
1082,2021,0.234
1083,2005,0.142
1083,2006,0.148
1083,2007,0.154
1083,2008,0.158
1083,2009,0.162
1083,2010,0.165
1083,2011,0.166
1083,2012,0.169
1083,2013,0.172
1083,2014,0.18
1083,2015,0.188
1083,2016,0.198
1083,2017,0.201
1083,2018,0.203
1083,2019,0.201
1083,2020,0.199
1083,2021,0.198
1214,2005,0.189
1214,2006,0.193
1214,2007,0.2
1214,2008,0.204
1214,2009,0.209
1214,2010,0.214
1214,2011,0.217
1214,2012,0.223
1214,2013,0.234
1214,2014,0.244
1214,2015,0.255
1214,2016,0.268
1214,2017,0.276
1214,2018,0.282
1214,2019,0.291
1214,2020,0.293
1214,2021,0.295
1230,2005,0.175
1230,2006,0.183
1230,2007,0.191
1230,2008,0.197
1230,2009,0.204
1230,2010,0.206
1230,2011,0.208
1230,2012,0.212
1230,2013,0.217
1230,2014,0.223
1230,2015,0.227
1230,2016,0.236
1230,2017,0.247
1230,2018,0.256
1230,2019,0.27
1230,2020,0.279
1230,2021,0.287
1231,2005,0.352
1231,2006,0.372
1231,2007,0.388
1231,2008,0.404
1231,2009,0.421
1231,2010,0.432
1231,2011,0.436
1231,2012,0.447
1231,2013,0.455
1231,2014,0.469
1231,2015,0.48
1231,2016,0.49
1231,2017,0.506
1231,2018,0.516
1231,2019,0.528
1231,2020,0.531
1231,2021,0.545
1233,2005,0.134
1233,2006,0.139
1233,2007,0.144
1233,2008,0.149
1233,2009,0.152
1233,2010,0.155
1233,2011,0.159
1233,2012,0.161
1233,2013,0.164
1233,2014,0.167
1233,2015,0.172
1233,2016,0.179
1233,2017,0.186
1233,2018,0.192
1233,2019,0.194
1233,2020,0.196
1233,2021,0.2
1256,2005,0.134
1256,2006,0.141
1256,2007,0.142
1256,2008,0.143
1256,2009,0.145
1256,2010,0.153
1256,2011,0.157
1256,2012,0.164
1256,2013,0.179
1256,2014,0.196
1256,2015,0.221
1256,2016,0.248
1256,2017,0.267
1256,2018,0.279
1256,2019,0.286
1256,2020,0.286
1256,2021,0.287
1257,2005,0.185
1257,2006,0.191
1257,2007,0.2
1257,2008,0.201
1257,2009,0.21
1257,2010,0.219
1257,2011,0.224
1257,2012,0.226
1257,2013,0.23
1257,2014,0.237
1257,2015,0.248
1257,2016,0.261
1257,2017,0.264
1257,2018,0.275
1257,2019,0.286
1257,2020,0.291
1257,2021,0.293
1260,2005,0.274
1260,2006,0.287
1260,2007,0.298
1260,2008,0.306
1260,2009,0.313
1260,2010,0.321
1260,2011,0.326
1260,2012,0.328
1260,2013,0.327
1260,2014,0.334
1260,2015,0.346
1260,2016,0.363
1260,2017,0.378
1260,2018,0.387
1260,2019,0.395
1260,2020,0.403
1260,2021,0.412
1261,2005,0.151
1261,2006,0.156
1261,2007,0.158
1261,2008,0.161
1261,2009,0.164
1261,2010,0.168
1261,2011,0.171
1261,2012,0.172
1261,2013,0.174
1261,2014,0.179
1261,2015,0.183
1261,2016,0.189
1261,2017,0.196
1261,2018,0.203
1261,2019,0.205
1261,2020,0.21
1261,2021,0.213
1262,2005,0.137
1262,2006,0.138
1262,2007,0.143
1262,2008,0.148
1262,2009,0.15
1262,2010,0.154
1262,2011,0.155
1262,2012,0.159
1262,2013,0.161
1262,2014,0.164
1262,2015,0.166
1262,2016,0.174
1262,2017,0.182
1262,2018,0.19
1262,2019,0.196
1262,2020,0.197
1262,2021,0.199
1263,2005,0.155
1263,2006,0.164
1263,2007,0.169
1263,2008,0.173
1263,2009,0.179
1263,2010,0.182
1263,2011,0.185
1263,2012,0.187
1263,2013,0.189
1263,2014,0.192
1263,2015,0.198
1263,2016,0.208
1263,2017,0.217
1263,2018,0.226
1263,2019,0.235
1263,2020,0.244
1263,2021,0.252
1264,2005,0.162
1264,2006,0.171
1264,2007,0.181
1264,2008,0.185
1264,2009,0.189
1264,2010,0.193
1264,2011,0.191
1264,2012,0.194
1264,2013,0.198
1264,2014,0.203
1264,2015,0.205
1264,2016,0.218
1264,2017,0.23
1264,2018,0.235
1264,2019,0.239
1264,2020,0.241
1264,2021,0.246
1265,2005,0.121
1265,2006,0.129
1265,2007,0.135
1265,2008,0.138
1265,2009,0.143
1265,2010,0.147
1265,2011,0.15
1265,2012,0.153
1265,2013,0.157
1265,2014,0.161
1265,2015,0.163
1265,2016,0.169
1265,2017,0.175
1265,2018,0.178
1265,2019,0.181
1265,2020,0.185
1265,2021,0.188
1266,2005,0.135
1266,2006,0.144
1266,2007,0.153
1266,2008,0.162
1266,2009,0.166
1266,2010,0.172
1266,2011,0.174
1266,2012,0.178
1266,2013,0.181
1266,2014,0.187
1266,2015,0.192
1266,2016,0.202
1266,2017,0.213
1266,2018,0.216
1266,2019,0.216
1266,2020,0.214
1266,2021,0.215
1267,2005,0.167
1267,2006,0.172
1267,2007,0.177
1267,2008,0.183
1267,2009,0.185
1267,2010,0.191
1267,2011,0.194
1267,2012,0.198
1267,2013,0.2
1267,2014,0.2
1267,2015,0.202
1267,2016,0.208
1267,2017,0.212
1267,2018,0.216
1267,2019,0.219
1267,2020,0.221
1267,2021,0.22
1270,2005,0.117
1270,2006,0.124
1270,2007,0.13
1270,2008,0.138
1270,2009,0.142
1270,2010,0.146
1270,2011,0.149
1270,2012,0.157
1270,2013,0.159
1270,2014,0.164
1270,2015,0.176
1270,2016,0.185
1270,2017,0.192
1270,2018,0.199
1270,2019,0.207
1270,2020,0.207
1270,2021,0.212
1272,2005,0.158
1272,2006,0.161
1272,2007,0.167
1272,2008,0.175
1272,2009,0.178
1272,2010,0.182
1272,2011,0.193
1272,2012,0.196
1272,2013,0.203
1272,2014,0.21
1272,2015,0.219
1272,2016,0.23
1272,2017,0.239
1272,2018,0.253
1272,2019,0.259
1272,2020,0.265
1272,2021,0.268
1273,2005,0.145
1273,2006,0.152
1273,2007,0.161
1273,2008,0.17
1273,2009,0.173
1273,2010,0.181
1273,2011,0.189
1273,2012,0.193
1273,2013,0.198
1273,2014,0.208
1273,2015,0.216
1273,2016,0.233
1273,2017,0.243
1273,2018,0.253
1273,2019,0.256
1273,2020,0.259
1273,2021,0.266
1275,2005,0.249
1275,2006,0.253
1275,2007,0.266
1275,2008,0.274
1275,2009,0.284
1275,2010,0.295
1275,2011,0.3
1275,2012,0.301
1275,2013,0.309
1275,2014,0.319
1275,2015,0.327
1275,2016,0.351
1275,2017,0.354
1275,2018,0.372
1275,2019,0.381
1275,2020,0.391
1275,2021,0.406
1276,2005,0.187
1276,2006,0.194
1276,2007,0.202
1276,2008,0.213
1276,2009,0.221
1276,2010,0.227
1276,2011,0.229
1276,2012,0.23
1276,2013,0.234
1276,2014,0.243
1276,2015,0.25
1276,2016,0.268
1276,2017,0.279
1276,2018,0.29
1276,2019,0.296
1276,2020,0.299
1276,2021,0.3
1277,2005,0.268
1277,2006,0.28
1277,2007,0.289
1277,2008,0.303
1277,2009,0.308
1277,2010,0.315
1277,2011,0.319
1277,2012,0.329
1277,2013,0.337
1277,2014,0.345
1277,2015,0.359
1277,2016,0.377
1277,2017,0.392
1277,2018,0.397
1277,2019,0.403
1277,2020,0.415
1277,2021,0.427
1278,2005,0.133
1278,2006,0.137
1278,2007,0.141
1278,2008,0.148
1278,2009,0.153
1278,2010,0.159
1278,2011,0.162
1278,2012,0.169
1278,2013,0.172
1278,2014,0.181
1278,2015,0.187
1278,2016,0.198
1278,2017,0.206
1278,2018,0.212
1278,2019,0.215
1278,2020,0.22
1278,2021,0.223
1280,2005,0.415
1280,2006,0.429
1280,2007,0.443
1280,2008,0.455
1280,2009,0.467
1280,2010,0.477
1280,2011,0.484
1280,2012,0.492
1280,2013,0.499
1280,2014,0.506
1280,2015,0.513
1280,2016,0.522
1280,2017,0.533
1280,2018,0.542
1280,2019,0.549
1280,2020,0.555
1280,2021,0.562
1281,2005,0.251
1281,2006,0.253
1281,2007,0.261
1281,2008,0.272
1281,2009,0.281
1281,2010,0.29
1281,2011,0.295
1281,2012,0.3
1281,2013,0.307
1281,2014,0.314
1281,2015,0.316
1281,2016,0.326
1281,2017,0.339
1281,2018,0.35
1281,2019,0.358
1281,2020,0.363
1281,2021,0.369
1282,2005,0.337
1282,2006,0.35
1282,2007,0.359
1282,2008,0.37
1282,2009,0.377
1282,2010,0.383
1282,2011,0.385
1282,2012,0.392
1282,2013,0.4
1282,2014,0.408
1282,2015,0.416
1282,2016,0.423
1282,2017,0.432
1282,2018,0.435
1282,2019,0.439
1282,2020,0.44
1282,2021,0.442
1283,2005,0.288
1283,2006,0.297
1283,2007,0.307
1283,2008,0.317
1283,2009,0.327
1283,2010,0.333
1283,2011,0.34
1283,2012,0.35
1283,2013,0.358
1283,2014,0.368
1283,2015,0.38
1283,2016,0.392
1283,2017,0.405
1283,2018,0.417
1283,2019,0.428
1283,2020,0.436
1283,2021,0.445
1284,2005,0.172
1284,2006,0.176
1284,2007,0.18
1284,2008,0.184
1284,2009,0.187
1284,2010,0.19
1284,2011,0.194
1284,2012,0.198
1284,2013,0.2
1284,2014,0.205
1284,2015,0.211
1284,2016,0.219
1284,2017,0.225
1284,2018,0.231
1284,2019,0.236
1284,2020,0.238
1284,2021,0.242
1285,2005,0.214
1285,2006,0.22
1285,2007,0.226
1285,2008,0.233
1285,2009,0.238
1285,2010,0.244
1285,2011,0.251
1285,2012,0.254
1285,2013,0.258
1285,2014,0.267
1285,2015,0.274
1285,2016,0.285
1285,2017,0.297
1285,2018,0.307
1285,2019,0.315
1285,2020,0.324
1285,2021,0.336
1286,2005,0.133
1286,2006,0.136
1286,2007,0.139
1286,2008,0.141
1286,2009,0.144
1286,2010,0.147
1286,2011,0.15
1286,2012,0.153
1286,2013,0.156
1286,2014,0.159
1286,2015,0.164
1286,2016,0.175
1286,2017,0.179
1286,2018,0.184
1286,2019,0.187
1286,2020,0.189
1286,2021,0.192
1287,2005,0.225
1287,2006,0.232
1287,2007,0.238
1287,2008,0.243
1287,2009,0.249
1287,2010,0.253
1287,2011,0.257
1287,2012,0.261
1287,2013,0.265
1287,2014,0.271
1287,2015,0.277
1287,2016,0.283
1287,2017,0.292
1287,2018,0.299
1287,2019,0.304
1287,2020,0.309
1287,2021,0.314
1290,2005,0.176
1290,2006,0.185
1290,2007,0.194
1290,2008,0.203
1290,2009,0.213
1290,2010,0.221
1290,2011,0.228
1290,2012,0.235
1290,2013,0.244
1290,2014,0.253
1290,2015,0.262
1290,2016,0.271
1290,2017,0.281
1290,2018,0.288
1290,2019,0.297
1290,2020,0.304
1290,2021,0.309
1291,2005,0.125
1291,2006,0.131
1291,2007,0.132
1291,2008,0.138
1291,2009,0.143
1291,2010,0.147
1291,2011,0.149
1291,2012,0.153
1291,2013,0.159
1291,2014,0.169
1291,2015,0.18
1291,2016,0.2
1291,2017,0.202
1291,2018,0.204
1291,2019,0.207
1291,2020,0.206
1291,2021,0.208
1292,2005,0.152
1292,2006,0.155
1292,2007,0.159
1292,2008,0.163
1292,2009,0.167
1292,2010,0.172
1292,2011,0.177
1292,2012,0.18
1292,2013,0.185
1292,2014,0.19
1292,2015,0.195
1292,2016,0.203
1292,2017,0.212
1292,2018,0.217
1292,2019,0.222
1292,2020,0.224
1292,2021,0.23
1293,2005,0.158
1293,2006,0.165
1293,2007,0.176
1293,2008,0.183
1293,2009,0.187
1293,2010,0.193
1293,2011,0.198
1293,2012,0.204
1293,2013,0.21
1293,2014,0.219
1293,2015,0.229
1293,2016,0.242
1293,2017,0.252
1293,2018,0.259
1293,2019,0.264
1293,2020,0.267
1293,2021,0.272
1315,2005,0.218
1315,2006,0.23
1315,2007,0.233
1315,2008,0.246
1315,2009,0.256
1315,2010,0.26
1315,2011,0.27
1315,2012,0.274
1315,2013,0.284
1315,2014,0.305
1315,2015,0.328
1315,2016,0.359
1315,2017,0.371
1315,2018,0.373
1315,2019,0.377
1315,2020,0.373
1315,2021,0.373
1380,2005,0.227
1380,2006,0.231
1380,2007,0.237
1380,2008,0.242
1380,2009,0.247
1380,2010,0.251
1380,2011,0.254
1380,2012,0.259
1380,2013,0.265
1380,2014,0.275
1380,2015,0.284
1380,2016,0.294
1380,2017,0.303
1380,2018,0.312
1380,2019,0.32
1380,2020,0.326
1380,2021,0.332
1381,2005,0.141
1381,2006,0.146
1381,2007,0.152
1381,2008,0.156
1381,2009,0.161
1381,2010,0.167
1381,2011,0.169
1381,2012,0.171
1381,2013,0.175
1381,2014,0.187
1381,2015,0.201
1381,2016,0.214
1381,2017,0.225
1381,2018,0.231
1381,2019,0.238
1381,2020,0.238
1381,2021,0.237
1382,2005,0.167
1382,2006,0.172
1382,2007,0.177
1382,2008,0.182
1382,2009,0.185
1382,2010,0.19
1382,2011,0.193
1382,2012,0.197
1382,2013,0.205
1382,2014,0.211
1382,2015,0.221
1382,2016,0.236
1382,2017,0.24
1382,2018,0.245
1382,2019,0.251
1382,2020,0.256
1382,2021,0.26
1383,2005,0.143
1383,2006,0.147
1383,2007,0.151
1383,2008,0.154
1383,2009,0.159
1383,2010,0.163
1383,2011,0.165
1383,2012,0.168
1383,2013,0.173
1383,2014,0.176
1383,2015,0.18
1383,2016,0.186
1383,2017,0.192
1383,2018,0.197
1383,2019,0.202
1383,2020,0.205
1383,2021,0.208
1384,2005,0.138
1384,2006,0.141
1384,2007,0.142
1384,2008,0.144
1384,2009,0.146
1384,2010,0.148
1384,2011,0.151
1384,2012,0.153
1384,2013,0.157
1384,2014,0.159
1384,2015,0.162
1384,2016,0.167
1384,2017,0.174
1384,2018,0.18
1384,2019,0.185
1384,2020,0.187
1384,2021,0.188
1401,2005,0.199
1401,2006,0.2
1401,2007,0.203
1401,2008,0.206
1401,2009,0.206
1401,2010,0.208
1401,2011,0.209
1401,2012,0.211
1401,2013,0.213
1401,2014,0.214
1401,2015,0.217
1401,2016,0.224
1401,2017,0.229
1401,2018,0.238
1401,2019,0.24
1401,2020,0.244
1401,2021,0.252
1402,2005,0.252
1402,2006,0.257
1402,2007,0.26
1402,2008,0.265
1402,2009,0.271
1402,2010,0.274
1402,2011,0.275
1402,2012,0.281
1402,2013,0.284
1402,2014,0.289
1402,2015,0.298
1402,2016,0.307
1402,2017,0.318
1402,2018,0.328
1402,2019,0.339
1402,2020,0.349
1402,2021,0.356
1407,2005,0.101
1407,2006,0.103
1407,2007,0.104
1407,2008,0.107
1407,2009,0.107
1407,2010,0.109
1407,2011,0.109
1407,2012,0.112
1407,2013,0.114
1407,2014,0.117
1407,2015,0.119
1407,2016,0.127
1407,2017,0.135
1407,2018,0.142
1407,2019,0.144
1407,2020,0.141
1407,2021,0.143
1415,2005,0.164
1415,2006,0.165
1415,2007,0.168
1415,2008,0.172
1415,2009,0.173
1415,2010,0.175
1415,2011,0.18
1415,2012,0.18
1415,2013,0.182
1415,2014,0.185
1415,2015,0.19
1415,2016,0.197
1415,2017,0.204
1415,2018,0.21
1415,2019,0.214
1415,2020,0.215
1415,2021,0.22
1419,2005,0.122
1419,2006,0.122
1419,2007,0.123
1419,2008,0.123
1419,2009,0.128
1419,2010,0.126
1419,2011,0.129
1419,2012,0.133
1419,2013,0.138
1419,2014,0.141
1419,2015,0.143
1419,2016,0.148
1419,2017,0.154
1419,2018,0.16
1419,2019,0.163
1419,2020,0.166
1419,2021,0.168
1421,2005,0.111
1421,2006,0.113
1421,2007,0.117
1421,2008,0.118
1421,2009,0.124
1421,2010,0.124
1421,2011,0.127
1421,2012,0.13
1421,2013,0.133
1421,2014,0.137
1421,2015,0.141
1421,2016,0.147
1421,2017,0.153
1421,2018,0.155
1421,2019,0.159
1421,2020,0.163
1421,2021,0.164
1427,2005,0.129
1427,2006,0.135
1427,2007,0.138
1427,2008,0.139
1427,2009,0.145
1427,2010,0.147
1427,2011,0.149
1427,2012,0.154
1427,2013,0.155
1427,2014,0.155
1427,2015,0.157
1427,2016,0.168
1427,2017,0.173
1427,2018,0.18
1427,2019,0.185
1427,2020,0.184
1427,2021,0.184
1430,2005,0.132
1430,2006,0.136
1430,2007,0.142
1430,2008,0.145
1430,2009,0.149
1430,2010,0.151
1430,2011,0.157
1430,2012,0.158
1430,2013,0.163
1430,2014,0.172
1430,2015,0.176
1430,2016,0.194
1430,2017,0.199
1430,2018,0.204
1430,2019,0.205
1430,2020,0.212
1430,2021,0.21
1435,2005,0.144
1435,2006,0.148
1435,2007,0.152
1435,2008,0.156
1435,2009,0.161
1435,2010,0.168
1435,2011,0.171
1435,2012,0.173
1435,2013,0.174
1435,2014,0.178
1435,2015,0.182
1435,2016,0.193
1435,2017,0.205
1435,2018,0.211
1435,2019,0.212
1435,2020,0.21
1435,2021,0.21
1438,2005,0.215
1438,2006,0.224
1438,2007,0.224
1438,2008,0.227
1438,2009,0.222
1438,2010,0.223
1438,2011,0.226
1438,2012,0.225
1438,2013,0.24
1438,2014,0.241
1438,2015,0.249
1438,2016,0.257
1438,2017,0.253
1438,2018,0.26
1438,2019,0.258
1438,2020,0.25
1438,2021,0.252
1439,2005,0.129
1439,2006,0.132
1439,2007,0.14
1439,2008,0.146
1439,2009,0.152
1439,2010,0.159
1439,2011,0.164
1439,2012,0.164
1439,2013,0.167
1439,2014,0.166
1439,2015,0.178
1439,2016,0.196
1439,2017,0.197
1439,2018,0.2
1439,2019,0.205
1439,2020,0.207
1439,2021,0.206
1440,2005,0.24
1440,2006,0.242
1440,2007,0.248
1440,2008,0.253
1440,2009,0.257
1440,2010,0.258
1440,2011,0.263
1440,2012,0.267
1440,2013,0.271
1440,2014,0.277
1440,2015,0.281
1440,2016,0.291
1440,2017,0.304
1440,2018,0.314
1440,2019,0.323
1440,2020,0.33
1440,2021,0.336
1441,2005,0.178
1441,2006,0.182
1441,2007,0.186
1441,2008,0.187
1441,2009,0.19
1441,2010,0.191
1441,2011,0.193
1441,2012,0.196
1441,2013,0.197
1441,2014,0.199
1441,2015,0.203
1441,2016,0.209
1441,2017,0.218
1441,2018,0.224
1441,2019,0.228
1441,2020,0.231
1441,2021,0.234
1442,2005,0.162
1442,2006,0.163
1442,2007,0.168
1442,2008,0.173
1442,2009,0.175
1442,2010,0.175
1442,2011,0.177
1442,2012,0.179
1442,2013,0.184
1442,2014,0.19
1442,2015,0.195
1442,2016,0.206
1442,2017,0.214
1442,2018,0.222
1442,2019,0.23
1442,2020,0.238
1442,2021,0.245
1443,2005,0.153
1443,2006,0.157
1443,2007,0.159
1443,2008,0.166
1443,2009,0.169
1443,2010,0.172
1443,2011,0.172
1443,2012,0.174
1443,2013,0.177
1443,2014,0.183
1443,2015,0.187
1443,2016,0.194
1443,2017,0.202
1443,2018,0.21
1443,2019,0.215
1443,2020,0.213
1443,2021,0.216
1444,2005,0.096
1444,2006,0.109
1444,2007,0.114
1444,2008,0.117
1444,2009,0.121
1444,2010,0.119
1444,2011,0.119
1444,2012,0.123
1444,2013,0.125
1444,2014,0.127
1444,2015,0.131
1444,2016,0.137
1444,2017,0.139
1444,2018,0.14
1444,2019,0.145
1444,2020,0.143
1444,2021,0.144
1445,2005,0.106
1445,2006,0.11
1445,2007,0.112
1445,2008,0.116
1445,2009,0.127
1445,2010,0.13
1445,2011,0.131
1445,2012,0.137
1445,2013,0.14
1445,2014,0.143
1445,2015,0.15
1445,2016,0.155
1445,2017,0.157
1445,2018,0.164
1445,2019,0.172
1445,2020,0.174
1445,2021,0.174
1446,2005,0.073
1446,2006,0.076
1446,2007,0.082
1446,2008,0.086
1446,2009,0.09
1446,2010,0.094
1446,2011,0.094
1446,2012,0.096
1446,2013,0.106
1446,2014,0.111
1446,2015,0.118
1446,2016,0.14
1446,2017,0.146
1446,2018,0.148
1446,2019,0.145
1446,2020,0.145
1446,2021,0.146
1447,2005,0.14
1447,2006,0.147
1447,2007,0.153
1447,2008,0.163
1447,2009,0.167
1447,2010,0.174
1447,2011,0.183
1447,2012,0.194
1447,2013,0.2
1447,2014,0.219
1447,2015,0.223
1447,2016,0.245
1447,2017,0.246
1447,2018,0.254
1447,2019,0.257
1447,2020,0.259
1447,2021,0.265
1452,2005,0.193
1452,2006,0.198
1452,2007,0.204
1452,2008,0.208
1452,2009,0.209
1452,2010,0.214
1452,2011,0.22
1452,2012,0.224
1452,2013,0.229
1452,2014,0.238
1452,2015,0.243
1452,2016,0.257
1452,2017,0.265
1452,2018,0.275
1452,2019,0.28
1452,2020,0.281
1452,2021,0.286
1460,2005,0.169
1460,2006,0.178
1460,2007,0.186
1460,2008,0.191
1460,2009,0.2
1460,2010,0.206
1460,2011,0.213
1460,2012,0.218
1460,2013,0.229
1460,2014,0.235
1460,2015,0.249
1460,2016,0.28
1460,2017,0.289
1460,2018,0.292
1460,2019,0.294
1460,2020,0.29
1460,2021,0.287
1461,2005,0.16
1461,2006,0.17
1461,2007,0.173
1461,2008,0.175
1461,2009,0.178
1461,2010,0.184
1461,2011,0.185
1461,2012,0.187
1461,2013,0.191
1461,2014,0.204
1461,2015,0.233
1461,2016,0.252
1461,2017,0.259
1461,2018,0.266
1461,2019,0.269
1461,2020,0.269
1461,2021,0.27
1462,2005,0.235
1462,2006,0.241
1462,2007,0.245
1462,2008,0.248
1462,2009,0.251
1462,2010,0.251
1462,2011,0.249
1462,2012,0.251
1462,2013,0.259
1462,2014,0.266
1462,2015,0.271
1462,2016,0.284
1462,2017,0.293
1462,2018,0.301
1462,2019,0.307
1462,2020,0.318
1462,2021,0.327
1463,2005,0.173
1463,2006,0.175
1463,2007,0.179
1463,2008,0.183
1463,2009,0.185
1463,2010,0.192
1463,2011,0.195
1463,2012,0.198
1463,2013,0.202
1463,2014,0.207
1463,2015,0.212
1463,2016,0.221
1463,2017,0.227
1463,2018,0.236
1463,2019,0.24
1463,2020,0.244
1463,2021,0.245
1465,2005,0.17
1465,2006,0.173
1465,2007,0.18
1465,2008,0.183
1465,2009,0.189
1465,2010,0.2
1465,2011,0.203
1465,2012,0.205
1465,2013,0.215
1465,2014,0.225
1465,2015,0.234
1465,2016,0.249
1465,2017,0.253
1465,2018,0.258
1465,2019,0.259
1465,2020,0.263
1465,2021,0.265
1466,2005,0.144
1466,2006,0.147
1466,2007,0.152
1466,2008,0.157
1466,2009,0.166
1466,2010,0.167
1466,2011,0.172
1466,2012,0.175
1466,2013,0.183
1466,2014,0.188
1466,2015,0.193
1466,2016,0.201
1466,2017,0.206
1466,2018,0.212
1466,2019,0.217
1466,2020,0.215
1466,2021,0.218
1470,2005,0.109
1470,2006,0.111
1470,2007,0.114
1470,2008,0.117
1470,2009,0.119
1470,2010,0.125
1470,2011,0.129
1470,2012,0.131
1470,2013,0.135
1470,2014,0.142
1470,2015,0.149
1470,2016,0.16
1470,2017,0.166
1470,2018,0.172
1470,2019,0.178
1470,2020,0.184
1470,2021,0.188
1471,2005,0.129
1471,2006,0.134
1471,2007,0.14
1471,2008,0.145
1471,2009,0.149
1471,2010,0.149
1471,2011,0.15
1471,2012,0.153
1471,2013,0.156
1471,2014,0.163
1471,2015,0.168
1471,2016,0.179
1471,2017,0.18
1471,2018,0.183
1471,2019,0.185
1471,2020,0.188
1471,2021,0.192
1472,2005,0.144
1472,2006,0.15
1472,2007,0.153
1472,2008,0.16
1472,2009,0.164
1472,2010,0.167
1472,2011,0.17
1472,2012,0.176
1472,2013,0.184
1472,2014,0.2
1472,2015,0.214
1472,2016,0.225
1472,2017,0.232
1472,2018,0.239
1472,2019,0.245
1472,2020,0.247
1472,2021,0.247
1473,2005,0.112
1473,2006,0.117
1473,2007,0.122
1473,2008,0.122
1473,2009,0.127
1473,2010,0.128
1473,2011,0.132
1473,2012,0.141
1473,2013,0.145
1473,2014,0.158
1473,2015,0.179
1473,2016,0.197
1473,2017,0.201
1473,2018,0.201
1473,2019,0.21
1473,2020,0.209
1473,2021,0.207
1480,2005,0.344
1480,2006,0.35
1480,2007,0.356
1480,2008,0.364
1480,2009,0.371
1480,2010,0.379
1480,2011,0.386
1480,2012,0.392
1480,2013,0.398
1480,2014,0.407
1480,2015,0.414
1480,2016,0.423
1480,2017,0.433
1480,2018,0.443
1480,2019,0.452
1480,2020,0.457
1480,2021,0.463
1481,2005,0.23
1481,2006,0.233
1481,2007,0.238
1481,2008,0.242
1481,2009,0.248
1481,2010,0.252
1481,2011,0.258
1481,2012,0.262
1481,2013,0.267
1481,2014,0.276
1481,2015,0.282
1481,2016,0.291
1481,2017,0.304
1481,2018,0.314
1481,2019,0.321
1481,2020,0.326
1481,2021,0.332
1482,2005,0.157
1482,2006,0.16
1482,2007,0.162
1482,2008,0.166
1482,2009,0.167
1482,2010,0.169
1482,2011,0.171
1482,2012,0.173
1482,2013,0.176
1482,2014,0.18
1482,2015,0.181
1482,2016,0.187
1482,2017,0.195
1482,2018,0.204
1482,2019,0.212
1482,2020,0.215
1482,2021,0.221
1484,2005,0.148
1484,2006,0.148
1484,2007,0.153
1484,2008,0.159
1484,2009,0.163
1484,2010,0.166
1484,2011,0.168
1484,2012,0.174
1484,2013,0.182
1484,2014,0.187
1484,2015,0.196
1484,2016,0.209
1484,2017,0.218
1484,2018,0.224
1484,2019,0.225
1484,2020,0.224
1484,2021,0.22
1485,2005,0.193
1485,2006,0.198
1485,2007,0.202
1485,2008,0.207
1485,2009,0.212
1485,2010,0.216
1485,2011,0.22
1485,2012,0.227
1485,2013,0.234
1485,2014,0.243
1485,2015,0.253
1485,2016,0.267
1485,2017,0.278
1485,2018,0.286
1485,2019,0.294
1485,2020,0.299
1485,2021,0.304
1486,2005,0.294
1486,2006,0.3
1486,2007,0.305
1486,2008,0.312
1486,2009,0.316
1486,2010,0.325
1486,2011,0.336
1486,2012,0.348
1486,2013,0.358
1486,2014,0.368
1486,2015,0.378
1486,2016,0.391
1486,2017,0.399
1486,2018,0.406
1486,2019,0.411
1486,2020,0.417
1486,2021,0.417
1487,2005,0.149
1487,2006,0.153
1487,2007,0.159
1487,2008,0.163
1487,2009,0.166
1487,2010,0.172
1487,2011,0.177
1487,2012,0.185
1487,2013,0.195
1487,2014,0.21
1487,2015,0.225
1487,2016,0.242
1487,2017,0.248
1487,2018,0.255
1487,2019,0.261
1487,2020,0.263
1487,2021,0.266
1488,2005,0.255
1488,2006,0.263
1488,2007,0.271
1488,2008,0.279
1488,2009,0.285
1488,2010,0.293
1488,2011,0.299
1488,2012,0.306
1488,2013,0.317
1488,2014,0.325
1488,2015,0.333
1488,2016,0.342
1488,2017,0.35
1488,2018,0.358
1488,2019,0.365
1488,2020,0.37
1488,2021,0.374
1489,2005,0.167
1489,2006,0.171
1489,2007,0.176
1489,2008,0.178
1489,2009,0.182
1489,2010,0.184
1489,2011,0.188
1489,2012,0.194
1489,2013,0.196
1489,2014,0.203
1489,2015,0.206
1489,2016,0.212
1489,2017,0.218
1489,2018,0.223
1489,2019,0.226
1489,2020,0.228
1489,2021,0.228
1490,2005,0.285
1490,2006,0.293
1490,2007,0.299
1490,2008,0.305
1490,2009,0.311
1490,2010,0.319
1490,2011,0.324
1490,2012,0.329
1490,2013,0.336
1490,2014,0.344
1490,2015,0.354
1490,2016,0.363
1490,2017,0.373
1490,2018,0.382
1490,2019,0.39
1490,2020,0.397
1490,2021,0.404
1491,2005,0.14
1491,2006,0.147
1491,2007,0.152
1491,2008,0.161
1491,2009,0.166
1491,2010,0.17
1491,2011,0.173
1491,2012,0.179
1491,2013,0.184
1491,2014,0.188
1491,2015,0.195
1491,2016,0.205
1491,2017,0.216
1491,2018,0.22
1491,2019,0.225
1491,2020,0.225
1491,2021,0.228
1492,2005,0.156
1492,2006,0.161
1492,2007,0.162
1492,2008,0.167
1492,2009,0.165
1492,2010,0.167
1492,2011,0.172
1492,2012,0.178
1492,2013,0.186
1492,2014,0.2
1492,2015,0.223
1492,2016,0.24
1492,2017,0.246
1492,2018,0.254
1492,2019,0.253
1492,2020,0.253
1492,2021,0.249
1493,2005,0.152
1493,2006,0.156
1493,2007,0.157
1493,2008,0.16
1493,2009,0.162
1493,2010,0.165
1493,2011,0.165
1493,2012,0.17
1493,2013,0.176
1493,2014,0.179
1493,2015,0.182
1493,2016,0.188
1493,2017,0.191
1493,2018,0.196
1493,2019,0.2
1493,2020,0.2
1493,2021,0.204
1494,2005,0.128
1494,2006,0.131
1494,2007,0.133
1494,2008,0.137
1494,2009,0.139
1494,2010,0.142
1494,2011,0.145
1494,2012,0.148
1494,2013,0.152
1494,2014,0.156
1494,2015,0.16
1494,2016,0.167
1494,2017,0.175
1494,2018,0.181
1494,2019,0.184
1494,2020,0.188
1494,2021,0.19
1495,2005,0.141
1495,2006,0.146
1495,2007,0.151
1495,2008,0.158
1495,2009,0.163
1495,2010,0.166
1495,2011,0.172
1495,2012,0.176
1495,2013,0.193
1495,2014,0.204
1495,2015,0.213
1495,2016,0.232
1495,2017,0.238
1495,2018,0.246
1495,2019,0.255
1495,2020,0.258
1495,2021,0.261
1496,2005,0.193
1496,2006,0.197
1496,2007,0.201
1496,2008,0.205
1496,2009,0.211
1496,2010,0.215
1496,2011,0.218
1496,2012,0.221
1496,2013,0.228
1496,2014,0.234
1496,2015,0.24
1496,2016,0.248
1496,2017,0.255
1496,2018,0.262
1496,2019,0.268
1496,2020,0.274
1496,2021,0.278
1497,2005,0.109
1497,2006,0.108
1497,2007,0.112
1497,2008,0.115
1497,2009,0.12
1497,2010,0.121
1497,2011,0.123
1497,2012,0.127
1497,2013,0.131
1497,2014,0.135
1497,2015,0.146
1497,2016,0.148
1497,2017,0.152
1497,2018,0.156
1497,2019,0.158
1497,2020,0.158
1497,2021,0.16
1498,2005,0.12
1498,2006,0.125
1498,2007,0.13
1498,2008,0.135
1498,2009,0.136
1498,2010,0.139
1498,2011,0.144
1498,2012,0.148
1498,2013,0.149
1498,2014,0.16
1498,2015,0.167
1498,2016,0.176
1498,2017,0.18
1498,2018,0.184
1498,2019,0.189
1498,2020,0.188
1498,2021,0.189
1499,2005,0.123
1499,2006,0.128
1499,2007,0.133
1499,2008,0.14
1499,2009,0.147
1499,2010,0.154
1499,2011,0.162
1499,2012,0.166
1499,2013,0.179
1499,2014,0.19
1499,2015,0.201
1499,2016,0.213
1499,2017,0.222
1499,2018,0.23
1499,2019,0.239
1499,2020,0.242
1499,2021,0.248
1715,2005,0.122
1715,2006,0.127
1715,2007,0.127
1715,2008,0.128
1715,2009,0.131
1715,2010,0.132
1715,2011,0.134
1715,2012,0.137
1715,2013,0.138
1715,2014,0.142
1715,2015,0.143
1715,2016,0.145
1715,2017,0.147
1715,2018,0.15
1715,2019,0.155
1715,2020,0.157
1715,2021,0.159
1730,2005,0.351
1730,2006,0.362
1730,2007,0.366
1730,2008,0.376
1730,2009,0.38
1730,2010,0.385
1730,2011,0.387
1730,2012,0.392
1730,2013,0.396
1730,2014,0.401
1730,2015,0.406
1730,2016,0.414
1730,2017,0.424
1730,2018,0.428
1730,2019,0.431
1730,2020,0.434
1730,2021,0.432
1737,2005,0.137
1737,2006,0.143
1737,2007,0.147
1737,2008,0.154
1737,2009,0.158
1737,2010,0.164
1737,2011,0.168
1737,2012,0.171
1737,2013,0.175
1737,2014,0.185
1737,2015,0.19
1737,2016,0.217
1737,2017,0.207
1737,2018,0.204
1737,2019,0.211
1737,2020,0.212
1737,2021,0.217
1760,2005,0.222
1760,2006,0.231
1760,2007,0.238
1760,2008,0.246
1760,2009,0.248
1760,2010,0.252
1760,2011,0.255
1760,2012,0.255
1760,2013,0.269
1760,2014,0.289
1760,2015,0.284
1760,2016,0.297
1760,2017,0.299
1760,2018,0.294
1760,2019,0.279
1760,2020,0.278
1760,2021,0.271
1761,2005,0.127
1761,2006,0.128
1761,2007,0.13
1761,2008,0.133
1761,2009,0.134
1761,2010,0.135
1761,2011,0.136
1761,2012,0.138
1761,2013,0.139
1761,2014,0.138
1761,2015,0.139
1761,2016,0.141
1761,2017,0.148
1761,2018,0.152
1761,2019,0.151
1761,2020,0.153
1761,2021,0.155
1762,2005,0.108
1762,2006,0.113
1762,2007,0.119
1762,2008,0.127
1762,2009,0.127
1762,2010,0.129
1762,2011,0.128
1762,2012,0.138
1762,2013,0.143
1762,2014,0.15
1762,2015,0.165
1762,2016,0.195
1762,2017,0.201
1762,2018,0.21
1762,2019,0.208
1762,2020,0.21
1762,2021,0.211
1763,2005,0.122
1763,2006,0.123
1763,2007,0.122
1763,2008,0.125
1763,2009,0.123
1763,2010,0.126
1763,2011,0.131
1763,2012,0.135
1763,2013,0.138
1763,2014,0.145
1763,2015,0.15
1763,2016,0.158
1763,2017,0.165
1763,2018,0.171
1763,2019,0.168
1763,2020,0.169
1763,2021,0.169
1764,2005,0.152
1764,2006,0.152
1764,2007,0.153
1764,2008,0.156
1764,2009,0.158
1764,2010,0.163
1764,2011,0.163
1764,2012,0.166
1764,2013,0.171
1764,2014,0.18
1764,2015,0.185
1764,2016,0.2
1764,2017,0.201
1764,2018,0.201
1764,2019,0.203
1764,2020,0.208
1764,2021,0.208
1765,2005,0.25
1765,2006,0.257
1765,2007,0.263
1765,2008,0.273
1765,2009,0.277
1765,2010,0.28
1765,2011,0.285
1765,2012,0.291
1765,2013,0.305
1765,2014,0.305
1765,2015,0.314
1765,2016,0.322
1765,2017,0.329
1765,2018,0.334
1765,2019,0.339
1765,2020,0.341
1765,2021,0.344
1766,2005,0.1
1766,2006,0.105
1766,2007,0.11
1766,2008,0.113
1766,2009,0.113
1766,2010,0.115
1766,2011,0.118
1766,2012,0.119
1766,2013,0.122
1766,2014,0.133
1766,2015,0.147
1766,2016,0.164
1766,2017,0.163
1766,2018,0.165
1766,2019,0.166
1766,2020,0.167
1766,2021,0.166
1780,2005,0.161
1780,2006,0.167
1780,2007,0.172
1780,2008,0.176
1780,2009,0.183
1780,2010,0.189
1780,2011,0.191
1780,2012,0.195
1780,2013,0.199
1780,2014,0.203
1780,2015,0.208
1780,2016,0.217
1780,2017,0.226
1780,2018,0.233
1780,2019,0.242
1780,2020,0.247
1780,2021,0.251
1781,2005,0.147
1781,2006,0.15
1781,2007,0.155
1781,2008,0.159
1781,2009,0.164
1781,2010,0.168
1781,2011,0.17
1781,2012,0.177
1781,2013,0.189
1781,2014,0.201
1781,2015,0.211
1781,2016,0.226
1781,2017,0.23
1781,2018,0.229
1781,2019,0.234
1781,2020,0.236
1781,2021,0.235
1782,2005,0.157
1782,2006,0.162
1782,2007,0.164
1782,2008,0.171
1782,2009,0.175
1782,2010,0.182
1782,2011,0.188
1782,2012,0.201
1782,2013,0.214
1782,2014,0.225
1782,2015,0.242
1782,2016,0.273
1782,2017,0.271
1782,2018,0.288
1782,2019,0.284
1782,2020,0.283
1782,2021,0.28
1783,2005,0.118
1783,2006,0.123
1783,2007,0.131
1783,2008,0.134
1783,2009,0.141
1783,2010,0.144
1783,2011,0.147
1783,2012,0.153
1783,2013,0.165
1783,2014,0.169
1783,2015,0.175
1783,2016,0.192
1783,2017,0.195
1783,2018,0.202
1783,2019,0.207
1783,2020,0.209
1783,2021,0.217
1784,2005,0.167
1784,2006,0.171
1784,2007,0.179
1784,2008,0.184
1784,2009,0.186
1784,2010,0.191
1784,2011,0.193
1784,2012,0.195
1784,2013,0.199
1784,2014,0.204
1784,2015,0.209
1784,2016,0.217
1784,2017,0.221
1784,2018,0.224
1784,2019,0.225
1784,2020,0.227
1784,2021,0.228
1785,2005,0.117
1785,2006,0.12
1785,2007,0.124
1785,2008,0.128
1785,2009,0.132
1785,2010,0.136
1785,2011,0.14
1785,2012,0.144
1785,2013,0.155
1785,2014,0.17
1785,2015,0.184
1785,2016,0.205
1785,2017,0.216
1785,2018,0.221
1785,2019,0.222
1785,2020,0.223
1785,2021,0.223
1814,2005,0.093
1814,2006,0.094
1814,2007,0.094
1814,2008,0.093
1814,2009,0.098
1814,2010,0.098
1814,2011,0.096
1814,2012,0.1
1814,2013,0.1
1814,2014,0.105
1814,2015,0.11
1814,2016,0.115
1814,2017,0.124
1814,2018,0.134
1814,2019,0.141
1814,2020,0.146
1814,2021,0.146
1860,2005,0.191
1860,2006,0.194
1860,2007,0.189
1860,2008,0.19
1860,2009,0.188
1860,2010,0.186
1860,2011,0.19
1860,2012,0.198
1860,2013,0.213
1860,2014,0.235
1860,2015,0.247
1860,2016,0.259
1860,2017,0.26
1860,2018,0.269
1860,2019,0.275
1860,2020,0.276
1860,2021,0.275
1861,2005,0.146
1861,2006,0.153
1861,2007,0.158
1861,2008,0.161
1861,2009,0.165
1861,2010,0.171
1861,2011,0.177
1861,2012,0.183
1861,2013,0.186
1861,2014,0.193
1861,2015,0.206
1861,2016,0.219
1861,2017,0.238
1861,2018,0.248
1861,2019,0.254
1861,2020,0.259
1861,2021,0.263
1862,2005,0.18
1862,2006,0.184
1862,2007,0.19
1862,2008,0.195
1862,2009,0.196
1862,2010,0.202
1862,2011,0.205
1862,2012,0.21
1862,2013,0.212
1862,2014,0.222
1862,2015,0.232
1862,2016,0.246
1862,2017,0.256
1862,2018,0.262
1862,2019,0.267
1862,2020,0.267
1862,2021,0.269
1863,2005,0.236
1863,2006,0.242
1863,2007,0.242
1863,2008,0.251
1863,2009,0.256
1863,2010,0.258
1863,2011,0.262
1863,2012,0.264
1863,2013,0.272
1863,2014,0.281
1863,2015,0.299
1863,2016,0.32
1863,2017,0.33
1863,2018,0.331
1863,2019,0.339
1863,2020,0.337
1863,2021,0.337
1864,2005,0.191
1864,2006,0.197
1864,2007,0.208
1864,2008,0.214
1864,2009,0.22
1864,2010,0.221
1864,2011,0.225
1864,2012,0.234
1864,2013,0.254
1864,2014,0.276
1864,2015,0.292
1864,2016,0.315
1864,2017,0.319
1864,2018,0.307
1864,2019,0.305
1864,2020,0.295
1864,2021,0.295
1880,2005,0.227
1880,2006,0.234
1880,2007,0.242
1880,2008,0.25
1880,2009,0.258
1880,2010,0.264
1880,2011,0.269
1880,2012,0.275
1880,2013,0.281
1880,2014,0.288
1880,2015,0.294
1880,2016,0.302
1880,2017,0.312
1880,2018,0.32
1880,2019,0.328
1880,2020,0.334
1880,2021,0.338
1881,2005,0.16
1881,2006,0.167
1881,2007,0.17
1881,2008,0.175
1881,2009,0.178
1881,2010,0.184
1881,2011,0.186
1881,2012,0.193
1881,2013,0.196
1881,2014,0.202
1881,2015,0.205
1881,2016,0.213
1881,2017,0.219
1881,2018,0.226
1881,2019,0.23
1881,2020,0.234
1881,2021,0.238
1882,2005,0.097
1882,2006,0.099
1882,2007,0.102
1882,2008,0.103
1882,2009,0.105
1882,2010,0.105
1882,2011,0.107
1882,2012,0.109
1882,2013,0.117
1882,2014,0.121
1882,2015,0.13
1882,2016,0.143
1882,2017,0.142
1882,2018,0.148
1882,2019,0.152
1882,2020,0.153
1882,2021,0.156
1883,2005,0.207
1883,2006,0.215
1883,2007,0.219
1883,2008,0.221
1883,2009,0.225
1883,2010,0.229
1883,2011,0.233
1883,2012,0.239
1883,2013,0.246
1883,2014,0.257
1883,2015,0.267
1883,2016,0.282
1883,2017,0.287
1883,2018,0.292
1883,2019,0.286
1883,2020,0.288
1883,2021,0.292
1884,2005,0.162
1884,2006,0.167
1884,2007,0.171
1884,2008,0.174
1884,2009,0.18
1884,2010,0.18
1884,2011,0.185
1884,2012,0.189
1884,2013,0.193
1884,2014,0.195
1884,2015,0.209
1884,2016,0.227
1884,2017,0.233
1884,2018,0.237
1884,2019,0.237
1884,2020,0.237
1884,2021,0.235
1885,2005,0.169
1885,2006,0.175
1885,2007,0.181
1885,2008,0.183
1885,2009,0.188
1885,2010,0.196
1885,2011,0.205
1885,2012,0.21
1885,2013,0.223
1885,2014,0.229
1885,2015,0.242
1885,2016,0.254
1885,2017,0.259
1885,2018,0.262
1885,2019,0.264
1885,2020,0.265
1885,2021,0.266
1904,2005,0.248
1904,2006,0.25
1904,2007,0.256
1904,2008,0.261
1904,2009,0.261
1904,2010,0.264
1904,2011,0.266
1904,2012,0.268
1904,2013,0.283
1904,2014,0.294
1904,2015,0.307
1904,2016,0.306
1904,2017,0.309
1904,2018,0.305
1904,2019,0.31
1904,2020,0.305
1904,2021,0.308
1907,2005,0.331
1907,2006,0.334
1907,2007,0.337
1907,2008,0.337
1907,2009,0.337
1907,2010,0.339
1907,2011,0.343
1907,2012,0.344
1907,2013,0.346
1907,2014,0.349
1907,2015,0.355
1907,2016,0.358
1907,2017,0.361
1907,2018,0.363
1907,2019,0.36
1907,2020,0.362
1907,2021,0.361
1960,2005,0.215
1960,2006,0.217
1960,2007,0.224
1960,2008,0.226
1960,2009,0.224
1960,2010,0.226
1960,2011,0.225
1960,2012,0.234
1960,2013,0.251
1960,2014,0.263
1960,2015,0.275
1960,2016,0.29
1960,2017,0.306
1960,2018,0.319
1960,2019,0.325
1960,2020,0.326
1960,2021,0.323
1961,2005,0.302
1961,2006,0.306
1961,2007,0.308
1961,2008,0.31
1961,2009,0.313
1961,2010,0.315
1961,2011,0.319
1961,2012,0.325
1961,2013,0.331
1961,2014,0.334
1961,2015,0.339
1961,2016,0.342
1961,2017,0.345
1961,2018,0.355
1961,2019,0.361
1961,2020,0.361
1961,2021,0.363
1962,2005,0.203
1962,2006,0.214
1962,2007,0.21
1962,2008,0.207
1962,2009,0.212
1962,2010,0.21
1962,2011,0.212
1962,2012,0.215
1962,2013,0.228
1962,2014,0.244
1962,2015,0.258
1962,2016,0.265
1962,2017,0.271
1962,2018,0.27
1962,2019,0.267
1962,2020,0.274
1962,2021,0.273
1980,2005,0.29
1980,2006,0.296
1980,2007,0.302
1980,2008,0.308
1980,2009,0.315
1980,2010,0.321
1980,2011,0.326
1980,2012,0.33
1980,2013,0.337
1980,2014,0.345
1980,2015,0.351
1980,2016,0.362
1980,2017,0.372
1980,2018,0.38
1980,2019,0.389
1980,2020,0.397
1980,2021,0.404
1981,2005,0.155
1981,2006,0.156
1981,2007,0.159
1981,2008,0.165
1981,2009,0.171
1981,2010,0.174
1981,2011,0.178
1981,2012,0.182
1981,2013,0.189
1981,2014,0.198
1981,2015,0.207
1981,2016,0.216
1981,2017,0.227
1981,2018,0.238
1981,2019,0.242
1981,2020,0.247
1981,2021,0.252
1982,2005,0.305
1982,2006,0.312
1982,2007,0.319
1982,2008,0.326
1982,2009,0.331
1982,2010,0.343
1982,2011,0.348
1982,2012,0.358
1982,2013,0.374
1982,2014,0.39
1982,2015,0.4
1982,2016,0.412
1982,2017,0.417
1982,2018,0.423
1982,2019,0.426
1982,2020,0.43
1982,2021,0.437
1983,2005,0.265
1983,2006,0.268
1983,2007,0.271
1983,2008,0.279
1983,2009,0.287
1983,2010,0.291
1983,2011,0.296
1983,2012,0.303
1983,2013,0.315
1983,2014,0.324
1983,2015,0.333
1983,2016,0.342
1983,2017,0.351
1983,2018,0.361
1983,2019,0.364
1983,2020,0.367
1983,2021,0.371
1984,2005,0.163
1984,2006,0.168
1984,2007,0.171
1984,2008,0.177
1984,2009,0.181
1984,2010,0.183
1984,2011,0.19
1984,2012,0.198
1984,2013,0.207
1984,2014,0.219
1984,2015,0.234
1984,2016,0.241
1984,2017,0.246
1984,2018,0.255
1984,2019,0.256
1984,2020,0.256
1984,2021,0.262
2021,2005,0.093
2021,2006,0.094
2021,2007,0.096
2021,2008,0.095
2021,2009,0.097
2021,2010,0.101
2021,2011,0.107
2021,2012,0.109
2021,2013,0.114
2021,2014,0.116
2021,2015,0.128
2021,2016,0.151
2021,2017,0.151
2021,2018,0.148
2021,2019,0.149
2021,2020,0.155
2021,2021,0.16
2023,2005,0.122
2023,2006,0.129
2023,2007,0.133
2023,2008,0.136
2023,2009,0.14
2023,2010,0.147
2023,2011,0.146
2023,2012,0.152
2023,2013,0.155
2023,2014,0.159
2023,2015,0.165
2023,2016,0.18
2023,2017,0.183
2023,2018,0.187
2023,2019,0.193
2023,2020,0.197
2023,2021,0.199
2026,2005,0.125
2026,2006,0.127
2026,2007,0.128
2026,2008,0.132
2026,2009,0.134
2026,2010,0.137
2026,2011,0.137
2026,2012,0.14
2026,2013,0.141
2026,2014,0.144
2026,2015,0.147
2026,2016,0.151
2026,2017,0.155
2026,2018,0.161
2026,2019,0.164
2026,2020,0.161
2026,2021,0.16
2029,2005,0.102
2029,2006,0.102
2029,2007,0.106
2029,2008,0.107
2029,2009,0.111
2029,2010,0.116
2029,2011,0.119
2029,2012,0.122
2029,2013,0.128
2029,2014,0.133
2029,2015,0.138
2029,2016,0.151
2029,2017,0.153
2029,2018,0.158
2029,2019,0.161
2029,2020,0.162
2029,2021,0.163
2031,2005,0.081
2031,2006,0.085
2031,2007,0.086
2031,2008,0.09
2031,2009,0.092
2031,2010,0.094
2031,2011,0.097
2031,2012,0.1
2031,2013,0.101
2031,2014,0.103
2031,2015,0.108
2031,2016,0.119
2031,2017,0.118
2031,2018,0.123
2031,2019,0.124
2031,2020,0.129
2031,2021,0.135
2034,2005,0.1
2034,2006,0.107
2034,2007,0.118
2034,2008,0.122
2034,2009,0.123
2034,2010,0.128
2034,2011,0.129
2034,2012,0.133
2034,2013,0.14
2034,2014,0.147
2034,2015,0.158
2034,2016,0.178
2034,2017,0.184
2034,2018,0.187
2034,2019,0.191
2034,2020,0.188
2034,2021,0.187
2039,2005,0.082
2039,2006,0.087
2039,2007,0.09
2039,2008,0.097
2039,2009,0.103
2039,2010,0.105
2039,2011,0.112
2039,2012,0.116
2039,2013,0.117
2039,2014,0.12
2039,2015,0.126
2039,2016,0.134
2039,2017,0.139
2039,2018,0.147
2039,2019,0.148
2039,2020,0.148
2039,2021,0.148
2061,2005,0.165
2061,2006,0.172
2061,2007,0.176
2061,2008,0.178
2061,2009,0.185
2061,2010,0.189
2061,2011,0.192
2061,2012,0.195
2061,2013,0.197
2061,2014,0.202
2061,2015,0.209
2061,2016,0.218
2061,2017,0.217
2061,2018,0.22
2061,2019,0.218
2061,2020,0.215
2061,2021,0.214
2062,2005,0.096
2062,2006,0.097
2062,2007,0.099
2062,2008,0.105
2062,2009,0.109
2062,2010,0.11
2062,2011,0.113
2062,2012,0.117
2062,2013,0.119
2062,2014,0.123
2062,2015,0.129
2062,2016,0.135
2062,2017,0.14
2062,2018,0.144
2062,2019,0.148
2062,2020,0.15
2062,2021,0.154
2080,2005,0.134
2080,2006,0.138
2080,2007,0.141
2080,2008,0.144
2080,2009,0.15
2080,2010,0.155
2080,2011,0.157
2080,2012,0.16
2080,2013,0.164
2080,2014,0.168
2080,2015,0.173
2080,2016,0.18
2080,2017,0.189
2080,2018,0.193
2080,2019,0.197
2080,2020,0.197
2080,2021,0.198
2081,2005,0.184
2081,2006,0.192
2081,2007,0.2
2081,2008,0.21
2081,2009,0.22
2081,2010,0.23
2081,2011,0.233
2081,2012,0.239
2081,2013,0.251
2081,2014,0.263
2081,2015,0.274
2081,2016,0.287
2081,2017,0.296
2081,2018,0.303
2081,2019,0.31
2081,2020,0.313
2081,2021,0.315
2082,2005,0.099
2082,2006,0.103
2082,2007,0.109
2082,2008,0.111
2082,2009,0.116
2082,2010,0.114
2082,2011,0.118
2082,2012,0.123
2082,2013,0.128
2082,2014,0.129
2082,2015,0.133
2082,2016,0.137
2082,2017,0.142
2082,2018,0.144
2082,2019,0.149
2082,2020,0.153
2082,2021,0.156
2083,2005,0.155
2083,2006,0.161
2083,2007,0.164
2083,2008,0.166
2083,2009,0.168
2083,2010,0.17
2083,2011,0.175
2083,2012,0.183
2083,2013,0.187
2083,2014,0.197
2083,2015,0.21
2083,2016,0.228
2083,2017,0.237
2083,2018,0.238
2083,2019,0.242
2083,2020,0.242
2083,2021,0.244
2084,2005,0.177
2084,2006,0.181
2084,2007,0.184
2084,2008,0.189
2084,2009,0.192
2084,2010,0.194
2084,2011,0.197
2084,2012,0.204
2084,2013,0.216
2084,2014,0.236
2084,2015,0.263
2084,2016,0.281
2084,2017,0.288
2084,2018,0.293
2084,2019,0.296
2084,2020,0.296
2084,2021,0.293
2085,2005,0.171
2085,2006,0.174
2085,2007,0.18
2085,2008,0.187
2085,2009,0.195
2085,2010,0.205
2085,2011,0.208
2085,2012,0.215
2085,2013,0.224
2085,2014,0.237
2085,2015,0.253
2085,2016,0.274
2085,2017,0.282
2085,2018,0.291
2085,2019,0.295
2085,2020,0.295
2085,2021,0.297
2101,2005,0.08
2101,2006,0.081
2101,2007,0.082
2101,2008,0.103
2101,2009,0.111
2101,2010,0.117
2101,2011,0.125
2101,2012,0.129
2101,2013,0.136
2101,2014,0.147
2101,2015,0.169
2101,2016,0.184
2101,2017,0.195
2101,2018,0.2
2101,2019,0.201
2101,2020,0.2
2101,2021,0.199
2104,2005,0.191
2104,2006,0.198
2104,2007,0.204
2104,2008,0.207
2104,2009,0.214
2104,2010,0.218
2104,2011,0.217
2104,2012,0.222
2104,2013,0.224
2104,2014,0.23
2104,2015,0.237
2104,2016,0.246
2104,2017,0.255
2104,2018,0.258
2104,2019,0.262
2104,2020,0.263
2104,2021,0.265
2121,2005,0.056
2121,2006,0.06
2121,2007,0.064
2121,2008,0.064
2121,2009,0.068
2121,2010,0.073
2121,2011,0.076
2121,2012,0.079
2121,2013,0.084
2121,2014,0.099
2121,2015,0.112
2121,2016,0.123
2121,2017,0.124
2121,2018,0.132
2121,2019,0.135
2121,2020,0.137
2121,2021,0.138
2132,2005,0.08
2132,2006,0.082
2132,2007,0.092
2132,2008,0.1
2132,2009,0.105
2132,2010,0.109
2132,2011,0.115
2132,2012,0.123
2132,2013,0.126
2132,2014,0.134
2132,2015,0.14
2132,2016,0.146
2132,2017,0.147
2132,2018,0.152
2132,2019,0.154
2132,2020,0.156
2132,2021,0.154
2161,2005,0.082
2161,2006,0.082
2161,2007,0.086
2161,2008,0.094
2161,2009,0.099
2161,2010,0.103
2161,2011,0.106
2161,2012,0.113
2161,2013,0.123
2161,2014,0.133
2161,2015,0.144
2161,2016,0.149
2161,2017,0.155
2161,2018,0.16
2161,2019,0.158
2161,2020,0.157
2161,2021,0.156
2180,2005,0.168
2180,2006,0.173
2180,2007,0.178
2180,2008,0.185
2180,2009,0.193
2180,2010,0.2
2180,2011,0.203
2180,2012,0.21
2180,2013,0.22
2180,2014,0.231
2180,2015,0.236
2180,2016,0.244
2180,2017,0.251
2180,2018,0.257
2180,2019,0.265
2180,2020,0.27
2180,2021,0.275
2181,2005,0.142
2181,2006,0.148
2181,2007,0.155
2181,2008,0.164
2181,2009,0.173
2181,2010,0.178
2181,2011,0.187
2181,2012,0.193
2181,2013,0.203
2181,2014,0.216
2181,2015,0.232
2181,2016,0.249
2181,2017,0.26
2181,2018,0.266
2181,2019,0.272
2181,2020,0.276
2181,2021,0.279
2182,2005,0.099
2182,2006,0.104
2182,2007,0.11
2182,2008,0.117
2182,2009,0.121
2182,2010,0.123
2182,2011,0.127
2182,2012,0.132
2182,2013,0.146
2182,2014,0.155
2182,2015,0.17
2182,2016,0.187
2182,2017,0.19
2182,2018,0.196
2182,2019,0.203
2182,2020,0.206
2182,2021,0.209
2183,2005,0.081
2183,2006,0.087
2183,2007,0.091
2183,2008,0.097
2183,2009,0.104
2183,2010,0.109
2183,2011,0.112
2183,2012,0.117
2183,2013,0.127
2183,2014,0.142
2183,2015,0.157
2183,2016,0.172
2183,2017,0.179
2183,2018,0.182
2183,2019,0.185
2183,2020,0.185
2183,2021,0.187
2184,2005,0.1
2184,2006,0.103
2184,2007,0.105
2184,2008,0.109
2184,2009,0.114
2184,2010,0.119
2184,2011,0.123
2184,2012,0.128
2184,2013,0.133
2184,2014,0.138
2184,2015,0.141
2184,2016,0.15
2184,2017,0.153
2184,2018,0.158
2184,2019,0.163
2184,2020,0.165
2184,2021,0.168
2260,2005,0.083
2260,2006,0.088
2260,2007,0.092
2260,2008,0.098
2260,2009,0.1
2260,2010,0.102
2260,2011,0.107
2260,2012,0.11
2260,2013,0.113
2260,2014,0.119
2260,2015,0.123
2260,2016,0.134
2260,2017,0.139
2260,2018,0.141
2260,2019,0.138
2260,2020,0.135
2260,2021,0.136
2262,2005,0.118
2262,2006,0.125
2262,2007,0.128
2262,2008,0.133
2262,2009,0.138
2262,2010,0.143
2262,2011,0.147
2262,2012,0.15
2262,2013,0.157
2262,2014,0.158
2262,2015,0.163
2262,2016,0.166
2262,2017,0.17
2262,2018,0.172
2262,2019,0.173
2262,2020,0.176
2262,2021,0.179
2280,2005,0.117
2280,2006,0.12
2280,2007,0.123
2280,2008,0.127
2280,2009,0.133
2280,2010,0.136
2280,2011,0.141
2280,2012,0.146
2280,2013,0.159
2280,2014,0.174
2280,2015,0.192
2280,2016,0.207
2280,2017,0.216
2280,2018,0.22
2280,2019,0.224
2280,2020,0.225
2280,2021,0.227
2281,2005,0.127
2281,2006,0.131
2281,2007,0.135
2281,2008,0.139
2281,2009,0.146
2281,2010,0.151
2281,2011,0.155
2281,2012,0.16
2281,2013,0.166
2281,2014,0.171
2281,2015,0.176
2281,2016,0.183
2281,2017,0.189
2281,2018,0.193
2281,2019,0.199
2281,2020,0.202
2281,2021,0.205
2282,2005,0.1
2282,2006,0.104
2282,2007,0.11
2282,2008,0.115
2282,2009,0.119
2282,2010,0.122
2282,2011,0.128
2282,2012,0.134
2282,2013,0.143
2282,2014,0.153
2282,2015,0.164
2282,2016,0.186
2282,2017,0.192
2282,2018,0.198
2282,2019,0.203
2282,2020,0.205
2282,2021,0.205
2283,2005,0.09
2283,2006,0.096
2283,2007,0.099
2283,2008,0.107
2283,2009,0.111
2283,2010,0.116
2283,2011,0.121
2283,2012,0.127
2283,2013,0.135
2283,2014,0.15
2283,2015,0.162
2283,2016,0.179
2283,2017,0.187
2283,2018,0.189
2283,2019,0.183
2283,2020,0.182
2283,2021,0.185
2284,2005,0.09
2284,2006,0.096
2284,2007,0.099
2284,2008,0.104
2284,2009,0.107
2284,2010,0.111
2284,2011,0.113
2284,2012,0.116
2284,2013,0.119
2284,2014,0.123
2284,2015,0.132
2284,2016,0.142
2284,2017,0.15
2284,2018,0.154
2284,2019,0.159
2284,2020,0.159
2284,2021,0.161
2303,2005,0.094
2303,2006,0.098
2303,2007,0.104
2303,2008,0.107
2303,2009,0.108
2303,2010,0.119
2303,2011,0.119
2303,2012,0.13
2303,2013,0.141
2303,2014,0.15
2303,2015,0.157
2303,2016,0.176
2303,2017,0.188
2303,2018,0.178
2303,2019,0.176
2303,2020,0.17
2303,2021,0.179
2305,2005,0.099
2305,2006,0.107
2305,2007,0.11
2305,2008,0.115
2305,2009,0.12
2305,2010,0.127
2305,2011,0.133
2305,2012,0.144
2305,2013,0.147
2305,2014,0.154
2305,2015,0.168
2305,2016,0.182
2305,2017,0.191
2305,2018,0.187
2305,2019,0.184
2305,2020,0.184
2305,2021,0.185
2309,2005,0.098
2309,2006,0.1
2309,2007,0.106
2309,2008,0.106
2309,2009,0.107
2309,2010,0.112
2309,2011,0.114
2309,2012,0.117
2309,2013,0.125
2309,2014,0.125
2309,2015,0.132
2309,2016,0.138
2309,2017,0.143
2309,2018,0.141
2309,2019,0.143
2309,2020,0.145
2309,2021,0.144
2313,2005,0.08
2313,2006,0.088
2313,2007,0.099
2313,2008,0.104
2313,2009,0.11
2313,2010,0.117
2313,2011,0.127
2313,2012,0.136
2313,2013,0.139
2313,2014,0.145
2313,2015,0.145
2313,2016,0.161
2313,2017,0.169
2313,2018,0.169
2313,2019,0.172
2313,2020,0.171
2313,2021,0.174
2321,2005,0.128
2321,2006,0.132
2321,2007,0.137
2321,2008,0.142
2321,2009,0.143
2321,2010,0.146
2321,2011,0.148
2321,2012,0.153
2321,2013,0.16
2321,2014,0.167
2321,2015,0.178
2321,2016,0.2
2321,2017,0.209
2321,2018,0.212
2321,2019,0.213
2321,2020,0.212
2321,2021,0.206
2326,2005,0.065
2326,2006,0.069
2326,2007,0.075
2326,2008,0.076
2326,2009,0.08
2326,2010,0.088
2326,2011,0.098
2326,2012,0.097
2326,2013,0.107
2326,2014,0.113
2326,2015,0.119
2326,2016,0.136
2326,2017,0.142
2326,2018,0.135
2326,2019,0.134
2326,2020,0.135
2326,2021,0.137
2361,2005,0.088
2361,2006,0.091
2361,2007,0.097
2361,2008,0.104
2361,2009,0.107
2361,2010,0.112
2361,2011,0.115
2361,2012,0.119
2361,2013,0.136
2361,2014,0.14
2361,2015,0.148
2361,2016,0.155
2361,2017,0.168
2361,2018,0.171
2361,2019,0.173
2361,2020,0.172
2361,2021,0.175
2380,2005,0.106
2380,2006,0.109
2380,2007,0.112
2380,2008,0.115
2380,2009,0.118
2380,2010,0.121
2380,2011,0.122
2380,2012,0.125
2380,2013,0.133
2380,2014,0.139
2380,2015,0.144
2380,2016,0.151
2380,2017,0.158
2380,2018,0.164
2380,2019,0.171
2380,2020,0.174
2380,2021,0.178
2401,2005,0.084
2401,2006,0.085
2401,2007,0.088
2401,2008,0.091
2401,2009,0.093
2401,2010,0.1
2401,2011,0.109
2401,2012,0.114
2401,2013,0.12
2401,2014,0.134
2401,2015,0.139
2401,2016,0.149
2401,2017,0.151
2401,2018,0.157
2401,2019,0.159
2401,2020,0.156
2401,2021,0.159
2403,2005,0.068
2403,2006,0.075
2403,2007,0.09
2403,2008,0.096
2403,2009,0.106
2403,2010,0.115
2403,2011,0.122
2403,2012,0.131
2403,2013,0.142
2403,2014,0.148
2403,2015,0.159
2403,2016,0.167
2403,2017,0.174
2403,2018,0.181
2403,2019,0.181
2403,2020,0.172
2403,2021,0.181
2404,2005,0.077
2404,2006,0.079
2404,2007,0.086
2404,2008,0.092
2404,2009,0.092
2404,2010,0.096
2404,2011,0.101
2404,2012,0.108
2404,2013,0.114
2404,2014,0.124
2404,2015,0.128
2404,2016,0.141
2404,2017,0.151
2404,2018,0.16
2404,2019,0.167
2404,2020,0.17
2404,2021,0.171
2409,2005,0.092
2409,2006,0.092
2409,2007,0.095
2409,2008,0.1
2409,2009,0.103
2409,2010,0.11
2409,2011,0.117
2409,2012,0.123
2409,2013,0.126
2409,2014,0.134
2409,2015,0.143
2409,2016,0.15
2409,2017,0.154
2409,2018,0.155
2409,2019,0.158
2409,2020,0.164
2409,2021,0.163
2417,2005,0.059
2417,2006,0.063
2417,2007,0.066
2417,2008,0.076
2417,2009,0.088
2417,2010,0.099
2417,2011,0.101
2417,2012,0.109
2417,2013,0.118
2417,2014,0.129
2417,2015,0.132
2417,2016,0.137
2417,2017,0.143
2417,2018,0.146
2417,2019,0.145
2417,2020,0.144
2417,2021,0.147
2418,2005,0.065
2418,2006,0.066
2418,2007,0.067
2418,2008,0.076
2418,2009,0.082
2418,2010,0.086
2418,2011,0.092
2418,2012,0.092
2418,2013,0.099
2418,2014,0.106
2418,2015,0.115
2418,2016,0.117
2418,2017,0.136
2418,2018,0.149
2418,2019,0.153
2418,2020,0.152
2418,2021,0.163
2421,2005,0.075
2421,2006,0.076
2421,2007,0.08
2421,2008,0.083
2421,2009,0.086
2421,2010,0.088
2421,2011,0.089
2421,2012,0.095
2421,2013,0.104
2421,2014,0.111
2421,2015,0.117
2421,2016,0.124
2421,2017,0.133
2421,2018,0.141
2421,2019,0.143
2421,2020,0.15
2421,2021,0.149
2422,2005,0.072
2422,2006,0.078
2422,2007,0.094
2422,2008,0.091
2422,2009,0.115
2422,2010,0.126
2422,2011,0.145
2422,2012,0.152
2422,2013,0.139
2422,2014,0.15
2422,2015,0.151
2422,2016,0.162
2422,2017,0.163
2422,2018,0.165
2422,2019,0.165
2422,2020,0.162
2422,2021,0.171
2425,2005,0.06
2425,2006,0.07
2425,2007,0.075
2425,2008,0.08
2425,2009,0.086
2425,2010,0.098
2425,2011,0.108
2425,2012,0.104
2425,2013,0.105
2425,2014,0.115
2425,2015,0.128
2425,2016,0.131
2425,2017,0.129
2425,2018,0.118
2425,2019,0.116
2425,2020,0.112
2425,2021,0.115
2460,2005,0.082
2460,2006,0.081
2460,2007,0.085
2460,2008,0.091
2460,2009,0.094
2460,2010,0.098
2460,2011,0.101
2460,2012,0.107
2460,2013,0.113
2460,2014,0.118
2460,2015,0.123
2460,2016,0.131
2460,2017,0.137
2460,2018,0.142
2460,2019,0.143
2460,2020,0.149
2460,2021,0.15
2462,2005,0.057
2462,2006,0.058
2462,2007,0.064
2462,2008,0.07
2462,2009,0.074
2462,2010,0.086
2462,2011,0.089
2462,2012,0.096
2462,2013,0.1
2462,2014,0.109
2462,2015,0.115
2462,2016,0.12
2462,2017,0.127
2462,2018,0.124
2462,2019,0.123
2462,2020,0.121
2462,2021,0.123
2463,2005,0.075
2463,2006,0.077
2463,2007,0.097
2463,2008,0.102
2463,2009,0.106
2463,2010,0.104
2463,2011,0.107
2463,2012,0.121
2463,2013,0.121
2463,2014,0.13
2463,2015,0.146
2463,2016,0.163
2463,2017,0.154
2463,2018,0.163
2463,2019,0.164
2463,2020,0.17
2463,2021,0.173
2480,2005,0.154
2480,2006,0.156
2480,2007,0.158
2480,2008,0.162
2480,2009,0.168
2480,2010,0.174
2480,2011,0.176
2480,2012,0.177
2480,2013,0.182
2480,2014,0.186
2480,2015,0.188
2480,2016,0.195
2480,2017,0.204
2480,2018,0.21
2480,2019,0.217
2480,2020,0.219
2480,2021,0.222
2481,2005,0.093
2481,2006,0.096
2481,2007,0.097
2481,2008,0.101
2481,2009,0.105
2481,2010,0.112
2481,2011,0.116
2481,2012,0.122
2481,2013,0.126
2481,2014,0.131
2481,2015,0.136
2481,2016,0.145
2481,2017,0.155
2481,2018,0.162
2481,2019,0.166
2481,2020,0.169
2481,2021,0.172
2482,2005,0.086
2482,2006,0.09
2482,2007,0.095
2482,2008,0.098
2482,2009,0.101
2482,2010,0.104
2482,2011,0.107
2482,2012,0.112
2482,2013,0.117
2482,2014,0.123
2482,2015,0.127
2482,2016,0.134
2482,2017,0.14
2482,2018,0.143
2482,2019,0.146
2482,2020,0.149
2482,2021,0.157
2505,2005,0.066
2505,2006,0.071
2505,2007,0.076
2505,2008,0.081
2505,2009,0.088
2505,2010,0.095
2505,2011,0.103
2505,2012,0.107
2505,2013,0.113
2505,2014,0.122
2505,2015,0.128
2505,2016,0.134
2505,2017,0.142
2505,2018,0.14
2505,2019,0.141
2505,2020,0.139
2505,2021,0.144
2506,2005,0.125
2506,2006,0.129
2506,2007,0.131
2506,2008,0.14
2506,2009,0.15
2506,2010,0.154
2506,2011,0.16
2506,2012,0.159
2506,2013,0.163
2506,2014,0.172
2506,2015,0.174
2506,2016,0.181
2506,2017,0.179
2506,2018,0.182
2506,2019,0.185
2506,2020,0.176
2506,2021,0.177
2510,2005,0.105
2510,2006,0.116
2510,2007,0.121
2510,2008,0.13
2510,2009,0.128
2510,2010,0.134
2510,2011,0.138
2510,2012,0.143
2510,2013,0.146
2510,2014,0.159
2510,2015,0.17
2510,2016,0.192
2510,2017,0.194
2510,2018,0.188
2510,2019,0.189
2510,2020,0.188
2510,2021,0.192
2513,2005,0.11
2513,2006,0.119
2513,2007,0.122
2513,2008,0.13
2513,2009,0.135
2513,2010,0.143
2513,2011,0.146
2513,2012,0.154
2513,2013,0.16
2513,2014,0.167
2513,2015,0.176
2513,2016,0.176
2513,2017,0.19
2513,2018,0.184
2513,2019,0.195
2513,2020,0.196
2513,2021,0.197
2514,2005,0.182
2514,2006,0.183
2514,2007,0.188
2514,2008,0.19
2514,2009,0.189
2514,2010,0.192
2514,2011,0.194
2514,2012,0.196
2514,2013,0.199
2514,2014,0.201
2514,2015,0.203
2514,2016,0.208
2514,2017,0.212
2514,2018,0.214
2514,2019,0.216
2514,2020,0.218
2514,2021,0.22
2518,2005,0.464
2518,2006,0.471
2518,2007,0.48
2518,2008,0.488
2518,2009,0.491
2518,2010,0.495
2518,2011,0.498
2518,2012,0.501
2518,2013,0.506
2518,2014,0.516
2518,2015,0.52
2518,2016,0.525
2518,2017,0.522
2518,2018,0.522
2518,2019,0.519
2518,2020,0.516
2518,2021,0.516
2521,2005,0.275
2521,2006,0.279
2521,2007,0.285
2521,2008,0.288
2521,2009,0.292
2521,2010,0.293
2521,2011,0.294
2521,2012,0.298
2521,2013,0.304
2521,2014,0.306
2521,2015,0.316
2521,2016,0.327
2521,2017,0.336
2521,2018,0.331
2521,2019,0.337
2521,2020,0.331
2521,2021,0.327
2523,2005,0.124
2523,2006,0.129
2523,2007,0.134
2523,2008,0.137
2523,2009,0.137
2523,2010,0.142
2523,2011,0.145
2523,2012,0.148
2523,2013,0.152
2523,2014,0.154
2523,2015,0.158
2523,2016,0.164
2523,2017,0.17
2523,2018,0.174
2523,2019,0.177
2523,2020,0.18
2523,2021,0.186
2560,2005,0.08
2560,2006,0.087
2560,2007,0.09
2560,2008,0.092
2560,2009,0.097
2560,2010,0.103
2560,2011,0.109
2560,2012,0.11
2560,2013,0.115
2560,2014,0.123
2560,2015,0.128
2560,2016,0.137
2560,2017,0.154
2560,2018,0.149
2560,2019,0.15
2560,2020,0.153
2560,2021,0.153
2580,2005,0.174
2580,2006,0.178
2580,2007,0.179
2580,2008,0.181
2580,2009,0.184
2580,2010,0.188
2580,2011,0.189
2580,2012,0.193
2580,2013,0.196
2580,2014,0.199
2580,2015,0.202
2580,2016,0.207
2580,2017,0.213
2580,2018,0.218
2580,2019,0.224
2580,2020,0.227
2580,2021,0.23
2581,2005,0.085
2581,2006,0.086
2581,2007,0.089
2581,2008,0.09
2581,2009,0.091
2581,2010,0.094
2581,2011,0.095
2581,2012,0.097
2581,2013,0.1
2581,2014,0.103
2581,2015,0.106
2581,2016,0.114
2581,2017,0.121
2581,2018,0.121
2581,2019,0.123
2581,2020,0.126
2581,2021,0.128
2582,2005,0.119
2582,2006,0.125
2582,2007,0.129
2582,2008,0.13
2582,2009,0.131
2582,2010,0.136
2582,2011,0.143
2582,2012,0.149
2582,2013,0.16
2582,2014,0.163
2582,2015,0.165
2582,2016,0.17
2582,2017,0.178
2582,2018,0.178
2582,2019,0.182
2582,2020,0.185
2582,2021,0.188
2583,2005,0.682
2583,2006,0.681
2583,2007,0.683
2583,2008,0.683
2583,2009,0.686
2583,2010,0.687
2583,2011,0.689
2583,2012,0.688
2583,2013,0.691
2583,2014,0.692
2583,2015,0.692
2583,2016,0.697
2583,2017,0.701
2583,2018,0.701
2583,2019,0.698
2583,2020,0.695
2583,2021,0.693
2584,2005,0.207
2584,2006,0.211
2584,2007,0.212
2584,2008,0.212
2584,2009,0.216
2584,2010,0.218
2584,2011,0.22
2584,2012,0.221
2584,2013,0.227
2584,2014,0.229
2584,2015,0.231
2584,2016,0.239
2584,2017,0.243
2584,2018,0.246
2584,2019,0.249
2584,2020,0.254
2584,2021,0.257
