kommun,year,mean_dispink_20_64
0114,2005,255.576
0114,2006,263.91
0114,2007,280.643
0114,2008,281.107
0114,2009,288.255
0114,2010,288.411
0114,2011,291.242
0114,2012,298.688
0114,2013,298.572
0114,2014,312.887
0114,2015,323.683
0114,2016,323.823
0114,2017,329.06
0114,2018,337.137
0114,2019,325.912
0114,2020,332.419
0114,2021,342.191
0115,2005,275.508
0115,2006,287.712
0115,2007,314.395
0115,2008,313.325
0115,2009,320.87
0115,2010,325.197
0115,2011,330.541
0115,2012,332.849
0115,2013,341.059
0115,2014,361.088
0115,2015,372.658
0115,2016,374.915
0115,2017,379.641
0115,2018,381.976
0115,2019,378.867
0115,2020,389.783
0115,2021,409.649
0117,2005,286.815
0117,2006,302.37
0117,2007,335.612
0117,2008,325.243
0117,2009,328.829
0117,2010,332.422
0117,2011,337.364
0117,2012,354.38
0117,2013,356.746
0117,2014,369.274
0117,2015,383.149
0117,2016,389.99
0117,2017,398.895
0117,2018,402.795
0117,2019,398.363
0117,2020,412.784
0117,2021,428.09
0120,2005,284.861
0120,2006,300.352
0120,2007,326.098
0120,2008,327.904
0120,2009,330.802
0120,2010,336.556
0120,2011,337.741
0120,2012,343.691
0120,2013,352.772
0120,2014,375.577
0120,2015,390.284
0120,2016,392.755
0120,2017,395.683
0120,2018,385.075
0120,2019,389.905
0120,2020,404.031
0120,2021,425.99
0123,2005,263.852
0123,2006,274.098
0123,2007,295.617
0123,2008,292.467
0123,2009,296.215
0123,2010,297.578
0123,2011,298.844
0123,2012,305.192
0123,2013,306.53
0123,2014,319.294
0123,2015,329.748
0123,2016,331.312
0123,2017,335.501
0123,2018,330.452
0123,2019,329.938
0123,2020,334.308
0123,2021,342.341
0125,2005,303.089
0125,2006,315.267
0125,2007,356.361
0125,2008,347.387
0125,2009,355.28
0125,2010,362.967
0125,2011,364.2
0125,2012,373.883
0125,2013,377.493
0125,2014,410.054
0125,2015,423.858
0125,2016,437.76
0125,2017,437.6
0125,2018,451.034
0125,2019,475.723
0125,2020,457.631
0125,2021,474.224
0126,2005,249.842
0126,2006,260.162
0126,2007,277.245
0126,2008,276.124
0126,2009,279.187
0126,2010,283.313
0126,2011,287.033
0126,2012,292.748
0126,2013,299.676
0126,2014,314.219
0126,2015,328.691
0126,2016,326.927
0126,2017,333.476
0126,2018,330.864
0126,2019,336.272
0126,2020,337.625
0126,2021,354.3
0127,2005,217.184
0127,2006,222.94
0127,2007,237.641
0127,2008,236.392
0127,2009,238.719
0127,2010,241.391
0127,2011,242.459
0127,2012,242.678
0127,2013,249.083
0127,2014,259.624
0127,2015,272.082
0127,2016,274.909
0127,2017,276.912
0127,2018,278.788
0127,2019,280.672
0127,2020,284.181
0127,2021,295.105
0128,2005,273.491
0128,2006,284.293
0128,2007,302.141
0128,2008,303.614
0128,2009,307.634
0128,2010,311.789
0128,2011,314.341
0128,2012,318.612
0128,2013,327.279
0128,2014,338.199
0128,2015,348.025
0128,2016,355.349
0128,2017,356.499
0128,2018,358.448
0128,2019,360.193
0128,2020,365.13
0128,2021,375.129
0136,2005,243.524
0136,2006,248.191
0136,2007,265.471
0136,2008,266.164
0136,2009,268.057
0136,2010,271.051
0136,2011,273.813
0136,2012,279.055
0136,2013,283.638
0136,2014,295.086
0136,2015,308.387
0136,2016,310.664
0136,2017,313.51
0136,2018,312.409
0136,2019,315.526
0136,2020,320.372
0136,2021,331.93
0138,2005,275.128
0138,2006,289.393
0138,2007,319.745
0138,2008,315.729
0138,2009,317.319
0138,2010,324.49
0138,2011,328.817
0138,2012,331.121
0138,2013,345.3
0138,2014,356.089
0138,2015,373.105
0138,2016,372.349
0138,2017,371.941
0138,2018,374.109
0138,2019,373.559
0138,2020,380.313
0138,2021,398.011
0139,2005,250.359
0139,2006,257.466
0139,2007,277.225
0139,2008,276.491
0139,2009,281.855
0139,2010,283.172
0139,2011,283.077
0139,2012,288.633
0139,2013,295.091
0139,2014,308.617
0139,2015,318.676
0139,2016,320.631
0139,2017,328.49
0139,2018,321.91
0139,2019,322.189
0139,2020,326.154
0139,2021,336.856
0140,2005,275.403
0140,2006,285.946
0140,2007,310.161
0140,2008,317.425
0140,2009,313.552
0140,2010,324.578
0140,2011,325.605
0140,2012,332.833
0140,2013,338.654
0140,2014,352.867
0140,2015,364.459
0140,2016,370.332
0140,2017,377.505
0140,2018,370.235
0140,2019,374.471
0140,2020,381.637
0140,2021,399.423
0160,2005,331.255
0160,2006,359.495
0160,2007,393.48
0160,2008,386.363
0160,2009,388.09
0160,2010,398.018
0160,2011,405.487
0160,2012,412.225
0160,2013,420.514
0160,2014,446.031
0160,2015,463.381
0160,2016,462.532
0160,2017,463.273
0160,2018,457.36
0160,2019,458.572
0160,2020,479.251
0160,2021,507.72
0162,2005,576.982
0162,2006,564.36
0162,2007,630.777
0162,2008,621.869
0162,2009,622.777
0162,2010,645.084
0162,2011,656.586
0162,2012,649.062
0162,2013,688.276
0162,2014,672.507
0162,2015,815.034
0162,2016,754.333
0162,2017,736.505
0162,2018,760.283
0162,2019,804.718
0162,2020,766.546
0162,2021,1019.035
0163,2005,300.736
0163,2006,314.511
0163,2007,346.679
0163,2008,346.411
0163,2009,352.456
0163,2010,355.435
0163,2011,361.56
0163,2012,369.691
0163,2013,372.097
0163,2014,395.01
0163,2015,409.34
0163,2016,406.486
0163,2017,406.932
0163,2018,406.24
0163,2019,408.441
0163,2020,424.235
0163,2021,443.53
0180,2005,274.126
0180,2006,296.295
0180,2007,324.845
0180,2008,317.213
0180,2009,318.965
0180,2010,325.844
0180,2011,328.701
0180,2012,333.099
0180,2013,341.58
0180,2014,362.511
0180,2015,383.146
0180,2016,390.941
0180,2017,387.923
0180,2018,386.741
0180,2019,391.683
0180,2020,402.516
0180,2021,436.403
0181,2005,241.227
0181,2006,244.194
0181,2007,257.362
0181,2008,252.283
0181,2009,249.151
0181,2010,252.166
0181,2011,254.934
0181,2012,258.329
0181,2013,260.087
0181,2014,268.436
0181,2015,277.473
0181,2016,278.885
0181,2017,284.015
0181,2018,287.082
0181,2019,286.882
0181,2020,290.108
0181,2021,299.269
0182,2005,315.502
0182,2006,341.625
0182,2007,370.363
0182,2008,365.432
0182,2009,367.024
0182,2010,374.394
0182,2011,381.166
0182,2012,385.096
0182,2013,393.758
0182,2014,422.795
0182,2015,437.876
0182,2016,445.868
0182,2017,447.702
0182,2018,438.927
0182,2019,454.501
0182,2020,473.642
0182,2021,532.024
0183,2005,245.39
0183,2006,253.691
0183,2007,273.518
0183,2008,277.137
0183,2009,277.952
0183,2010,281.717
0183,2011,287.589
0183,2012,295.473
0183,2013,300.43
0183,2014,319.755
0183,2015,332.891
0183,2016,338.451
0183,2017,343.092
0183,2018,341.51
0183,2019,346.576
0183,2020,356.836
0183,2021,372.038
0184,2005,257.931
0184,2006,271.216
0184,2007,296.63
0184,2008,291.42
0184,2009,294.404
0184,2010,295.576
0184,2011,300.181
0184,2012,305.76
0184,2013,314.592
0184,2014,333.024
0184,2015,352.852
0184,2016,354.477
0184,2017,355.959
0184,2018,353.175
0184,2019,359.3
0184,2020,366.321
0184,2021,383.212
0186,2005,366.987
0186,2006,417.424
0186,2007,467.875
0186,2008,443.853
0186,2009,434.86
0186,2010,453.083
0186,2011,470.132
0186,2012,468.08
0186,2013,476.724
0186,2014,509.445
0186,2015,571.172
0186,2016,578.703
0186,2017,550.727
0186,2018,559.373
0186,2019,581.104
0186,2020,593.576
0186,2021,656.253
0187,2005,315.713
0187,2006,327.173
0187,2007,367.87
0187,2008,356.298
0187,2009,358.728
0187,2010,374.692
0187,2011,375.605
0187,2012,388.937
0187,2013,421.661
0187,2014,415.762
0187,2015,443.189
0187,2016,433.063
0187,2017,456.554
0187,2018,434.501
0187,2019,475.459
0187,2020,458.211
0187,2021,517.342
0188,2005,244.607
0188,2006,253.598
0188,2007,272.406
0188,2008,267.166
0188,2009,272.851
0188,2010,279.66
0188,2011,280.632
0188,2012,281.503
0188,2013,289.145
0188,2014,301.377
0188,2015,314.545
0188,2016,315.235
0188,2017,322.081
0188,2018,317.927
0188,2019,319.669
0188,2020,323.676
0188,2021,345.076
0191,2005,249.67
0191,2006,259.809
0191,2007,276.752
0191,2008,278.331
0191,2009,277.943
0191,2010,279.536
0191,2011,279.014
0191,2012,284.798
0191,2013,286.967
0191,2014,297.52
0191,2015,309.199
0191,2016,309.319
0191,2017,314.328
0191,2018,313.088
0191,2019,313.104
0191,2020,311.489
0191,2021,320.78
0192,2005,250.399
0192,2006,257.756
0192,2007,274.052
0192,2008,268.373
0192,2009,276.477
0192,2010,278.848
0192,2011,280.213
0192,2012,282.343
0192,2013,288.353
0192,2014,300.645
0192,2015,312.665
0192,2016,318.438
0192,2017,317.82
0192,2018,318.427
0192,2019,324.154
0192,2020,327.99
0192,2021,337.699
0305,2005,271.418
0305,2006,278.062
0305,2007,302.595
0305,2008,300.339
0305,2009,308.434
0305,2010,304.78
0305,2011,308.28
0305,2012,314.332
0305,2013,317.998
0305,2014,332.798
0305,2015,345.188
0305,2016,350.933
0305,2017,350.625
0305,2018,349.928
0305,2019,351.166
0305,2020,359.807
0305,2021,370.405
0319,2005,227.383
0319,2006,235.179
0319,2007,250.014
0319,2008,249.904
0319,2009,257.714
0319,2010,260.918
0319,2011,259.419
0319,2012,263.219
0319,2013,265.802
0319,2014,275.721
0319,2015,279.721
0319,2016,277.239
0319,2017,283.305
0319,2018,286.28
0319,2019,293.101
0319,2020,313.343
0319,2021,308.941
0330,2005,285.24
0330,2006,296.353
0330,2007,317.352
0330,2008,315.313
0330,2009,319.016
0330,2010,324.782
0330,2011,331.509
0330,2012,340.179
0330,2013,357.326
0330,2014,363.111
0330,2015,381.353
0330,2016,368.932
0330,2017,384.349
0330,2018,373.713
0330,2019,377.158
0330,2020,375.758
0330,2021,394.613
0331,2005,225.629
0331,2006,232.133
0331,2007,245.783
0331,2008,253.035
0331,2009,249.018
0331,2010,253.294
0331,2011,257.289
0331,2012,259.34
0331,2013,264.013
0331,2014,271.523
0331,2015,290.36
0331,2016,289.177
0331,2017,287.804
0331,2018,286.504
0331,2019,289.507
0331,2020,295.738
0331,2021,300.974
0360,2005,226.99
0360,2006,232.797
0360,2007,249.449
0360,2008,247.901
0360,2009,250.175
0360,2010,255.527
0360,2011,260.511
0360,2012,263.356
0360,2013,265.343
0360,2014,276.299
0360,2015,283.956
0360,2016,282.772
0360,2017,287.652
0360,2018,291.317
0360,2019,290.537
0360,2020,294.272
0360,2021,304.704
0380,2005,241.219
0380,2006,252.26
0380,2007,271.521
0380,2008,265.676
0380,2009,269.221
0380,2010,269.293
0380,2011,276.847
0380,2012,280.159
0380,2013,285.095
0380,2014,299.734
0380,2015,312.539
0380,2016,311.807
0380,2017,312.429
0380,2018,309.288
0380,2019,312.7
0380,2020,323.423
0380,2021,332.194
0381,2005,246.195
0381,2006,255.922
0381,2007,275.08
0381,2008,272.075
0381,2009,277.127
0381,2010,281.636
0381,2011,285.732
0381,2012,290.599
0381,2013,299.787
0381,2014,307.475
0381,2015,317.079
0381,2016,317.706
0381,2017,319.974
0381,2018,326.647
0381,2019,325.381
0381,2020,327.36
0381,2021,339.253
0382,2005,240.905
0382,2006,249.549
0382,2007,265.402
0382,2008,265.15
0382,2009,267.523
0382,2010,272.16
0382,2011,280.326
0382,2012,286.215
0382,2013,288.679
0382,2014,297.587
0382,2015,308.897
0382,2016,307.274
0382,2017,315.765
0382,2018,314.544
0382,2019,316.277
0382,2020,325.532
0382,2021,333.867
0428,2005,224.701
0428,2006,232.863
0428,2007,250.773
0428,2008,248.526
0428,2009,248.095
0428,2010,249.69
0428,2011,250.359
0428,2012,253.497
0428,2013,254.869
0428,2014,263.161
0428,2015,284.058
0428,2016,276.552
0428,2017,276.096
0428,2018,282.748
0428,2019,286.173
0428,2020,286.744
0428,2021,293.306
0461,2005,246.587
0461,2006,255.078
0461,2007,269.553
0461,2008,270.979
0461,2009,271.427
0461,2010,277.487
0461,2011,279.285
0461,2012,283.886
0461,2013,284.42
0461,2014,296.239
0461,2015,305.337
0461,2016,304.914
0461,2017,311.967
0461,2018,314.999
0461,2019,321.514
0461,2020,326.575
0461,2021,333.737
0480,2005,249.425
0480,2006,257.949
0480,2007,276.508
0480,2008,271.665
0480,2009,273.108
0480,2010,278.291
0480,2011,280.85
0480,2012,285.169
0480,2013,285.47
0480,2014,296.9
0480,2015,307.1
0480,2016,316.493
0480,2017,316.872
0480,2018,315.572
0480,2019,316.533
0480,2020,320.563
0480,2021,331.911
0481,2005,243.604
0481,2006,258.865
0481,2007,271.919
0481,2008,272.964
0481,2009,269.561
0481,2010,267.902
0481,2011,271.245
0481,2012,271.346
0481,2013,274.56
0481,2014,279.375
0481,2015,285.757
0481,2016,287.88
0481,2017,290.658
0481,2018,292.71
0481,2019,296.385
0481,2020,294.314
0481,2021,311.779
0482,2005,234.915
0482,2006,244.386
0482,2007,254.098
0482,2008,253.099
0482,2009,252.236
0482,2010,254.934
0482,2011,255.885
0482,2012,255.049
0482,2013,253.509
0482,2014,258.693
0482,2015,265.051
0482,2016,267.881
0482,2017,269.785
0482,2018,272.982
0482,2019,273.14
0482,2020,277.545
0482,2021,288.912
0483,2005,231.165
0483,2006,236.433
0483,2007,252.107
0483,2008,249.751
0483,2009,253.243
0483,2010,264.664
0483,2011,256.876
0483,2012,261.432
0483,2013,265.729
0483,2014,272.074
0483,2015,282.527
0483,2016,285.118
0483,2017,290.389
0483,2018,290.48
0483,2019,291.322
0483,2020,295.417
0483,2021,307.695
0484,2005,227.777
0484,2006,235.64
0484,2007,252.916
0484,2008,251.138
0484,2009,249.393
0484,2010,250.686
0484,2011,254.767
0484,2012,258.573
0484,2013,261.799
0484,2014,272.099
0484,2015,281.304
0484,2016,283.966
0484,2017,289.606
0484,2018,292.382
0484,2019,292.799
0484,2020,296.115
0484,2021,308.874
0486,2005,271.579
0486,2006,283.391
0486,2007,299.866
0486,2008,292.167
0486,2009,291.327
0486,2010,311.184
0486,2011,301.747
0486,2012,308.044
0486,2013,310.144
0486,2014,320.092
0486,2015,332.757
0486,2016,331.869
0486,2017,334.757
0486,2018,337.454
0486,2019,347.441
0486,2020,350.254
0486,2021,364.452
0488,2005,303.671
0488,2006,301.489
0488,2007,315.881
0488,2008,309.391
0488,2009,313.098
0488,2010,322.145
0488,2011,324.868
0488,2012,329.569
0488,2013,329.096
0488,2014,335.615
0488,2015,352.537
0488,2016,361.911
0488,2017,362.538
0488,2018,374.602
0488,2019,364.636
0488,2020,365.244
0488,2021,384.323
0509,2005,220.227
0509,2006,230.144
0509,2007,247.205
0509,2008,245.839
0509,2009,242.402
0509,2010,247.204
0509,2011,251.631
0509,2012,260.314
0509,2013,258.979
0509,2014,273.985
0509,2015,276.93
0509,2016,283.693
0509,2017,317.43
0509,2018,290.861
0509,2019,293.564
0509,2020,294.055
0509,2021,316.623
0512,2005,230.563
0512,2006,236.451
0512,2007,258.98
0512,2008,256.942
0512,2009,254.676
0512,2010,262.403
0512,2011,273.882
0512,2012,260.928
0512,2013,273.189
0512,2014,286.166
0512,2015,295.051
0512,2016,289.701
0512,2017,291.904
0512,2018,294.789
0512,2019,302.24
0512,2020,300.154
0512,2021,310.926
0513,2005,234.085
0513,2006,240.308
0513,2007,254.696
0513,2008,254.82
0513,2009,261.875
0513,2010,266.669
0513,2011,270.374
0513,2012,275.442
0513,2013,278.053
0513,2014,291.208
0513,2015,299.939
0513,2016,300.101
0513,2017,310.402
0513,2018,309.139
0513,2019,321.685
0513,2020,330.513
0513,2021,332.296
0560,2005,233.109
0560,2006,238.99
0560,2007,260.107
0560,2008,256.715
0560,2009,256.776
0560,2010,255.652
0560,2011,259.247
0560,2012,265.864
0560,2013,283.656
0560,2014,281.545
0560,2015,291.3
0560,2016,306.797
0560,2017,301.987
0560,2018,308.422
0560,2019,314.996
0560,2020,309.466
0560,2021,344.125
0561,2005,232.206
0561,2006,237.869
0561,2007,253.237
0561,2008,252.679
0561,2009,258.919
0561,2010,259.311
0561,2011,268.871
0561,2012,269.287
0561,2013,269.426
0561,2014,284.41
0561,2015,291.4
0561,2016,297.203
0561,2017,306.564
0561,2018,299.015
0561,2019,312.321
0561,2020,306.124
0561,2021,314.028
0562,2005,239.708
0562,2006,244.149
0562,2007,259.642
0562,2008,260.143
0562,2009,264.537
0562,2010,269.57
0562,2011,273.59
0562,2012,277.819
0562,2013,275.291
0562,2014,282.216
0562,2015,289.159
0562,2016,288.582
0562,2017,297.457
0562,2018,297.328
0562,2019,298.789
0562,2020,300.679
0562,2021,311.962
0563,2005,221.221
0563,2006,228.897
0563,2007,247.373
0563,2008,243.347
0563,2009,240.115
0563,2010,244.532
0563,2011,242.558
0563,2012,247.899
0563,2013,252.635
0563,2014,262.666
0563,2015,271.696
0563,2016,273.356
0563,2017,276.422
0563,2018,276.746
0563,2019,279.538
0563,2020,284.861
0563,2021,301.588
0580,2005,242.536
0580,2006,252.689
0580,2007,270.877
0580,2008,264.687
0580,2009,265.864
0580,2010,269.634
0580,2011,273.854
0580,2012,279.593
0580,2013,285.157
0580,2014,295.156
0580,2015,313.857
0580,2016,313.604
0580,2017,315.687
0580,2018,314.042
0580,2019,315.248
0580,2020,318.996
0580,2021,333.322
0581,2005,232.313
0581,2006,240.2
0581,2007,255.147
0581,2008,252.418
0581,2009,256.508
0581,2010,260.356
0581,2011,263.296
0581,2012,269.63
0581,2013,271.734
0581,2014,281.892
0581,2015,292.761
0581,2016,294.375
0581,2017,300.657
0581,2018,303.284
0581,2019,305.704
0581,2020,307.287
0581,2021,320.504
0582,2005,249.676
0582,2006,258.346
0582,2007,271.445
0582,2008,273.582
0582,2009,285.57
0582,2010,278.487
0582,2011,282.194
0582,2012,288.232
0582,2013,306.294
0582,2014,298.733
0582,2015,313.077
0582,2016,315.039
0582,2017,327.535
0582,2018,325.185
0582,2019,329.013
0582,2020,334.435
0582,2021,344.308
0583,2005,235.368
0583,2006,239.385
0583,2007,252.009
0583,2008,249.983
0583,2009,253.957
0583,2010,255.905
0583,2011,260.497
0583,2012,263.788
0583,2013,267.577
0583,2014,278.39
0583,2015,288.361
0583,2016,290.874
0583,2017,294.697
0583,2018,297.894
0583,2019,301.892
0583,2020,300.814
0583,2021,312.396
0584,2005,244.681
0584,2006,246.496
0584,2007,260.382
0584,2008,268.696
0584,2009,266.804
0584,2010,273.292
0584,2011,273.62
0584,2012,279.158
0584,2013,285.701
0584,2014,291.992
0584,2015,309.327
0584,2016,305.733
0584,2017,319.664
0584,2018,317.68
0584,2019,319.835
0584,2020,320.71
0584,2021,335.589
0586,2005,231.63
0586,2006,240.859
0586,2007,257.932
0586,2008,258.931
0586,2009,262.834
0586,2010,266.419
0586,2011,269.066
0586,2012,274.856
0586,2013,278.153
0586,2014,289.242
0586,2015,295.529
0586,2016,301.749
0586,2017,305.74
0586,2018,307.627
0586,2019,313.113
0586,2020,311.395
0586,2021,322.24
0604,2005,230.636
0604,2006,239.159
0604,2007,255.859
0604,2008,255.621
0604,2009,262.106
0604,2010,262.213
0604,2011,264.343
0604,2012,264.045
0604,2013,274.525
0604,2014,280.268
0604,2015,290.632
0604,2016,297.049
0604,2017,305.401
0604,2018,300.986
0604,2019,301.596
0604,2020,308.213
0604,2021,312.17
0617,2005,261.46
0617,2006,284.493
0617,2007,287.376
0617,2008,278.87
0617,2009,266.731
0617,2010,265.939
0617,2011,277.497
0617,2012,294.037
0617,2013,286.657
0617,2014,294.933
0617,2015,311.179
0617,2016,332.439
0617,2017,328.488
0617,2018,312.585
0617,2019,307.143
0617,2020,320.02
0617,2021,327.372
0642,2005,231.546
0642,2006,243.395
0642,2007,272.176
0642,2008,258.964
0642,2009,256.705
0642,2010,262.85
0642,2011,266.977
0642,2012,269.216
0642,2013,275.201
0642,2014,285.126
0642,2015,290.65
0642,2016,293.497
0642,2017,302.044
0642,2018,302.745
0642,2019,307.63
0642,2020,309.004
0642,2021,321.273
0643,2005,245.238
0643,2006,253.445
0643,2007,273.364
0643,2008,272.105
0643,2009,278.431
0643,2010,284.113
0643,2011,288.368
0643,2012,295.13
0643,2013,297.121
0643,2014,309.956
0643,2015,319.731
0643,2016,326.837
0643,2017,332.852
0643,2018,344.633
0643,2019,340.86
0643,2020,337.744
0643,2021,346.449
0662,2005,248.984
0662,2006,255.569
0662,2007,270.035
0662,2008,266.567
0662,2009,263.121
0662,2010,268.52
0662,2011,269.752
0662,2012,277.392
0662,2013,286.328
0662,2014,291.512
0662,2015,321.364
0662,2016,302.4
0662,2017,309.379
0662,2018,306.903
0662,2019,311.589
0662,2020,312.022
0662,2021,326.969
0665,2005,244.45
0665,2006,254.819
0665,2007,273.396
0665,2008,265.389
0665,2009,268.403
0665,2010,272.073
0665,2011,275.593
0665,2012,277.297
0665,2013,281.172
0665,2014,293.457
0665,2015,304.545
0665,2016,303.196
0665,2017,310.866
0665,2018,311.636
0665,2019,314.551
0665,2020,311.371
0665,2021,329.198
0680,2005,242.026
0680,2006,251.056
0680,2007,272.365
0680,2008,266.755
0680,2009,267.185
0680,2010,271.882
0680,2011,275.832
0680,2012,279.894
0680,2013,282.856
0680,2014,294.493
0680,2015,306.85
0680,2016,310.921
0680,2017,320.971
0680,2018,318.073
0680,2019,316.292
0680,2020,316.807
0680,2021,328.631
0682,2005,235.861
0682,2006,243.705
0682,2007,257.169
0682,2008,256.879
0682,2009,256.496
0682,2010,260.648
0682,2011,261.967
0682,2012,267.078
0682,2013,270.034
0682,2014,276.858
0682,2015,281.197
0682,2016,290.149
0682,2017,293.84
0682,2018,294.268
0682,2019,295.597
0682,2020,297.425
0682,2021,308.806
0683,2005,253.978
0683,2006,262.353
0683,2007,287.962
0683,2008,281.251
0683,2009,277.727
0683,2010,277.793
0683,2011,284.755
0683,2012,293.885
0683,2013,289.739
0683,2014,299.46
0683,2015,310.414
0683,2016,320.65
0683,2017,324.509
0683,2018,318.064
0683,2019,325.973
0683,2020,320.821
0683,2021,336.716
0684,2005,235.024
0684,2006,240.742
0684,2007,262.686
0684,2008,255.502
0684,2009,252.053
0684,2010,254.816
0684,2011,260.607
0684,2012,261.57
0684,2013,259.37
0684,2014,271.142
0684,2015,283.116
0684,2016,284.293
0684,2017,300.682
0684,2018,291.858
0684,2019,293.739
0684,2020,294.151
0684,2021,303.244
0685,2005,239.201
0685,2006,253.88
0685,2007,272.463
0685,2008,262.202
0685,2009,265.493
0685,2010,266.135
0685,2011,271.843
0685,2012,275.832
0685,2013,277.081
0685,2014,288.707
0685,2015,296.883
0685,2016,301.349
0685,2017,310.635
0685,2018,309.001
0685,2019,302.778
0685,2020,307.407
0685,2021,319.822
0686,2005,239.048
0686,2006,246.202
0686,2007,263.208
0686,2008,260.681
0686,2009,268.573
0686,2010,270.883
0686,2011,272.947
0686,2012,274.371
0686,2013,274.832
0686,2014,289.144
0686,2015,304.104
0686,2016,304.517
0686,2017,300.627
0686,2018,302.448
0686,2019,301.648
0686,2020,304.442
0686,2021,319.565
0687,2005,239.788
0687,2006,237.407
0687,2007,257.39
0687,2008,253.525
0687,2009,256.093
0687,2010,259.354
0687,2011,258.6
0687,2012,263.159
0687,2013,273.924
0687,2014,283.462
0687,2015,293.566
0687,2016,292.423
0687,2017,303.308
0687,2018,294.126
0687,2019,300.313
0687,2020,300.039
0687,2021,310.498
0760,2005,235.393
0760,2006,239.244
0760,2007,255.92
0760,2008,254.63
0760,2009,248.208
0760,2010,252.969
0760,2011,256.342
0760,2012,258.691
0760,2013,256.87
0760,2014,269.2
0760,2015,275.727
0760,2016,279.029
0760,2017,286.298
0760,2018,293.744
0760,2019,293.122
0760,2020,291.163
0760,2021,301.684
0761,2005,233.36
0761,2006,246.345
0761,2007,245.906
0761,2008,244.248
0761,2009,250.143
0761,2010,248.748
0761,2011,249.624
0761,2012,247.955
0761,2013,249.683
0761,2014,250.607
0761,2015,256.355
0761,2016,265.853
0761,2017,270.243
0761,2018,273.724
0761,2019,283.943
0761,2020,274.328
0761,2021,289.612
0763,2005,236.136
0763,2006,239.665
0763,2007,254.097
0763,2008,249.182
0763,2009,251.21
0763,2010,258.487
0763,2011,258.902
0763,2012,260.018
0763,2013,266.575
0763,2014,269.514
0763,2015,278.559
0763,2016,279.508
0763,2017,288.348
0763,2018,292.247
0763,2019,293.445
0763,2020,287.995
0763,2021,300.424
0764,2005,245.878
0764,2006,253.711
0764,2007,293.968
0764,2008,263.88
0764,2009,261.353
0764,2010,261.585
0764,2011,263.512
0764,2012,267.047
0764,2013,268.759
0764,2014,275.845
0764,2015,287.956
0764,2016,291.914
0764,2017,293.735
0764,2018,295.299
0764,2019,298.214
0764,2020,299.424
0764,2021,309.783
0765,2005,254.599
0765,2006,265.974
0765,2007,281.07
0765,2008,272.1
0765,2009,280.221
0765,2010,284.877
0765,2011,287.701
0765,2012,293.452
0765,2013,295.626
0765,2014,308.402
0765,2015,321.124
0765,2016,320.661
0765,2017,321.662
0765,2018,321.263
0765,2019,328.022
0765,2020,329.982
0765,2021,340.006
0767,2005,230.552
0767,2006,239.341
0767,2007,252.408
0767,2008,242.473
0767,2009,244.229
0767,2010,249.497
0767,2011,248.317
0767,2012,254.601
0767,2013,254.132
0767,2014,262.221
0767,2015,274.871
0767,2016,271.897
0767,2017,277.391
0767,2018,277.781
0767,2019,282.529
0767,2020,289.111
0767,2021,297.444
0780,2005,243.215
0780,2006,257.762
0780,2007,271.137
0780,2008,266.892
0780,2009,265.905
0780,2010,271.123
0780,2011,272.743
0780,2012,277.357
0780,2013,281.265
0780,2014,291.083
0780,2015,301.431
0780,2016,305.306
0780,2017,308.218
0780,2018,310.118
0780,2019,316.601
0780,2020,317.346
0780,2021,329.856
0781,2005,249.212
0781,2006,257.995
0781,2007,268.616
0781,2008,266.786
0781,2009,265.704
0781,2010,265.597
0781,2011,268.765
0781,2012,271.29
0781,2013,274.332
0781,2014,281.515
0781,2015,292.39
0781,2016,291.968
0781,2017,296.45
0781,2018,296.608
0781,2019,298.597
0781,2020,303.853
0781,2021,322.7
0821,2005,212.785
0821,2006,219.276
0821,2007,237.022
0821,2008,229.737
0821,2009,230.671
0821,2010,233.574
0821,2011,241.629
0821,2012,235.779
0821,2013,239.859
0821,2014,245.951
0821,2015,254.484
0821,2016,259.939
0821,2017,263.574
0821,2018,266.698
0821,2019,262.85
0821,2020,269.857
0821,2021,277.048
0834,2005,226.677
0834,2006,230.567
0834,2007,253.658
0834,2008,249.335
0834,2009,242.784
0834,2010,255.912
0834,2011,253.965
0834,2012,256.205
0834,2013,254.365
0834,2014,263.359
0834,2015,270.89
0834,2016,274.574
0834,2017,328.05
0834,2018,291.266
0834,2019,291.781
0834,2020,287.446
0834,2021,298.486
0840,2005,241.704
0840,2006,245.07
0840,2007,261.885
0840,2008,267.238
0840,2009,271.082
0840,2010,274.891
0840,2011,283.052
0840,2012,279.844
0840,2013,282.679
0840,2014,302.366
0840,2015,311.139
0840,2016,319.553
0840,2017,320.215
0840,2018,323.147
0840,2019,319.567
0840,2020,329.525
0840,2021,348.606
0860,2005,218.687
0860,2006,223.791
0860,2007,239.272
0860,2008,234.661
0860,2009,235.878
0860,2010,244.246
0860,2011,244.885
0860,2012,245.98
0860,2013,247.354
0860,2014,255.82
0860,2015,267.348
0860,2016,262.69
0860,2017,269.011
0860,2018,273.971
0860,2019,278.938
0860,2020,278.818
0860,2021,289.378
0861,2005,235.1
0861,2006,241.352
0861,2007,259.462
0861,2008,259.961
0861,2009,263.553
0861,2010,279.668
0861,2011,271.888
0861,2012,272.688
0861,2013,273.333
0861,2014,282.191
0861,2015,291.653
0861,2016,296.762
0861,2017,299.715
0861,2018,297.544
0861,2019,303.186
0861,2020,307.684
0861,2021,315.358
0862,2005,239.235
0862,2006,245.873
0862,2007,253.8
0862,2008,256.586
0862,2009,258.561
0862,2010,258.991
0862,2011,263.236
0862,2012,263.409
0862,2013,269.074
0862,2014,274.023
0862,2015,280.184
0862,2016,277.748
0862,2017,281.658
0862,2018,287.186
0862,2019,293.935
0862,2020,287.785
0862,2021,299.965
0880,2005,234.06
0880,2006,241.108
0880,2007,258.942
0880,2008,258.522
0880,2009,260.316
0880,2010,265.456
0880,2011,266.589
0880,2012,270.265
0880,2013,275.144
0880,2014,285.292
0880,2015,297.744
0880,2016,301.935
0880,2017,305.906
0880,2018,304.731
0880,2019,309.425
0880,2020,316.249
0880,2021,324.436
0881,2005,224.421
0881,2006,234.523
0881,2007,245.748
0881,2008,242.095
0881,2009,242.781
0881,2010,243.899
0881,2011,246.215
0881,2012,249.054
0881,2013,253.91
0881,2014,260.376
0881,2015,268.874
0881,2016,266.16
0881,2017,272.967
0881,2018,275.66
0881,2019,278.011
0881,2020,281.708
0881,2021,289.947
0882,2005,241.629
0882,2006,247.123
0882,2007,268.365
0882,2008,268.075
0882,2009,273.406
0882,2010,279.986
0882,2011,290.543
0882,2012,287.144
0882,2013,291.354
0882,2014,301.234
0882,2015,311.939
0882,2016,315.663
0882,2017,310.197
0882,2018,317.67
0882,2019,314.954
0882,2020,312.205
0882,2021,329.027
0883,2005,225.884
0883,2006,233.341
0883,2007,249.745
0883,2008,255.149
0883,2009,255.563
0883,2010,256.12
0883,2011,260.931
0883,2012,262.231
0883,2013,266.135
0883,2014,276.213
0883,2015,284.308
0883,2016,284.086
0883,2017,291.495
0883,2018,296.475
0883,2019,298.048
0883,2020,299.466
0883,2021,312.339
0884,2005,228.13
0884,2006,280.636
0884,2007,252.376
0884,2008,253.354
0884,2009,253.801
0884,2010,255.869
0884,2011,259.012
0884,2012,262.389
0884,2013,264.96
0884,2014,275.696
0884,2015,287.703
0884,2016,285.846
0884,2017,292.51
0884,2018,293.674
0884,2019,295.975
0884,2020,300.0
0884,2021,309.61
0885,2005,217.883
0885,2006,226.151
0885,2007,241.637
0885,2008,237.642
0885,2009,241.304
0885,2010,253.747
0885,2011,255.452
0885,2012,250.102
0885,2013,256.126
0885,2014,261.981
0885,2015,283.16
0885,2016,284.876
0885,2017,292.131
0885,2018,289.069
0885,2019,295.348
0885,2020,299.826
0885,2021,313.434
0980,2005,216.344
0980,2006,222.956
0980,2007,243.226
0980,2008,241.131
0980,2009,246.098
0980,2010,249.822
0980,2011,253.132
0980,2012,255.759
0980,2013,259.91
0980,2014,271.688
0980,2015,281.216
0980,2016,284.761
0980,2017,290.036
0980,2018,290.041
0980,2019,293.395
0980,2020,300.84
0980,2021,310.274
1060,2005,235.977
1060,2006,239.768
1060,2007,257.667
1060,2008,250.655
1060,2009,246.211
1060,2010,245.517
1060,2011,251.46
1060,2012,255.462
1060,2013,256.094
1060,2014,264.849
1060,2015,273.923
1060,2016,276.683
1060,2017,285.983
1060,2018,290.568
1060,2019,285.377
1060,2020,290.993
1060,2021,301.945
1080,2005,242.383
1080,2006,244.966
1080,2007,263.7
1080,2008,254.613
1080,2009,258.411
1080,2010,260.021
1080,2011,262.404
1080,2012,267.809
1080,2013,276.601
1080,2014,285.456
1080,2015,289.355
1080,2016,291.133
1080,2017,299.321
1080,2018,305.822
1080,2019,309.29
1080,2020,313.93
1080,2021,328.175
1081,2005,227.59
1081,2006,244.765
1081,2007,249.759
1081,2008,248.206
1081,2009,243.72
1081,2010,244.938
1081,2011,251.626
1081,2012,256.776
1081,2013,260.269
1081,2014,269.096
1081,2015,272.819
1081,2016,280.027
1081,2017,276.954
1081,2018,281.024
1081,2019,286.019
1081,2020,288.737
1081,2021,296.592
1082,2005,236.211
1082,2006,240.843
1082,2007,257.527
1082,2008,253.262
1082,2009,257.318
1082,2010,259.096
1082,2011,261.065
1082,2012,263.569
1082,2013,269.267
1082,2014,278.823
1082,2015,286.264
1082,2016,288.62
1082,2017,294.625
1082,2018,301.794
1082,2019,302.753
1082,2020,307.258
1082,2021,318.412
1083,2005,237.477
1083,2006,239.002
1083,2007,256.368
1083,2008,260.214
1083,2009,253.374
1083,2010,255.957
1083,2011,260.948
1083,2012,263.02
1083,2013,271.347
1083,2014,287.203
1083,2015,288.462
1083,2016,295.147
1083,2017,301.163
1083,2018,303.086
1083,2019,305.784
1083,2020,310.372
1083,2021,332.927
1214,2005,229.74
1214,2006,240.433
1214,2007,252.313
1214,2008,255.544
1214,2009,254.861
1214,2010,262.478
1214,2011,265.923
1214,2012,262.536
1214,2013,268.572
1214,2014,277.552
1214,2015,284.934
1214,2016,286.054
1214,2017,293.757
1214,2018,295.193
1214,2019,300.256
1214,2020,311.484
1214,2021,317.351
1230,2005,267.646
1230,2006,281.72
1230,2007,301.194
1230,2008,296.693
1230,2009,305.085
1230,2010,313.323
1230,2011,315.762
1230,2012,316.612
1230,2013,322.895
1230,2014,335.938
1230,2015,344.548
1230,2016,347.769
1230,2017,353.278
1230,2018,355.048
1230,2019,358.794
1230,2020,376.041
1230,2021,388.22
1231,2005,230.261
1231,2006,236.446
1231,2007,259.083
1231,2008,241.47
1231,2009,244.578
1231,2010,246.44
1231,2011,245.763
1231,2012,250.878
1231,2013,254.861
1231,2014,263.527
1231,2015,273.088
1231,2016,274.181
1231,2017,279.861
1231,2018,280.751
1231,2019,282.004
1231,2020,293.834
1231,2021,302.142
1233,2005,309.584
1233,2006,341.822
1233,2007,360.17
1233,2008,352.081
1233,2009,352.714
1233,2010,359.281
1233,2011,369.632
1233,2012,373.825
1233,2013,380.913
1233,2014,400.676
1233,2015,423.51
1233,2016,423.694
1233,2017,448.472
1233,2018,424.919
1233,2019,442.356
1233,2020,482.394
1233,2021,540.854
1256,2005,232.862
1256,2006,240.298
1256,2007,254.83
1256,2008,251.286
1256,2009,248.891
1256,2010,251.306
1256,2011,255.36
1256,2012,258.363
1256,2013,254.788
1256,2014,261.861
1256,2015,266.101
1256,2016,267.541
1256,2017,268.915
1256,2018,273.602
1256,2019,276.375
1256,2020,279.902
1256,2021,289.911
1257,2005,228.622
1257,2006,232.973
1257,2007,261.356
1257,2008,242.91
1257,2009,243.563
1257,2010,244.265
1257,2011,247.083
1257,2012,252.259
1257,2013,258.282
1257,2014,263.806
1257,2015,271.129
1257,2016,273.139
1257,2017,276.874
1257,2018,282.028
1257,2019,284.801
1257,2020,295.072
1257,2021,308.414
1260,2005,220.413
1260,2006,227.555
1260,2007,240.266
1260,2008,235.267
1260,2009,237.556
1260,2010,239.134
1260,2011,241.256
1260,2012,248.601
1260,2013,250.148
1260,2014,259.28
1260,2015,266.323
1260,2016,268.59
1260,2017,275.562
1260,2018,273.952
1260,2019,276.201
1260,2020,287.628
1260,2021,293.181
1261,2005,275.807
1261,2006,284.714
1261,2007,303.386
1261,2008,306.784
1261,2009,306.474
1261,2010,312.815
1261,2011,315.947
1261,2012,320.981
1261,2013,328.066
1261,2014,346.392
1261,2015,355.787
1261,2016,358.648
1261,2017,368.873
1261,2018,375.896
1261,2019,377.251
1261,2020,384.637
1261,2021,410.379
1262,2005,317.799
1262,2006,344.423
1262,2007,374.423
1262,2008,369.451
1262,2009,372.549
1262,2010,373.254
1262,2011,386.797
1262,2012,391.875
1262,2013,396.455
1262,2014,425.294
1262,2015,433.725
1262,2016,435.936
1262,2017,447.591
1262,2018,450.122
1262,2019,457.094
1262,2020,491.466
1262,2021,524.065
1263,2005,251.749
1263,2006,261.41
1263,2007,280.861
1263,2008,282.244
1263,2009,285.047
1263,2010,291.438
1263,2011,296.272
1263,2012,297.711
1263,2013,302.521
1263,2014,316.108
1263,2015,325.411
1263,2016,326.475
1263,2017,336.794
1263,2018,335.94
1263,2019,339.794
1263,2020,359.275
1263,2021,373.874
1264,2005,241.772
1264,2006,252.069
1264,2007,267.463
1264,2008,262.532
1264,2009,259.579
1264,2010,265.79
1264,2011,268.174
1264,2012,280.464
1264,2013,276.581
1264,2014,286.474
1264,2015,297.197
1264,2016,299.658
1264,2017,300.966
1264,2018,304.886
1264,2019,307.816
1264,2020,324.918
1264,2021,340.328
1265,2005,231.453
1265,2006,238.419
1265,2007,252.733
1265,2008,250.586
1265,2009,254.585
1265,2010,261.544
1265,2011,261.793
1265,2012,269.321
1265,2013,266.767
1265,2014,280.322
1265,2015,290.984
1265,2016,294.949
1265,2017,293.894
1265,2018,298.444
1265,2019,302.423
1265,2020,313.772
1265,2021,324.621
1266,2005,228.478
1266,2006,237.307
1266,2007,259.297
1266,2008,250.345
1266,2009,253.872
1266,2010,259.42
1266,2011,264.627
1266,2012,264.427
1266,2013,268.002
1266,2014,280.228
1266,2015,288.555
1266,2016,288.107
1266,2017,294.119
1266,2018,293.449
1266,2019,297.975
1266,2020,310.934
1266,2021,322.623
1267,2005,237.043
1267,2006,247.063
1267,2007,260.195
1267,2008,258.652
1267,2009,265.412
1267,2010,268.732
1267,2011,273.392
1267,2012,275.262
1267,2013,280.489
1267,2014,292.885
1267,2015,305.796
1267,2016,307.039
1267,2017,310.944
1267,2018,308.625
1267,2019,311.685
1267,2020,331.118
1267,2021,336.732
1270,2005,230.153
1270,2006,231.939
1270,2007,242.446
1270,2008,239.037
1270,2009,243.593
1270,2010,253.579
1270,2011,255.785
1270,2012,252.158
1270,2013,261.482
1270,2014,265.645
1270,2015,278.854
1270,2016,283.089
1270,2017,288.29
1270,2018,281.473
1270,2019,284.89
1270,2020,294.538
1270,2021,306.196
1272,2005,230.37
1272,2006,241.684
1272,2007,256.721
1272,2008,259.018
1272,2009,253.062
1272,2010,259.128
1272,2011,256.944
1272,2012,259.011
1272,2013,264.411
1272,2014,272.238
1272,2015,290.047
1272,2016,286.608
1272,2017,290.44
1272,2018,293.722
1272,2019,294.629
1272,2020,298.946
1272,2021,305.781
1273,2005,229.562
1273,2006,238.647
1273,2007,256.135
1273,2008,249.806
1273,2009,260.508
1273,2010,257.362
1273,2011,258.633
1273,2012,261.506
1273,2013,261.351
1273,2014,272.504
1273,2015,289.945
1273,2016,283.696
1273,2017,287.669
1273,2018,296.044
1273,2019,292.931
1273,2020,296.591
1273,2021,313.216
1275,2005,235.605
1275,2006,239.459
1275,2007,251.542
1275,2008,238.686
1275,2009,239.894
1275,2010,236.701
1275,2011,240.945
1275,2012,240.417
1275,2013,245.015
1275,2014,248.427
1275,2015,256.557
1275,2016,258.426
1275,2017,264.951
1275,2018,265.937
1275,2019,266.975
1275,2020,275.568
1275,2021,301.585
1276,2005,221.092
1276,2006,232.97
1276,2007,247.374
1276,2008,237.864
1276,2009,238.542
1276,2010,243.792
1276,2011,247.043
1276,2012,249.969
1276,2013,257.293
1276,2014,264.236
1276,2015,269.083
1276,2016,271.917
1276,2017,276.746
1276,2018,281.3
1276,2019,282.813
1276,2020,290.178
1276,2021,299.466
1277,2005,224.022
1277,2006,227.404
1277,2007,240.491
1277,2008,238.844
1277,2009,240.747
1277,2010,243.479
1277,2011,244.978
1277,2012,247.929
1277,2013,253.878
1277,2014,260.813
1277,2015,270.301
1277,2016,273.088
1277,2017,278.428
1277,2018,281.925
1277,2019,283.403
1277,2020,289.51
1277,2021,299.514
1278,2005,265.577
1278,2006,274.877
1278,2007,303.086
1278,2008,283.947
1278,2009,289.538
1278,2010,296.268
1278,2011,300.285
1278,2012,307.194
1278,2013,307.037
1278,2014,317.032
1278,2015,329.621
1278,2016,325.408
1278,2017,360.219
1278,2018,353.821
1278,2019,355.071
1278,2020,352.47
1278,2021,394.825
1280,2005,211.859
1280,2006,219.998
1280,2007,233.562
1280,2008,225.451
1280,2009,227.641
1280,2010,229.044
1280,2011,234.818
1280,2012,236.654
1280,2013,241.237
1280,2014,251.952
1280,2015,262.799
1280,2016,266.614
1280,2017,271.752
1280,2018,274.053
1280,2019,276.016
1280,2020,299.892
1280,2021,319.991
1281,2005,234.157
1281,2006,249.333
1281,2007,276.027
1281,2008,262.976
1281,2009,261.471
1281,2010,265.257
1281,2011,270.283
1281,2012,271.356
1281,2013,275.772
1281,2014,281.413
1281,2015,297.359
1281,2016,299.845
1281,2017,302.748
1281,2018,301.601
1281,2019,300.873
1281,2020,311.163
1281,2021,324.533
1282,2005,220.976
1282,2006,225.774
1282,2007,238.766
1282,2008,234.739
1282,2009,235.739
1282,2010,238.774
1282,2011,242.773
1282,2012,247.302
1282,2013,250.185
1282,2014,258.489
1282,2015,267.401
1282,2016,274.159
1282,2017,279.378
1282,2018,283.683
1282,2019,287.832
1282,2020,296.428
1282,2021,308.403
1283,2005,244.278
1283,2006,253.382
1283,2007,271.546
1283,2008,264.274
1283,2009,266.001
1283,2010,272.57
1283,2011,275.366
1283,2012,276.454
1283,2013,282.785
1283,2014,291.634
1283,2015,303.758
1283,2016,306.313
1283,2017,309.935
1283,2018,309.299
1283,2019,312.378
1283,2020,324.922
1283,2021,338.381
1284,2005,274.368
1284,2006,290.014
1284,2007,305.964
1284,2008,308.262
1284,2009,305.658
1284,2010,306.197
1284,2011,311.209
1284,2012,321.507
1284,2013,325.678
1284,2014,339.88
1284,2015,349.583
1284,2016,352.465
1284,2017,354.53
1284,2018,354.168
1284,2019,353.431
1284,2020,365.359
1284,2021,391.203
1285,2005,236.102
1285,2006,245.54
1285,2007,263.861
1285,2008,257.678
1285,2009,261.028
1285,2010,265.56
1285,2011,268.983
1285,2012,272.996
1285,2013,278.223
1285,2014,286.183
1285,2015,296.596
1285,2016,300.126
1285,2017,303.93
1285,2018,301.961
1285,2019,306.199
1285,2020,316.694
1285,2021,331.48
1286,2005,244.032
1286,2006,253.616
1286,2007,273.889
1286,2008,269.525
1286,2009,276.59
1286,2010,280.494
1286,2011,285.41
1286,2012,288.112
1286,2013,291.447
1286,2014,304.947
1286,2015,320.643
1286,2016,323.287
1286,2017,326.747
1286,2018,329.372
1286,2019,334.43
1286,2020,345.031
1286,2021,360.314
1287,2005,239.159
1287,2006,244.094
1287,2007,261.3
1287,2008,257.467
1287,2009,260.029
1287,2010,265.205
1287,2011,267.204
1287,2012,270.749
1287,2013,273.97
1287,2014,284.471
1287,2015,295.593
1287,2016,297.349
1287,2017,303.163
1287,2018,306.109
1287,2019,312.635
1287,2020,320.554
1287,2021,333.123
1290,2005,234.962
1290,2006,247.02
1290,2007,266.373
1290,2008,255.618
1290,2009,257.181
1290,2010,262.665
1290,2011,264.853
1290,2012,265.473
1290,2013,270.677
1290,2014,278.98
1290,2015,288.595
1290,2016,292.28
1290,2017,300.734
1290,2018,298.716
1290,2019,300.628
1290,2020,306.189
1290,2021,317.011
1291,2005,238.465
1291,2006,243.288
1291,2007,261.354
1291,2008,252.501
1291,2009,259.22
1291,2010,266.603
1291,2011,302.102
1291,2012,268.567
1291,2013,265.044
1291,2014,281.925
1291,2015,294.397
1291,2016,285.27
1291,2017,299.653
1291,2018,296.219
1291,2019,294.554
1291,2020,322.764
1291,2021,324.303
1292,2005,254.7
1292,2006,271.167
1292,2007,290.775
1292,2008,280.352
1292,2009,287.29
1292,2010,288.36
1292,2011,293.025
1292,2012,296.021
1292,2013,301.076
1292,2014,310.417
1292,2015,325.465
1292,2016,334.8
1292,2017,335.428
1292,2018,332.875
1292,2019,347.419
1292,2020,342.625
1292,2021,364.671
1293,2005,228.022
1293,2006,239.428
1293,2007,249.861
1293,2008,246.23
1293,2009,248.476
1293,2010,251.049
1293,2011,256.95
1293,2012,255.862
1293,2013,260.962
1293,2014,266.989
1293,2015,278.96
1293,2016,285.172
1293,2017,286.364
1293,2018,288.364
1293,2019,290.615
1293,2020,297.035
1293,2021,307.755
1315,2005,243.72
1315,2006,249.906
1315,2007,264.852
1315,2008,257.826
1315,2009,257.098
1315,2010,266.573
1315,2011,270.05
1315,2012,271.471
1315,2013,272.498
1315,2014,278.24
1315,2015,281.926
1315,2016,281.558
1315,2017,285.735
1315,2018,292.443
1315,2019,289.782
1315,2020,290.742
1315,2021,296.565
1380,2005,242.155
1380,2006,252.882
1380,2007,270.034
1380,2008,270.38
1380,2009,268.336
1380,2010,269.541
1380,2011,272.691
1380,2012,277.832
1380,2013,281.605
1380,2014,290.279
1380,2015,299.681
1380,2016,304.941
1380,2017,309.735
1380,2018,312.398
1380,2019,309.676
1380,2020,311.625
1380,2021,327.677
1381,2005,233.216
1381,2006,246.94
1381,2007,260.356
1381,2008,258.295
1381,2009,258.196
1381,2010,271.636
1381,2011,269.79
1381,2012,273.439
1381,2013,276.187
1381,2014,282.504
1381,2015,303.431
1381,2016,294.495
1381,2017,297.718
1381,2018,301.182
1381,2019,302.229
1381,2020,311.297
1381,2021,325.015
1382,2005,241.077
1382,2006,247.864
1382,2007,266.344
1382,2008,262.174
1382,2009,265.581
1382,2010,280.472
1382,2011,275.944
1382,2012,277.059
1382,2013,286.154
1382,2014,291.096
1382,2015,303.693
1382,2016,309.755
1382,2017,311.219
1382,2018,310.699
1382,2019,316.165
1382,2020,317.073
1382,2021,324.122
1383,2005,247.188
1383,2006,263.917
1383,2007,281.335
1383,2008,281.001
1383,2009,282.805
1383,2010,285.573
1383,2011,292.025
1383,2012,295.044
1383,2013,297.981
1383,2014,315.671
1383,2015,324.76
1383,2016,335.26
1383,2017,336.896
1383,2018,340.755
1383,2019,340.423
1383,2020,346.396
1383,2021,361.859
1384,2005,294.419
1384,2006,307.592
1384,2007,335.521
1384,2008,336.832
1384,2009,333.287
1384,2010,343.493
1384,2011,358.196
1384,2012,359.309
1384,2013,357.641
1384,2014,375.591
1384,2015,397.51
1384,2016,399.457
1384,2017,399.428
1384,2018,394.5
1384,2019,418.757
1384,2020,416.252
1384,2021,434.641
1401,2005,278.354
1401,2006,288.521
1401,2007,314.713
1401,2008,311.349
1401,2009,313.42
1401,2010,319.763
1401,2011,328.495
1401,2012,334.331
1401,2013,339.206
1401,2014,353.288
1401,2015,364.931
1401,2016,368.092
1401,2017,375.965
1401,2018,377.973
1401,2019,382.978
1401,2020,392.081
1401,2021,409.079
1402,2005,266.418
1402,2006,277.569
1402,2007,298.623
1402,2008,296.679
1402,2009,302.386
1402,2010,305.32
1402,2011,310.187
1402,2012,317.854
1402,2013,323.837
1402,2014,337.814
1402,2015,350.513
1402,2016,353.914
1402,2017,364.916
1402,2018,366.129
1402,2019,359.38
1402,2020,362.152
1402,2021,389.217
1407,2005,264.323
1407,2006,275.144
1407,2007,306.976
1407,2008,303.785
1407,2009,308.265
1407,2010,329.28
1407,2011,313.904
1407,2012,326.957
1407,2013,335.597
1407,2014,350.866
1407,2015,357.318
1407,2016,368.06
1407,2017,365.444
1407,2018,374.474
1407,2019,371.258
1407,2020,375.475
1407,2021,403.274
1415,2005,262.243
1415,2006,277.261
1415,2007,293.796
1415,2008,299.311
1415,2009,301.438
1415,2010,311.358
1415,2011,308.067
1415,2012,314.147
1415,2013,319.433
1415,2014,333.23
1415,2015,342.842
1415,2016,345.717
1415,2017,358.608
1415,2018,354.546
1415,2019,358.326
1415,2020,364.705
1415,2021,376.685
1419,2005,267.622
1419,2006,287.57
1419,2007,298.719
1419,2008,294.527
1419,2009,304.138
1419,2010,309.159
1419,2011,307.202
1419,2012,310.101
1419,2013,317.754
1419,2014,337.68
1419,2015,342.262
1419,2016,349.818
1419,2017,363.162
1419,2018,355.139
1419,2019,359.42
1419,2020,358.59
1419,2021,393.508
1421,2005,247.362
1421,2006,258.196
1421,2007,277.946
1421,2008,273.265
1421,2009,274.245
1421,2010,281.445
1421,2011,311.423
1421,2012,287.511
1421,2013,286.248
1421,2014,300.468
1421,2015,310.559
1421,2016,313.755
1421,2017,311.453
1421,2018,320.295
1421,2019,314.954
1421,2020,325.738
1421,2021,346.739
1427,2005,248.141
1427,2006,262.666
1427,2007,274.208
1427,2008,284.652
1427,2009,274.454
1427,2010,281.655
1427,2011,288.089
1427,2012,293.575
1427,2013,297.779
1427,2014,314.762
1427,2015,328.851
1427,2016,326.22
1427,2017,331.978
1427,2018,358.208
1427,2019,343.575
1427,2020,352.335
1427,2021,365.34
1430,2005,219.378
1430,2006,227.159
1430,2007,242.004
1430,2008,239.172
1430,2009,241.449
1430,2010,246.957
1430,2011,246.317
1430,2012,252.045
1430,2013,255.443
1430,2014,262.999
1430,2015,273.881
1430,2016,276.6
1430,2017,279.194
1430,2018,281.844
1430,2019,287.162
1430,2020,298.291
1430,2021,304.93
1435,2005,240.392
1435,2006,244.068
1435,2007,251.822
1435,2008,250.891
1435,2009,251.775
1435,2010,261.239
1435,2011,257.372
1435,2012,266.707
1435,2013,264.776
1435,2014,282.669
1435,2015,290.925
1435,2016,298.103
1435,2017,296.101
1435,2018,293.583
1435,2019,303.021
1435,2020,319.353
1435,2021,333.513
1438,2005,203.591
1438,2006,208.762
1438,2007,220.995
1438,2008,218.441
1438,2009,223.134
1438,2010,221.26
1438,2011,221.237
1438,2012,228.75
1438,2013,230.6
1438,2014,241.986
1438,2015,250.343
1438,2016,249.747
1438,2017,258.119
1438,2018,259.937
1438,2019,269.018
1438,2020,296.798
1438,2021,300.916
1439,2005,226.279
1439,2006,228.823
1439,2007,240.563
1439,2008,241.167
1439,2009,246.92
1439,2010,248.174
1439,2011,244.817
1439,2012,246.025
1439,2013,250.441
1439,2014,260.834
1439,2015,276.12
1439,2016,277.584
1439,2017,280.861
1439,2018,285.92
1439,2019,284.952
1439,2020,291.238
1439,2021,298.656
1440,2005,246.71
1440,2006,253.93
1440,2007,271.484
1440,2008,272.029
1440,2009,274.919
1440,2010,278.58
1440,2011,282.2
1440,2012,287.333
1440,2013,290.734
1440,2014,303.546
1440,2015,315.076
1440,2016,320.47
1440,2017,325.89
1440,2018,326.481
1440,2019,333.202
1440,2020,333.774
1440,2021,345.794
1441,2005,276.018
1441,2006,292.961
1441,2007,305.91
1441,2008,308.556
1441,2009,310.303
1441,2010,319.725
1441,2011,321.262
1441,2012,327.993
1441,2013,335.757
1441,2014,347.759
1441,2015,370.767
1441,2016,369.071
1441,2017,379.885
1441,2018,374.498
1441,2019,374.59
1441,2020,383.134
1441,2021,398.213
1442,2005,232.313
1442,2006,241.134
1442,2007,256.967
1442,2008,256.584
1442,2009,260.488
1442,2010,265.208
1442,2011,263.907
1442,2012,269.733
1442,2013,272.24
1442,2014,283.775
1442,2015,294.592
1442,2016,297.418
1442,2017,301.314
1442,2018,305.842
1442,2019,305.88
1442,2020,312.823
1442,2021,324.018
1443,2005,262.532
1443,2006,271.168
1443,2007,290.738
1443,2008,295.792
1443,2009,292.219
1443,2010,294.62
1443,2011,305.452
1443,2012,308.586
1443,2013,306.338
1443,2014,318.429
1443,2015,345.552
1443,2016,344.886
1443,2017,346.848
1443,2018,343.195
1443,2019,339.506
1443,2020,348.025
1443,2021,378.327
1444,2005,233.752
1444,2006,241.992
1444,2007,259.423
1444,2008,256.105
1444,2009,261.241
1444,2010,269.543
1444,2011,263.251
1444,2012,269.632
1444,2013,270.525
1444,2014,285.908
1444,2015,293.495
1444,2016,300.434
1444,2017,309.719
1444,2018,332.094
1444,2019,308.337
1444,2020,315.608
1444,2021,323.319
1445,2005,231.479
1445,2006,235.857
1445,2007,254.114
1445,2008,252.491
1445,2009,254.386
1445,2010,254.506
1445,2011,258.223
1445,2012,270.968
1445,2013,268.191
1445,2014,278.47
1445,2015,288.678
1445,2016,288.997
1445,2017,303.509
1445,2018,312.849
1445,2019,297.897
1445,2020,300.294
1445,2021,307.359
1446,2005,225.112
1446,2006,236.949
1446,2007,254.153
1446,2008,251.019
1446,2009,259.427
1446,2010,264.123
1446,2011,267.202
1446,2012,271.8
1446,2013,273.971
1446,2014,282.725
1446,2015,292.884
1446,2016,287.9
1446,2017,295.128
1446,2018,302.34
1446,2019,306.626
1446,2020,314.096
1446,2021,327.443
1447,2005,212.364
1447,2006,217.764
1447,2007,227.34
1447,2008,225.235
1447,2009,228.759
1447,2010,234.415
1447,2011,234.564
1447,2012,236.477
1447,2013,240.045
1447,2014,251.719
1447,2015,258.339
1447,2016,257.306
1447,2017,270.863
1447,2018,269.02
1447,2019,272.857
1447,2020,276.068
1447,2021,296.854
1452,2005,241.82
1452,2006,251.697
1452,2007,267.174
1452,2008,264.341
1452,2009,262.414
1452,2010,271.152
1452,2011,281.447
1452,2012,285.431
1452,2013,279.374
1452,2014,292.971
1452,2015,295.87
1452,2016,302.533
1452,2017,311.891
1452,2018,306.245
1452,2019,310.624
1452,2020,310.474
1452,2021,331.976
1460,2005,212.998
1460,2006,214.985
1460,2007,226.579
1460,2008,223.133
1460,2009,228.224
1460,2010,226.097
1460,2011,231.441
1460,2012,234.582
1460,2013,237.377
1460,2014,243.585
1460,2015,250.946
1460,2016,249.748
1460,2017,259.157
1460,2018,263.012
1460,2019,266.674
1460,2020,278.366
1460,2021,288.75
1461,2005,210.813
1461,2006,217.865
1461,2007,228.797
1461,2008,232.759
1461,2009,232.818
1461,2010,231.744
1461,2011,232.025
1461,2012,238.111
1461,2013,237.09
1461,2014,246.209
1461,2015,249.78
1461,2016,251.077
1461,2017,262.662
1461,2018,272.767
1461,2019,273.445
1461,2020,287.627
1461,2021,295.337
1462,2005,232.379
1462,2006,241.646
1462,2007,256.068
1462,2008,255.165
1462,2009,256.12
1462,2010,259.643
1462,2011,266.033
1462,2012,268.195
1462,2013,269.579
1462,2014,278.821
1462,2015,288.964
1462,2016,293.06
1462,2017,301.562
1462,2018,308.146
1462,2019,303.001
1462,2020,308.393
1462,2021,317.569
1463,2005,235.765
1463,2006,244.453
1463,2007,262.062
1463,2008,261.283
1463,2009,262.689
1463,2010,267.53
1463,2011,273.6
1463,2012,275.364
1463,2013,279.371
1463,2014,288.361
1463,2015,301.794
1463,2016,305.703
1463,2017,308.951
1463,2018,309.137
1463,2019,310.748
1463,2020,319.956
1463,2021,328.997
1465,2005,246.531
1465,2006,246.856
1465,2007,258.499
1465,2008,257.296
1465,2009,257.252
1465,2010,274.207
1465,2011,260.015
1465,2012,265.944
1465,2013,292.359
1465,2014,273.326
1465,2015,281.809
1465,2016,302.173
1465,2017,292.447
1465,2018,294.714
1465,2019,381.95
1465,2020,299.557
1465,2021,309.122
1466,2005,231.623
1466,2006,240.666
1466,2007,252.265
1466,2008,251.63
1466,2009,252.918
1466,2010,259.629
1466,2011,261.784
1466,2012,266.07
1466,2013,267.744
1466,2014,277.24
1466,2015,292.346
1466,2016,286.919
1466,2017,296.363
1466,2018,300.621
1466,2019,303.883
1466,2020,302.666
1466,2021,314.73
1470,2005,242.824
1470,2006,240.665
1470,2007,255.957
1470,2008,256.762
1470,2009,258.962
1470,2010,259.165
1470,2011,265.619
1470,2012,266.412
1470,2013,271.084
1470,2014,284.189
1470,2015,286.829
1470,2016,290.828
1470,2017,299.267
1470,2018,293.736
1470,2019,303.188
1470,2020,300.77
1470,2021,315.785
1471,2005,236.625
1471,2006,247.015
1471,2007,269.202
1471,2008,261.339
1471,2009,261.727
1471,2010,266.31
1471,2011,269.574
1471,2012,273.667
1471,2013,279.411
1471,2014,285.99
1471,2015,294.333
1471,2016,296.539
1471,2017,298.918
1471,2018,308.1
1471,2019,325.8
1471,2020,312.036
1471,2021,349.119
1472,2005,223.987
1472,2006,234.649
1472,2007,246.349
1472,2008,245.742
1472,2009,249.958
1472,2010,254.767
1472,2011,258.881
1472,2012,259.179
1472,2013,260.325
1472,2014,265.984
1472,2015,275.558
1472,2016,280.936
1472,2017,292.331
1472,2018,289.908
1472,2019,287.53
1472,2020,291.784
1472,2021,305.719
1473,2005,209.532
1473,2006,215.713
1473,2007,232.901
1473,2008,230.586
1473,2009,232.131
1473,2010,236.731
1473,2011,244.483
1473,2012,244.619
1473,2013,247.845
1473,2014,255.035
1473,2015,265.794
1473,2016,267.16
1473,2017,288.476
1473,2018,273.944
1473,2019,276.741
1473,2020,279.173
1473,2021,296.715
1480,2005,239.978
1480,2006,250.546
1480,2007,269.23
1480,2008,264.688
1480,2009,263.529
1480,2010,267.542
1480,2011,270.195
1480,2012,277.606
1480,2013,281.375
1480,2014,294.13
1480,2015,308.521
1480,2016,313.062
1480,2017,316.018
1480,2018,317.278
1480,2019,320.361
1480,2020,322.949
1480,2021,339.101
1481,2005,261.293
1481,2006,273.252
1481,2007,293.962
1481,2008,292.64
1481,2009,295.86
1481,2010,299.556
1481,2011,305.888
1481,2012,313.19
1481,2013,319.105
1481,2014,332.295
1481,2015,347.58
1481,2016,346.601
1481,2017,350.191
1481,2018,352.929
1481,2019,356.575
1481,2020,360.144
1481,2021,375.242
1482,2005,265.866
1482,2006,277.303
1482,2007,299.434
1482,2008,293.942
1482,2009,297.496
1482,2010,303.587
1482,2011,307.333
1482,2012,311.282
1482,2013,317.07
1482,2014,333.743
1482,2015,347.031
1482,2016,353.12
1482,2017,358.743
1482,2018,358.123
1482,2019,364.128
1482,2020,361.518
1482,2021,373.638
1484,2005,238.336
1484,2006,246.142
1484,2007,263.644
1484,2008,264.12
1484,2009,263.21
1484,2010,266.546
1484,2011,268.386
1484,2012,272.139
1484,2013,279.446
1484,2014,290.316
1484,2015,294.318
1484,2016,295.44
1484,2017,307.405
1484,2018,302.964
1484,2019,306.591
1484,2020,312.441
1484,2021,335.118
1485,2005,233.088
1485,2006,246.181
1485,2007,266.194
1485,2008,268.344
1485,2009,260.133
1485,2010,262.994
1485,2011,266.78
1485,2012,270.084
1485,2013,272.407
1485,2014,284.523
1485,2015,293.106
1485,2016,299.923
1485,2017,306.719
1485,2018,305.817
1485,2019,307.057
1485,2020,316.553
1485,2021,324.329
1486,2005,219.372
1486,2006,233.873
1486,2007,267.069
1486,2008,234.378
1486,2009,246.359
1486,2010,252.089
1486,2011,245.2
1486,2012,266.257
1486,2013,248.746
1486,2014,257.545
1486,2015,262.684
1486,2016,265.092
1486,2017,267.567
1486,2018,267.907
1486,2019,341.322
1486,2020,334.652
1486,2021,335.339
1487,2005,235.193
1487,2006,243.268
1487,2007,257.863
1487,2008,255.98
1487,2009,260.603
1487,2010,262.178
1487,2011,263.261
1487,2012,266.148
1487,2013,267.914
1487,2014,275.6
1487,2015,284.733
1487,2016,285.803
1487,2017,294.43
1487,2018,301.907
1487,2019,297.706
1487,2020,308.604
1487,2021,313.776
1488,2005,239.331
1488,2006,246.559
1488,2007,261.174
1488,2008,256.838
1488,2009,258.167
1488,2010,259.817
1488,2011,259.758
1488,2012,266.763
1488,2013,266.618
1488,2014,277.422
1488,2015,287.714
1488,2016,293.74
1488,2017,300.625
1488,2018,301.982
1488,2019,302.329
1488,2020,303.405
1488,2021,312.715
1489,2005,249.846
1489,2006,257.502
1489,2007,274.278
1489,2008,279.794
1489,2009,277.885
1489,2010,281.35
1489,2011,281.956
1489,2012,287.76
1489,2013,296.513
1489,2014,305.553
1489,2015,316.461
1489,2016,323.264
1489,2017,329.567
1489,2018,331.302
1489,2019,341.364
1489,2020,333.138
1489,2021,352.305
1490,2005,240.914
1490,2006,245.463
1490,2007,263.604
1490,2008,261.028
1490,2009,261.722
1490,2010,264.976
1490,2011,270.418
1490,2012,274.938
1490,2013,279.639
1490,2014,287.857
1490,2015,298.753
1490,2016,311.75
1490,2017,308.127
1490,2018,314.178
1490,2019,311.571
1490,2020,313.549
1490,2021,331.152
1491,2005,244.645
1491,2006,258.352
1491,2007,266.033
1491,2008,269.852
1491,2009,263.775
1491,2010,269.755
1491,2011,274.103
1491,2012,276.994
1491,2013,283.537
1491,2014,294.176
1491,2015,303.854
1491,2016,311.956
1491,2017,316.979
1491,2018,325.967
1491,2019,319.381
1491,2020,319.803
1491,2021,338.677
1492,2005,223.838
1492,2006,233.465
1492,2007,242.047
1492,2008,234.85
1492,2009,238.733
1492,2010,239.067
1492,2011,242.397
1492,2012,245.392
1492,2013,247.275
1492,2014,255.345
1492,2015,259.703
1492,2016,259.607
1492,2017,265.699
1492,2018,268.691
1492,2019,274.584
1492,2020,286.522
1492,2021,294.435
1493,2005,227.507
1493,2006,237.125
1493,2007,253.385
1493,2008,248.552
1493,2009,251.238
1493,2010,256.797
1493,2011,260.397
1493,2012,261.982
1493,2013,266.5
1493,2014,276.623
1493,2015,285.355
1493,2016,290.267
1493,2017,307.418
1493,2018,302.494
1493,2019,307.45
1493,2020,309.326
1493,2021,325.637
1494,2005,242.275
1494,2006,256.465
1494,2007,270.528
1494,2008,269.297
1494,2009,271.253
1494,2010,285.075
1494,2011,278.728
1494,2012,282.16
1494,2013,283.237
1494,2014,295.636
1494,2015,304.446
1494,2016,309.6
1494,2017,317.061
1494,2018,316.269
1494,2019,321.809
1494,2020,324.835
1494,2021,337.271
1495,2005,249.158
1495,2006,258.195
1495,2007,258.535
1495,2008,257.723
1495,2009,260.799
1495,2010,264.5
1495,2011,270.83
1495,2012,272.195
1495,2013,283.697
1495,2014,291.214
1495,2015,323.82
1495,2016,305.16
1495,2017,316.146
1495,2018,299.835
1495,2019,309.41
1495,2020,304.488
1495,2021,320.557
1496,2005,238.55
1496,2006,244.832
1496,2007,262.314
1496,2008,261.857
1496,2009,263.374
1496,2010,265.435
1496,2011,273.594
1496,2012,278.758
1496,2013,280.914
1496,2014,291.728
1496,2015,301.217
1496,2016,305.518
1496,2017,310.648
1496,2018,312.518
1496,2019,316.415
1496,2020,316.066
1496,2021,336.882
1497,2005,228.925
1497,2006,241.74
1497,2007,253.516
1497,2008,254.005
1497,2009,255.181
1497,2010,260.695
1497,2011,264.386
1497,2012,269.668
1497,2013,272.225
1497,2014,281.742
1497,2015,290.851
1497,2016,293.88
1497,2017,311.404
1497,2018,306.856
1497,2019,306.745
1497,2020,307.705
1497,2021,327.912
1498,2005,226.295
1498,2006,236.525
1498,2007,251.767
1498,2008,247.727
1498,2009,249.136
1498,2010,254.032
1498,2011,260.488
1498,2012,258.782
1498,2013,260.913
1498,2014,271.379
1498,2015,278.182
1498,2016,283.917
1498,2017,289.787
1498,2018,294.623
1498,2019,299.741
1498,2020,303.641
1498,2021,309.594
1499,2005,230.807
1499,2006,241.064
1499,2007,256.525
1499,2008,253.114
1499,2009,255.031
1499,2010,256.986
1499,2011,259.842
1499,2012,264.166
1499,2013,267.045
1499,2014,276.803
1499,2015,282.657
1499,2016,291.103
1499,2017,288.646
1499,2018,292.309
1499,2019,296.332
1499,2020,301.042
1499,2021,312.321
1715,2005,233.411
1715,2006,236.993
1715,2007,248.921
1715,2008,248.802
1715,2009,253.333
1715,2010,255.146
1715,2011,257.103
1715,2012,261.509
1715,2013,266.769
1715,2014,273.949
1715,2015,287.081
1715,2016,290.516
1715,2017,295.517
1715,2018,304.707
1715,2019,300.846
1715,2020,313.508
1715,2021,327.331
1730,2005,200.6
1730,2006,203.831
1730,2007,216.571
1730,2008,217.371
1730,2009,214.041
1730,2010,214.842
1730,2011,219.249
1730,2012,223.476
1730,2013,225.219
1730,2014,229.954
1730,2015,236.031
1730,2016,242.047
1730,2017,242.755
1730,2018,249.966
1730,2019,254.361
1730,2020,312.435
1730,2021,316.405
1737,2005,213.327
1737,2006,216.842
1737,2007,231.275
1737,2008,227.706
1737,2009,231.125
1737,2010,237.469
1737,2011,239.296
1737,2012,239.952
1737,2013,245.557
1737,2014,248.892
1737,2015,257.155
1737,2016,256.35
1737,2017,270.599
1737,2018,278.242
1737,2019,276.824
1737,2020,299.304
1737,2021,307.801
1760,2005,222.655
1760,2006,230.845
1760,2007,242.659
1760,2008,242.395
1760,2009,243.435
1760,2010,242.433
1760,2011,246.289
1760,2012,249.824
1760,2013,248.046
1760,2014,252.259
1760,2015,268.91
1760,2016,266.224
1760,2017,270.244
1760,2018,283.133
1760,2019,285.277
1760,2020,292.476
1760,2021,315.644
1761,2005,261.007
1761,2006,269.943
1761,2007,288.291
1761,2008,284.499
1761,2009,290.807
1761,2010,296.166
1761,2011,300.792
1761,2012,303.424
1761,2013,306.802
1761,2014,323.152
1761,2015,338.551
1761,2016,347.789
1761,2017,347.317
1761,2018,349.339
1761,2019,353.214
1761,2020,356.941
1761,2021,367.017
1762,2005,216.437
1762,2006,216.004
1762,2007,231.277
1762,2008,226.921
1762,2009,224.999
1762,2010,231.591
1762,2011,233.081
1762,2012,236.131
1762,2013,233.525
1762,2014,244.864
1762,2015,252.88
1762,2016,249.907
1762,2017,267.858
1762,2018,263.269
1762,2019,267.939
1762,2020,274.057
1762,2021,278.534
1763,2005,223.436
1763,2006,233.159
1763,2007,244.875
1763,2008,241.295
1763,2009,246.637
1763,2010,249.789
1763,2011,252.024
1763,2012,253.585
1763,2013,255.902
1763,2014,262.756
1763,2015,275.245
1763,2016,279.363
1763,2017,287.602
1763,2018,286.257
1763,2019,290.749
1763,2020,299.765
1763,2021,306.314
1764,2005,226.486
1764,2006,232.052
1764,2007,245.929
1764,2008,242.563
1764,2009,242.807
1764,2010,244.563
1764,2011,244.193
1764,2012,249.617
1764,2013,251.743
1764,2014,260.119
1764,2015,270.366
1764,2016,273.629
1764,2017,280.632
1764,2018,284.636
1764,2019,288.439
1764,2020,297.99
1764,2021,301.936
1765,2005,198.357
1765,2006,202.16
1765,2007,214.698
1765,2008,212.674
1765,2009,207.312
1765,2010,210.249
1765,2011,209.088
1765,2012,216.838
1765,2013,214.396
1765,2014,222.3
1765,2015,229.362
1765,2016,231.681
1765,2017,236.041
1765,2018,238.98
1765,2019,241.613
1765,2020,311.032
1765,2021,326.094
1766,2005,221.313
1766,2006,229.196
1766,2007,242.529
1766,2008,237.326
1766,2009,240.751
1766,2010,244.571
1766,2011,248.936
1766,2012,252.061
1766,2013,256.125
1766,2014,257.727
1766,2015,265.632
1766,2016,272.189
1766,2017,280.967
1766,2018,281.908
1766,2019,284.883
1766,2020,304.814
1766,2021,310.33
1780,2005,235.852
1780,2006,243.245
1780,2007,258.663
1780,2008,255.228
1780,2009,257.302
1780,2010,260.534
1780,2011,263.187
1780,2012,265.214
1780,2013,270.648
1780,2014,280.686
1780,2015,293.2
1780,2016,297.216
1780,2017,304.808
1780,2018,303.419
1780,2019,304.78
1780,2020,312.46
1780,2021,325.645
1781,2005,223.673
1781,2006,231.041
1781,2007,244.796
1781,2008,240.472
1781,2009,244.546
1781,2010,246.18
1781,2011,247.196
1781,2012,248.915
1781,2013,251.811
1781,2014,258.643
1781,2015,267.433
1781,2016,270.621
1781,2017,277.868
1781,2018,280.302
1781,2019,285.713
1781,2020,290.372
1781,2021,303.839
1782,2005,212.441
1782,2006,216.415
1782,2007,229.814
1782,2008,226.503
1782,2009,228.536
1782,2010,231.41
1782,2011,236.55
1782,2012,236.668
1782,2013,239.984
1782,2014,245.839
1782,2015,251.844
1782,2016,249.132
1782,2017,260.394
1782,2018,261.461
1782,2019,261.735
1782,2020,271.306
1782,2021,279.623
1783,2005,219.167
1783,2006,222.978
1783,2007,238.645
1783,2008,235.984
1783,2009,231.462
1783,2010,237.751
1783,2011,250.119
1783,2012,244.523
1783,2013,245.923
1783,2014,255.02
1783,2015,265.91
1783,2016,262.287
1783,2017,278.019
1783,2018,273.534
1783,2019,273.45
1783,2020,279.26
1783,2021,284.278
1784,2005,222.502
1784,2006,231.016
1784,2007,249.905
1784,2008,245.364
1784,2009,244.564
1784,2010,245.899
1784,2011,250.1
1784,2012,253.89
1784,2013,262.875
1784,2014,264.356
1784,2015,274.71
1784,2016,274.919
1784,2017,276.97
1784,2018,283.778
1784,2019,285.485
1784,2020,301.422
1784,2021,311.088
1785,2005,220.811
1785,2006,228.578
1785,2007,249.633
1785,2008,239.105
1785,2009,239.957
1785,2010,243.121
1785,2011,244.464
1785,2012,245.351
1785,2013,250.798
1785,2014,250.971
1785,2015,257.624
1785,2016,258.251
1785,2017,267.832
1785,2018,269.708
1785,2019,273.766
1785,2020,284.631
1785,2021,295.225
1814,2005,229.385
1814,2006,242.428
1814,2007,264.829
1814,2008,253.947
1814,2009,256.847
1814,2010,270.468
1814,2011,270.151
1814,2012,270.741
1814,2013,275.653
1814,2014,287.486
1814,2015,299.799
1814,2016,304.076
1814,2017,310.671
1814,2018,310.57
1814,2019,319.744
1814,2020,323.446
1814,2021,334.582
1860,2005,222.789
1860,2006,233.24
1860,2007,249.135
1860,2008,248.211
1860,2009,249.19
1860,2010,256.528
1860,2011,260.114
1860,2012,262.457
1860,2013,261.709
1860,2014,266.416
1860,2015,271.366
1860,2016,277.464
1860,2017,284.764
1860,2018,284.773
1860,2019,283.02
1860,2020,288.523
1860,2021,294.683
1861,2005,230.506
1861,2006,238.261
1861,2007,253.824
1861,2008,253.166
1861,2009,253.255
1861,2010,256.45
1861,2011,260.719
1861,2012,263.228
1861,2013,267.008
1861,2014,274.269
1861,2015,285.776
1861,2016,285.163
1861,2017,286.514
1861,2018,288.712
1861,2019,291.183
1861,2020,293.781
1861,2021,307.409
1862,2005,230.202
1862,2006,234.767
1862,2007,248.474
1862,2008,255.184
1862,2009,251.052
1862,2010,250.345
1862,2011,253.656
1862,2012,256.212
1862,2013,257.559
1862,2014,265.104
1862,2015,272.02
1862,2016,274.594
1862,2017,275.925
1862,2018,280.252
1862,2019,275.67
1862,2020,302.514
1862,2021,292.841
1863,2005,216.312
1863,2006,223.384
1863,2007,233.581
1863,2008,235.48
1863,2009,232.949
1863,2010,236.534
1863,2011,240.06
1863,2012,240.186
1863,2013,244.803
1863,2014,252.439
1863,2015,251.962
1863,2016,256.264
1863,2017,263.601
1863,2018,269.345
1863,2019,267.025
1863,2020,266.156
1863,2021,272.795
1864,2005,210.409
1864,2006,222.862
1864,2007,231.879
1864,2008,227.653
1864,2009,228.371
1864,2010,231.145
1864,2011,234.431
1864,2012,237.02
1864,2013,234.467
1864,2014,242.743
1864,2015,247.432
1864,2016,247.992
1864,2017,265.655
1864,2018,271.656
1864,2019,261.715
1864,2020,264.52
1864,2021,278.076
1880,2005,232.018
1880,2006,243.743
1880,2007,259.074
1880,2008,257.073
1880,2009,258.764
1880,2010,262.908
1880,2011,265.774
1880,2012,270.119
1880,2013,274.242
1880,2014,285.366
1880,2015,296.535
1880,2016,298.619
1880,2017,302.069
1880,2018,299.671
1880,2019,304.796
1880,2020,306.193
1880,2021,319.654
1881,2005,235.707
1881,2006,245.814
1881,2007,258.156
1881,2008,258.701
1881,2009,265.375
1881,2010,268.289
1881,2011,270.64
1881,2012,277.458
1881,2013,278.572
1881,2014,288.509
1881,2015,300.725
1881,2016,309.212
1881,2017,312.639
1881,2018,309.497
1881,2019,311.043
1881,2020,311.902
1881,2021,324.382
1882,2005,233.522
1882,2006,239.429
1882,2007,255.84
1882,2008,252.153
1882,2009,255.926
1882,2010,262.323
1882,2011,267.745
1882,2012,272.28
1882,2013,273.052
1882,2014,288.22
1882,2015,301.417
1882,2016,300.255
1882,2017,310.587
1882,2018,310.452
1882,2019,312.344
1882,2020,317.55
1882,2021,329.129
1883,2005,241.149
1883,2006,246.445
1883,2007,259.986
1883,2008,257.714
1883,2009,261.904
1883,2010,263.76
1883,2011,264.819
1883,2012,268.364
1883,2013,269.815
1883,2014,276.665
1883,2015,285.62
1883,2016,287.851
1883,2017,290.857
1883,2018,293.972
1883,2019,298.284
1883,2020,306.585
1883,2021,314.735
1884,2005,237.358
1884,2006,242.56
1884,2007,261.282
1884,2008,259.182
1884,2009,266.305
1884,2010,262.888
1884,2011,266.449
1884,2012,269.285
1884,2013,275.674
1884,2014,283.155
1884,2015,291.356
1884,2016,291.043
1884,2017,296.452
1884,2018,297.174
1884,2019,304.787
1884,2020,307.005
1884,2021,329.363
1885,2005,230.021
1885,2006,238.7
1885,2007,252.782
1885,2008,250.866
1885,2009,251.591
1885,2010,253.541
1885,2011,258.874
1885,2012,264.918
1885,2013,261.957
1885,2014,272.567
1885,2015,280.627
1885,2016,283.558
1885,2017,286.509
1885,2018,292.033
1885,2019,291.877
1885,2020,298.694
1885,2021,306.524
1904,2005,226.604
1904,2006,234.77
1904,2007,282.983
1904,2008,243.379
1904,2009,243.513
1904,2010,251.893
1904,2011,255.678
1904,2012,260.855
1904,2013,257.345
1904,2014,269.484
1904,2015,268.378
1904,2016,278.146
1904,2017,288.597
1904,2018,282.914
1904,2019,284.472
1904,2020,287.663
1904,2021,295.227
1907,2005,235.271
1907,2006,243.137
1907,2007,255.699
1907,2008,256.344
1907,2009,256.012
1907,2010,261.519
1907,2011,263.91
1907,2012,268.898
1907,2013,269.356
1907,2014,282.58
1907,2015,287.055
1907,2016,289.053
1907,2017,300.13
1907,2018,294.907
1907,2019,297.683
1907,2020,300.54
1907,2021,308.391
1960,2005,237.852
1960,2006,243.646
1960,2007,255.33
1960,2008,255.307
1960,2009,259.983
1960,2010,261.775
1960,2011,264.079
1960,2012,269.187
1960,2013,265.87
1960,2014,275.268
1960,2015,279.635
1960,2016,284.784
1960,2017,287.337
1960,2018,288.374
1960,2019,290.7
1960,2020,295.304
1960,2021,319.274
1961,2005,231.004
1961,2006,237.32
1961,2007,251.219
1961,2008,250.699
1961,2009,249.943
1961,2010,254.723
1961,2011,257.85
1961,2012,261.873
1961,2013,264.967
1961,2014,276.156
1961,2015,286.498
1961,2016,289.183
1961,2017,296.413
1961,2018,294.26
1961,2019,297.088
1961,2020,300.159
1961,2021,310.119
1962,2005,227.73
1962,2006,234.561
1962,2007,245.044
1962,2008,249.709
1962,2009,251.982
1962,2010,254.931
1962,2011,255.775
1962,2012,264.386
1962,2013,266.665
1962,2014,266.762
1962,2015,276.927
1962,2016,291.341
1962,2017,294.576
1962,2018,295.063
1962,2019,299.448
1962,2020,297.605
1962,2021,305.402
1980,2005,247.323
1980,2006,256.676
1980,2007,273.908
1980,2008,273.28
1980,2009,277.701
1980,2010,279.314
1980,2011,281.851
1980,2012,289.015
1980,2013,292.868
1980,2014,303.459
1980,2015,316.437
1980,2016,320.271
1980,2017,325.059
1980,2018,323.925
1980,2019,326.714
1980,2020,331.848
1980,2021,341.965
1981,2005,228.511
1981,2006,234.918
1981,2007,253.694
1981,2008,250.248
1981,2009,255.138
1981,2010,259.175
1981,2011,259.297
1981,2012,262.608
1981,2013,265.531
1981,2014,274.356
1981,2015,286.915
1981,2016,291.789
1981,2017,296.237
1981,2018,294.501
1981,2019,294.99
1981,2020,301.029
1981,2021,306.956
1982,2005,236.239
1982,2006,244.101
1982,2007,257.072
1982,2008,257.336
1982,2009,260.796
1982,2010,256.043
1982,2011,260.166
1982,2012,265.719
1982,2013,271.784
1982,2014,273.072
1982,2015,280.57
1982,2016,281.226
1982,2017,286.609
1982,2018,291.647
1982,2019,293.098
1982,2020,296.415
1982,2021,302.635
1983,2005,232.247
1983,2006,238.865
1983,2007,252.519
1983,2008,251.813
1983,2009,251.649
1983,2010,253.128
1983,2011,260.908
1983,2012,267.91
1983,2013,267.867
1983,2014,278.928
1983,2015,287.651
1983,2016,289.092
1983,2017,294.774
1983,2018,295.775
1983,2019,299.037
1983,2020,299.713
1983,2021,312.396
1984,2005,233.131
1984,2006,236.418
1984,2007,253.425
1984,2008,252.296
1984,2009,249.546
1984,2010,253.573
1984,2011,258.058
1984,2012,271.479
1984,2013,264.0
1984,2014,270.148
1984,2015,277.971
1984,2016,280.156
1984,2017,290.142
1984,2018,292.061
1984,2019,300.865
1984,2020,295.707
1984,2021,305.083
2021,2005,210.416
2021,2006,229.318
2021,2007,232.256
2021,2008,229.14
2021,2009,228.773
2021,2010,236.894
2021,2011,238.316
2021,2012,241.221
2021,2013,246.117
2021,2014,266.824
2021,2015,267.167
2021,2016,270.059
2021,2017,273.402
2021,2018,278.191
2021,2019,278.768
2021,2020,294.621
2021,2021,304.063
2023,2005,216.234
2023,2006,230.079
2023,2007,237.779
2023,2008,236.548
2023,2009,243.439
2023,2010,250.274
2023,2011,250.262
2023,2012,251.17
2023,2013,255.147
2023,2014,265.682
2023,2015,277.085
2023,2016,277.408
2023,2017,287.057
2023,2018,286.519
2023,2019,296.896
2023,2020,307.885
2023,2021,329.232
2026,2005,227.071
2026,2006,236.254
2026,2007,256.831
2026,2008,251.857
2026,2009,257.377
2026,2010,262.908
2026,2011,268.384
2026,2012,274.312
2026,2013,277.183
2026,2014,286.49
2026,2015,298.203
2026,2016,301.183
2026,2017,303.866
2026,2018,305.174
2026,2019,303.776
2026,2020,314.828
2026,2021,325.35
2029,2005,239.475
2029,2006,251.704
2029,2007,271.62
2029,2008,263.205
2029,2009,271.877
2029,2010,269.931
2029,2011,269.853
2029,2012,274.046
2029,2013,286.123
2029,2014,291.423
2029,2015,302.232
2029,2016,302.567
2029,2017,306.912
2029,2018,310.44
2029,2019,333.104
2029,2020,316.653
2029,2021,341.185
2031,2005,221.892
2031,2006,229.139
2031,2007,246.154
2031,2008,241.865
2031,2009,248.064
2031,2010,250.601
2031,2011,252.303
2031,2012,259.256
2031,2013,266.527
2031,2014,276.063
2031,2015,286.892
2031,2016,284.53
2031,2017,292.916
2031,2018,292.231
2031,2019,297.281
2031,2020,305.466
2031,2021,317.353
2034,2005,213.376
2034,2006,219.069
2034,2007,230.455
2034,2008,225.763
2034,2009,231.065
2034,2010,233.801
2034,2011,231.888
2034,2012,239.158
2034,2013,241.945
2034,2014,253.282
2034,2015,263.278
2034,2016,264.449
2034,2017,266.946
2034,2018,274.026
2034,2019,276.518
2034,2020,286.282
2034,2021,295.998
2039,2005,210.852
2039,2006,218.692
2039,2007,228.048
2039,2008,224.128
2039,2009,230.01
2039,2010,236.301
2039,2011,237.785
2039,2012,239.557
2039,2013,242.453
2039,2014,252.405
2039,2015,267.384
2039,2016,274.181
2039,2017,271.713
2039,2018,280.067
2039,2019,277.329
2039,2020,294.472
2039,2021,299.806
2061,2005,231.571
2061,2006,238.013
2061,2007,252.619
2061,2008,254.557
2061,2009,253.698
2061,2010,257.523
2061,2011,262.748
2061,2012,270.572
2061,2013,275.056
2061,2014,284.793
2061,2015,288.64
2061,2016,289.959
2061,2017,297.017
2061,2018,296.34
2061,2019,305.972
2061,2020,305.024
2061,2021,316.915
2062,2005,228.306
2062,2006,231.672
2062,2007,248.686
2062,2008,245.289
2062,2009,252.775
2062,2010,254.639
2062,2011,256.984
2062,2012,262.553
2062,2013,266.203
2062,2014,278.244
2062,2015,287.96
2062,2016,294.022
2062,2017,298.83
2062,2018,297.929
2062,2019,307.357
2062,2020,317.598
2062,2021,323.145
2080,2005,240.124
2080,2006,245.883
2080,2007,265.737
2080,2008,261.222
2080,2009,268.261
2080,2010,269.904
2080,2011,273.343
2080,2012,278.362
2080,2013,282.739
2080,2014,293.852
2080,2015,307.711
2080,2016,306.567
2080,2017,311.968
2080,2018,314.23
2080,2019,316.721
2080,2020,323.539
2080,2021,335.991
2081,2005,225.799
2081,2006,231.128
2081,2007,247.06
2081,2008,247.139
2081,2009,250.393
2081,2010,251.065
2081,2011,254.241
2081,2012,260.008
2081,2013,265.493
2081,2014,275.405
2081,2015,284.555
2081,2016,285.263
2081,2017,288.326
2081,2018,290.664
2081,2019,292.499
2081,2020,294.359
2081,2021,305.418
2082,2005,227.437
2082,2006,234.925
2082,2007,252.77
2082,2008,249.93
2082,2009,257.504
2082,2010,263.254
2082,2011,264.394
2082,2012,269.293
2082,2013,273.544
2082,2014,284.89
2082,2015,306.028
2082,2016,301.582
2082,2017,305.956
2082,2018,305.819
2082,2019,311.508
2082,2020,314.509
2082,2021,337.277
2083,2005,225.588
2083,2006,231.83
2083,2007,247.43
2083,2008,244.41
2083,2009,249.937
2083,2010,253.477
2083,2011,255.932
2083,2012,259.153
2083,2013,257.907
2083,2014,267.664
2083,2015,277.517
2083,2016,284.69
2083,2017,283.065
2083,2018,290.4
2083,2019,288.604
2083,2020,295.421
2083,2021,313.701
2084,2005,235.57
2084,2006,237.733
2084,2007,252.413
2084,2008,252.603
2084,2009,258.232
2084,2010,262.977
2084,2011,262.509
2084,2012,268.927
2084,2013,267.53
2084,2014,277.043
2084,2015,280.915
2084,2016,279.534
2084,2017,285.988
2084,2018,291.133
2084,2019,294.997
2084,2020,300.168
2084,2021,306.51
2085,2005,227.908
2085,2006,234.713
2085,2007,248.663
2085,2008,247.433
2085,2009,255.61
2085,2010,257.93
2085,2011,261.281
2085,2012,266.967
2085,2013,272.846
2085,2014,278.305
2085,2015,283.522
2085,2016,283.634
2085,2017,290.867
2085,2018,289.074
2085,2019,294.714
2085,2020,297.727
2085,2021,303.653
2101,2005,229.491
2101,2006,237.812
2101,2007,249.824
2101,2008,248.179
2101,2009,249.298
2101,2010,254.64
2101,2011,252.296
2101,2012,255.718
2101,2013,258.398
2101,2014,266.097
2101,2015,274.625
2101,2016,273.71
2101,2017,280.273
2101,2018,277.02
2101,2019,281.94
2101,2020,291.644
2101,2021,306.365
2104,2005,234.65
2104,2006,242.514
2104,2007,259.92
2104,2008,261.835
2104,2009,257.69
2104,2010,258.696
2104,2011,262.918
2104,2012,264.328
2104,2013,266.592
2104,2014,278.217
2104,2015,283.065
2104,2016,284.37
2104,2017,290.026
2104,2018,294.698
2104,2019,292.975
2104,2020,297.661
2104,2021,304.226
2121,2005,218.569
2121,2006,225.753
2121,2007,243.052
2121,2008,243.061
2121,2009,245.657
2121,2010,246.655
2121,2011,250.437
2121,2012,250.807
2121,2013,255.493
2121,2014,264.997
2121,2015,270.776
2121,2016,272.18
2121,2017,283.634
2121,2018,283.332
2121,2019,283.232
2121,2020,290.87
2121,2021,310.697
2132,2005,220.486
2132,2006,225.214
2132,2007,239.721
2132,2008,233.999
2132,2009,237.472
2132,2010,241.426
2132,2011,244.678
2132,2012,247.062
2132,2013,248.278
2132,2014,260.846
2132,2015,271.111
2132,2016,273.39
2132,2017,275.617
2132,2018,279.15
2132,2019,279.635
2132,2020,284.228
2132,2021,299.063
2161,2005,218.804
2161,2006,229.075
2161,2007,240.33
2161,2008,236.159
2161,2009,239.359
2161,2010,244.407
2161,2011,244.335
2161,2012,247.012
2161,2013,251.117
2161,2014,261.679
2161,2015,267.367
2161,2016,272.624
2161,2017,276.709
2161,2018,280.805
2161,2019,285.038
2161,2020,291.235
2161,2021,305.592
2180,2005,237.064
2180,2006,243.572
2180,2007,263.587
2180,2008,258.79
2180,2009,264.414
2180,2010,268.663
2180,2011,270.866
2180,2012,272.82
2180,2013,275.975
2180,2014,285.542
2180,2015,296.297
2180,2016,302.124
2180,2017,308.638
2180,2018,307.365
2180,2019,310.891
2180,2020,313.306
2180,2021,327.322
2181,2005,243.564
2181,2006,251.965
2181,2007,267.653
2181,2008,263.488
2181,2009,260.236
2181,2010,267.613
2181,2011,271.392
2181,2012,274.518
2181,2013,276.143
2181,2014,282.291
2181,2015,290.009
2181,2016,293.254
2181,2017,293.57
2181,2018,296.139
2181,2019,301.808
2181,2020,303.092
2181,2021,313.918
2182,2005,222.989
2182,2006,226.988
2182,2007,240.795
2182,2008,242.463
2182,2009,245.805
2182,2010,250.748
2182,2011,251.347
2182,2012,254.888
2182,2013,256.556
2182,2014,264.614
2182,2015,273.721
2182,2016,277.621
2182,2017,284.197
2182,2018,285.843
2182,2019,289.395
2182,2020,295.442
2182,2021,303.319
2183,2005,223.752
2183,2006,230.685
2183,2007,244.99
2183,2008,242.822
2183,2009,251.078
2183,2010,249.575
2183,2011,251.498
2183,2012,254.641
2183,2013,261.038
2183,2014,262.284
2183,2015,268.894
2183,2016,274.051
2183,2017,279.53
2183,2018,282.391
2183,2019,284.054
2183,2020,289.2
2183,2021,308.499
2184,2005,228.171
2184,2006,236.004
2184,2007,251.096
2184,2008,247.813
2184,2009,253.371
2184,2010,258.576
2184,2011,261.505
2184,2012,268.908
2184,2013,269.393
2184,2014,279.76
2184,2015,291.002
2184,2016,290.68
2184,2017,300.913
2184,2018,301.734
2184,2019,301.376
2184,2020,310.83
2184,2021,332.843
2260,2005,227.881
2260,2006,235.44
2260,2007,247.153
2260,2008,243.124
2260,2009,247.693
2260,2010,249.288
2260,2011,250.05
2260,2012,264.996
2260,2013,261.474
2260,2014,268.239
2260,2015,273.487
2260,2016,273.167
2260,2017,274.851
2260,2018,279.238
2260,2019,283.996
2260,2020,291.502
2260,2021,296.782
2262,2005,234.839
2262,2006,241.377
2262,2007,254.936
2262,2008,252.308
2262,2009,254.946
2262,2010,258.311
2262,2011,260.41
2262,2012,265.889
2262,2013,269.367
2262,2014,279.116
2262,2015,289.123
2262,2016,292.565
2262,2017,299.229
2262,2018,298.673
2262,2019,299.984
2262,2020,300.607
2262,2021,313.285
2280,2005,224.397
2280,2006,229.73
2280,2007,244.934
2280,2008,243.506
2280,2009,249.853
2280,2010,251.78
2280,2011,254.069
2280,2012,254.895
2280,2013,258.687
2280,2014,264.696
2280,2015,270.852
2280,2016,272.442
2280,2017,278.796
2280,2018,281.564
2280,2019,282.223
2280,2020,291.414
2280,2021,302.607
2281,2005,241.67
2281,2006,249.381
2281,2007,267.588
2281,2008,264.205
2281,2009,267.926
2281,2010,269.191
2281,2011,273.345
2281,2012,278.264
2281,2013,285.795
2281,2014,296.323
2281,2015,305.947
2281,2016,309.394
2281,2017,312.112
2281,2018,316.392
2281,2019,319.398
2281,2020,322.136
2281,2021,334.233
2282,2005,220.994
2282,2006,228.498
2282,2007,238.668
2282,2008,238.887
2282,2009,240.873
2282,2010,245.894
2282,2011,247.115
2282,2012,252.102
2282,2013,253.595
2282,2014,265.788
2282,2015,272.967
2282,2016,268.135
2282,2017,275.778
2282,2018,277.012
2282,2019,277.68
2282,2020,283.605
2282,2021,297.957
2283,2005,218.882
2283,2006,226.451
2283,2007,237.271
2283,2008,237.299
2283,2009,240.424
2283,2010,242.195
2283,2011,243.447
2283,2012,248.513
2283,2013,252.48
2283,2014,260.268
2283,2015,266.502
2283,2016,269.476
2283,2017,273.061
2283,2018,274.644
2283,2019,277.224
2283,2020,286.914
2283,2021,296.155
2284,2005,241.017
2284,2006,247.281
2284,2007,266.181
2284,2008,267.36
2284,2009,269.299
2284,2010,272.854
2284,2011,275.606
2284,2012,280.686
2284,2013,282.946
2284,2014,295.292
2284,2015,305.047
2284,2016,304.694
2284,2017,308.377
2284,2018,312.212
2284,2019,313.466
2284,2020,316.523
2284,2021,328.621
2303,2005,218.547
2303,2006,225.946
2303,2007,236.719
2303,2008,237.197
2303,2009,238.784
2303,2010,241.46
2303,2011,243.316
2303,2012,244.02
2303,2013,249.042
2303,2014,255.253
2303,2015,266.368
2303,2016,259.934
2303,2017,268.183
2303,2018,269.573
2303,2019,273.042
2303,2020,282.437
2303,2021,288.431
2305,2005,221.702
2305,2006,226.72
2305,2007,237.356
2305,2008,231.814
2305,2009,237.445
2305,2010,240.233
2305,2011,239.806
2305,2012,242.849
2305,2013,249.515
2305,2014,255.31
2305,2015,259.968
2305,2016,260.318
2305,2017,264.45
2305,2018,268.605
2305,2019,270.708
2305,2020,277.079
2305,2021,286.568
2309,2005,229.317
2309,2006,242.041
2309,2007,252.409
2309,2008,253.357
2309,2009,258.211
2309,2010,263.277
2309,2011,264.665
2309,2012,270.703
2309,2013,278.667
2309,2014,286.991
2309,2015,295.968
2309,2016,296.636
2309,2017,304.646
2309,2018,316.561
2309,2019,314.883
2309,2020,324.069
2309,2021,338.074
2313,2005,216.8
2313,2006,224.079
2313,2007,233.009
2313,2008,247.899
2313,2009,232.48
2313,2010,237.162
2313,2011,237.536
2313,2012,242.32
2313,2013,245.263
2313,2014,256.283
2313,2015,262.723
2313,2016,274.141
2313,2017,284.619
2313,2018,274.589
2313,2019,277.43
2313,2020,285.938
2313,2021,302.529
2321,2005,222.367
2321,2006,233.55
2321,2007,246.119
2321,2008,241.589
2321,2009,245.562
2321,2010,250.585
2321,2011,255.061
2321,2012,258.075
2321,2013,256.958
2321,2014,264.509
2321,2015,274.0
2321,2016,283.239
2321,2017,294.605
2321,2018,296.618
2321,2019,301.294
2321,2020,314.979
2321,2021,343.14
2326,2005,217.649
2326,2006,224.321
2326,2007,238.107
2326,2008,238.69
2326,2009,238.75
2326,2010,238.987
2326,2011,240.698
2326,2012,244.966
2326,2013,252.718
2326,2014,266.635
2326,2015,273.56
2326,2016,270.909
2326,2017,275.013
2326,2018,284.808
2326,2019,288.47
2326,2020,293.589
2326,2021,306.825
2361,2005,216.113
2361,2006,223.04
2361,2007,240.538
2361,2008,238.829
2361,2009,236.229
2361,2010,243.049
2361,2011,245.248
2361,2012,247.762
2361,2013,246.832
2361,2014,259.622
2361,2015,270.93
2361,2016,274.698
2361,2017,281.945
2361,2018,283.233
2361,2019,284.814
2361,2020,294.669
2361,2021,319.772
2380,2005,232.025
2380,2006,244.027
2380,2007,268.608
2380,2008,251.002
2380,2009,256.288
2380,2010,259.136
2380,2011,261.201
2380,2012,264.85
2380,2013,269.169
2380,2014,279.733
2380,2015,291.348
2380,2016,298.333
2380,2017,300.938
2380,2018,302.112
2380,2019,314.39
2380,2020,310.859
2380,2021,323.678
2401,2005,230.984
2401,2006,243.111
2401,2007,252.952
2401,2008,253.073
2401,2009,252.197
2401,2010,257.885
2401,2011,261.635
2401,2012,261.117
2401,2013,262.003
2401,2014,270.719
2401,2015,280.545
2401,2016,286.57
2401,2017,284.311
2401,2018,287.082
2401,2019,292.201
2401,2020,296.755
2401,2021,308.099
2403,2005,223.617
2403,2006,230.774
2403,2007,238.612
2403,2008,234.576
2403,2009,236.651
2403,2010,237.339
2403,2011,244.116
2403,2012,249.408
2403,2013,251.649
2403,2014,265.739
2403,2015,276.702
2403,2016,275.209
2403,2017,281.274
2403,2018,285.468
2403,2019,283.431
2403,2020,286.157
2403,2021,296.697
2404,2005,223.208
2404,2006,240.608
2404,2007,253.745
2404,2008,251.87
2404,2009,243.325
2404,2010,246.846
2404,2011,249.439
2404,2012,256.655
2404,2013,268.099
2404,2014,285.392
2404,2015,279.637
2404,2016,281.302
2404,2017,287.334
2404,2018,288.573
2404,2019,290.872
2404,2020,292.023
2404,2021,300.312
2409,2005,227.031
2409,2006,236.822
2409,2007,256.289
2409,2008,247.061
2409,2009,252.567
2409,2010,254.329
2409,2011,256.21
2409,2012,261.431
2409,2013,263.65
2409,2014,273.571
2409,2015,281.614
2409,2016,281.666
2409,2017,281.05
2409,2018,287.198
2409,2019,289.858
2409,2020,299.683
2409,2021,307.142
2417,2005,224.576
2417,2006,232.538
2417,2007,246.797
2417,2008,241.678
2417,2009,244.013
2417,2010,246.348
2417,2011,252.559
2417,2012,261.283
2417,2013,266.543
2417,2014,268.271
2417,2015,275.531
2417,2016,279.237
2417,2017,277.675
2417,2018,281.031
2417,2019,284.885
2417,2020,296.766
2417,2021,300.227
2418,2005,228.003
2418,2006,239.218
2418,2007,253.033
2418,2008,250.252
2418,2009,254.282
2418,2010,258.678
2418,2011,257.775
2418,2012,268.134
2418,2013,268.91
2418,2014,275.447
2418,2015,284.683
2418,2016,291.076
2418,2017,288.595
2418,2018,292.869
2418,2019,296.592
2418,2020,303.054
2418,2021,314.17
2421,2005,211.932
2421,2006,222.9
2421,2007,233.607
2421,2008,233.95
2421,2009,243.415
2421,2010,249.272
2421,2011,254.081
2421,2012,250.134
2421,2013,255.565
2421,2014,263.643
2421,2015,269.607
2421,2016,274.049
2421,2017,272.656
2421,2018,273.697
2421,2019,279.845
2421,2020,292.781
2421,2021,300.269
2422,2005,213.776
2422,2006,223.869
2422,2007,226.802
2422,2008,230.762
2422,2009,232.504
2422,2010,235.335
2422,2011,238.128
2422,2012,242.182
2422,2013,248.176
2422,2014,259.504
2422,2015,271.308
2422,2016,273.045
2422,2017,274.754
2422,2018,279.227
2422,2019,273.764
2422,2020,281.326
2422,2021,290.143
2425,2005,217.761
2425,2006,228.799
2425,2007,239.476
2425,2008,243.455
2425,2009,245.201
2425,2010,247.718
2425,2011,250.315
2425,2012,251.123
2425,2013,250.147
2425,2014,264.588
2425,2015,264.756
2425,2016,271.456
2425,2017,271.811
2425,2018,274.056
2425,2019,291.986
2425,2020,300.819
2425,2021,323.679
2460,2005,231.509
2460,2006,240.526
2460,2007,254.984
2460,2008,257.358
2460,2009,260.418
2460,2010,265.854
2460,2011,267.29
2460,2012,268.149
2460,2013,275.721
2460,2014,283.664
2460,2015,294.694
2460,2016,293.175
2460,2017,297.07
2460,2018,295.003
2460,2019,301.332
2460,2020,308.741
2460,2021,329.948
2462,2005,212.04
2462,2006,220.36
2462,2007,228.594
2462,2008,226.006
2462,2009,233.327
2462,2010,230.896
2462,2011,233.03
2462,2012,235.983
2462,2013,239.082
2462,2014,246.795
2462,2015,255.464
2462,2016,260.367
2462,2017,261.652
2462,2018,266.596
2462,2019,268.067
2462,2020,286.879
2462,2021,287.722
2463,2005,212.749
2463,2006,223.342
2463,2007,227.645
2463,2008,229.801
2463,2009,236.053
2463,2010,239.525
2463,2011,246.586
2463,2012,243.117
2463,2013,247.81
2463,2014,260.328
2463,2015,257.004
2463,2016,261.758
2463,2017,258.691
2463,2018,263.335
2463,2019,263.99
2463,2020,272.124
2463,2021,289.931
2480,2005,228.04
2480,2006,233.621
2480,2007,254.427
2480,2008,249.179
2480,2009,252.592
2480,2010,256.088
2480,2011,258.503
2480,2012,265.018
2480,2013,269.654
2480,2014,279.495
2480,2015,293.006
2480,2016,293.614
2480,2017,295.868
2480,2018,296.756
2480,2019,299.499
2480,2020,301.955
2480,2021,316.412
2481,2005,223.01
2481,2006,232.161
2481,2007,245.554
2481,2008,245.252
2481,2009,251.299
2481,2010,255.606
2481,2011,258.622
2481,2012,265.979
2481,2013,266.31
2481,2014,272.456
2481,2015,281.509
2481,2016,287.621
2481,2017,285.13
2481,2018,288.001
2481,2019,290.638
2481,2020,300.326
2481,2021,310.028
2482,2005,233.345
2482,2006,240.069
2482,2007,256.961
2482,2008,257.564
2482,2009,260.808
2482,2010,265.879
2482,2011,270.088
2482,2012,273.844
2482,2013,279.355
2482,2014,288.048
2482,2015,299.122
2482,2016,302.013
2482,2017,306.29
2482,2018,306.03
2482,2019,313.029
2482,2020,321.697
2482,2021,333.477
2505,2005,227.854
2505,2006,246.81
2505,2007,249.449
2505,2008,255.988
2505,2009,255.739
2505,2010,261.604
2505,2011,263.05
2505,2012,270.586
2505,2013,275.221
2505,2014,279.14
2505,2015,289.856
2505,2016,287.389
2505,2017,294.34
2505,2018,294.603
2505,2019,302.951
2505,2020,306.68
2505,2021,313.292
2506,2005,222.241
2506,2006,231.257
2506,2007,243.322
2506,2008,239.761
2506,2009,248.932
2506,2010,254.285
2506,2011,253.489
2506,2012,263.795
2506,2013,267.501
2506,2014,275.04
2506,2015,285.969
2506,2016,291.029
2506,2017,294.177
2506,2018,292.445
2506,2019,297.016
2506,2020,303.122
2506,2021,308.553
2510,2005,225.72
2510,2006,227.925
2510,2007,239.799
2510,2008,238.148
2510,2009,246.94
2510,2010,245.82
2510,2011,250.066
2510,2012,255.502
2510,2013,265.443
2510,2014,275.639
2510,2015,285.945
2510,2016,280.549
2510,2017,289.327
2510,2018,291.153
2510,2019,292.282
2510,2020,299.88
2510,2021,310.013
2513,2005,211.449
2513,2006,223.379
2513,2007,235.173
2513,2008,237.877
2513,2009,237.563
2513,2010,237.49
2513,2011,244.262
2513,2012,251.578
2513,2013,257.694
2513,2014,270.699
2513,2015,277.299
2513,2016,274.6
2513,2017,277.398
2513,2018,278.793
2513,2019,283.456
2513,2020,291.141
2513,2021,298.91
2514,2005,225.983
2514,2006,242.254
2514,2007,246.845
2514,2008,246.956
2514,2009,250.056
2514,2010,254.081
2514,2011,257.093
2514,2012,265.059
2514,2013,272.579
2514,2014,282.824
2514,2015,292.138
2514,2016,289.464
2514,2017,293.8
2514,2018,296.184
2514,2019,299.558
2514,2020,305.261
2514,2021,315.165
2518,2005,212.663
2518,2006,225.649
2518,2007,232.089
2518,2008,228.658
2518,2009,232.18
2518,2010,235.286
2518,2011,242.103
2518,2012,252.071
2518,2013,251.111
2518,2014,259.754
2518,2015,266.959
2518,2016,267.828
2518,2017,269.271
2518,2018,278.654
2518,2019,279.784
2518,2020,298.537
2518,2021,302.106
2521,2005,215.489
2521,2006,226.961
2521,2007,242.016
2521,2008,236.663
2521,2009,240.029
2521,2010,250.012
2521,2011,256.378
2521,2012,264.82
2521,2013,279.53
2521,2014,289.088
2521,2015,285.458
2521,2016,278.103
2521,2017,293.803
2521,2018,321.498
2521,2019,293.939
2521,2020,303.264
2521,2021,323.391
2523,2005,240.416
2523,2006,253.899
2523,2007,265.154
2523,2008,269.497
2523,2009,273.471
2523,2010,286.856
2523,2011,293.493
2523,2012,301.581
2523,2013,310.815
2523,2014,328.433
2523,2015,329.672
2523,2016,328.083
2523,2017,329.257
2523,2018,342.875
2523,2019,347.872
2523,2020,360.024
2523,2021,365.054
2560,2005,228.414
2560,2006,240.427
2560,2007,245.94
2560,2008,246.576
2560,2009,250.962
2560,2010,252.854
2560,2011,250.953
2560,2012,263.872
2560,2013,265.611
2560,2014,272.154
2560,2015,284.804
2560,2016,282.721
2560,2017,283.646
2560,2018,286.739
2560,2019,293.138
2560,2020,300.305
2560,2021,320.731
2580,2005,234.706
2580,2006,245.427
2580,2007,260.028
2580,2008,257.622
2580,2009,261.304
2580,2010,267.582
2580,2011,270.505
2580,2012,276.946
2580,2013,284.114
2580,2014,298.125
2580,2015,306.526
2580,2016,307.228
2580,2017,313.405
2580,2018,309.107
2580,2019,314.146
2580,2020,323.925
2580,2021,332.181
2581,2005,237.322
2581,2006,243.778
2581,2007,261.233
2581,2008,263.868
2581,2009,264.798
2581,2010,269.786
2581,2011,270.671
2581,2012,276.638
2581,2013,282.832
2581,2014,294.662
2581,2015,305.487
2581,2016,303.483
2581,2017,311.557
2581,2018,309.535
2581,2019,316.132
2581,2020,322.076
2581,2021,334.986
2582,2005,236.788
2582,2006,241.75
2582,2007,255.305
2582,2008,255.003
2582,2009,259.518
2582,2010,262.258
2582,2011,263.445
2582,2012,266.313
2582,2013,271.189
2582,2014,282.362
2582,2015,291.713
2582,2016,293.345
2582,2017,296.346
2582,2018,301.139
2582,2019,302.973
2582,2020,309.041
2582,2021,318.502
2583,2005,204.11
2583,2006,212.941
2583,2007,222.383
2583,2008,221.939
2583,2009,225.189
2583,2010,236.53
2583,2011,241.716
2583,2012,236.918
2583,2013,238.712
2583,2014,246.346
2583,2015,254.856
2583,2016,256.065
2583,2017,260.618
2583,2018,263.833
2583,2019,267.295
2583,2020,286.117
2583,2021,297.74
2584,2005,242.866
2584,2006,255.949
2584,2007,271.914
2584,2008,274.632
2584,2009,277.086
2584,2010,289.297
2584,2011,296.19
2584,2012,306.32
2584,2013,318.792
2584,2014,324.898
2584,2015,326.694
2584,2016,322.421
2584,2017,325.607
2584,2018,325.186
2584,2019,334.533
2584,2020,346.046
2584,2021,358.559
