kommun,year,oppen
0114,2005,0.364
0114,2006,0.331
0114,2007,0.356
0114,2008,0.38
0114,2009,0.381
0114,2010,0.378
0114,2011,0.41
0114,2012,0.441
0114,2013,0.445
0114,2014,0.449
0114,2015,0.465
0114,2016,0.465
0114,2017,0.461
0114,2018,0.451
0114,2019,0.446
0114,2020,0.431
0114,2021,0.443
0115,2005,0.338
0115,2006,0.341
0115,2007,0.341
0115,2008,0.385
0115,2009,0.356
0115,2010,0.356
0115,2011,0.406
0115,2012,0.425
0115,2013,0.456
0115,2014,0.461
0115,2015,0.47
0115,2016,0.485
0115,2017,0.477
0115,2018,0.463
0115,2019,0.464
0115,2020,0.441
0115,2021,0.451
0117,2005,0.308
0117,2006,0.314
0117,2007,0.307
0117,2008,0.354
0117,2009,0.332
0117,2010,0.327
0117,2011,0.377
0117,2012,0.419
0117,2013,0.441
0117,2014,0.449
0117,2015,0.449
0117,2016,0.474
0117,2017,0.467
0117,2018,0.456
0117,2019,0.459
0117,2020,0.436
0117,2021,0.444
0120,2005,0.419
0120,2006,0.411
0120,2007,0.404
0120,2008,0.417
0120,2009,0.411
0120,2010,0.421
0120,2011,0.425
0120,2012,0.441
0120,2013,0.408
0120,2014,0.414
0120,2015,0.413
0120,2016,0.421
0120,2017,0.431
0120,2018,0.431
0120,2019,0.431
0120,2020,0.415
0120,2021,0.429
0123,2005,0.339
0123,2006,0.334
0123,2007,0.332
0123,2008,0.366
0123,2009,0.38
0123,2010,0.361
0123,2011,0.406
0123,2012,0.445
0123,2013,0.451
0123,2014,0.46
0123,2015,0.47
0123,2016,0.473
0123,2017,0.467
0123,2018,0.453
0123,2019,0.459
0123,2020,0.446
0123,2021,0.457
0125,2005,0.313
0125,2006,0.312
0125,2007,0.314
0125,2008,0.362
0125,2009,0.355
0125,2010,0.351
0125,2011,0.38
0125,2012,0.416
0125,2013,0.432
0125,2014,0.445
0125,2015,0.438
0125,2016,0.433
0125,2017,0.44
0125,2018,0.433
0125,2019,0.444
0125,2020,0.428
0125,2021,0.451
0126,2005,0.369
0126,2006,0.372
0126,2007,0.362
0126,2008,0.379
0126,2009,0.376
0126,2010,0.373
0126,2011,0.379
0126,2012,0.412
0126,2013,0.429
0126,2014,0.445
0126,2015,0.448
0126,2016,0.45
0126,2017,0.455
0126,2018,0.443
0126,2019,0.444
0126,2020,0.426
0126,2021,0.44
0127,2005,0.369
0127,2006,0.375
0127,2007,0.369
0127,2008,0.39
0127,2009,0.373
0127,2010,0.372
0127,2011,0.362
0127,2012,0.415
0127,2013,0.434
0127,2014,0.456
0127,2015,0.461
0127,2016,0.466
0127,2017,0.473
0127,2018,0.463
0127,2019,0.462
0127,2020,0.444
0127,2021,0.462
0128,2005,0.389
0128,2006,0.392
0128,2007,0.376
0128,2008,0.409
0128,2009,0.395
0128,2010,0.397
0128,2011,0.399
0128,2012,0.418
0128,2013,0.445
0128,2014,0.47
0128,2015,0.461
0128,2016,0.465
0128,2017,0.475
0128,2018,0.463
0128,2019,0.461
0128,2020,0.435
0128,2021,0.457
0136,2005,0.395
0136,2006,0.396
0136,2007,0.379
0136,2008,0.392
0136,2009,0.395
0136,2010,0.411
0136,2011,0.418
0136,2012,0.435
0136,2013,0.454
0136,2014,0.46
0136,2015,0.461
0136,2016,0.462
0136,2017,0.456
0136,2018,0.444
0136,2019,0.436
0136,2020,0.421
0136,2021,0.434
0138,2005,0.357
0138,2006,0.35
0138,2007,0.345
0138,2008,0.369
0138,2009,0.372
0138,2010,0.394
0138,2011,0.406
0138,2012,0.433
0138,2013,0.449
0138,2014,0.462
0138,2015,0.461
0138,2016,0.467
0138,2017,0.466
0138,2018,0.455
0138,2019,0.454
0138,2020,0.435
0138,2021,0.452
0139,2005,0.359
0139,2006,0.348
0139,2007,0.338
0139,2008,0.368
0139,2009,0.379
0139,2010,0.37
0139,2011,0.407
0139,2012,0.435
0139,2013,0.441
0139,2014,0.449
0139,2015,0.467
0139,2016,0.47
0139,2017,0.458
0139,2018,0.44
0139,2019,0.445
0139,2020,0.42
0139,2021,0.438
0140,2005,0.383
0140,2006,0.368
0140,2007,0.35
0140,2008,0.394
0140,2009,0.382
0140,2010,0.393
0140,2011,0.39
0140,2012,0.408
0140,2013,0.421
0140,2014,0.468
0140,2015,0.469
0140,2016,0.47
0140,2017,0.48
0140,2018,0.463
0140,2019,0.465
0140,2020,0.457
0140,2021,0.469
0160,2005,0.302
0160,2006,0.307
0160,2007,0.309
0160,2008,0.363
0160,2009,0.339
0160,2010,0.336
0160,2011,0.403
0160,2012,0.447
0160,2013,0.476
0160,2014,0.482
0160,2015,0.482
0160,2016,0.488
0160,2017,0.482
0160,2018,0.465
0160,2019,0.473
0160,2020,0.451
0160,2021,0.462
0162,2005,0.334
0162,2006,0.344
0162,2007,0.354
0162,2008,0.402
0162,2009,0.381
0162,2010,0.37
0162,2011,0.419
0162,2012,0.457
0162,2013,0.473
0162,2014,0.479
0162,2015,0.477
0162,2016,0.485
0162,2017,0.477
0162,2018,0.475
0162,2019,0.475
0162,2020,0.46
0162,2021,0.474
0163,2005,0.354
0163,2006,0.347
0163,2007,0.345
0163,2008,0.362
0163,2009,0.357
0163,2010,0.355
0163,2011,0.395
0163,2012,0.425
0163,2013,0.439
0163,2014,0.44
0163,2015,0.446
0163,2016,0.455
0163,2017,0.451
0163,2018,0.445
0163,2019,0.447
0163,2020,0.437
0163,2021,0.448
0180,2005,0.346
0180,2006,0.348
0180,2007,0.35
0180,2008,0.375
0180,2009,0.367
0180,2010,0.37
0180,2011,0.386
0180,2012,0.426
0180,2013,0.441
0180,2014,0.451
0180,2015,0.454
0180,2016,0.461
0180,2017,0.463
0180,2018,0.455
0180,2019,0.458
0180,2020,0.44
0180,2021,0.454
0181,2005,0.393
0181,2006,0.39
0181,2007,0.373
0181,2008,0.418
0181,2009,0.408
0181,2010,0.412
0181,2011,0.409
0181,2012,0.432
0181,2013,0.455
0181,2014,0.478
0181,2015,0.49
0181,2016,0.49
0181,2017,0.493
0181,2018,0.481
0181,2019,0.48
0181,2020,0.461
0181,2021,0.473
0182,2005,0.441
0182,2006,0.432
0182,2007,0.424
0182,2008,0.437
0182,2009,0.429
0182,2010,0.436
0182,2011,0.443
0182,2012,0.469
0182,2013,0.438
0182,2014,0.443
0182,2015,0.437
0182,2016,0.444
0182,2017,0.448
0182,2018,0.441
0182,2019,0.444
0182,2020,0.428
0182,2021,0.442
0183,2005,0.361
0183,2006,0.36
0183,2007,0.359
0183,2008,0.378
0183,2009,0.376
0183,2010,0.38
0183,2011,0.393
0183,2012,0.437
0183,2013,0.444
0183,2014,0.45
0183,2015,0.457
0183,2016,0.464
0183,2017,0.456
0183,2018,0.442
0183,2019,0.449
0183,2020,0.441
0183,2021,0.453
0184,2005,0.357
0184,2006,0.357
0184,2007,0.35
0184,2008,0.374
0184,2009,0.369
0184,2010,0.369
0184,2011,0.391
0184,2012,0.431
0184,2013,0.446
0184,2014,0.452
0184,2015,0.456
0184,2016,0.463
0184,2017,0.455
0184,2018,0.446
0184,2019,0.457
0184,2020,0.439
0184,2021,0.448
0186,2005,0.318
0186,2006,0.321
0186,2007,0.314
0186,2008,0.375
0186,2009,0.373
0186,2010,0.375
0186,2011,0.389
0186,2012,0.433
0186,2013,0.469
0186,2014,0.475
0186,2015,0.474
0186,2016,0.477
0186,2017,0.487
0186,2018,0.477
0186,2019,0.483
0186,2020,0.464
0186,2021,0.472
0187,2005,0.311
0187,2006,0.316
0187,2007,0.316
0187,2008,0.365
0187,2009,0.346
0187,2010,0.347
0187,2011,0.394
0187,2012,0.437
0187,2013,0.446
0187,2014,0.46
0187,2015,0.453
0187,2016,0.476
0187,2017,0.475
0187,2018,0.452
0187,2019,0.456
0187,2020,0.441
0187,2021,0.453
0188,2005,0.421
0188,2006,0.443
0188,2007,0.43
0188,2008,0.453
0188,2009,0.459
0188,2010,0.464
0188,2011,0.484
0188,2012,0.494
0188,2013,0.499
0188,2014,0.507
0188,2015,0.512
0188,2016,0.511
0188,2017,0.516
0188,2018,0.51
0188,2019,0.506
0188,2020,0.442
0188,2021,0.46
0191,2005,0.347
0191,2006,0.323
0191,2007,0.332
0191,2008,0.356
0191,2009,0.355
0191,2010,0.36
0191,2011,0.391
0191,2012,0.41
0191,2013,0.419
0191,2014,0.425
0191,2015,0.436
0191,2016,0.421
0191,2017,0.413
0191,2018,0.404
0191,2019,0.404
0191,2020,0.396
0191,2021,0.412
0192,2005,0.393
0192,2006,0.406
0192,2007,0.385
0192,2008,0.377
0192,2009,0.385
0192,2010,0.391
0192,2011,0.413
0192,2012,0.438
0192,2013,0.454
0192,2014,0.469
0192,2015,0.469
0192,2016,0.465
0192,2017,0.453
0192,2018,0.454
0192,2019,0.451
0192,2020,0.424
0192,2021,0.443
0305,2005,0.375
0305,2006,0.378
0305,2007,0.343
0305,2008,0.392
0305,2009,0.401
0305,2010,0.393
0305,2011,0.404
0305,2012,0.402
0305,2013,0.429
0305,2014,0.42
0305,2015,0.42
0305,2016,0.416
0305,2017,0.428
0305,2018,0.43
0305,2019,0.429
0305,2020,0.406
0305,2021,0.411
0319,2005,0.286
0319,2006,0.302
0319,2007,0.32
0319,2008,0.355
0319,2009,0.344
0319,2010,0.356
0319,2011,0.351
0319,2012,0.346
0319,2013,0.364
0319,2014,0.366
0319,2015,0.376
0319,2016,0.375
0319,2017,0.373
0319,2018,0.374
0319,2019,0.379
0319,2020,0.355
0319,2021,0.366
0330,2005,0.326
0330,2006,0.34
0330,2007,0.331
0330,2008,0.337
0330,2009,0.34
0330,2010,0.346
0330,2011,0.363
0330,2012,0.364
0330,2013,0.379
0330,2014,0.386
0330,2015,0.383
0330,2016,0.388
0330,2017,0.388
0330,2018,0.386
0330,2019,0.384
0330,2020,0.367
0330,2021,0.37
0331,2005,0.336
0331,2006,0.345
0331,2007,0.344
0331,2008,0.363
0331,2009,0.357
0331,2010,0.362
0331,2011,0.387
0331,2012,0.392
0331,2013,0.411
0331,2014,0.407
0331,2015,0.403
0331,2016,0.41
0331,2017,0.415
0331,2018,0.397
0331,2019,0.389
0331,2020,0.379
0331,2021,0.394
0360,2005,0.272
0360,2006,0.287
0360,2007,0.288
0360,2008,0.3
0360,2009,0.291
0360,2010,0.316
0360,2011,0.331
0360,2012,0.333
0360,2013,0.362
0360,2014,0.359
0360,2015,0.376
0360,2016,0.369
0360,2017,0.372
0360,2018,0.366
0360,2019,0.369
0360,2020,0.347
0360,2021,0.349
0380,2005,0.344
0380,2006,0.356
0380,2007,0.35
0380,2008,0.351
0380,2009,0.35
0380,2010,0.358
0380,2011,0.387
0380,2012,0.383
0380,2013,0.385
0380,2014,0.389
0380,2015,0.392
0380,2016,0.403
0380,2017,0.409
0380,2018,0.406
0380,2019,0.402
0380,2020,0.383
0380,2021,0.388
0381,2005,0.427
0381,2006,0.416
0381,2007,0.381
0381,2008,0.425
0381,2009,0.425
0381,2010,0.421
0381,2011,0.436
0381,2012,0.441
0381,2013,0.471
0381,2014,0.463
0381,2015,0.468
0381,2016,0.464
0381,2017,0.463
0381,2018,0.468
0381,2019,0.466
0381,2020,0.444
0381,2021,0.454
0382,2005,0.278
0382,2006,0.291
0382,2007,0.289
0382,2008,0.303
0382,2009,0.299
0382,2010,0.322
0382,2011,0.338
0382,2012,0.33
0382,2013,0.36
0382,2014,0.358
0382,2015,0.368
0382,2016,0.376
0382,2017,0.375
0382,2018,0.367
0382,2019,0.367
0382,2020,0.359
0382,2021,0.366
0428,2005,0.336
0428,2006,0.321
0428,2007,0.334
0428,2008,0.349
0428,2009,0.361
0428,2010,0.37
0428,2011,0.381
0428,2012,0.373
0428,2013,0.391
0428,2014,0.396
0428,2015,0.388
0428,2016,0.396
0428,2017,0.403
0428,2018,0.419
0428,2019,0.422
0428,2020,0.38
0428,2021,0.403
0461,2005,0.319
0461,2006,0.327
0461,2007,0.328
0461,2008,0.361
0461,2009,0.359
0461,2010,0.357
0461,2011,0.364
0461,2012,0.365
0461,2013,0.373
0461,2014,0.384
0461,2015,0.398
0461,2016,0.401
0461,2017,0.414
0461,2018,0.41
0461,2019,0.401
0461,2020,0.366
0461,2021,0.394
0480,2005,0.343
0480,2006,0.343
0480,2007,0.35
0480,2008,0.38
0480,2009,0.377
0480,2010,0.386
0480,2011,0.395
0480,2012,0.399
0480,2013,0.393
0480,2014,0.4
0480,2015,0.399
0480,2016,0.406
0480,2017,0.408
0480,2018,0.403
0480,2019,0.398
0480,2020,0.362
0480,2021,0.383
0481,2005,0.355
0481,2006,0.351
0481,2007,0.35
0481,2008,0.386
0481,2009,0.383
0481,2010,0.387
0481,2011,0.408
0481,2012,0.42
0481,2013,0.415
0481,2014,0.404
0481,2015,0.41
0481,2016,0.417
0481,2017,0.411
0481,2018,0.408
0481,2019,0.407
0481,2020,0.365
0481,2021,0.389
0482,2005,0.322
0482,2006,0.327
0482,2007,0.342
0482,2008,0.348
0482,2009,0.356
0482,2010,0.358
0482,2011,0.368
0482,2012,0.355
0482,2013,0.371
0482,2014,0.387
0482,2015,0.39
0482,2016,0.391
0482,2017,0.399
0482,2018,0.404
0482,2019,0.4
0482,2020,0.384
0482,2021,0.406
0483,2005,0.359
0483,2006,0.351
0483,2007,0.36
0483,2008,0.374
0483,2009,0.379
0483,2010,0.379
0483,2011,0.39
0483,2012,0.384
0483,2013,0.394
0483,2014,0.4
0483,2015,0.401
0483,2016,0.405
0483,2017,0.408
0483,2018,0.421
0483,2019,0.42
0483,2020,0.383
0483,2021,0.409
0484,2005,0.352
0484,2006,0.347
0484,2007,0.353
0484,2008,0.371
0484,2009,0.374
0484,2010,0.38
0484,2011,0.394
0484,2012,0.384
0484,2013,0.396
0484,2014,0.399
0484,2015,0.401
0484,2016,0.398
0484,2017,0.398
0484,2018,0.408
0484,2019,0.409
0484,2020,0.382
0484,2021,0.405
0486,2005,0.297
0486,2006,0.287
0486,2007,0.293
0486,2008,0.317
0486,2009,0.332
0486,2010,0.346
0486,2011,0.351
0486,2012,0.344
0486,2013,0.36
0486,2014,0.368
0486,2015,0.37
0486,2016,0.376
0486,2017,0.377
0486,2018,0.38
0486,2019,0.382
0486,2020,0.368
0486,2021,0.389
0488,2005,0.309
0488,2006,0.314
0488,2007,0.318
0488,2008,0.357
0488,2009,0.36
0488,2010,0.381
0488,2011,0.382
0488,2012,0.392
0488,2013,0.392
0488,2014,0.397
0488,2015,0.395
0488,2016,0.412
0488,2017,0.409
0488,2018,0.397
0488,2019,0.404
0488,2020,0.374
0488,2021,0.375
0509,2005,0.324
0509,2006,0.324
0509,2007,0.322
0509,2008,0.33
0509,2009,0.345
0509,2010,0.35
0509,2011,0.342
0509,2012,0.376
0509,2013,0.376
0509,2014,0.36
0509,2015,0.372
0509,2016,0.372
0509,2017,0.374
0509,2018,0.393
0509,2019,0.404
0509,2020,0.377
0509,2021,0.398
0512,2005,0.292
0512,2006,0.312
0512,2007,0.345
0512,2008,0.327
0512,2009,0.323
0512,2010,0.332
0512,2011,0.354
0512,2012,0.355
0512,2013,0.364
0512,2014,0.367
0512,2015,0.394
0512,2016,0.38
0512,2017,0.387
0512,2018,0.393
0512,2019,0.4
0512,2020,0.389
0512,2021,0.399
0513,2005,0.324
0513,2006,0.33
0513,2007,0.325
0513,2008,0.318
0513,2009,0.328
0513,2010,0.334
0513,2011,0.341
0513,2012,0.36
0513,2013,0.358
0513,2014,0.37
0513,2015,0.391
0513,2016,0.394
0513,2017,0.374
0513,2018,0.383
0513,2019,0.388
0513,2020,0.372
0513,2021,0.396
0560,2005,0.325
0560,2006,0.336
0560,2007,0.344
0560,2008,0.337
0560,2009,0.378
0560,2010,0.371
0560,2011,0.369
0560,2012,0.386
0560,2013,0.38
0560,2014,0.378
0560,2015,0.387
0560,2016,0.394
0560,2017,0.389
0560,2018,0.382
0560,2019,0.393
0560,2020,0.364
0560,2021,0.378
0561,2005,0.316
0561,2006,0.323
0561,2007,0.317
0561,2008,0.311
0561,2009,0.32
0561,2010,0.325
0561,2011,0.326
0561,2012,0.34
0561,2013,0.345
0561,2014,0.351
0561,2015,0.362
0561,2016,0.36
0561,2017,0.363
0561,2018,0.37
0561,2019,0.387
0561,2020,0.358
0561,2021,0.38
0562,2005,0.274
0562,2006,0.295
0562,2007,0.287
0562,2008,0.594
0562,2009,0.307
0562,2010,0.324
0562,2011,0.334
0562,2012,0.331
0562,2013,0.364
0562,2014,0.347
0562,2015,0.356
0562,2016,0.356
0562,2017,0.357
0562,2018,0.364
0562,2019,0.378
0562,2020,0.355
0562,2021,0.368
0563,2005,0.291
0563,2006,0.274
0563,2007,0.271
0563,2008,0.333
0563,2009,0.311
0563,2010,0.337
0563,2011,0.35
0563,2012,0.356
0563,2013,0.371
0563,2014,0.353
0563,2015,0.355
0563,2016,0.357
0563,2017,0.35
0563,2018,0.356
0563,2019,0.363
0563,2020,0.342
0563,2021,0.355
0580,2005,0.362
0580,2006,0.357
0580,2007,0.356
0580,2008,0.348
0580,2009,0.354
0580,2010,0.357
0580,2011,0.358
0580,2012,0.372
0580,2013,0.382
0580,2014,0.374
0580,2015,0.381
0580,2016,0.376
0580,2017,0.376
0580,2018,0.382
0580,2019,0.388
0580,2020,0.368
0580,2021,0.383
0581,2005,0.324
0581,2006,0.276
0581,2007,0.283
0581,2008,0.343
0581,2009,0.335
0581,2010,0.357
0581,2011,0.366
0581,2012,0.368
0581,2013,0.399
0581,2014,0.369
0581,2015,0.368
0581,2016,0.367
0581,2017,0.37
0581,2018,0.371
0581,2019,0.377
0581,2020,0.358
0581,2021,0.373
0582,2005,0.293
0582,2006,0.257
0582,2007,0.257
0582,2008,0.315
0582,2009,0.308
0582,2010,0.336
0582,2011,0.35
0582,2012,0.36
0582,2013,0.388
0582,2014,0.358
0582,2015,0.366
0582,2016,0.374
0582,2017,0.376
0582,2018,0.382
0582,2019,0.378
0582,2020,0.368
0582,2021,0.367
0583,2005,0.366
0583,2006,0.375
0583,2007,0.373
0583,2008,0.374
0583,2009,0.384
0583,2010,0.399
0583,2011,0.398
0583,2012,0.406
0583,2013,0.409
0583,2014,0.408
0583,2015,0.413
0583,2016,0.413
0583,2017,0.409
0583,2018,0.417
0583,2019,0.424
0583,2020,0.398
0583,2021,0.423
0584,2005,0.327
0584,2006,0.326
0584,2007,0.328
0584,2008,0.336
0584,2009,0.364
0584,2010,0.365
0584,2011,0.379
0584,2012,0.381
0584,2013,0.396
0584,2014,0.396
0584,2015,0.412
0584,2016,0.404
0584,2017,0.411
0584,2018,0.419
0584,2019,0.427
0584,2020,0.408
0584,2021,0.426
0586,2005,0.353
0586,2006,0.358
0586,2007,0.372
0586,2008,0.362
0586,2009,0.371
0586,2010,0.374
0586,2011,0.377
0586,2012,0.386
0586,2013,0.387
0586,2014,0.385
0586,2015,0.392
0586,2016,0.392
0586,2017,0.389
0586,2018,0.395
0586,2019,0.397
0586,2020,0.377
0586,2021,0.398
0604,2005,0.289
0604,2006,0.309
0604,2007,0.314
0604,2008,0.339
0604,2009,0.326
0604,2010,0.322
0604,2011,0.338
0604,2012,0.383
0604,2013,0.372
0604,2014,0.38
0604,2015,0.393
0604,2016,0.401
0604,2017,0.407
0604,2018,0.421
0604,2019,0.411
0604,2020,0.38
0604,2021,0.392
0617,2005,0.309
0617,2006,0.307
0617,2007,0.319
0617,2008,0.334
0617,2009,0.33
0617,2010,0.33
0617,2011,0.358
0617,2012,0.36
0617,2013,0.371
0617,2014,0.378
0617,2015,0.367
0617,2016,0.366
0617,2017,0.377
0617,2018,0.382
0617,2019,0.383
0617,2020,0.371
0617,2021,0.386
0642,2005,0.268
0642,2006,0.291
0642,2007,0.287
0642,2008,0.304
0642,2009,0.314
0642,2010,0.304
0642,2011,0.332
0642,2012,0.367
0642,2013,0.373
0642,2014,0.386
0642,2015,0.389
0642,2016,0.383
0642,2017,0.385
0642,2018,0.401
0642,2019,0.405
0642,2020,0.381
0642,2021,0.395
0643,2005,0.265
0643,2006,0.276
0643,2007,0.291
0643,2008,0.295
0643,2009,0.307
0643,2010,0.311
0643,2011,0.326
0643,2012,0.37
0643,2013,0.357
0643,2014,0.366
0643,2015,0.369
0643,2016,0.373
0643,2017,0.376
0643,2018,0.382
0643,2019,0.378
0643,2020,0.371
0643,2021,0.394
0662,2005,0.31
0662,2006,0.315
0662,2007,0.321
0662,2008,0.355
0662,2009,0.326
0662,2010,0.321
0662,2011,0.332
0662,2012,0.369
0662,2013,0.374
0662,2014,0.388
0662,2015,0.384
0662,2016,0.366
0662,2017,0.386
0662,2018,0.389
0662,2019,0.391
0662,2020,0.378
0662,2021,0.391
0665,2005,0.331
0665,2006,0.327
0665,2007,0.337
0665,2008,0.334
0665,2009,0.339
0665,2010,0.337
0665,2011,0.343
0665,2012,0.369
0665,2013,0.38
0665,2014,0.391
0665,2015,0.384
0665,2016,0.38
0665,2017,0.393
0665,2018,0.394
0665,2019,0.395
0665,2020,0.38
0665,2021,0.4
0680,2005,0.32
0680,2006,0.323
0680,2007,0.322
0680,2008,0.327
0680,2009,0.327
0680,2010,0.334
0680,2011,0.355
0680,2012,0.396
0680,2013,0.394
0680,2014,0.399
0680,2015,0.389
0680,2016,0.378
0680,2017,0.383
0680,2018,0.396
0680,2019,0.389
0680,2020,0.373
0680,2021,0.387
0682,2005,0.318
0682,2006,0.33
0682,2007,0.349
0682,2008,0.363
0682,2009,0.344
0682,2010,0.329
0682,2011,0.35
0682,2012,0.404
0682,2013,0.405
0682,2014,0.397
0682,2015,0.398
0682,2016,0.399
0682,2017,0.409
0682,2018,0.4
0682,2019,0.403
0682,2020,0.393
0682,2021,0.409
0683,2005,0.375
0683,2006,0.378
0683,2007,0.377
0683,2008,0.381
0683,2009,0.387
0683,2010,0.377
0683,2011,0.389
0683,2012,0.402
0683,2013,0.412
0683,2014,0.423
0683,2015,0.411
0683,2016,0.41
0683,2017,0.422
0683,2018,0.424
0683,2019,0.423
0683,2020,0.406
0683,2021,0.419
0684,2005,0.304
0684,2006,0.316
0684,2007,0.323
0684,2008,0.316
0684,2009,0.316
0684,2010,0.309
0684,2011,0.326
0684,2012,0.35
0684,2013,0.362
0684,2014,0.361
0684,2015,0.369
0684,2016,0.355
0684,2017,0.368
0684,2018,0.388
0684,2019,0.395
0684,2020,0.388
0684,2021,0.411
0685,2005,0.324
0685,2006,0.331
0685,2007,0.34
0685,2008,0.34
0685,2009,0.346
0685,2010,0.335
0685,2011,0.344
0685,2012,0.379
0685,2013,0.381
0685,2014,0.386
0685,2015,0.385
0685,2016,0.388
0685,2017,0.403
0685,2018,0.404
0685,2019,0.399
0685,2020,0.39
0685,2021,0.401
0686,2005,0.349
0686,2006,0.357
0686,2007,0.365
0686,2008,0.372
0686,2009,0.366
0686,2010,0.358
0686,2011,0.368
0686,2012,0.406
0686,2013,0.405
0686,2014,0.408
0686,2015,0.404
0686,2016,0.398
0686,2017,0.416
0686,2018,0.427
0686,2019,0.422
0686,2020,0.423
0686,2021,0.432
0687,2005,0.277
0687,2006,0.288
0687,2007,0.297
0687,2008,0.303
0687,2009,0.305
0687,2010,0.303
0687,2011,0.315
0687,2012,0.353
0687,2013,0.354
0687,2014,0.359
0687,2015,0.355
0687,2016,0.348
0687,2017,0.363
0687,2018,0.37
0687,2019,0.376
0687,2020,0.365
0687,2021,0.377
0760,2005,0.336
0760,2006,0.332
0760,2007,0.346
0760,2008,0.358
0760,2009,0.369
0760,2010,0.345
0760,2011,0.373
0760,2012,0.374
0760,2013,0.359
0760,2014,0.377
0760,2015,0.369
0760,2016,0.361
0760,2017,0.365
0760,2018,0.361
0760,2019,0.371
0760,2020,0.34
0760,2021,0.347
0761,2005,0.346
0761,2006,0.332
0761,2007,0.35
0761,2008,0.387
0761,2009,0.393
0761,2010,0.361
0761,2011,0.396
0761,2012,0.413
0761,2013,0.367
0761,2014,0.366
0761,2015,0.372
0761,2016,0.352
0761,2017,0.371
0761,2018,0.375
0761,2019,0.378
0761,2020,0.349
0761,2021,0.347
0763,2005,0.329
0763,2006,0.324
0763,2007,0.328
0763,2008,0.366
0763,2009,0.375
0763,2010,0.342
0763,2011,0.364
0763,2012,0.379
0763,2013,0.349
0763,2014,0.369
0763,2015,0.369
0763,2016,0.345
0763,2017,0.366
0763,2018,0.359
0763,2019,0.379
0763,2020,0.347
0763,2021,0.354
0764,2005,0.324
0764,2006,0.323
0764,2007,0.334
0764,2008,0.378
0764,2009,0.381
0764,2010,0.358
0764,2011,0.391
0764,2012,0.398
0764,2013,0.374
0764,2014,0.383
0764,2015,0.376
0764,2016,0.357
0764,2017,0.369
0764,2018,0.37
0764,2019,0.385
0764,2020,0.354
0764,2021,0.354
0765,2005,0.36
0765,2006,0.319
0765,2007,0.31
0765,2008,0.332
0765,2009,0.343
0765,2010,0.334
0765,2011,0.357
0765,2012,0.36
0765,2013,0.359
0765,2014,0.368
0765,2015,0.369
0765,2016,0.354
0765,2017,0.357
0765,2018,0.359
0765,2019,0.372
0765,2020,0.343
0765,2021,0.344
0767,2005,0.393
0767,2006,0.355
0767,2007,0.346
0767,2008,0.371
0767,2009,0.376
0767,2010,0.376
0767,2011,0.377
0767,2012,0.37
0767,2013,0.365
0767,2014,0.367
0767,2015,0.365
0767,2016,0.362
0767,2017,0.37
0767,2018,0.368
0767,2019,0.369
0767,2020,0.348
0767,2021,0.353
0780,2005,0.335
0780,2006,0.336
0780,2007,0.34
0780,2008,0.401
0780,2009,0.399
0780,2010,0.35
0780,2011,0.401
0780,2012,0.415
0780,2013,0.39
0780,2014,0.385
0780,2015,0.383
0780,2016,0.371
0780,2017,0.374
0780,2018,0.374
0780,2019,0.387
0780,2020,0.362
0780,2021,0.36
0781,2005,0.477
0781,2006,0.427
0781,2007,0.398
0781,2008,0.411
0781,2009,0.421
0781,2010,0.414
0781,2011,0.427
0781,2012,0.417
0781,2013,0.404
0781,2014,0.403
0781,2015,0.401
0781,2016,0.401
0781,2017,0.4
0781,2018,0.404
0781,2019,0.419
0781,2020,0.389
0781,2021,0.397
0821,2005,0.331
0821,2006,0.347
0821,2007,0.336
0821,2008,0.351
0821,2009,0.341
0821,2010,0.352
0821,2011,0.37
0821,2012,0.366
0821,2013,0.417
0821,2014,0.434
0821,2015,0.43
0821,2016,0.414
0821,2017,0.418
0821,2018,0.442
0821,2019,0.423
0821,2020,0.4
0821,2021,0.395
0834,2005,0.339
0834,2006,0.339
0834,2007,0.35
0834,2008,0.33
0834,2009,0.347
0834,2010,0.36
0834,2011,0.368
0834,2012,0.359
0834,2013,0.375
0834,2014,0.386
0834,2015,0.407
0834,2016,0.398
0834,2017,0.398
0834,2018,0.406
0834,2019,0.418
0834,2020,0.391
0834,2021,0.405
0840,2005,0.344
0840,2006,0.331
0840,2007,0.343
0840,2008,0.359
0840,2009,0.367
0840,2010,0.382
0840,2011,0.384
0840,2012,0.371
0840,2013,0.377
0840,2014,0.374
0840,2015,0.381
0840,2016,0.389
0840,2017,0.396
0840,2018,0.396
0840,2019,0.398
0840,2020,0.365
0840,2021,0.38
0860,2005,0.203
0860,2006,0.345
0860,2007,0.349
0860,2008,0.366
0860,2009,0.368
0860,2010,0.368
0860,2011,0.374
0860,2012,0.371
0860,2013,0.386
0860,2014,0.388
0860,2015,0.406
0860,2016,0.396
0860,2017,0.41
0860,2018,0.422
0860,2019,0.432
0860,2020,0.407
0860,2021,0.405
0861,2005,0.334
0861,2006,0.348
0861,2007,0.367
0861,2008,0.367
0861,2009,0.393
0861,2010,0.396
0861,2011,0.399
0861,2012,0.398
0861,2013,0.432
0861,2014,0.423
0861,2015,0.436
0861,2016,0.44
0861,2017,0.438
0861,2018,0.438
0861,2019,0.455
0861,2020,0.418
0861,2021,0.433
0862,2005,0.334
0862,2006,0.31
0862,2007,0.323
0862,2008,0.336
0862,2009,0.344
0862,2010,0.34
0862,2011,0.363
0862,2012,0.342
0862,2013,0.372
0862,2014,0.365
0862,2015,0.373
0862,2016,0.372
0862,2017,0.369
0862,2018,0.371
0862,2019,0.369
0862,2020,0.342
0862,2021,0.365
0880,2005,0.366
0880,2006,0.355
0880,2007,0.378
0880,2008,0.376
0880,2009,0.393
0880,2010,0.402
0880,2011,0.405
0880,2012,0.398
0880,2013,0.402
0880,2014,0.401
0880,2015,0.415
0880,2016,0.425
0880,2017,0.417
0880,2018,0.413
0880,2019,0.425
0880,2020,0.396
0880,2021,0.403
0881,2005,0.353
0881,2006,0.342
0881,2007,0.359
0881,2008,0.37
0881,2009,0.382
0881,2010,0.396
0881,2011,0.394
0881,2012,0.385
0881,2013,0.397
0881,2014,0.385
0881,2015,0.399
0881,2016,0.401
0881,2017,0.404
0881,2018,0.406
0881,2019,0.411
0881,2020,0.38
0881,2021,0.387
0882,2005,0.321
0882,2006,0.374
0882,2007,0.366
0882,2008,0.375
0882,2009,0.376
0882,2010,0.371
0882,2011,0.391
0882,2012,0.385
0882,2013,0.445
0882,2014,0.457
0882,2015,0.458
0882,2016,0.447
0882,2017,0.449
0882,2018,0.458
0882,2019,0.452
0882,2020,0.425
0882,2021,0.435
0883,2005,0.119
0883,2006,0.41
0883,2007,0.401
0883,2008,0.411
0883,2009,0.418
0883,2010,0.426
0883,2011,0.44
0883,2012,0.437
0883,2013,0.437
0883,2014,0.441
0883,2015,0.459
0883,2016,0.451
0883,2017,0.454
0883,2018,0.449
0883,2019,0.454
0883,2020,0.432
0883,2021,0.455
0884,2005,0.163
0884,2006,0.338
0884,2007,0.347
0884,2008,0.352
0884,2009,0.348
0884,2010,0.356
0884,2011,0.375
0884,2012,0.378
0884,2013,0.383
0884,2014,0.378
0884,2015,0.386
0884,2016,0.391
0884,2017,0.388
0884,2018,0.389
0884,2019,0.411
0884,2020,0.393
0884,2021,0.41
0885,2005,0.328
0885,2006,0.318
0885,2007,0.337
0885,2008,0.342
0885,2009,0.367
0885,2010,0.376
0885,2011,0.385
0885,2012,0.38
0885,2013,0.393
0885,2014,0.387
0885,2015,0.386
0885,2016,0.391
0885,2017,0.401
0885,2018,0.396
0885,2019,0.419
0885,2020,0.392
0885,2021,0.398
0980,2005,0.385
0980,2006,0.383
0980,2007,0.4
0980,2008,0.4
0980,2009,0.44
0980,2010,0.423
0980,2011,0.455
0980,2012,0.463
0980,2013,0.472
0980,2014,0.476
0980,2015,0.474
0980,2016,0.468
0980,2017,0.477
0980,2018,0.479
0980,2019,0.489
0980,2020,0.482
0980,2021,0.475
1060,2005,0.329
1060,2006,0.327
1060,2007,0.319
1060,2008,0.356
1060,2009,0.354
1060,2010,0.353
1060,2011,0.37
1060,2012,0.371
1060,2013,0.36
1060,2014,0.355
1060,2015,0.366
1060,2016,0.364
1060,2017,0.359
1060,2018,0.365
1060,2019,0.371
1060,2020,0.353
1060,2021,0.353
1080,2005,0.442
1080,2006,0.441
1080,2007,0.432
1080,2008,0.415
1080,2009,0.402
1080,2010,0.379
1080,2011,0.394
1080,2012,0.398
1080,2013,0.393
1080,2014,0.4
1080,2015,0.392
1080,2016,0.401
1080,2017,0.404
1080,2018,0.395
1080,2019,0.396
1080,2020,0.375
1080,2021,0.389
1081,2005,0.383
1081,2006,0.381
1081,2007,0.377
1081,2008,0.39
1081,2009,0.384
1081,2010,0.373
1081,2011,0.397
1081,2012,0.391
1081,2013,0.392
1081,2014,0.397
1081,2015,0.383
1081,2016,0.392
1081,2017,0.397
1081,2018,0.393
1081,2019,0.401
1081,2020,0.376
1081,2021,0.385
1082,2005,0.384
1082,2006,0.381
1082,2007,0.362
1082,2008,0.402
1082,2009,0.409
1082,2010,0.401
1082,2011,0.414
1082,2012,0.415
1082,2013,0.409
1082,2014,0.404
1082,2015,0.408
1082,2016,0.4
1082,2017,0.397
1082,2018,0.381
1082,2019,0.391
1082,2020,0.37
1082,2021,0.38
1083,2005,0.353
1083,2006,0.351
1083,2007,0.348
1083,2008,0.374
1083,2009,0.383
1083,2010,0.372
1083,2011,0.385
1083,2012,0.39
1083,2013,0.396
1083,2014,0.394
1083,2015,0.403
1083,2016,0.401
1083,2017,0.388
1083,2018,0.383
1083,2019,0.393
1083,2020,0.368
1083,2021,0.376
1214,2005,0.347
1214,2006,0.352
1214,2007,0.353
1214,2008,0.36
1214,2009,0.363
1214,2010,0.375
1214,2011,0.421
1214,2012,0.42
1214,2013,0.414
1214,2014,0.428
1214,2015,0.411
1214,2016,0.404
1214,2017,0.395
1214,2018,0.372
1214,2019,0.373
1214,2020,0.367
1214,2021,0.387
1230,2005,0.354
1230,2006,0.362
1230,2007,0.398
1230,2008,0.364
1230,2009,0.389
1230,2010,0.395
1230,2011,0.438
1230,2012,0.425
1230,2013,0.412
1230,2014,0.417
1230,2015,0.391
1230,2016,0.395
1230,2017,0.387
1230,2018,0.373
1230,2019,0.354
1230,2020,0.339
1230,2021,0.363
1231,2005,0.387
1231,2006,0.397
1231,2007,0.399
1231,2008,0.396
1231,2009,0.408
1231,2010,0.411
1231,2011,0.422
1231,2012,0.417
1231,2013,0.41
1231,2014,0.4
1231,2015,0.378
1231,2016,0.379
1231,2017,0.382
1231,2018,0.365
1231,2019,0.361
1231,2020,0.343
1231,2021,0.353
1233,2005,0.356
1233,2006,0.371
1233,2007,0.374
1233,2008,0.378
1233,2009,0.365
1233,2010,0.357
1233,2011,0.415
1233,2012,0.421
1233,2013,0.398
1233,2014,0.405
1233,2015,0.386
1233,2016,0.382
1233,2017,0.397
1233,2018,0.385
1233,2019,0.386
1233,2020,0.362
1233,2021,0.37
1256,2005,0.368
1256,2006,0.362
1256,2007,0.373
1256,2008,0.368
1256,2009,0.377
1256,2010,0.388
1256,2011,0.397
1256,2012,0.4
1256,2013,0.407
1256,2014,0.407
1256,2015,0.408
1256,2016,0.395
1256,2017,0.397
1256,2018,0.403
1256,2019,0.406
1256,2020,0.382
1256,2021,0.401
1257,2005,0.363
1257,2006,0.367
1257,2007,0.363
1257,2008,0.358
1257,2009,0.348
1257,2010,0.363
1257,2011,0.371
1257,2012,0.37
1257,2013,0.39
1257,2014,0.403
1257,2015,0.396
1257,2016,0.385
1257,2017,0.374
1257,2018,0.37
1257,2019,0.368
1257,2020,0.358
1257,2021,0.353
1260,2005,0.339
1260,2006,0.349
1260,2007,0.359
1260,2008,0.378
1260,2009,0.388
1260,2010,0.377
1260,2011,0.398
1260,2012,0.398
1260,2013,0.407
1260,2014,0.408
1260,2015,0.396
1260,2016,0.402
1260,2017,0.39
1260,2018,0.387
1260,2019,0.375
1260,2020,0.361
1260,2021,0.364
1261,2005,0.357
1261,2006,0.36
1261,2007,0.388
1261,2008,0.363
1261,2009,0.377
1261,2010,0.382
1261,2011,0.433
1261,2012,0.436
1261,2013,0.428
1261,2014,0.43
1261,2015,0.401
1261,2016,0.403
1261,2017,0.403
1261,2018,0.372
1261,2019,0.361
1261,2020,0.355
1261,2021,0.374
1262,2005,0.35
1262,2006,0.358
1262,2007,0.392
1262,2008,0.364
1262,2009,0.384
1262,2010,0.388
1262,2011,0.423
1262,2012,0.419
1262,2013,0.391
1262,2014,0.407
1262,2015,0.384
1262,2016,0.375
1262,2017,0.385
1262,2018,0.37
1262,2019,0.35
1262,2020,0.351
1262,2021,0.367
1263,2005,0.381
1263,2006,0.384
1263,2007,0.399
1263,2008,0.387
1263,2009,0.375
1263,2010,0.378
1263,2011,0.402
1263,2012,0.409
1263,2013,0.397
1263,2014,0.404
1263,2015,0.39
1263,2016,0.375
1263,2017,0.384
1263,2018,0.376
1263,2019,0.379
1263,2020,0.355
1263,2021,0.362
1264,2005,0.383
1264,2006,0.378
1264,2007,0.377
1264,2008,0.38
1264,2009,0.388
1264,2010,0.399
1264,2011,0.416
1264,2012,0.41
1264,2013,0.416
1264,2014,0.419
1264,2015,0.414
1264,2016,0.416
1264,2017,0.408
1264,2018,0.403
1264,2019,0.396
1264,2020,0.376
1264,2021,0.396
1265,2005,0.37
1265,2006,0.37
1265,2007,0.373
1265,2008,0.382
1265,2009,0.383
1265,2010,0.404
1265,2011,0.408
1265,2012,0.405
1265,2013,0.405
1265,2014,0.397
1265,2015,0.409
1265,2016,0.415
1265,2017,0.406
1265,2018,0.403
1265,2019,0.402
1265,2020,0.381
1265,2021,0.398
1266,2005,0.32
1266,2006,0.328
1266,2007,0.345
1266,2008,0.336
1266,2009,0.339
1266,2010,0.348
1266,2011,0.459
1266,2012,0.466
1266,2013,0.457
1266,2014,0.457
1266,2015,0.424
1266,2016,0.422
1266,2017,0.419
1266,2018,0.372
1266,2019,0.371
1266,2020,0.391
1266,2021,0.413
1267,2005,0.31
1267,2006,0.323
1267,2007,0.321
1267,2008,0.317
1267,2009,0.327
1267,2010,0.342
1267,2011,0.465
1267,2012,0.477
1267,2013,0.467
1267,2014,0.469
1267,2015,0.435
1267,2016,0.423
1267,2017,0.419
1267,2018,0.36
1267,2019,0.355
1267,2020,0.391
1267,2021,0.409
1270,2005,0.409
1270,2006,0.424
1270,2007,0.439
1270,2008,0.441
1270,2009,0.442
1270,2010,0.44
1270,2011,0.448
1270,2012,0.449
1270,2013,0.449
1270,2014,0.446
1270,2015,0.447
1270,2016,0.45
1270,2017,0.44
1270,2018,0.442
1270,2019,0.445
1270,2020,0.424
1270,2021,0.442
1272,2005,0.348
1272,2006,0.346
1272,2007,0.354
1272,2008,0.363
1272,2009,0.373
1272,2010,0.379
1272,2011,0.387
1272,2012,0.396
1272,2013,0.404
1272,2014,0.421
1272,2015,0.418
1272,2016,0.406
1272,2017,0.399
1272,2018,0.4
1272,2019,0.414
1272,2020,0.379
1272,2021,0.386
1273,2005,0.347
1273,2006,0.34
1273,2007,0.349
1273,2008,0.349
1273,2009,0.372
1273,2010,0.378
1273,2011,0.402
1273,2012,0.409
1273,2013,0.419
1273,2014,0.42
1273,2015,0.417
1273,2016,0.416
1273,2017,0.409
1273,2018,0.4
1273,2019,0.401
1273,2020,0.381
1273,2021,0.381
1275,2005,0.383
1275,2006,0.375
1275,2007,0.37
1275,2008,0.365
1275,2009,0.362
1275,2010,0.391
1275,2011,0.397
1275,2012,0.412
1275,2013,0.417
1275,2014,0.419
1275,2015,0.405
1275,2016,0.399
1275,2017,0.394
1275,2018,0.379
1275,2019,0.389
1275,2020,0.373
1275,2021,0.368
1276,2005,0.363
1276,2006,0.36
1276,2007,0.365
1276,2008,0.366
1276,2009,0.375
1276,2010,0.386
1276,2011,0.393
1276,2012,0.392
1276,2013,0.411
1276,2014,0.421
1276,2015,0.408
1276,2016,0.397
1276,2017,0.389
1276,2018,0.388
1276,2019,0.379
1276,2020,0.362
1276,2021,0.367
1277,2005,0.35
1277,2006,0.352
1277,2007,0.36
1277,2008,0.366
1277,2009,0.377
1277,2010,0.386
1277,2011,0.392
1277,2012,0.395
1277,2013,0.4
1277,2014,0.421
1277,2015,0.408
1277,2016,0.396
1277,2017,0.382
1277,2018,0.382
1277,2019,0.375
1277,2020,0.348
1277,2021,0.347
1278,2005,0.378
1278,2006,0.384
1278,2007,0.376
1278,2008,0.37
1278,2009,0.386
1278,2010,0.396
1278,2011,0.395
1278,2012,0.388
1278,2013,0.422
1278,2014,0.424
1278,2015,0.396
1278,2016,0.399
1278,2017,0.39
1278,2018,0.384
1278,2019,0.381
1278,2020,0.371
1278,2021,0.36
1280,2005,0.328
1280,2006,0.332
1280,2007,0.339
1280,2008,0.344
1280,2009,0.336
1280,2010,0.35
1280,2011,0.377
1280,2012,0.381
1280,2013,0.371
1280,2014,0.376
1280,2015,0.352
1280,2016,0.343
1280,2017,0.346
1280,2018,0.336
1280,2019,0.329
1280,2020,0.315
1280,2021,0.326
1281,2005,0.359
1281,2006,0.364
1281,2007,0.385
1281,2008,0.358
1281,2009,0.39
1281,2010,0.385
1281,2011,0.414
1281,2012,0.4
1281,2013,0.396
1281,2014,0.397
1281,2015,0.374
1281,2016,0.377
1281,2017,0.374
1281,2018,0.354
1281,2019,0.342
1281,2020,0.33
1281,2021,0.354
1282,2005,0.397
1282,2006,0.402
1282,2007,0.401
1282,2008,0.397
1282,2009,0.393
1282,2010,0.398
1282,2011,0.421
1282,2012,0.424
1282,2013,0.422
1282,2014,0.454
1282,2015,0.424
1282,2016,0.428
1282,2017,0.417
1282,2018,0.406
1282,2019,0.4
1282,2020,0.397
1282,2021,0.413
1283,2005,0.338
1283,2006,0.344
1283,2007,0.36
1283,2008,0.393
1283,2009,0.41
1283,2010,0.386
1283,2011,0.405
1283,2012,0.411
1283,2013,0.404
1283,2014,0.421
1283,2015,0.406
1283,2016,0.397
1283,2017,0.382
1283,2018,0.378
1283,2019,0.372
1283,2020,0.364
1283,2021,0.366
1284,2005,0.322
1284,2006,0.336
1284,2007,0.349
1284,2008,0.354
1284,2009,0.359
1284,2010,0.374
1284,2011,0.393
1284,2012,0.406
1284,2013,0.398
1284,2014,0.407
1284,2015,0.402
1284,2016,0.395
1284,2017,0.383
1284,2018,0.381
1284,2019,0.37
1284,2020,0.369
1284,2021,0.373
1285,2005,0.306
1285,2006,0.318
1285,2007,0.324
1285,2008,0.32
1285,2009,0.325
1285,2010,0.335
1285,2011,0.467
1285,2012,0.47
1285,2013,0.454
1285,2014,0.473
1285,2015,0.428
1285,2016,0.421
1285,2017,0.413
1285,2018,0.353
1285,2019,0.344
1285,2020,0.386
1285,2021,0.409
1286,2005,0.426
1286,2006,0.42
1286,2007,0.419
1286,2008,0.434
1286,2009,0.438
1286,2010,0.449
1286,2011,0.456
1286,2012,0.45
1286,2013,0.456
1286,2014,0.458
1286,2015,0.452
1286,2016,0.45
1286,2017,0.45
1286,2018,0.441
1286,2019,0.437
1286,2020,0.407
1286,2021,0.441
1287,2005,0.429
1287,2006,0.44
1287,2007,0.442
1287,2008,0.434
1287,2009,0.431
1287,2010,0.403
1287,2011,0.428
1287,2012,0.437
1287,2013,0.431
1287,2014,0.433
1287,2015,0.431
1287,2016,0.432
1287,2017,0.439
1287,2018,0.424
1287,2019,0.424
1287,2020,0.401
1287,2021,0.409
1290,2005,0.364
1290,2006,0.365
1290,2007,0.364
1290,2008,0.369
1290,2009,0.381
1290,2010,0.381
1290,2011,0.406
1290,2012,0.412
1290,2013,0.411
1290,2014,0.431
1290,2015,0.43
1290,2016,0.415
1290,2017,0.413
1290,2018,0.415
1290,2019,0.41
1290,2020,0.398
1290,2021,0.405
1291,2005,0.435
1291,2006,0.484
1291,2007,0.525
1291,2008,0.533
1291,2009,0.502
1291,2010,0.485
1291,2011,0.493
1291,2012,0.503
1291,2013,0.515
1291,2014,0.506
1291,2015,0.49
1291,2016,0.488
1291,2017,0.493
1291,2018,0.485
1291,2019,0.489
1291,2020,0.465
1291,2021,0.487
1292,2005,0.392
1292,2006,0.388
1292,2007,0.391
1292,2008,0.394
1292,2009,0.407
1292,2010,0.426
1292,2011,0.422
1292,2012,0.407
1292,2013,0.429
1292,2014,0.43
1292,2015,0.407
1292,2016,0.408
1292,2017,0.391
1292,2018,0.393
1292,2019,0.387
1292,2020,0.369
1292,2021,0.365
1293,2005,0.38
1293,2006,0.372
1293,2007,0.375
1293,2008,0.366
1293,2009,0.374
1293,2010,0.402
1293,2011,0.428
1293,2012,0.435
1293,2013,0.437
1293,2014,0.42
1293,2015,0.429
1293,2016,0.42
1293,2017,0.416
1293,2018,0.416
1293,2019,0.419
1293,2020,0.392
1293,2021,0.396
1315,2005,0.312
1315,2006,0.322
1315,2007,0.316
1315,2008,0.305
1315,2009,0.321
1315,2010,0.286
1315,2011,0.313
1315,2012,0.335
1315,2013,0.326
1315,2014,0.315
1315,2015,0.327
1315,2016,0.328
1315,2017,0.332
1315,2018,0.347
1315,2019,0.341
1315,2020,0.322
1315,2021,0.331
1380,2005,0.404
1380,2006,0.399
1380,2007,0.396
1380,2008,0.387
1380,2009,0.406
1380,2010,0.347
1380,2011,0.369
1380,2012,0.379
1380,2013,0.38
1380,2014,0.375
1380,2015,0.382
1380,2016,0.382
1380,2017,0.383
1380,2018,0.389
1380,2019,0.402
1380,2020,0.369
1380,2021,0.381
1381,2005,0.363
1381,2006,0.377
1381,2007,0.366
1381,2008,0.363
1381,2009,0.371
1381,2010,0.333
1381,2011,0.355
1381,2012,0.381
1381,2013,0.374
1381,2014,0.362
1381,2015,0.366
1381,2016,0.372
1381,2017,0.376
1381,2018,0.372
1381,2019,0.369
1381,2020,0.339
1381,2021,0.348
1382,2005,0.389
1382,2006,0.397
1382,2007,0.382
1382,2008,0.374
1382,2009,0.381
1382,2010,0.346
1382,2011,0.355
1382,2012,0.356
1382,2013,0.352
1382,2014,0.35
1382,2015,0.364
1382,2016,0.373
1382,2017,0.374
1382,2018,0.385
1382,2019,0.391
1382,2020,0.36
1382,2021,0.393
1383,2005,0.412
1383,2006,0.418
1383,2007,0.405
1383,2008,0.399
1383,2009,0.407
1383,2010,0.389
1383,2011,0.407
1383,2012,0.415
1383,2013,0.412
1383,2014,0.4
1383,2015,0.411
1383,2016,0.414
1383,2017,0.415
1383,2018,0.431
1383,2019,0.429
1383,2020,0.409
1383,2021,0.419
1384,2005,0.394
1384,2006,0.417
1384,2007,0.386
1384,2008,0.394
1384,2009,0.388
1384,2010,0.381
1384,2011,0.395
1384,2012,0.397
1384,2013,0.397
1384,2014,0.41
1384,2015,0.373
1384,2016,0.375
1384,2017,0.369
1384,2018,0.374
1384,2019,0.388
1384,2020,0.369
1384,2021,0.378
1401,2005,0.32
1401,2006,0.374
1401,2007,0.327
1401,2008,0.338
1401,2009,0.325
1401,2010,0.324
1401,2011,0.348
1401,2012,0.345
1401,2013,0.34
1401,2014,0.357
1401,2015,0.339
1401,2016,0.335
1401,2017,0.329
1401,2018,0.333
1401,2019,0.332
1401,2020,0.297
1401,2021,0.293
1402,2005,0.338
1402,2006,0.41
1402,2007,0.342
1402,2008,0.349
1402,2009,0.329
1402,2010,0.329
1402,2011,0.355
1402,2012,0.349
1402,2013,0.354
1402,2014,0.37
1402,2015,0.346
1402,2016,0.344
1402,2017,0.347
1402,2018,0.344
1402,2019,0.35
1402,2020,0.312
1402,2021,0.309
1407,2005,0.313
1407,2006,0.364
1407,2007,0.33
1407,2008,0.33
1407,2009,0.279
1407,2010,0.292
1407,2011,0.346
1407,2012,0.319
1407,2013,0.354
1407,2014,0.37
1407,2015,0.352
1407,2016,0.36
1407,2017,0.357
1407,2018,0.37
1407,2019,0.368
1407,2020,0.33
1407,2021,0.328
1415,2005,0.305
1415,2006,0.352
1415,2007,0.312
1415,2008,0.324
1415,2009,0.318
1415,2010,0.315
1415,2011,0.334
1415,2012,0.344
1415,2013,0.345
1415,2014,0.355
1415,2015,0.353
1415,2016,0.344
1415,2017,0.36
1415,2018,0.362
1415,2019,0.366
1415,2020,0.343
1415,2021,0.342
1419,2005,0.301
1419,2006,0.365
1419,2007,0.308
1419,2008,0.323
1419,2009,0.304
1419,2010,0.3
1419,2011,0.315
1419,2012,0.324
1419,2013,0.328
1419,2014,0.349
1419,2015,0.344
1419,2016,0.347
1419,2017,0.369
1419,2018,0.375
1419,2019,0.374
1419,2020,0.346
1419,2021,0.358
1421,2005,0.344
1421,2006,0.384
1421,2007,0.328
1421,2008,0.335
1421,2009,0.333
1421,2010,0.325
1421,2011,0.374
1421,2012,0.367
1421,2013,0.369
1421,2014,0.381
1421,2015,0.359
1421,2016,0.355
1421,2017,0.363
1421,2018,0.376
1421,2019,0.37
1421,2020,0.338
1421,2021,0.341
1427,2005,0.348
1427,2006,0.362
1427,2007,0.335
1427,2008,0.355
1427,2009,0.321
1427,2010,0.32
1427,2011,0.336
1427,2012,0.329
1427,2013,0.333
1427,2014,0.347
1427,2015,0.33
1427,2016,0.314
1427,2017,0.325
1427,2018,0.328
1427,2019,0.33
1427,2020,0.302
1427,2021,0.314
1430,2005,0.362
1430,2006,0.381
1430,2007,0.346
1430,2008,0.359
1430,2009,0.329
1430,2010,0.335
1430,2011,0.359
1430,2012,0.347
1430,2013,0.345
1430,2014,0.351
1430,2015,0.347
1430,2016,0.323
1430,2017,0.344
1430,2018,0.337
1430,2019,0.353
1430,2020,0.319
1430,2021,0.316
1435,2005,0.342
1435,2006,0.356
1435,2007,0.331
1435,2008,0.342
1435,2009,0.328
1435,2010,0.321
1435,2011,0.34
1435,2012,0.336
1435,2013,0.341
1435,2014,0.353
1435,2015,0.349
1435,2016,0.317
1435,2017,0.318
1435,2018,0.329
1435,2019,0.313
1435,2020,0.292
1435,2021,0.301
1438,2005,0.336
1438,2006,0.341
1438,2007,0.322
1438,2008,0.341
1438,2009,0.332
1438,2010,0.321
1438,2011,0.34
1438,2012,0.34
1438,2013,0.325
1438,2014,0.323
1438,2015,0.306
1438,2016,0.287
1438,2017,0.279
1438,2018,0.307
1438,2019,0.301
1438,2020,0.274
1438,2021,0.276
1439,2005,0.334
1439,2006,0.327
1439,2007,0.322
1439,2008,0.356
1439,2009,0.329
1439,2010,0.33
1439,2011,0.345
1439,2012,0.354
1439,2013,0.346
1439,2014,0.37
1439,2015,0.349
1439,2016,0.324
1439,2017,0.316
1439,2018,0.328
1439,2019,0.319
1439,2020,0.294
1439,2021,0.293
1440,2005,0.336
1440,2006,0.376
1440,2007,0.347
1440,2008,0.345
1440,2009,0.333
1440,2010,0.324
1440,2011,0.347
1440,2012,0.349
1440,2013,0.356
1440,2014,0.367
1440,2015,0.362
1440,2016,0.355
1440,2017,0.368
1440,2018,0.367
1440,2019,0.366
1440,2020,0.332
1440,2021,0.334
1441,2005,0.33
1441,2006,0.387
1441,2007,0.332
1441,2008,0.336
1441,2009,0.33
1441,2010,0.339
1441,2011,0.356
1441,2012,0.348
1441,2013,0.377
1441,2014,0.384
1441,2015,0.37
1441,2016,0.359
1441,2017,0.367
1441,2018,0.368
1441,2019,0.377
1441,2020,0.34
1441,2021,0.322
1442,2005,0.363
1442,2006,0.39
1442,2007,0.331
1442,2008,0.337
1442,2009,0.341
1442,2010,0.342
1442,2011,0.343
1442,2012,0.322
1442,2013,0.364
1442,2014,0.363
1442,2015,0.361
1442,2016,0.356
1442,2017,0.371
1442,2018,0.376
1442,2019,0.362
1442,2020,0.321
1442,2021,0.325
1443,2005,0.349
1443,2006,0.368
1443,2007,0.318
1443,2008,0.348
1443,2009,0.36
1443,2010,0.329
1443,2011,0.352
1443,2012,0.355
1443,2013,0.358
1443,2014,0.364
1443,2015,0.37
1443,2016,0.378
1443,2017,0.366
1443,2018,0.367
1443,2019,0.37
1443,2020,0.325
1443,2021,0.336
1444,2005,0.346
1444,2006,0.344
1444,2007,0.326
1444,2008,0.363
1444,2009,0.351
1444,2010,0.339
1444,2011,0.364
1444,2012,0.375
1444,2013,0.355
1444,2014,0.36
1444,2015,0.345
1444,2016,0.356
1444,2017,0.343
1444,2018,0.349
1444,2019,0.353
1444,2020,0.323
1444,2021,0.321
1445,2005,0.325
1445,2006,0.322
1445,2007,0.288
1445,2008,0.313
1445,2009,0.301
1445,2010,0.309
1445,2011,0.333
1445,2012,0.329
1445,2013,0.34
1445,2014,0.352
1445,2015,0.349
1445,2016,0.357
1445,2017,0.365
1445,2018,0.38
1445,2019,0.383
1445,2020,0.346
1445,2021,0.343
1446,2005,0.286
1446,2006,0.311
1446,2007,0.298
1446,2008,0.318
1446,2009,0.329
1446,2010,0.353
1446,2011,0.357
1446,2012,0.332
1446,2013,0.358
1446,2014,0.363
1446,2015,0.382
1446,2016,0.365
1446,2017,0.381
1446,2018,0.377
1446,2019,0.382
1446,2020,0.34
1446,2021,0.368
1447,2005,0.327
1447,2006,0.332
1447,2007,0.34
1447,2008,0.35
1447,2009,0.345
1447,2010,0.344
1447,2011,0.35
1447,2012,0.302
1447,2013,0.344
1447,2014,0.339
1447,2015,0.356
1447,2016,0.348
1447,2017,0.368
1447,2018,0.372
1447,2019,0.374
1447,2020,0.338
1447,2021,0.365
1452,2005,0.281
1452,2006,0.304
1452,2007,0.278
1452,2008,0.302
1452,2009,0.314
1452,2010,0.295
1452,2011,0.304
1452,2012,0.315
1452,2013,0.319
1452,2014,0.321
1452,2015,0.342
1452,2016,0.346
1452,2017,0.345
1452,2018,0.349
1452,2019,0.356
1452,2020,0.317
1452,2021,0.316
1460,2005,0.32
1460,2006,0.326
1460,2007,0.316
1460,2008,0.343
1460,2009,0.327
1460,2010,0.326
1460,2011,0.34
1460,2012,0.328
1460,2013,0.322
1460,2014,0.332
1460,2015,0.3
1460,2016,0.27
1460,2017,0.274
1460,2018,0.286
1460,2019,0.278
1460,2020,0.26
1460,2021,0.254
1461,2005,0.334
1461,2006,0.349
1461,2007,0.319
1461,2008,0.34
1461,2009,0.319
1461,2010,0.309
1461,2011,0.338
1461,2012,0.328
1461,2013,0.326
1461,2014,0.325
1461,2015,0.313
1461,2016,0.296
1461,2017,0.297
1461,2018,0.297
1461,2019,0.291
1461,2020,0.268
1461,2021,0.278
1462,2005,0.397
1462,2006,0.39
1462,2007,0.355
1462,2008,0.365
1462,2009,0.355
1462,2010,0.35
1462,2011,0.362
1462,2012,0.343
1462,2013,0.344
1462,2014,0.372
1462,2015,0.373
1462,2016,0.364
1462,2017,0.36
1462,2018,0.359
1462,2019,0.361
1462,2020,0.334
1462,2021,0.34
1463,2005,0.306
1463,2006,0.323
1463,2007,0.302
1463,2008,0.317
1463,2009,0.328
1463,2010,0.317
1463,2011,0.329
1463,2012,0.339
1463,2013,0.354
1463,2014,0.362
1463,2015,0.364
1463,2016,0.361
1463,2017,0.358
1463,2018,0.369
1463,2019,0.369
1463,2020,0.319
1463,2021,0.318
1465,2005,0.298
1465,2006,0.315
1465,2007,0.29
1465,2008,0.317
1465,2009,0.342
1465,2010,0.325
1465,2011,0.332
1465,2012,0.337
1465,2013,0.346
1465,2014,0.359
1465,2015,0.362
1465,2016,0.358
1465,2017,0.358
1465,2018,0.37
1465,2019,0.37
1465,2020,0.321
1465,2021,0.326
1466,2005,0.343
1466,2006,0.354
1466,2007,0.32
1466,2008,0.32
1466,2009,0.344
1466,2010,0.34
1466,2011,0.354
1466,2012,0.343
1466,2013,0.359
1466,2014,0.364
1466,2015,0.367
1466,2016,0.361
1466,2017,0.375
1466,2018,0.364
1466,2019,0.374
1466,2020,0.319
1466,2021,0.327
1470,2005,0.289
1470,2006,0.316
1470,2007,0.29
1470,2008,0.318
1470,2009,0.323
1470,2010,0.33
1470,2011,0.343
1470,2012,0.301
1470,2013,0.321
1470,2014,0.349
1470,2015,0.36
1470,2016,0.357
1470,2017,0.357
1470,2018,0.355
1470,2019,0.367
1470,2020,0.341
1470,2021,0.348
1471,2005,0.327
1471,2006,0.363
1471,2007,0.334
1471,2008,0.357
1471,2009,0.363
1471,2010,0.374
1471,2011,0.383
1471,2012,0.332
1471,2013,0.351
1471,2014,0.363
1471,2015,0.357
1471,2016,0.363
1471,2017,0.365
1471,2018,0.364
1471,2019,0.386
1471,2020,0.362
1471,2021,0.366
1472,2005,0.342
1472,2006,0.332
1472,2007,0.339
1472,2008,0.343
1472,2009,0.353
1472,2010,0.378
1472,2011,0.377
1472,2012,0.335
1472,2013,0.369
1472,2014,0.359
1472,2015,0.366
1472,2016,0.37
1472,2017,0.365
1472,2018,0.378
1472,2019,0.379
1472,2020,0.34
1472,2021,0.366
1473,2005,0.341
1473,2006,0.354
1473,2007,0.335
1473,2008,0.352
1473,2009,0.35
1473,2010,0.345
1473,2011,0.374
1473,2012,0.338
1473,2013,0.363
1473,2014,0.354
1473,2015,0.37
1473,2016,0.379
1473,2017,0.379
1473,2018,0.384
1473,2019,0.382
1473,2020,0.337
1473,2021,0.364
1480,2005,0.343
1480,2006,0.42
1480,2007,0.358
1480,2008,0.361
1480,2009,0.327
1480,2010,0.316
1480,2011,0.358
1480,2012,0.346
1480,2013,0.366
1480,2014,0.384
1480,2015,0.361
1480,2016,0.351
1480,2017,0.351
1480,2018,0.361
1480,2019,0.358
1480,2020,0.322
1480,2021,0.318
1481,2005,0.353
1481,2006,0.41
1481,2007,0.349
1481,2008,0.353
1481,2009,0.342
1481,2010,0.337
1481,2011,0.351
1481,2012,0.352
1481,2013,0.346
1481,2014,0.362
1481,2015,0.348
1481,2016,0.339
1481,2017,0.342
1481,2018,0.342
1481,2019,0.348
1481,2020,0.312
1481,2021,0.306
1482,2005,0.331
1482,2006,0.377
1482,2007,0.347
1482,2008,0.346
1482,2009,0.335
1482,2010,0.327
1482,2011,0.347
1482,2012,0.353
1482,2013,0.354
1482,2014,0.367
1482,2015,0.361
1482,2016,0.357
1482,2017,0.373
1482,2018,0.379
1482,2019,0.382
1482,2020,0.345
1482,2021,0.348
1484,2005,0.361
1484,2006,0.379
1484,2007,0.343
1484,2008,0.347
1484,2009,0.343
1484,2010,0.341
1484,2011,0.365
1484,2012,0.365
1484,2013,0.372
1484,2014,0.38
1484,2015,0.338
1484,2016,0.308
1484,2017,0.324
1484,2018,0.328
1484,2019,0.315
1484,2020,0.283
1484,2021,0.289
1485,2005,0.41
1485,2006,0.408
1485,2007,0.37
1485,2008,0.386
1485,2009,0.343
1485,2010,0.353
1485,2011,0.373
1485,2012,0.366
1485,2013,0.363
1485,2014,0.366
1485,2015,0.378
1485,2016,0.365
1485,2017,0.37
1485,2018,0.372
1485,2019,0.375
1485,2020,0.345
1485,2021,0.353
1486,2005,0.318
1486,2006,0.334
1486,2007,0.304
1486,2008,0.325
1486,2009,0.322
1486,2010,0.31
1486,2011,0.326
1486,2012,0.317
1486,2013,0.311
1486,2014,0.32
1486,2015,0.301
1486,2016,0.274
1486,2017,0.272
1486,2018,0.281
1486,2019,0.279
1486,2020,0.259
1486,2021,0.262
1487,2005,0.366
1487,2006,0.366
1487,2007,0.33
1487,2008,0.344
1487,2009,0.341
1487,2010,0.342
1487,2011,0.351
1487,2012,0.36
1487,2013,0.353
1487,2014,0.368
1487,2015,0.369
1487,2016,0.365
1487,2017,0.373
1487,2018,0.38
1487,2019,0.383
1487,2020,0.348
1487,2021,0.354
1488,2005,0.383
1488,2006,0.36
1488,2007,0.337
1488,2008,0.347
1488,2009,0.335
1488,2010,0.323
1488,2011,0.341
1488,2012,0.342
1488,2013,0.335
1488,2014,0.349
1488,2015,0.357
1488,2016,0.356
1488,2017,0.361
1488,2018,0.36
1488,2019,0.362
1488,2020,0.334
1488,2021,0.334
1489,2005,0.392
1489,2006,0.42
1489,2007,0.352
1489,2008,0.351
1489,2009,0.355
1489,2010,0.368
1489,2011,0.379
1489,2012,0.349
1489,2013,0.385
1489,2014,0.398
1489,2015,0.395
1489,2016,0.384
1489,2017,0.388
1489,2018,0.379
1489,2019,0.376
1489,2020,0.341
1489,2021,0.34
1490,2005,0.384
1490,2006,0.41
1490,2007,0.335
1490,2008,0.35
1490,2009,0.378
1490,2010,0.344
1490,2011,0.355
1490,2012,0.352
1490,2013,0.369
1490,2014,0.373
1490,2015,0.376
1490,2016,0.374
1490,2017,0.379
1490,2018,0.377
1490,2019,0.379
1490,2020,0.332
1490,2021,0.34
1491,2005,0.281
1491,2006,0.294
1491,2007,0.277
1491,2008,0.281
1491,2009,0.296
1491,2010,0.305
1491,2011,0.313
1491,2012,0.304
1491,2013,0.323
1491,2014,0.32
1491,2015,0.338
1491,2016,0.342
1491,2017,0.342
1491,2018,0.361
1491,2019,0.359
1491,2020,0.316
1491,2021,0.322
1492,2005,0.29
1492,2006,0.335
1492,2007,0.284
1492,2008,0.326
1492,2009,0.308
1492,2010,0.307
1492,2011,0.33
1492,2012,0.335
1492,2013,0.337
1492,2014,0.331
1492,2015,0.318
1492,2016,0.284
1492,2017,0.29
1492,2018,0.288
1492,2019,0.291
1492,2020,0.269
1492,2021,0.266
1493,2005,0.329
1493,2006,0.354
1493,2007,0.346
1493,2008,0.339
1493,2009,0.343
1493,2010,0.366
1493,2011,0.371
1493,2012,0.332
1493,2013,0.355
1493,2014,0.367
1493,2015,0.379
1493,2016,0.379
1493,2017,0.381
1493,2018,0.389
1493,2019,0.388
1493,2020,0.348
1493,2021,0.368
1494,2005,0.343
1494,2006,0.386
1494,2007,0.336
1494,2008,0.368
1494,2009,0.38
1494,2010,0.376
1494,2011,0.398
1494,2012,0.346
1494,2013,0.356
1494,2014,0.385
1494,2015,0.371
1494,2016,0.368
1494,2017,0.376
1494,2018,0.376
1494,2019,0.382
1494,2020,0.356
1494,2021,0.364
1495,2005,0.31
1495,2006,0.345
1495,2007,0.329
1495,2008,0.356
1495,2009,0.351
1495,2010,0.352
1495,2011,0.356
1495,2012,0.326
1495,2013,0.345
1495,2014,0.362
1495,2015,0.368
1495,2016,0.379
1495,2017,0.385
1495,2018,0.383
1495,2019,0.39
1495,2020,0.356
1495,2021,0.37
1496,2005,0.337
1496,2006,0.355
1496,2007,0.335
1496,2008,0.344
1496,2009,0.341
1496,2010,0.356
1496,2011,0.362
1496,2012,0.317
1496,2013,0.353
1496,2014,0.367
1496,2015,0.373
1496,2016,0.381
1496,2017,0.378
1496,2018,0.391
1496,2019,0.385
1496,2020,0.347
1496,2021,0.365
1497,2005,0.307
1497,2006,0.325
1497,2007,0.318
1497,2008,0.329
1497,2009,0.327
1497,2010,0.332
1497,2011,0.346
1497,2012,0.317
1497,2013,0.34
1497,2014,0.353
1497,2015,0.359
1497,2016,0.362
1497,2017,0.366
1497,2018,0.389
1497,2019,0.398
1497,2020,0.357
1497,2021,0.363
1498,2005,0.308
1498,2006,0.328
1498,2007,0.308
1498,2008,0.318
1498,2009,0.321
1498,2010,0.333
1498,2011,0.344
1498,2012,0.315
1498,2013,0.345
1498,2014,0.34
1498,2015,0.359
1498,2016,0.362
1498,2017,0.37
1498,2018,0.38
1498,2019,0.378
1498,2020,0.337
1498,2021,0.378
1499,2005,0.326
1499,2006,0.343
1499,2007,0.327
1499,2008,0.329
1499,2009,0.334
1499,2010,0.331
1499,2011,0.353
1499,2012,0.316
1499,2013,0.341
1499,2014,0.347
1499,2015,0.358
1499,2016,0.362
1499,2017,0.367
1499,2018,0.372
1499,2019,0.373
1499,2020,0.339
1499,2021,0.354
1715,2005,0.322
1715,2006,0.322
1715,2007,0.345
1715,2008,0.371
1715,2009,0.346
1715,2010,0.358
1715,2011,0.349
1715,2012,0.398
1715,2013,0.396
1715,2014,0.399
1715,2015,0.409
1715,2016,0.424
1715,2017,0.427
1715,2018,0.421
1715,2019,0.414
1715,2020,0.384
1715,2021,0.388
1730,2005,0.206
1730,2006,0.208
1730,2007,0.254
1730,2008,0.271
1730,2009,0.3
1730,2010,0.332
1730,2011,0.33
1730,2012,0.346
1730,2013,0.369
1730,2014,0.373
1730,2015,0.378
1730,2016,0.382
1730,2017,0.375
1730,2018,0.376
1730,2019,0.39
1730,2020,0.348
1730,2021,0.361
1737,2005,0.213
1737,2006,0.196
1737,2007,0.239
1737,2008,0.262
1737,2009,0.335
1737,2010,0.354
1737,2011,0.362
1737,2012,0.272
1737,2013,0.424
1737,2014,0.438
1737,2015,0.435
1737,2016,0.432
1737,2017,0.456
1737,2018,0.46
1737,2019,0.453
1737,2020,0.408
1737,2021,0.418
1760,2005,0.321
1760,2006,0.269
1760,2007,0.288
1760,2008,0.314
1760,2009,0.345
1760,2010,0.39
1760,2011,0.386
1760,2012,0.379
1760,2013,0.374
1760,2014,0.399
1760,2015,0.411
1760,2016,0.406
1760,2017,0.41
1760,2018,0.401
1760,2019,0.412
1760,2020,0.386
1760,2021,0.398
1761,2005,0.307
1761,2006,0.309
1761,2007,0.339
1761,2008,0.366
1761,2009,0.347
1761,2010,0.346
1761,2011,0.34
1761,2012,0.375
1761,2013,0.375
1761,2014,0.374
1761,2015,0.37
1761,2016,0.383
1761,2017,0.394
1761,2018,0.377
1761,2019,0.381
1761,2020,0.344
1761,2021,0.357
1762,2005,0.288
1762,2006,0.275
1762,2007,0.303
1762,2008,0.312
1762,2009,0.328
1762,2010,0.353
1762,2011,0.343
1762,2012,0.326
1762,2013,0.404
1762,2014,0.411
1762,2015,0.394
1762,2016,0.392
1762,2017,0.408
1762,2018,0.409
1762,2019,0.399
1762,2020,0.355
1762,2021,0.364
1763,2005,0.316
1763,2006,0.312
1763,2007,0.332
1763,2008,0.37
1763,2009,0.349
1763,2010,0.348
1763,2011,0.337
1763,2012,0.378
1763,2013,0.373
1763,2014,0.393
1763,2015,0.395
1763,2016,0.404
1763,2017,0.396
1763,2018,0.399
1763,2019,0.408
1763,2020,0.363
1763,2021,0.377
1764,2005,0.308
1764,2006,0.326
1764,2007,0.319
1764,2008,0.363
1764,2009,0.337
1764,2010,0.361
1764,2011,0.354
1764,2012,0.395
1764,2013,0.383
1764,2014,0.391
1764,2015,0.39
1764,2016,0.4
1764,2017,0.405
1764,2018,0.408
1764,2019,0.407
1764,2020,0.375
1764,2021,0.381
1765,2005,0.217
1765,2006,0.249
1765,2007,0.249
1765,2008,0.296
1765,2009,0.3
1765,2010,0.327
1765,2011,0.307
1765,2012,0.326
1765,2013,0.341
1765,2014,0.356
1765,2015,0.361
1765,2016,0.356
1765,2017,0.358
1765,2018,0.355
1765,2019,0.358
1765,2020,0.332
1765,2021,0.345
1766,2005,0.229
1766,2006,0.215
1766,2007,0.242
1766,2008,0.267
1766,2009,0.304
1766,2010,0.321
1766,2011,0.313
1766,2012,0.271
1766,2013,0.378
1766,2014,0.388
1766,2015,0.384
1766,2016,0.395
1766,2017,0.404
1766,2018,0.411
1766,2019,0.419
1766,2020,0.377
1766,2021,0.388
1780,2005,0.333
1780,2006,0.335
1780,2007,0.353
1780,2008,0.384
1780,2009,0.365
1780,2010,0.371
1780,2011,0.364
1780,2012,0.402
1780,2013,0.399
1780,2014,0.405
1780,2015,0.397
1780,2016,0.412
1780,2017,0.413
1780,2018,0.404
1780,2019,0.401
1780,2020,0.367
1780,2021,0.372
1781,2005,0.28
1781,2006,0.218
1781,2007,0.237
1781,2008,0.282
1781,2009,0.315
1781,2010,0.376
1781,2011,0.371
1781,2012,0.386
1781,2013,0.389
1781,2014,0.399
1781,2015,0.398
1781,2016,0.403
1781,2017,0.408
1781,2018,0.408
1781,2019,0.407
1781,2020,0.375
1781,2021,0.389
1782,2005,0.299
1782,2006,0.248
1782,2007,0.265
1782,2008,0.298
1782,2009,0.312
1782,2010,0.34
1782,2011,0.337
1782,2012,0.363
1782,2013,0.363
1782,2014,0.365
1782,2015,0.369
1782,2016,0.372
1782,2017,0.384
1782,2018,0.374
1782,2019,0.383
1782,2020,0.356
1782,2021,0.366
1783,2005,0.218
1783,2006,0.213
1783,2007,0.246
1783,2008,0.275
1783,2009,0.326
1783,2010,0.352
1783,2011,0.344
1783,2012,0.292
1783,2013,0.41
1783,2014,0.406
1783,2015,0.425
1783,2016,0.424
1783,2017,0.443
1783,2018,0.434
1783,2019,0.423
1783,2020,0.395
1783,2021,0.404
1784,2005,0.227
1784,2006,0.222
1784,2007,0.273
1784,2008,0.301
1784,2009,0.318
1784,2010,0.36
1784,2011,0.335
1784,2012,0.385
1784,2013,0.421
1784,2014,0.409
1784,2015,0.413
1784,2016,0.407
1784,2017,0.416
1784,2018,0.41
1784,2019,0.416
1784,2020,0.375
1784,2021,0.391
1785,2005,0.228
1785,2006,0.315
1785,2007,0.246
1785,2008,0.334
1785,2009,0.293
1785,2010,0.326
1785,2011,0.328
1785,2012,0.36
1785,2013,0.358
1785,2014,0.368
1785,2015,0.364
1785,2016,0.367
1785,2017,0.363
1785,2018,0.371
1785,2019,0.371
1785,2020,0.339
1785,2021,0.35
1814,2005,0.328
1814,2006,0.336
1814,2007,0.334
1814,2008,0.338
1814,2009,0.34
1814,2010,0.364
1814,2011,0.371
1814,2012,0.394
1814,2013,0.377
1814,2014,0.393
1814,2015,0.386
1814,2016,0.39
1814,2017,0.367
1814,2018,0.355
1814,2019,0.383
1814,2020,0.353
1814,2021,0.368
1860,2005,0.347
1860,2006,0.356
1860,2007,0.351
1860,2008,0.354
1860,2009,0.371
1860,2010,0.385
1860,2011,0.392
1860,2012,0.393
1860,2013,0.384
1860,2014,0.391
1860,2015,0.398
1860,2016,0.416
1860,2017,0.421
1860,2018,0.392
1860,2019,0.406
1860,2020,0.384
1860,2021,0.407
1861,2005,0.33
1861,2006,0.34
1861,2007,0.345
1861,2008,0.354
1861,2009,0.351
1861,2010,0.363
1861,2011,0.376
1861,2012,0.406
1861,2013,0.392
1861,2014,0.401
1861,2015,0.39
1861,2016,0.395
1861,2017,0.37
1861,2018,0.378
1861,2019,0.393
1861,2020,0.378
1861,2021,0.395
1862,2005,0.407
1862,2006,0.424
1862,2007,0.444
1862,2008,0.435
1862,2009,0.444
1862,2010,0.453
1862,2011,0.436
1862,2012,0.435
1862,2013,0.425
1862,2014,0.44
1862,2015,0.445
1862,2016,0.457
1862,2017,0.458
1862,2018,0.437
1862,2019,0.454
1862,2020,0.426
1862,2021,0.437
1863,2005,0.334
1863,2006,0.349
1863,2007,0.336
1863,2008,0.362
1863,2009,0.364
1863,2010,0.369
1863,2011,0.382
1863,2012,0.38
1863,2013,0.38
1863,2014,0.383
1863,2015,0.383
1863,2016,0.378
1863,2017,0.385
1863,2018,0.396
1863,2019,0.401
1863,2020,0.377
1863,2021,0.393
1864,2005,0.355
1864,2006,0.356
1864,2007,0.365
1864,2008,0.391
1864,2009,0.375
1864,2010,0.393
1864,2011,0.395
1864,2012,0.409
1864,2013,0.389
1864,2014,0.391
1864,2015,0.423
1864,2016,0.415
1864,2017,0.394
1864,2018,0.409
1864,2019,0.403
1864,2020,0.384
1864,2021,0.409
1880,2005,0.343
1880,2006,0.347
1880,2007,0.345
1880,2008,0.354
1880,2009,0.357
1880,2010,0.371
1880,2011,0.403
1880,2012,0.411
1880,2013,0.404
1880,2014,0.41
1880,2015,0.397
1880,2016,0.405
1880,2017,0.388
1880,2018,0.392
1880,2019,0.401
1880,2020,0.387
1880,2021,0.403
1881,2005,0.315
1881,2006,0.32
1881,2007,0.328
1881,2008,0.336
1881,2009,0.34
1881,2010,0.346
1881,2011,0.37
1881,2012,0.387
1881,2013,0.381
1881,2014,0.397
1881,2015,0.39
1881,2016,0.394
1881,2017,0.378
1881,2018,0.391
1881,2019,0.397
1881,2020,0.38
1881,2021,0.391
1882,2005,0.318
1882,2006,0.325
1882,2007,0.321
1882,2008,0.331
1882,2009,0.338
1882,2010,0.345
1882,2011,0.361
1882,2012,0.388
1882,2013,0.375
1882,2014,0.378
1882,2015,0.371
1882,2016,0.386
1882,2017,0.386
1882,2018,0.39
1882,2019,0.402
1882,2020,0.374
1882,2021,0.39
1883,2005,0.425
1883,2006,0.43
1883,2007,0.435
1883,2008,0.441
1883,2009,0.44
1883,2010,0.456
1883,2011,0.432
1883,2012,0.431
1883,2013,0.435
1883,2014,0.445
1883,2015,0.454
1883,2016,0.456
1883,2017,0.457
1883,2018,0.448
1883,2019,0.448
1883,2020,0.414
1883,2021,0.436
1884,2005,0.362
1884,2006,0.366
1884,2007,0.368
1884,2008,0.374
1884,2009,0.373
1884,2010,0.387
1884,2011,0.386
1884,2012,0.393
1884,2013,0.395
1884,2014,0.404
1884,2015,0.402
1884,2016,0.403
1884,2017,0.403
1884,2018,0.403
1884,2019,0.421
1884,2020,0.402
1884,2021,0.423
1885,2005,0.393
1885,2006,0.398
1885,2007,0.398
1885,2008,0.41
1885,2009,0.411
1885,2010,0.413
1885,2011,0.408
1885,2012,0.409
1885,2013,0.407
1885,2014,0.422
1885,2015,0.414
1885,2016,0.43
1885,2017,0.431
1885,2018,0.435
1885,2019,0.441
1885,2020,0.413
1885,2021,0.436
1904,2005,0.326
1904,2006,0.324
1904,2007,0.34
1904,2008,0.35
1904,2009,0.344
1904,2010,0.358
1904,2011,0.381
1904,2012,0.405
1904,2013,0.404
1904,2014,0.389
1904,2015,0.401
1904,2016,0.43
1904,2017,0.42
1904,2018,0.415
1904,2019,0.418
1904,2020,0.401
1904,2021,0.425
1907,2005,0.315
1907,2006,0.326
1907,2007,0.332
1907,2008,0.332
1907,2009,0.344
1907,2010,0.348
1907,2011,0.377
1907,2012,0.389
1907,2013,0.386
1907,2014,0.404
1907,2015,0.403
1907,2016,0.398
1907,2017,0.396
1907,2018,0.398
1907,2019,0.402
1907,2020,0.382
1907,2021,0.416
1960,2005,0.334
1960,2006,0.348
1960,2007,0.359
1960,2008,0.388
1960,2009,0.372
1960,2010,0.36
1960,2011,0.381
1960,2012,0.401
1960,2013,0.397
1960,2014,0.373
1960,2015,0.386
1960,2016,0.389
1960,2017,0.389
1960,2018,0.402
1960,2019,0.392
1960,2020,0.377
1960,2021,0.387
1961,2005,0.32
1961,2006,0.327
1961,2007,0.339
1961,2008,0.356
1961,2009,0.366
1961,2010,0.363
1961,2011,0.386
1961,2012,0.422
1961,2013,0.418
1961,2014,0.433
1961,2015,0.418
1961,2016,0.412
1961,2017,0.404
1961,2018,0.397
1961,2019,0.393
1961,2020,0.399
1961,2021,0.415
1962,2005,0.272
1962,2006,0.296
1962,2007,0.302
1962,2008,0.319
1962,2009,0.316
1962,2010,0.322
1962,2011,0.343
1962,2012,0.357
1962,2013,0.375
1962,2014,0.384
1962,2015,0.374
1962,2016,0.401
1962,2017,0.417
1962,2018,0.419
1962,2019,0.42
1962,2020,0.405
1962,2021,0.418
1980,2005,0.343
1980,2006,0.342
1980,2007,0.353
1980,2008,0.354
1980,2009,0.363
1980,2010,0.368
1980,2011,0.406
1980,2012,0.422
1980,2013,0.419
1980,2014,0.421
1980,2015,0.417
1980,2016,0.405
1980,2017,0.398
1980,2018,0.396
1980,2019,0.396
1980,2020,0.397
1980,2021,0.417
1981,2005,0.358
1981,2006,0.354
1981,2007,0.369
1981,2008,0.379
1981,2009,0.386
1981,2010,0.381
1981,2011,0.402
1981,2012,0.409
1981,2013,0.41
1981,2014,0.414
1981,2015,0.411
1981,2016,0.411
1981,2017,0.401
1981,2018,0.389
1981,2019,0.402
1981,2020,0.388
1981,2021,0.41
1982,2005,0.295
1982,2006,0.312
1982,2007,0.321
1982,2008,0.323
1982,2009,0.341
1982,2010,0.332
1982,2011,0.35
1982,2012,0.359
1982,2013,0.371
1982,2014,0.377
1982,2015,0.361
1982,2016,0.388
1982,2017,0.404
1982,2018,0.397
1982,2019,0.403
1982,2020,0.401
1982,2021,0.418
1983,2005,0.366
1983,2006,0.373
1983,2007,0.38
1983,2008,0.391
1983,2009,0.368
1983,2010,0.365
1983,2011,0.384
1983,2012,0.415
1983,2013,0.416
1983,2014,0.392
1983,2015,0.408
1983,2016,0.417
1983,2017,0.405
1983,2018,0.397
1983,2019,0.399
1983,2020,0.38
1983,2021,0.402
1984,2005,0.347
1984,2006,0.356
1984,2007,0.379
1984,2008,0.384
1984,2009,0.376
1984,2010,0.359
1984,2011,0.39
1984,2012,0.411
1984,2013,0.406
1984,2014,0.391
1984,2015,0.398
1984,2016,0.398
1984,2017,0.395
1984,2018,0.394
1984,2019,0.397
1984,2020,0.388
1984,2021,0.401
2021,2005,0.299
2021,2006,0.307
2021,2007,0.334
2021,2008,0.324
2021,2009,0.333
2021,2010,0.346
2021,2011,0.355
2021,2012,0.357
2021,2013,0.359
2021,2014,0.358
2021,2015,0.382
2021,2016,0.374
2021,2017,0.375
2021,2018,0.39
2021,2019,0.387
2021,2020,0.352
2021,2021,0.376
2023,2005,0.277
2023,2006,0.297
2023,2007,0.309
2023,2008,0.312
2023,2009,0.312
2023,2010,0.313
2023,2011,0.323
2023,2012,0.312
2023,2013,0.327
2023,2014,0.33
2023,2015,0.356
2023,2016,0.347
2023,2017,0.347
2023,2018,0.356
2023,2019,0.361
2023,2020,0.319
2023,2021,0.347
2026,2005,0.327
2026,2006,0.349
2026,2007,0.347
2026,2008,0.36
2026,2009,0.365
2026,2010,0.372
2026,2011,0.38
2026,2012,0.364
2026,2013,0.368
2026,2014,0.378
2026,2015,0.393
2026,2016,0.389
2026,2017,0.39
2026,2018,0.393
2026,2019,0.39
2026,2020,0.363
2026,2021,0.371
2029,2005,0.32
2029,2006,0.334
2029,2007,0.349
2029,2008,0.351
2029,2009,0.362
2029,2010,0.361
2029,2011,0.368
2029,2012,0.369
2029,2013,0.362
2029,2014,0.368
2029,2015,0.385
2029,2016,0.372
2029,2017,0.379
2029,2018,0.382
2029,2019,0.386
2029,2020,0.348
2029,2021,0.377
2031,2005,0.328
2031,2006,0.344
2031,2007,0.348
2031,2008,0.353
2031,2009,0.371
2031,2010,0.383
2031,2011,0.407
2031,2012,0.409
2031,2013,0.41
2031,2014,0.425
2031,2015,0.437
2031,2016,0.419
2031,2017,0.419
2031,2018,0.427
2031,2019,0.431
2031,2020,0.381
2031,2021,0.411
2034,2005,0.351
2034,2006,0.372
2034,2007,0.4
2034,2008,0.403
2034,2009,0.4
2034,2010,0.399
2034,2011,0.41
2034,2012,0.415
2034,2013,0.427
2034,2014,0.437
2034,2015,0.472
2034,2016,0.452
2034,2017,0.44
2034,2018,0.457
2034,2019,0.446
2034,2020,0.406
2034,2021,0.432
2039,2005,0.295
2039,2006,0.287
2039,2007,0.293
2039,2008,0.309
2039,2009,0.31
2039,2010,0.33
2039,2011,0.326
2039,2012,0.325
2039,2013,0.34
2039,2014,0.347
2039,2015,0.381
2039,2016,0.372
2039,2017,0.36
2039,2018,0.367
2039,2019,0.372
2039,2020,0.329
2039,2021,0.348
2061,2005,0.296
2061,2006,0.315
2061,2007,0.315
2061,2008,0.337
2061,2009,0.344
2061,2010,0.355
2061,2011,0.374
2061,2012,0.364
2061,2013,0.371
2061,2014,0.379
2061,2015,0.382
2061,2016,0.369
2061,2017,0.376
2061,2018,0.373
2061,2019,0.379
2061,2020,0.347
2061,2021,0.356
2062,2005,0.393
2062,2006,0.391
2062,2007,0.41
2062,2008,0.411
2062,2009,0.412
2062,2010,0.41
2062,2011,0.423
2062,2012,0.416
2062,2013,0.437
2062,2014,0.445
2062,2015,0.465
2062,2016,0.459
2062,2017,0.439
2062,2018,0.452
2062,2019,0.451
2062,2020,0.405
2062,2021,0.417
2080,2005,0.377
2080,2006,0.383
2080,2007,0.378
2080,2008,0.394
2080,2009,0.394
2080,2010,0.398
2080,2011,0.414
2080,2012,0.403
2080,2013,0.392
2080,2014,0.399
2080,2015,0.414
2080,2016,0.406
2080,2017,0.403
2080,2018,0.406
2080,2019,0.41
2080,2020,0.377
2080,2021,0.395
2081,2005,0.343
2081,2006,0.358
2081,2007,0.361
2081,2008,0.369
2081,2009,0.369
2081,2010,0.37
2081,2011,0.382
2081,2012,0.369
2081,2013,0.378
2081,2014,0.378
2081,2015,0.393
2081,2016,0.382
2081,2017,0.378
2081,2018,0.379
2081,2019,0.388
2081,2020,0.355
2081,2021,0.376
2082,2005,0.338
2082,2006,0.349
2082,2007,0.365
2082,2008,0.356
2082,2009,0.356
2082,2010,0.351
2082,2011,0.363
2082,2012,0.365
2082,2013,0.359
2082,2014,0.357
2082,2015,0.376
2082,2016,0.381
2082,2017,0.376
2082,2018,0.384
2082,2019,0.386
2082,2020,0.36
2082,2021,0.38
2083,2005,0.343
2083,2006,0.353
2083,2007,0.347
2083,2008,0.353
2083,2009,0.375
2083,2010,0.379
2083,2011,0.378
2083,2012,0.363
2083,2013,0.389
2083,2014,0.391
2083,2015,0.398
2083,2016,0.388
2083,2017,0.389
2083,2018,0.404
2083,2019,0.39
2083,2020,0.357
2083,2021,0.379
2084,2005,0.358
2084,2006,0.373
2084,2007,0.366
2084,2008,0.366
2084,2009,0.379
2084,2010,0.412
2084,2011,0.373
2084,2012,0.363
2084,2013,0.392
2084,2014,0.398
2084,2015,0.398
2084,2016,0.385
2084,2017,0.404
2084,2018,0.406
2084,2019,0.41
2084,2020,0.362
2084,2021,0.393
2085,2005,0.288
2085,2006,0.318
2085,2007,0.322
2085,2008,0.318
2085,2009,0.335
2085,2010,0.339
2085,2011,0.347
2085,2012,0.337
2085,2013,0.354
2085,2014,0.365
2085,2015,0.361
2085,2016,0.351
2085,2017,0.365
2085,2018,0.366
2085,2019,0.369
2085,2020,0.346
2085,2021,0.345
2101,2005,0.256
2101,2006,0.248
2101,2007,0.275
2101,2008,0.295
2101,2009,0.294
2101,2010,0.288
2101,2011,0.321
2101,2012,0.31
2101,2013,0.329
2101,2014,0.326
2101,2015,0.361
2101,2016,0.343
2101,2017,0.341
2101,2018,0.355
2101,2019,0.371
2101,2020,0.334
2101,2021,0.344
2104,2005,0.284
2104,2006,0.279
2104,2007,0.286
2104,2008,0.32
2104,2009,0.322
2104,2010,0.336
2104,2011,0.36
2104,2012,0.361
2104,2013,0.356
2104,2014,0.353
2104,2015,0.4
2104,2016,0.39
2104,2017,0.384
2104,2018,0.389
2104,2019,0.395
2104,2020,0.353
2104,2021,0.36
2121,2005,0.246
2121,2006,0.251
2121,2007,0.276
2121,2008,0.28
2121,2009,0.284
2121,2010,0.305
2121,2011,0.346
2121,2012,0.316
2121,2013,0.316
2121,2014,0.317
2121,2015,0.342
2121,2016,0.356
2121,2017,0.359
2121,2018,0.37
2121,2019,0.373
2121,2020,0.346
2121,2021,0.358
2132,2005,0.315
2132,2006,0.315
2132,2007,0.317
2132,2008,0.348
2132,2009,0.363
2132,2010,0.371
2132,2011,0.386
2132,2012,0.391
2132,2013,0.367
2132,2014,0.377
2132,2015,0.409
2132,2016,0.413
2132,2017,0.413
2132,2018,0.41
2132,2019,0.42
2132,2020,0.385
2132,2021,0.385
2161,2005,0.283
2161,2006,0.284
2161,2007,0.284
2161,2008,0.291
2161,2009,0.301
2161,2010,0.306
2161,2011,0.317
2161,2012,0.323
2161,2013,0.327
2161,2014,0.332
2161,2015,0.361
2161,2016,0.358
2161,2017,0.357
2161,2018,0.356
2161,2019,0.352
2161,2020,0.335
2161,2021,0.345
2180,2005,0.312
2180,2006,0.297
2180,2007,0.326
2180,2008,0.354
2180,2009,0.356
2180,2010,0.352
2180,2011,0.376
2180,2012,0.375
2180,2013,0.375
2180,2014,0.38
2180,2015,0.404
2180,2016,0.399
2180,2017,0.396
2180,2018,0.4
2180,2019,0.41
2180,2020,0.375
2180,2021,0.383
2181,2005,0.283
2181,2006,0.276
2181,2007,0.296
2181,2008,0.32
2181,2009,0.328
2181,2010,0.335
2181,2011,0.35
2181,2012,0.351
2181,2013,0.344
2181,2014,0.35
2181,2015,0.38
2181,2016,0.377
2181,2017,0.373
2181,2018,0.371
2181,2019,0.379
2181,2020,0.358
2181,2021,0.366
2182,2005,0.283
2182,2006,0.28
2182,2007,0.299
2182,2008,0.33
2182,2009,0.52
2182,2010,0.521
2182,2011,0.358
2182,2012,0.343
2182,2013,0.356
2182,2014,0.361
2182,2015,0.391
2182,2016,0.376
2182,2017,0.372
2182,2018,0.382
2182,2019,0.381
2182,2020,0.358
2182,2021,0.376
2183,2005,0.294
2183,2006,0.287
2183,2007,0.299
2183,2008,0.312
2183,2009,0.315
2183,2010,0.321
2183,2011,0.376
2183,2012,0.325
2183,2013,0.316
2183,2014,0.331
2183,2015,0.363
2183,2016,0.372
2183,2017,0.368
2183,2018,0.382
2183,2019,0.392
2183,2020,0.352
2183,2021,0.369
2184,2005,0.346
2184,2006,0.349
2184,2007,0.347
2184,2008,0.385
2184,2009,0.391
2184,2010,0.404
2184,2011,0.402
2184,2012,0.413
2184,2013,0.384
2184,2014,0.394
2184,2015,0.423
2184,2016,0.418
2184,2017,0.412
2184,2018,0.417
2184,2019,0.418
2184,2020,0.394
2184,2021,0.399
2260,2005,0.278
2260,2006,0.302
2260,2007,0.3
2260,2008,0.296
2260,2009,0.305
2260,2010,0.312
2260,2011,0.31
2260,2012,0.324
2260,2013,0.331
2260,2014,0.347
2260,2015,0.355
2260,2016,0.354
2260,2017,0.36
2260,2018,0.36
2260,2019,0.367
2260,2020,0.331
2260,2021,0.338
2262,2005,0.293
2262,2006,0.321
2262,2007,0.311
2262,2008,0.317
2262,2009,0.328
2262,2010,0.326
2262,2011,0.324
2262,2012,0.343
2262,2013,0.345
2262,2014,0.367
2262,2015,0.382
2262,2016,0.39
2262,2017,0.392
2262,2018,0.393
2262,2019,0.393
2262,2020,0.375
2262,2021,0.384
2280,2005,0.317
2280,2006,0.348
2280,2007,0.35
2280,2008,0.355
2280,2009,0.346
2280,2010,0.37
2280,2011,0.341
2280,2012,0.371
2280,2013,0.365
2280,2014,0.379
2280,2015,0.393
2280,2016,0.35
2280,2017,0.352
2280,2018,0.355
2280,2019,0.35
2280,2020,0.338
2280,2021,0.356
2281,2005,0.304
2281,2006,0.334
2281,2007,0.332
2281,2008,0.331
2281,2009,0.333
2281,2010,0.331
2281,2011,0.337
2281,2012,0.357
2281,2013,0.363
2281,2014,0.387
2281,2015,0.396
2281,2016,0.392
2281,2017,0.395
2281,2018,0.394
2281,2019,0.398
2281,2020,0.366
2281,2021,0.375
2282,2005,0.309
2282,2006,0.335
2282,2007,0.348
2282,2008,0.357
2282,2009,0.348
2282,2010,0.363
2282,2011,0.369
2282,2012,0.383
2282,2013,0.388
2282,2014,0.402
2282,2015,0.415
2282,2016,0.402
2282,2017,0.42
2282,2018,0.417
2282,2019,0.414
2282,2020,0.387
2282,2021,0.403
2283,2005,0.4
2283,2006,0.416
2283,2007,0.429
2283,2008,0.437
2283,2009,0.42
2283,2010,0.423
2283,2011,0.432
2283,2012,0.442
2283,2013,0.453
2283,2014,0.455
2283,2015,0.474
2283,2016,0.46
2283,2017,0.462
2283,2018,0.455
2283,2019,0.461
2283,2020,0.434
2283,2021,0.434
2284,2005,0.276
2284,2006,0.368
2284,2007,0.365
2284,2008,0.369
2284,2009,0.363
2284,2010,0.351
2284,2011,0.364
2284,2012,0.378
2284,2013,0.384
2284,2014,0.387
2284,2015,0.401
2284,2016,0.406
2284,2017,0.409
2284,2018,0.418
2284,2019,0.421
2284,2020,0.402
2284,2021,0.405
2303,2005,0.308
2303,2006,0.273
2303,2007,0.322
2303,2008,0.358
2303,2009,0.353
2303,2010,0.358
2303,2011,0.357
2303,2012,0.367
2303,2013,0.368
2303,2014,0.387
2303,2015,0.368
2303,2016,0.361
2303,2017,0.383
2303,2018,0.384
2303,2019,0.388
2303,2020,0.364
2303,2021,0.373
2305,2005,0.302
2305,2006,0.279
2305,2007,0.318
2305,2008,0.327
2305,2009,0.321
2305,2010,0.335
2305,2011,0.324
2305,2012,0.348
2305,2013,0.348
2305,2014,0.361
2305,2015,0.343
2305,2016,0.359
2305,2017,0.366
2305,2018,0.353
2305,2019,0.376
2305,2020,0.348
2305,2021,0.361
2309,2005,0.31
2309,2006,0.269
2309,2007,0.317
2309,2008,0.324
2309,2009,0.315
2309,2010,0.325
2309,2011,0.316
2309,2012,0.329
2309,2013,0.343
2309,2014,0.36
2309,2015,0.351
2309,2016,0.351
2309,2017,0.358
2309,2018,0.36
2309,2019,0.369
2309,2020,0.354
2309,2021,0.358
2313,2005,0.275
2313,2006,0.264
2313,2007,0.283
2313,2008,0.289
2313,2009,0.291
2313,2010,0.298
2313,2011,0.298
2313,2012,0.309
2313,2013,0.3
2313,2014,0.315
2313,2015,0.309
2313,2016,0.322
2313,2017,0.34
2313,2018,0.343
2313,2019,0.352
2313,2020,0.334
2313,2021,0.342
2321,2005,0.26
2321,2006,0.235
2321,2007,0.261
2321,2008,0.27
2321,2009,0.266
2321,2010,0.281
2321,2011,0.279
2321,2012,0.291
2321,2013,0.296
2321,2014,0.316
2321,2015,0.301
2321,2016,0.31
2321,2017,0.326
2321,2018,0.318
2321,2019,0.336
2321,2020,0.305
2321,2021,0.31
2326,2005,0.308
2326,2006,0.257
2326,2007,0.306
2326,2008,0.321
2326,2009,0.31
2326,2010,0.329
2326,2011,0.319
2326,2012,0.351
2326,2013,0.341
2326,2014,0.356
2326,2015,0.333
2326,2016,0.348
2326,2017,0.364
2326,2018,0.357
2326,2019,0.362
2326,2020,0.349
2326,2021,0.357
2361,2005,0.259
2361,2006,0.247
2361,2007,0.281
2361,2008,0.268
2361,2009,0.263
2361,2010,0.288
2361,2011,0.28
2361,2012,0.309
2361,2013,0.299
2361,2014,0.31
2361,2015,0.296
2361,2016,0.314
2361,2017,0.317
2361,2018,0.309
2361,2019,0.318
2361,2020,0.298
2361,2021,0.316
2380,2005,0.35
2380,2006,0.3
2380,2007,0.359
2380,2008,0.362
2380,2009,0.35
2380,2010,0.374
2380,2011,0.358
2380,2012,0.384
2380,2013,0.39
2380,2014,0.412
2380,2015,0.39
2380,2016,0.405
2380,2017,0.404
2380,2018,0.396
2380,2019,0.409
2380,2020,0.386
2380,2021,0.392
2401,2005,0.343
2401,2006,0.332
2401,2007,0.367
2401,2008,0.394
2401,2009,0.382
2401,2010,0.38
2401,2011,0.358
2401,2012,0.353
2401,2013,0.365
2401,2014,0.369
2401,2015,0.399
2401,2016,0.399
2401,2017,0.395
2401,2018,0.402
2401,2019,0.408
2401,2020,0.398
2401,2021,0.409
2403,2005,0.298
2403,2006,0.296
2403,2007,0.377
2403,2008,0.389
2403,2009,0.373
2403,2010,0.376
2403,2011,0.359
2403,2012,0.35
2403,2013,0.355
2403,2014,0.375
2403,2015,0.398
2403,2016,0.387
2403,2017,0.39
2403,2018,0.395
2403,2019,0.389
2403,2020,0.356
2403,2021,0.371
2404,2005,0.331
2404,2006,0.323
2404,2007,0.406
2404,2008,0.418
2404,2009,0.397
2404,2010,0.402
2404,2011,0.384
2404,2012,0.376
2404,2013,0.38
2404,2014,0.362
2404,2015,0.393
2404,2016,0.389
2404,2017,0.383
2404,2018,0.38
2404,2019,0.396
2404,2020,0.376
2404,2021,0.388
2409,2005,0.311
2409,2006,0.292
2409,2007,0.36
2409,2008,0.373
2409,2009,0.368
2409,2010,0.356
2409,2011,0.365
2409,2012,0.355
2409,2013,0.371
2409,2014,0.376
2409,2015,0.399
2409,2016,0.388
2409,2017,0.397
2409,2018,0.411
2409,2019,0.412
2409,2020,0.369
2409,2021,0.367
2417,2005,0.27
2417,2006,0.277
2417,2007,0.362
2417,2008,0.37
2417,2009,0.389
2417,2010,0.353
2417,2011,0.363
2417,2012,0.348
2417,2013,0.358
2417,2014,0.346
2417,2015,0.351
2417,2016,0.352
2417,2017,0.352
2417,2018,0.354
2417,2019,0.367
2417,2020,0.353
2417,2021,0.35
2418,2005,0.194
2418,2006,0.255
2418,2007,0.3
2418,2008,0.304
2418,2009,0.313
2418,2010,0.302
2418,2011,0.336
2418,2012,0.329
2418,2013,0.346
2418,2014,0.348
2418,2015,0.374
2418,2016,0.367
2418,2017,0.393
2418,2018,0.372
2418,2019,0.382
2418,2020,0.355
2418,2021,0.349
2421,2005,0.189
2421,2006,0.22
2421,2007,0.29
2421,2008,0.294
2421,2009,0.307
2421,2010,0.3
2421,2011,0.326
2421,2012,0.318
2421,2013,0.322
2421,2014,0.339
2421,2015,0.354
2421,2016,0.344
2421,2017,0.359
2421,2018,0.355
2421,2019,0.373
2421,2020,0.346
2421,2021,0.37
2422,2005,0.21
2422,2006,0.265
2422,2007,0.323
2422,2008,0.312
2422,2009,0.312
2422,2010,0.313
2422,2011,0.323
2422,2012,0.337
2422,2013,0.347
2422,2014,0.359
2422,2015,0.374
2422,2016,0.364
2422,2017,0.387
2422,2018,0.376
2422,2019,0.386
2422,2020,0.346
2422,2021,0.381
2425,2005,0.193
2425,2006,0.219
2425,2007,0.298
2425,2008,0.295
2425,2009,0.314
2425,2010,0.33
2425,2011,0.338
2425,2012,0.339
2425,2013,0.335
2425,2014,0.321
2425,2015,0.357
2425,2016,0.383
2425,2017,0.381
2425,2018,0.362
2425,2019,0.369
2425,2020,0.351
2425,2021,0.354
2460,2005,0.332
2460,2006,0.308
2460,2007,0.408
2460,2008,0.411
2460,2009,0.392
2460,2010,0.387
2460,2011,0.369
2460,2012,0.355
2460,2013,0.348
2460,2014,0.367
2460,2015,0.384
2460,2016,0.38
2460,2017,0.391
2460,2018,0.395
2460,2019,0.387
2460,2020,0.376
2460,2021,0.369
2462,2005,0.2
2462,2006,0.244
2462,2007,0.285
2462,2008,0.294
2462,2009,0.312
2462,2010,0.291
2462,2011,0.31
2462,2012,0.32
2462,2013,0.327
2462,2014,0.328
2462,2015,0.355
2462,2016,0.346
2462,2017,0.356
2462,2018,0.362
2462,2019,0.364
2462,2020,0.345
2462,2021,0.352
2463,2005,0.211
2463,2006,0.256
2463,2007,0.327
2463,2008,0.337
2463,2009,0.343
2463,2010,0.347
2463,2011,0.341
2463,2012,0.333
2463,2013,0.342
2463,2014,0.342
2463,2015,0.361
2463,2016,0.358
2463,2017,0.369
2463,2018,0.367
2463,2019,0.376
2463,2020,0.363
2463,2021,0.376
2480,2005,0.329
2480,2006,0.31
2480,2007,0.402
2480,2008,0.414
2480,2009,0.409
2480,2010,0.392
2480,2011,0.372
2480,2012,0.362
2480,2013,0.36
2480,2014,0.364
2480,2015,0.383
2480,2016,0.377
2480,2017,0.384
2480,2018,0.384
2480,2019,0.383
2480,2020,0.363
2480,2021,0.365
2481,2005,0.235
2481,2006,0.317
2481,2007,0.398
2481,2008,0.398
2481,2009,0.412
2481,2010,0.408
2481,2011,0.421
2481,2012,0.414
2481,2013,0.419
2481,2014,0.421
2481,2015,0.451
2481,2016,0.441
2481,2017,0.44
2481,2018,0.428
2481,2019,0.444
2481,2020,0.429
2481,2021,0.445
2482,2005,0.28
2482,2006,0.284
2482,2007,0.378
2482,2008,0.38
2482,2009,0.379
2482,2010,0.381
2482,2011,0.383
2482,2012,0.385
2482,2013,0.392
2482,2014,0.392
2482,2015,0.372
2482,2016,0.373
2482,2017,0.382
2482,2018,0.382
2482,2019,0.381
2482,2020,0.369
2482,2021,0.37
2505,2005,0.241
2505,2006,0.295
2505,2007,0.285
2505,2008,0.284
2505,2009,0.282
2505,2010,0.28
2505,2011,0.305
2505,2012,0.303
2505,2013,0.295
2505,2014,0.279
2505,2015,0.318
2505,2016,0.317
2505,2017,0.308
2505,2018,0.297
2505,2019,0.314
2505,2020,0.29
2505,2021,0.296
2506,2005,0.232
2506,2006,0.302
2506,2007,0.297
2506,2008,0.307
2506,2009,0.289
2506,2010,0.313
2506,2011,0.312
2506,2012,0.33
2506,2013,0.32
2506,2014,0.294
2506,2015,0.333
2506,2016,0.325
2506,2017,0.327
2506,2018,0.316
2506,2019,0.322
2506,2020,0.304
2506,2021,0.322
2510,2005,0.269
2510,2006,0.301
2510,2007,0.307
2510,2008,0.302
2510,2009,0.298
2510,2010,0.296
2510,2011,0.315
2510,2012,0.32
2510,2013,0.297
2510,2014,0.273
2510,2015,0.3
2510,2016,0.299
2510,2017,0.317
2510,2018,0.332
2510,2019,0.328
2510,2020,0.307
2510,2021,0.33
2513,2005,0.27
2513,2006,0.283
2513,2007,0.329
2513,2008,0.317
2513,2009,0.324
2513,2010,0.319
2513,2011,0.34
2513,2012,0.344
2513,2013,0.303
2513,2014,0.267
2513,2015,0.316
2513,2016,0.312
2513,2017,0.317
2513,2018,0.31
2513,2019,0.315
2513,2020,0.3
2513,2021,0.318
2514,2005,0.33
2514,2006,0.347
2514,2007,0.364
2514,2008,0.367
2514,2009,0.364
2514,2010,0.363
2514,2011,0.38
2514,2012,0.386
2514,2013,0.361
2514,2014,0.3
2514,2015,0.361
2514,2016,0.358
2514,2017,0.342
2514,2018,0.334
2514,2019,0.341
2514,2020,0.322
2514,2021,0.331
2518,2005,0.249
2518,2006,0.293
2518,2007,0.303
2518,2008,0.3
2518,2009,0.276
2518,2010,0.301
2518,2011,0.317
2518,2012,0.314
2518,2013,0.301
2518,2014,0.267
2518,2015,0.318
2518,2016,0.32
2518,2017,0.317
2518,2018,0.303
2518,2019,0.31
2518,2020,0.296
2518,2021,0.312
2521,2005,0.284
2521,2006,0.3
2521,2007,0.328
2521,2008,0.313
2521,2009,0.323
2521,2010,0.323
2521,2011,0.341
2521,2012,0.329
2521,2013,0.281
2521,2014,0.28
2521,2015,0.312
2521,2016,0.314
2521,2017,0.315
2521,2018,0.318
2521,2019,0.333
2521,2020,0.325
2521,2021,0.334
2523,2005,0.367
2523,2006,0.385
2523,2007,0.44
2523,2008,0.394
2523,2009,0.434
2523,2010,0.436
2523,2011,0.456
2523,2012,0.449
2523,2013,0.398
2523,2014,0.359
2523,2015,0.41
2523,2016,0.414
2523,2017,0.405
2523,2018,0.407
2523,2019,0.419
2523,2020,0.378
2523,2021,0.387
2560,2005,0.253
2560,2006,0.318
2560,2007,0.342
2560,2008,0.353
2560,2009,0.353
2560,2010,0.345
2560,2011,0.376
2560,2012,0.358
2560,2013,0.355
2560,2014,0.291
2560,2015,0.349
2560,2016,0.349
2560,2017,0.343
2560,2018,0.347
2560,2019,0.354
2560,2020,0.322
2560,2021,0.342
2580,2005,0.266
2580,2006,0.281
2580,2007,0.373
2580,2008,0.376
2580,2009,0.333
2580,2010,0.311
2580,2011,0.389
2580,2012,0.383
2580,2013,0.32
2580,2014,0.259
2580,2015,0.339
2580,2016,0.337
2580,2017,0.339
2580,2018,0.342
2580,2019,0.348
2580,2020,0.319
2580,2021,0.328
2581,2005,0.243
2581,2006,0.319
2581,2007,0.326
2581,2008,0.332
2581,2009,0.327
2581,2010,0.333
2581,2011,0.356
2581,2012,0.359
2581,2013,0.345
2581,2014,0.293
2581,2015,0.352
2581,2016,0.343
2581,2017,0.342
2581,2018,0.326
2581,2019,0.343
2581,2020,0.321
2581,2021,0.327
2582,2005,0.294
2582,2006,0.307
2582,2007,0.357
2582,2008,0.354
2582,2009,0.331
2582,2010,0.325
2582,2011,0.361
2582,2012,0.361
2582,2013,0.333
2582,2014,0.277
2582,2015,0.361
2582,2016,0.36
2582,2017,0.36
2582,2018,0.359
2582,2019,0.355
2582,2020,0.334
2582,2021,0.337
2583,2005,0.259
2583,2006,0.264
2583,2007,0.289
2583,2008,0.296
2583,2009,0.291
2583,2010,0.286
2583,2011,0.31
2583,2012,0.314
2583,2013,0.29
2583,2014,0.269
2583,2015,0.313
2583,2016,0.311
2583,2017,0.3
2583,2018,0.291
2583,2019,0.325
2583,2020,0.308
2583,2021,0.314
2584,2005,0.321
2584,2006,0.36
2584,2007,0.361
2584,2008,0.369
2584,2009,0.357
2584,2010,0.361
2584,2011,0.372
2584,2012,0.374
2584,2013,0.361
2584,2014,0.292
2584,2015,0.365
2584,2016,0.37
2584,2017,0.376
2584,2018,0.393
2584,2019,0.401
2584,2020,0.374
2584,2021,0.386
