kommun,year,befolkning
0114,2006,37838
0114,2007,38046
0114,2008,38242
0114,2009,38636
0114,2010,39284
0114,2011,40188
0114,2012,40717
0114,2013,41444
0114,2014,41812
0114,2015,42657
0114,2016,43887
0114,2017,44603
0114,2018,45539
0114,2019,46784
0114,2020,47182
0114,2021,47818
0114,2022,49262
0114,2023,50108
0114,2024,50322
0114,2025,50494
0115,2006,27867
0115,2007,28379
0115,2008,28951
0115,2009,29358
0115,2010,30114
0115,2011,30715
0115,2012,31215
0115,2013,31615
0115,2014,31969
0115,2015,32380
0115,2016,32784
0115,2017,33175
0115,2018,33432
0115,2019,34090
0115,2020,34118
0115,2021,34246
0115,2022,34851
0115,2023,35076
0115,2024,35119
0115,2025,35362
0117,2006,37877
0117,2007,38285
0117,2008,38719
0117,2009,39171
0117,2010,39521
0117,2011,39792
0117,2012,40269
0117,2013,40495
0117,2014,41178
0117,2015,42129
0117,2016,43291
0117,2017,44129
0117,2018,44830
0117,2019,45573
0117,2020,46643
0117,2021,48232
0117,2022,49137
0117,2023,49281
0117,2024,49786
0117,2025,49940
0120,2006,35802
0120,2007,36868
0120,2008,37375
0120,2009,37755
0120,2010,38301
0120,2011,38894
0120,2012,39387
0120,2013,39784
0120,2014,40541
0120,2015,41107
0120,2016,41999
0120,2017,43444
0120,2018,44397
0120,2019,44999
0120,2020,45566
0120,2021,46232
0120,2022,46457
0120,2023,46637
0120,2024,46635
0120,2025,46599
0123,2006,62324
0123,2007,63408
0123,2008,64337
0123,2009,65289
0123,2010,66205
0123,2011,67313
0123,2012,68203
0123,2013,69160
0123,2014,70691
0123,2015,72419
0123,2016,74406
0123,2017,76445
0123,2018,78472
0123,2019,79980
0123,2020,81265
0123,2021,83165
0123,2022,85460
0123,2023,86330
0123,2024,88950
0123,2025,90179
0125,2006,24301
0125,2007,24685
0125,2008,24777
0125,2009,25093
0125,2010,25409
0125,2011,25766
0125,2012,26160
0125,2013,26354
0125,2014,26697
0125,2015,26982
0125,2016,27405
0125,2017,27752
0125,2018,28307
0125,2019,28689
0125,2020,28878
0125,2021,29095
0125,2022,29122
0125,2023,28807
0125,2024,28909
0125,2025,29064
0126,2006,90149
0126,2007,91791
0126,2008,94177
0126,2009,95771
0126,2010,97441
0126,2011,99033
0126,2012,100997
0126,2013,102544
0126,2014,104177
0126,2015,105303
0126,2016,107531
0126,2017,109995
0126,2018,111710
0126,2019,112835
0126,2020,113222
0126,2021,113940
0126,2022,114499
0126,2023,113917
0126,2024,114301
0126,2025,114685
0127,2006,77508
0127,2007,78977
0127,2008,80004
0127,2009,81157
0127,2010,82572
0127,2011,84647
0127,2012,86249
0127,2013,87563
0127,2014,88884
0127,2015,89407
0127,2016,90655
0127,2017,91909
0127,2018,93093
0127,2019,94590
0127,2020,94835
0127,2021,95307
0127,2022,95381
0127,2023,95590
0127,2024,95904
0127,2025,96748
0128,2006,14713
0128,2007,15063
0128,2008,15173
0128,2009,15309
0128,2010,15388
0128,2011,15694
0128,2012,15881
0128,2013,16001
0128,2014,16139
0128,2015,16425
0128,2016,16615
0128,2017,16665
0128,2018,16785
0128,2019,16749
0128,2020,16958
0128,2021,17252
0128,2022,17352
0128,2023,17451
0128,2024,17507
0128,2025,17372
0136,2006,72939
0136,2007,73680
0136,2008,74951
0136,2009,76224
0136,2010,77040
0136,2011,78309
0136,2012,79418
0136,2013,80921
0136,2014,82398
0136,2015,83856
0136,2016,85683
0136,2017,88028
0136,2018,89978
0136,2019,92087
0136,2020,93682
0136,2021,95653
0136,2022,97680
0136,2023,99749
0136,2024,100894
0136,2025,101409
0138,2006,41472
0138,2007,42039
0138,2008,42330
0138,2009,42600
0138,2010,42945
0138,2011,43328
0138,2012,43764
0138,2013,44280
0138,2014,45388
0138,2015,46175
0138,2016,47101
0138,2017,47304
0138,2018,48004
0138,2019,48333
0138,2020,48678
0138,2021,49062
0138,2022,49214
0138,2023,49173
0138,2024,49179
0138,2025,49645
0139,2006,21633
0139,2007,22215
0139,2008,22678
0139,2009,23199
0139,2010,23674
0139,2011,23983
0139,2012,24352
0139,2013,24700
0139,2014,25285
0139,2015,25787
0139,2016,26753
0139,2017,27612
0139,2018,28752
0139,2019,29342
0139,2020,30194
0139,2021,31073
0139,2022,31852
0139,2023,32452
0139,2024,32867
0139,2025,33332
0140,2006,8607
0140,2007,8925
0140,2008,9034
0140,2009,9226
0140,2010,9331
0140,2011,9331
0140,2012,9442
0140,2013,9523
0140,2014,9815
0140,2015,10195
0140,2016,10427
0140,2017,10663
0140,2018,10926
0140,2019,11017
0140,2020,11225
0140,2021,11502
0140,2022,11667
0140,2023,12110
0140,2024,12345
0140,2025,12387
0160,2006,61003
0160,2007,61628
0160,2008,62261
0160,2009,63011
0160,2010,63785
0160,2011,64554
0160,2012,65361
0160,2013,66289
0160,2014,67332
0160,2015,68278
0160,2016,69383
0160,2017,70402
0160,2018,71394
0160,2019,71871
0160,2020,72750
0160,2021,73953
0160,2022,75136
0160,2023,76737
0160,2024,77743
0160,2025,78515
0162,2006,30490
0162,2007,30786
0162,2008,30849
0162,2009,31149
0162,2010,31329
0162,2011,31797
0162,2012,31957
0162,2013,32219
0162,2014,32293
0162,2015,32419
0162,2016,32651
0162,2017,32887
0162,2018,33186
0162,2019,32856
0162,2020,32711
0162,2021,32802
0162,2022,32691
0162,2023,32419
0162,2024,32425
0162,2025,32501
0163,2006,60522
0163,2007,61375
0163,2008,62087
0163,2009,63339
0163,2010,64622
0163,2011,65888
0163,2012,66855
0163,2013,68141
0163,2014,69319
0163,2015,70245
0163,2016,71021
0163,2017,71847
0163,2018,72524
0163,2019,73854
0163,2020,73988
0163,2021,75106
0163,2022,76236
0163,2023,76789
0163,2024,77623
0163,2025,78032
0180,2006,782613
0180,2007,794879
0180,2008,809892
0180,2009,829270
0180,2010,846944
0180,2011,864234
0180,2012,881149
0180,2013,897630
0180,2014,911926
0180,2015,923459
0180,2016,935558
0180,2017,949697
0180,2018,962098
0180,2019,974005
0180,2020,975501
0180,2021,978727
0180,2022,984733
0180,2023,988928
0180,2024,995561
0180,2025,999231
0181,2006,81761
0181,2007,83602
0181,2008,84716
0181,2009,85247
0181,2010,86227
0181,2011,87665
0181,2012,89453
0181,2013,91050
0181,2014,92221
0181,2015,93187
0181,2016,94614
0181,2017,96016
0181,2018,97366
0181,2019,98964
0181,2020,100097
0181,2021,101194
0181,2022,102419
0181,2023,102511
0181,2024,102903
0181,2025,102768
0182,2006,82413
0182,2007,84293
0182,2008,85654
0182,2009,88079
0182,2010,90102
0182,2011,91608
0182,2012,92862
0182,2013,94416
0182,2014,96210
0182,2015,97980
0182,2016,99357
0182,2017,101229
0182,2018,103654
0182,2019,105187
0182,2020,106501
0182,2021,108232
0182,2022,109485
0182,2023,110631
0182,2024,112109
0182,2025,113725
0183,2006,34514
0183,2007,35060
0183,2008,36059
0183,2009,37707
0183,2010,38619
0183,2011,39526
0183,2012,40782
0183,2013,42622
0183,2014,44085
0183,2015,46104
0183,2016,47745
0183,2017,49422
0183,2018,50562
0183,2019,52412
0183,2020,52798
0183,2021,53557
0183,2022,54069
0183,2023,55912
0183,2024,56274
0183,2025,56999
0184,2006,61707
0184,2007,63306
0184,2008,65278
0184,2009,66901
0184,2010,68134
0184,2011,69942
0184,2012,71292
0184,2013,72738
0184,2014,74036
0184,2015,76154
0184,2016,78125
0184,2017,79704
0184,2018,80947
0184,2019,82425
0184,2020,83156
0184,2021,84181
0184,2022,85447
0184,2023,85424
0184,2024,85788
0184,2025,86431
0186,2006,42317
0186,2007,42706
0186,2008,43108
0186,2009,43442
0186,2010,44014
0186,2011,44079
0186,2012,44432
0186,2013,45178
0186,2014,45464
0186,2015,46301
0186,2016,46851
0186,2017,47183
0186,2018,47816
0186,2019,48123
0186,2020,48005
0186,2021,48161
0186,2022,48431
0186,2023,48323
0186,2024,48377
0186,2025,48370
0187,2006,10439
0187,2007,10598
0187,2008,10746
0187,2009,11000
0187,2010,10964
0187,2011,11140
0187,2012,11125
0187,2013,11187
0187,2014,11328
0187,2015,11379
0187,2016,11621
0187,2017,11831
0187,2018,12023
0187,2019,12003
0187,2020,11886
0187,2021,11996
0187,2022,11899
0187,2023,11817
0187,2024,11822
0187,2025,11635
0188,2006,54834
0188,2007,55221
0188,2008,55524
0188,2009,55923
0188,2010,56079
0188,2011,56244
0188,2012,56633
0188,2013,56843
0188,2014,57567
0188,2015,58668
0188,2016,59418
0188,2017,60808
0188,2018,61768
0188,2019,62622
0188,2020,63673
0188,2021,64762
0188,2022,65586
0188,2023,65770
0188,2024,66584
0188,2025,66831
0191,2006,36968
0191,2007,37778
0191,2008,38359
0191,2009,39212
0191,2010,39988
0191,2011,41326
0191,2012,42268
0191,2013,43368
0191,2014,44082
0191,2015,44781
0191,2016,46269
0191,2017,47137
0191,2018,48121
0191,2019,48959
0191,2020,49534
0191,2021,50269
0191,2022,51876
0191,2023,52529
0191,2024,52767
0191,2025,53364
0192,2006,24984
0192,2007,25344
0192,2008,25492
0192,2009,25778
0192,2010,26030
0192,2011,26246
0192,2012,26570
0192,2013,26795
0192,2014,27040
0192,2015,27499
0192,2016,27751
0192,2017,28106
0192,2018,28287
0192,2019,28571
0192,2020,28810
0192,2021,29495
0192,2022,30043
0192,2023,30311
0192,2024,30579
0192,2025,30612
0305,2006,18635
0305,2007,18930
0305,2008,19222
0305,2009,19448
0305,2010,19625
0305,2011,19712
0305,2012,19881
0305,2013,19966
0305,2014,20032
0305,2015,20277
0305,2016,20735
0305,2017,21082
0305,2018,21563
0305,2019,21933
0305,2020,22017
0305,2021,22342
0305,2022,22764
0305,2023,22974
0305,2024,22973
0305,2025,23253
0319,2006,9110
0319,2007,9095
0319,2008,9063
0319,2009,9068
0319,2010,9103
0319,2011,9089
0319,2012,9059
0319,2013,9132
0319,2014,9169
0319,2015,9293
0319,2016,9445
0319,2017,9402
0319,2018,9392
0319,2019,9457
0319,2020,9511
0319,2021,9627
0319,2022,9625
0319,2023,9572
0319,2024,9552
0319,2025,9575
0330,2006,13596
0330,2007,13953
0330,2008,14258
0330,2009,14476
0330,2010,14724
0330,2011,14965
0330,2012,15279
0330,2013,15580
0330,2014,16105
0330,2015,16869
0330,2016,17323
0330,2017,18064
0330,2018,18720
0330,2019,18834
0330,2020,19104
0330,2021,19817
0330,2022,20133
0330,2023,20714
0330,2024,21192
0330,2025,21732
0331,2006,13529
0331,2007,13489
0331,2008,13405
0331,2009,13352
0331,2010,13381
0331,2011,13381
0331,2012,13364
0331,2013,13450
0331,2014,13490
0331,2015,13594
0331,2016,13755
0331,2017,13854
0331,2018,13910
0331,2019,14047
0331,2020,14101
0331,2021,14303
0331,2022,14421
0331,2023,14343
0331,2024,14345
0331,2025,14276
0360,2006,19941
0360,2007,20066
0360,2008,20151
0360,2009,20043
0360,2010,20124
0360,2011,20076
0360,2012,20152
0360,2013,20140
0360,2014,20241
0360,2015,20543
0360,2016,20740
0360,2017,20927
0360,2018,21126
0360,2019,21135
0360,2020,21326
0360,2021,21484
0360,2022,21405
0360,2023,21193
0360,2024,21104
0360,2025,21029
0380,2006,185145
0380,2007,187498
0380,2008,190625
0380,2009,194723
0380,2010,197764
0380,2011,199986
0380,2012,202611
0380,2013,205186
0380,2014,207346
0380,2015,210114
0380,2016,214540
0380,2017,219895
0380,2018,225151
0380,2019,230752
0380,2020,233829
0380,2021,237586
0380,2022,242136
0380,2023,245322
0380,2024,248010
0380,2025,249726
0381,2006,38484
0381,2007,38767
0381,2008,38975
0381,2009,39359
0381,2010,39755
0381,2011,40014
0381,2012,40348
0381,2013,40656
0381,2014,41163
0381,2015,41893
0381,2016,42988
0381,2017,43797
0381,2018,44429
0381,2019,45286
0381,2020,46239
0381,2021,47488
0381,2022,47847
0381,2023,48291
0381,2024,48590
0381,2025,48802
0382,2006,21432
0382,2007,21419
0382,2008,21433
0382,2009,21390
0382,2010,21372
0382,2011,21386
0382,2012,21261
0382,2013,21352
0382,2014,21374
0382,2015,21563
0382,2016,21822
0382,2017,21927
0382,2018,22048
0382,2019,22250
0382,2020,22250
0382,2021,22363
0382,2022,22343
0382,2023,22172
0382,2024,22138
0382,2025,22181
0428,2006,9206
0428,2007,9080
0428,2008,8998
0428,2009,8910
0428,2010,8892
0428,2011,8823
0428,2012,8774
0428,2013,8833
0428,2014,8918
0428,2015,8954
0428,2016,9101
0428,2017,9179
0428,2018,9135
0428,2019,9111
0428,2020,9144
0428,2021,9063
0428,2022,8981
0428,2023,8856
0428,2024,8750
0428,2025,8667
0461,2006,9981
0461,2007,10031
0461,2008,10177
0461,2009,10316
0461,2010,10358
0461,2011,10345
0461,2012,10442
0461,2013,10409
0461,2014,10513
0461,2015,10649
0461,2016,10861
0461,2017,11019
0461,2018,11237
0461,2019,11365
0461,2020,11421
0461,2021,11513
0461,2022,11612
0461,2023,11520
0461,2024,11458
0461,2025,11341
0480,2006,50187
0480,2007,50754
0480,2008,50968
0480,2009,51204
0480,2010,51639
0480,2011,51896
0480,2012,52335
0480,2013,53037
0480,2014,53507
0480,2015,54260
0480,2016,54922
0480,2017,55465
0480,2018,56009
0480,2019,56589
0480,2020,57071
0480,2021,57633
0480,2022,58021
0480,2023,58201
0480,2024,58346
0480,2025,58313
0481,2006,11109
0481,2007,11146
0481,2008,11168
0481,2009,11124
0481,2010,11192
0481,2011,11249
0481,2012,11236
0481,2013,11403
0481,2014,11551
0481,2015,11701
0481,2016,11921
0481,2017,12008
0481,2018,12061
0481,2019,11982
0481,2020,11995
0481,2021,12132
0481,2022,12086
0481,2023,12106
0481,2024,12031
0481,2025,11963
0482,2006,16222
0482,2007,16190
0482,2008,16131
0482,2009,16139
0482,2010,16027
0482,2011,16062
0482,2012,16019
0482,2013,16156
0482,2014,16242
0482,2015,16440
0482,2016,16829
0482,2017,16861
0482,2018,16703
0482,2019,16582
0482,2020,16429
0482,2021,16315
0482,2022,16057
0482,2023,15667
0482,2024,15361
0482,2025,15096
0483,2006,32028
0483,2007,32160
0483,2008,32206
0483,2009,32303
0483,2010,32427
0483,2011,32407
0483,2012,32547
0483,2013,32930
0483,2014,33267
0483,2015,33459
0483,2016,33717
0483,2017,34132
0483,2018,34547
0483,2019,34753
0483,2020,34763
0483,2021,34761
0483,2022,34603
0483,2023,34324
0483,2024,34154
0483,2025,33985
0484,2006,92213
0484,2007,93298
0484,2008,94738
0484,2009,95546
0484,2010,96301
0484,2011,97587
0484,2012,98757
0484,2013,99720
0484,2014,100913
0484,2015,102063
0484,2016,103681
0484,2017,104706
0484,2018,105921
0484,2019,106856
0484,2020,106969
0484,2021,107587
0484,2022,107913
0484,2023,107464
0484,2024,107202
0484,2025,106792
0486,2006,31152
0486,2007,31434
0486,2008,31714
0486,2009,32023
0486,2010,32417
0486,2011,32686
0486,2012,33071
0486,2013,33388
0486,2014,33876
0486,2015,34096
0486,2016,34604
0486,2017,35040
0486,2018,35756
0486,2019,36539
0486,2020,37285
0486,2021,38125
0486,2022,38522
0486,2023,38914
0486,2024,39310
0486,2025,39382
0488,2006,10950
0488,2007,11037
0488,2008,11362
0488,2009,11446
0488,2010,11462
0488,2011,11493
0488,2012,11529
0488,2013,11680
0488,2014,11863
0488,2015,12077
0488,2016,12446
0488,2017,12915
0488,2018,13308
0488,2019,13746
0488,2020,14308
0488,2021,14657
0488,2022,14759
0488,2023,14885
0488,2024,14927
0488,2025,14900
0509,2006,5433
0509,2007,5370
0509,2008,5349
0509,2009,5313
0509,2010,5284
0509,2011,5245
0509,2012,5200
0509,2013,5174
0509,2014,5240
0509,2015,5236
0509,2016,5335
0509,2017,5343
0509,2018,5323
0509,2019,5337
0509,2020,5338
0509,2021,5309
0509,2022,5317
0509,2023,5279
0509,2024,5237
0509,2025,5223
0512,2006,3822
0512,2007,3760
0512,2008,3726
0512,2009,3672
0512,2010,3672
0512,2011,3666
0512,2012,3612
0512,2013,3617
0512,2014,3660
0512,2015,3658
0512,2016,3675
0512,2017,3733
0512,2018,3743
0512,2019,3747
0512,2020,3726
0512,2021,3695
0512,2022,3683
0512,2023,3637
0512,2024,3626
0512,2025,3619
0513,2006,9916
0513,2007,9946
0513,2008,9885
0513,2009,9811
0513,2010,9762
0513,2011,9799
0513,2012,9744
0513,2013,9802
0513,2014,9795
0513,2015,9795
0513,2016,9874
0513,2017,9882
0513,2018,9915
0513,2019,9940
0513,2020,9991
0513,2021,10048
0513,2022,10068
0513,2023,9992
0513,2024,9957
0513,2025,9925
0560,2006,5226
0560,2007,5223
0560,2008,5260
0560,2009,5248
0560,2010,5221
0560,2011,5205
0560,2012,5206
0560,2013,5278
0560,2014,5322
0560,2015,5328
0560,2016,5373
0560,2017,5453
0560,2018,5449
0560,2019,5476
0560,2020,5441
0560,2021,5512
0560,2022,5498
0560,2023,5523
0560,2024,5517
0560,2025,5450
0561,2006,11775
0561,2007,11658
0561,2008,11543
0561,2009,11497
0561,2010,11503
0561,2011,11516
0561,2012,11445
0561,2013,11460
0561,2014,11472
0561,2015,11545
0561,2016,11617
0561,2017,11631
0561,2018,11537
0561,2019,11503
0561,2020,11427
0561,2021,11462
0561,2022,11506
0561,2023,11460
0561,2024,11467
0561,2025,11490
0562,2006,20811
0562,2007,20701
0562,2008,20588
0562,2009,20732
0562,2010,20746
0562,2011,20762
0562,2012,20790
0562,2013,20902
0562,2014,21149
0562,2015,21198
0562,2016,21524
0562,2017,21576
0562,2018,21757
0562,2019,21912
0562,2020,21765
0562,2021,21889
0562,2022,21903
0562,2023,21694
0562,2024,21623
0562,2025,21503
0563,2006,8038
0563,2007,7949
0563,2008,7852
0563,2009,7811
0563,2010,7759
0563,2011,7661
0563,2012,7596
0563,2013,7585
0563,2014,7657
0563,2015,7745
0563,2016,7809
0563,2017,7920
0563,2018,7956
0563,2019,7873
0563,2020,7737
0563,2021,7660
0563,2022,7630
0563,2023,7541
0563,2024,7525
0563,2025,7524
0580,2006,138557
0580,2007,140343
0580,2008,141839
0580,2009,144663
0580,2010,146400
0580,2011,147328
0580,2012,148515
0580,2013,150196
0580,2014,151873
0580,2015,152962
0580,2016,155811
0580,2017,158516
0580,2018,161031
0580,2019,163048
0580,2020,164613
0580,2021,165524
0580,2022,166673
0580,2023,167404
0580,2024,168035
0580,2025,168712
0581,2006,125438
0581,2007,126649
0581,2008,128031
0581,2009,129237
0581,2010,130035
0581,2011,130616
0581,2012,132121
0581,2013,133746
0581,2014,135278
0581,2015,137030
0581,2016,139358
0581,2017,140924
0581,2018,141672
0581,2019,143166
0581,2020,143476
0581,2021,144456
0581,2022,145119
0581,2023,145161
0581,2024,144977
0581,2025,144899
0582,2006,14048
0582,2007,14017
0582,2008,13959
0582,2009,14042
0582,2010,14024
0582,2011,14043
0582,2012,14143
0582,2013,14195
0582,2014,14268
0582,2015,14240
0582,2016,14402
0582,2017,14520
0582,2018,14617
0582,2019,14625
0582,2020,14616
0582,2021,14673
0582,2022,14834
0582,2023,14867
0582,2024,14789
0582,2025,14737
0583,2006,41955
0583,2007,42056
0583,2008,41949
0583,2009,41842
0583,2010,41953
0583,2011,41826
0583,2012,41866
0583,2013,42185
0583,2014,42554
0583,2015,42901
0583,2016,43257
0583,2017,43548
0583,2018,43686
0583,2019,43672
0583,2020,43639
0583,2021,43673
0583,2022,43728
0583,2023,43727
0583,2024,43504
0583,2025,43132
0584,2006,7541
0584,2007,7536
0584,2008,7475
0584,2009,7420
0584,2010,7391
0584,2011,7317
0584,2012,7338
0584,2013,7383
0584,2014,7393
0584,2015,7407
0584,2016,7348
0584,2017,7421
0584,2018,7514
0584,2019,7428
0584,2020,7423
0584,2021,7528
0584,2022,7481
0584,2023,7434
0584,2024,7490
0584,2025,7483
0586,2006,25340
0586,2007,25527
0586,2008,25647
0586,2009,25763
0586,2010,25853
0586,2011,26072
0586,2012,26195
0586,2013,26313
0586,2014,26427
0586,2015,26602
0586,2016,26708
0586,2017,27019
0586,2018,27373
0586,2019,27758
0586,2020,27960
0586,2021,28269
0586,2022,28470
0586,2023,28576
0586,2024,28695
0586,2025,28821
0604,2006,6550
0604,2007,6505
0604,2008,6522
0604,2009,6446
0604,2010,6393
0604,2011,6415
0604,2012,6407
0604,2013,6375
0604,2014,6426
0604,2015,6537
0604,2016,6603
0604,2017,6776
0604,2018,6832
0604,2019,6848
0604,2020,6821
0604,2021,6892
0604,2022,6824
0604,2023,6852
0604,2024,6797
0604,2025,6853
0617,2006,9598
0617,2007,9657
0617,2008,9658
0617,2009,9536
0617,2010,9545
0617,2011,9400
0617,2012,9354
0617,2013,9406
0617,2014,9509
0617,2015,9514
0617,2016,9615
0617,2017,9733
0617,2018,9776
0617,2019,9712
0617,2020,9614
0617,2021,9570
0617,2022,9438
0617,2023,9246
0617,2024,9131
0617,2025,9009
0642,2006,7075
0642,2007,7046
0642,2008,7086
0642,2009,7027
0642,2010,7033
0642,2011,7034
0642,2012,7070
0642,2013,7039
0642,2014,7109
0642,2015,7157
0642,2016,7226
0642,2017,7328
0642,2018,7324
0642,2019,7290
0642,2020,7385
0642,2021,7430
0642,2022,7532
0642,2023,7577
0642,2024,7594
0642,2025,7544
0643,2006,10122
0643,2007,10375
0643,2008,10526
0643,2009,10673
0643,2010,10740
0643,2011,10827
0643,2012,10879
0643,2013,10975
0643,2014,11110
0643,2015,11314
0643,2016,11586
0643,2017,11845
0643,2018,12140
0643,2019,12433
0643,2020,12589
0643,2021,12810
0643,2022,13128
0643,2023,13275
0643,2024,13456
0643,2025,13511
0662,2006,29322
0662,2007,29325
0662,2008,29377
0662,2009,29209
0662,2010,29110
0662,2011,28867
0662,2012,28731
0662,2013,28713
0662,2014,28737
0662,2015,29265
0662,2016,29472
0662,2017,29623
0662,2018,29850
0662,2019,29957
0662,2020,29630
0662,2021,29551
0662,2022,29477
0662,2023,29010
0662,2024,28932
0662,2025,28637
0665,2006,12816
0665,2007,12939
0665,2008,12981
0665,2009,12959
0665,2010,12991
0665,2011,13160
0665,2012,13148
0665,2013,13209
0665,2014,13229
0665,2015,13372
0665,2016,13644
0665,2017,13839
0665,2018,13979
0665,2019,14274
0665,2020,14532
0665,2021,14746
0665,2022,14854
0665,2023,14811
0665,2024,14825
0665,2025,14945
0680,2006,122177
0680,2007,123688
0680,2008,125136
0680,2009,126313
0680,2010,127375
0680,2011,128302
0680,2012,129475
0680,2013,130794
0680,2014,132135
0680,2015,133306
0680,2016,135295
0680,2017,137479
0680,2018,139220
0680,2019,141080
0680,2020,142427
0680,2021,143579
0680,2022,145113
0680,2023,146160
0680,2024,147653
0680,2025,148151
0682,2006,29358
0682,2007,29450
0682,2008,29502
0682,2009,29483
0682,2010,29334
0682,2011,29365
0682,2012,29379
0682,2013,29513
0682,2014,29906
0682,2015,30448
0682,2016,30816
0682,2017,31174
0682,2018,31474
0682,2019,31535
0682,2020,31560
0682,2021,31779
0682,2022,31944
0682,2023,31648
0682,2024,31587
0682,2025,31473
0683,2006,32837
0683,2007,32927
0683,2008,32819
0683,2009,32752
0683,2010,32832
0683,2011,32933
0683,2012,33012
0683,2013,33155
0683,2014,33334
0683,2015,33477
0683,2016,33909
0683,2017,34211
0683,2018,34433
0683,2019,34564
0683,2020,34533
0683,2021,34664
0683,2022,34695
0683,2023,34604
0683,2024,34545
0683,2025,34537
0684,2006,10981
0684,2007,10933
0684,2008,10880
0684,2009,10870
0684,2010,10830
0684,2011,10871
0684,2012,10844
0684,2013,10969
0684,2014,11100
0684,2015,11228
0684,2016,11396
0684,2017,11496
0684,2018,11631
0684,2019,11677
0684,2020,11721
0684,2021,11709
0684,2022,11771
0684,2023,11668
0684,2024,11563
0684,2025,11530
0685,2006,26375
0685,2007,26360
0685,2008,26337
0685,2009,26347
0685,2010,26302
0685,2011,26300
0685,2012,26297
0685,2013,26419
0685,2014,26647
0685,2015,26872
0685,2016,27240
0685,2017,27414
0685,2018,27503
0685,2019,27465
0685,2020,27501
0685,2021,27620
0685,2022,27672
0685,2023,27497
0685,2024,27527
0685,2025,27312
0686,2006,16513
0686,2007,16434
0686,2008,16311
0686,2009,16352
0686,2010,16242
0686,2011,16302
0686,2012,16365
0686,2013,16461
0686,2014,16594
0686,2015,16788
0686,2016,17127
0686,2017,17414
0686,2018,17665
0686,2019,17751
0686,2020,17787
0686,2021,17833
0686,2022,17859
0686,2023,17751
0686,2024,17793
0686,2025,17662
0687,2006,17758
0687,2007,17913
0687,2008,18061
0687,2009,18042
0687,2010,18118
0687,2011,18108
0687,2012,18145
0687,2013,18197
0687,2014,18416
0687,2015,18546
0687,2016,18794
0687,2017,18895
0687,2018,18987
0687,2019,19003
0687,2020,18903
0687,2021,18874
0687,2022,18804
0687,2023,18755
0687,2024,18604
0687,2025,18556
0760,2006,9502
0760,2007,9483
0760,2008,9346
0760,2009,9316
0760,2010,9243
0760,2011,9216
0760,2012,9276
0760,2013,9287
0760,2014,9222
0760,2015,9319
0760,2016,9507
0760,2017,9561
0760,2018,9581
0760,2019,9588
0760,2020,9498
0760,2021,9449
0760,2022,9418
0760,2023,9263
0760,2024,9061
0760,2025,8911
0761,2006,8096
0761,2007,8062
0761,2008,8082
0761,2009,8163
0761,2010,8138
0761,2011,8077
0761,2012,8012
0761,2013,8059
0761,2014,8256
0761,2015,8516
0761,2016,8760
0761,2017,8806
0761,2018,8780
0761,2019,8733
0761,2020,8655
0761,2021,8574
0761,2022,8485
0761,2023,8342
0761,2024,8289
0761,2025,8115
0763,2006,12710
0763,2007,12600
0763,2008,12501
0763,2009,12357
0763,2010,12231
0763,2011,12235
0763,2012,12141
0763,2013,12156
0763,2014,12196
0763,2015,12258
0763,2016,12391
0763,2017,12450
0763,2018,12407
0763,2019,12393
0763,2020,12369
0763,2021,12319
0763,2022,12297
0763,2023,12155
0763,2024,11966
0763,2025,11895
0764,2006,18734
0764,2007,18770
0764,2008,18770
0764,2009,18755
0764,2010,18802
0764,2011,18915
0764,2012,19032
0764,2013,19280
0764,2014,19503
0764,2015,19581
0764,2016,19849
0764,2017,20025
0764,2018,20149
0764,2019,20132
0764,2020,20222
0764,2021,20285
0764,2022,20256
0764,2023,20040
0764,2024,19829
0764,2025,19685
0765,2006,15364
0765,2007,15373
0765,2008,15406
0765,2009,15566
0765,2010,15603
0765,2011,15629
0765,2012,15724
0765,2013,15759
0765,2014,15908
0765,2015,16168
0765,2016,16618
0765,2017,17148
0765,2018,17568
0765,2019,17651
0765,2020,17884
0765,2021,17963
0765,2022,18092
0765,2023,17932
0765,2024,17653
0765,2025,17579
0767,2006,9613
0767,2007,9641
0767,2008,9600
0767,2009,9557
0767,2010,9619
0767,2011,9512
0767,2012,9476
0767,2013,9514
0767,2014,9548
0767,2015,9778
0767,2016,9990
0767,2017,10169
0767,2018,10259
0767,2019,10319
0767,2020,10372
0767,2021,10319
0767,2022,10166
0767,2023,10076
0767,2024,9938
0767,2025,9862
0780,2006,78445
0780,2007,79529
0780,2008,81047
0780,2009,82010
0780,2010,83002
0780,2011,83707
0780,2012,84797
0780,2013,85817
0780,2014,86965
0780,2015,88105
0780,2016,89498
0780,2017,91058
0780,2018,92565
0780,2019,94128
0780,2020,94859
0780,2021,95995
0780,2022,97137
0780,2023,97574
0780,2024,98334
0780,2025,98939
0781,2006,27119
0781,2007,27274
0781,2008,27427
0781,2009,27408
0781,2010,27295
0781,2011,27357
0781,2012,27423
0781,2013,27277
0781,2014,27522
0781,2015,27639
0781,2016,28009
0781,2017,28297
0781,2018,28573
0781,2019,28521
0781,2020,28401
0781,2021,28433
0781,2022,28483
0781,2023,28304
0781,2024,28280
0781,2025,28134
0821,2006,6033
0821,2007,5931
0821,2008,5930
0821,2009,5873
0821,2010,5777
0821,2011,5768
0821,2012,5730
0821,2013,5718
0821,2014,5782
0821,2015,5857
0821,2016,6080
0821,2017,6087
0821,2018,6094
0821,2019,5921
0821,2020,5731
0821,2021,5645
0821,2022,5584
0821,2023,5438
0821,2024,5321
0821,2025,5132
0834,2006,7154
0834,2007,7133
0834,2008,7076
0834,2009,7044
0834,2010,6962
0834,2011,6886
0834,2012,6858
0834,2013,6879
0834,2014,6925
0834,2015,6945
0834,2016,7065
0834,2017,7085
0834,2018,7097
0834,2019,7124
0834,2020,7148
0834,2021,7112
0834,2022,7042
0834,2023,7002
0834,2024,6984
0834,2025,6921
0840,2006,13520
0840,2007,13608
0840,2008,13737
0840,2009,13834
0840,2010,14021
0840,2011,14138
0840,2012,14256
0840,2013,14368
0840,2014,14498
0840,2015,14669
0840,2016,14916
0840,2017,15000
0840,2018,15048
0840,2019,15249
0840,2020,15487
0840,2021,15722
0840,2022,15985
0840,2023,16144
0840,2024,16224
0840,2025,16307
0860,2006,14303
0860,2007,14195
0860,2008,14045
0860,2009,13855
0860,2010,13695
0860,2011,13515
0860,2012,13550
0860,2013,13635
0860,2014,13738
0860,2015,13919
0860,2016,14607
0860,2017,14579
0860,2018,14360
0860,2019,14224
0860,2020,14107
0860,2021,14056
0860,2022,14064
0860,2023,13883
0860,2024,13673
0860,2025,13483
0861,2006,13106
0861,2007,13111
0861,2008,12955
0861,2009,12979
0861,2010,12908
0861,2011,12852
0861,2012,12798
0861,2013,12948
0861,2014,13056
0861,2015,13143
0861,2016,13394
0861,2017,13497
0861,2018,13564
0861,2019,13429
0861,2020,13263
0861,2021,13257
0861,2022,13276
0861,2023,13134
0861,2024,13069
0861,2025,12978
0862,2006,9434
0862,2007,9381
0862,2008,9330
0862,2009,9223
0862,2010,9187
0862,2011,9039
0862,2012,8991
0862,2013,8964
0862,2014,9008
0862,2015,9089
0862,2016,9348
0862,2017,9368
0862,2018,9400
0862,2019,9445
0862,2020,9360
0862,2021,9329
0862,2022,9347
0862,2023,9056
0862,2024,9006
0862,2025,8806
0880,2006,61308
0880,2007,61519
0880,2008,61679
0880,2009,62375
0880,2010,62808
0880,2011,63051
0880,2012,63668
0880,2013,63883
0880,2014,64672
0880,2015,65699
0880,2016,66566
0880,2017,67445
0880,2018,68507
0880,2019,69465
0880,2020,70327
0880,2021,71325
0880,2022,72017
0880,2023,72302
0880,2024,72702
0880,2025,73068
0881,2006,19679
0881,2007,19642
0881,2008,19555
0881,2009,19574
0881,2010,19649
0881,2011,19636
0881,2012,19485
0881,2013,19488
0881,2014,19713
0881,2015,19753
0881,2016,20310
0881,2017,20405
0881,2018,20349
0881,2019,20317
0881,2020,20271
0881,2021,20282
0881,2022,20303
0881,2023,20145
0881,2024,19951
0881,2025,19802
0882,2006,26242
0882,2007,26292
0882,2008,26308
0882,2009,26230
0882,2010,26162
0882,2011,26166
0882,2012,26144
0882,2013,26212
0882,2014,26301
0882,2015,26450
0882,2016,27005
0882,2017,26927
0882,2018,26927
0882,2019,27101
0882,2020,27146
0882,2021,27220
0882,2022,27027
0882,2023,26917
0882,2024,26923
0882,2025,26762
0883,2006,36399
0883,2007,36455
0883,2008,36354
0883,2009,36289
0883,2010,36206
0883,2011,36015
0883,2012,35892
0883,2013,35865
0883,2014,35919
0883,2015,36048
0883,2016,36438
0883,2017,36551
0883,2018,36680
0883,2019,36679
0883,2020,36655
0883,2021,36747
0883,2022,36650
0883,2023,36434
0883,2024,36447
0883,2025,36269
0884,2006,15587
0884,2007,15607
0884,2008,15549
0884,2009,15537
0884,2010,15473
0884,2011,15397
0884,2012,15403
0884,2013,15287
0884,2014,15297
0884,2015,15419
0884,2016,15636
0884,2017,15728
0884,2018,15764
0884,2019,15647
0884,2020,15672
0884,2021,15578
0884,2022,15557
0884,2023,15461
0884,2024,15384
0884,2025,15325
0885,2006,10982
0885,2007,10932
0885,2008,10854
0885,2009,10805
0885,2010,10675
0885,2011,10622
0885,2012,10768
0885,2013,10619
0885,2014,10681
0885,2015,10681
0885,2016,10930
0885,2017,10856
0885,2018,10872
0885,2019,10839
0885,2020,10836
0885,2021,10895
0885,2022,10857
0885,2023,10748
0885,2024,10666
0885,2025,10625
0980,2006,57293
0980,2007,57117
0980,2008,56999
0980,2009,57218
0980,2010,57264
0980,2011,57307
0980,2012,57240
0980,2013,57160
0980,2014,57254
0980,2015,57390
0980,2016,58001
0980,2017,58592
0980,2018,59246
0980,2019,59683
0980,2020,60122
0980,2021,60999
0980,2022,61173
0980,2023,61029
0980,2024,60971
0980,2025,60853
1060,2006,13353
1060,2007,13197
1060,2008,13167
1060,2009,13102
1060,2010,12988
1060,2011,12876
1060,2012,12896
1060,2013,12902
1060,2014,13031
1060,2015,13170
1060,2016,13417
1060,2017,13482
1060,2018,13516
1060,2019,13426
1060,2020,13311
1060,2021,13263
1060,2022,13158
1060,2023,13060
1060,2024,13000
1060,2025,12841
1080,2006,61835
1080,2007,62328
1080,2008,62796
1080,2009,63338
1080,2010,64030
1080,2011,64211
1080,2012,63687
1080,2013,63910
1080,2014,64345
1080,2015,65395
1080,2016,66274
1080,2017,66676
1080,2018,66687
1080,2019,66634
1080,2020,66527
1080,2021,66720
1080,2022,66693
1080,2023,66435
1080,2024,66315
1080,2025,66034
1081,2006,28436
1081,2007,28485
1081,2008,28484
1081,2009,28412
1081,2010,28250
1081,2011,27909
1081,2012,27787
1081,2013,27869
1081,2014,28219
1081,2015,28678
1081,2016,29192
1081,2017,29553
1081,2018,29680
1081,2019,29618
1081,2020,29357
1081,2021,29186
1081,2022,29157
1081,2023,29006
1081,2024,28727
1081,2025,28694
1082,2006,31170
1082,2007,31043
1082,2008,30953
1082,2009,30915
1082,2010,31139
1082,2011,31183
1082,2012,31129
1082,2013,31270
1082,2014,31595
1082,2015,31844
1082,2016,32128
1082,2017,32198
1082,2018,32328
1082,2019,32471
1082,2020,32401
1082,2021,32225
1082,2022,32216
1082,2023,31996
1082,2024,31751
1082,2025,31642
1083,2006,16615
1083,2007,16821
1083,2008,16839
1083,2009,16812
1083,2010,16810
1083,2011,16793
1083,2012,16808
1083,2013,16800
1083,2014,16959
1083,2015,17160
1083,2016,17437
1083,2017,17455
1083,2018,17468
1083,2019,17452
1083,2020,17456
1083,2021,17540
1083,2022,17514
1083,2023,17475
1083,2024,17430
1083,2025,17404
1214,2006,13054
1214,2007,13142
1214,2008,13184
1214,2009,13290
1214,2010,13242
1214,2011,13250
1214,2012,13275
1214,2013,13332
1214,2014,13460
1214,2015,13655
1214,2016,13919
1214,2017,14024
1214,2018,14123
1214,2019,14268
1214,2020,14276
1214,2021,14412
1214,2022,14466
1214,2023,14544
1214,2024,14543
1214,2025,14474
1230,2006,20837
1230,2007,21204
1230,2008,21664
1230,2009,21948
1230,2010,22258
1230,2011,22295
1230,2012,22533
1230,2013,22671
1230,2014,22993
1230,2015,23119
1230,2016,23600
1230,2017,24168
1230,2018,24724
1230,2019,25397
1230,2020,25884
1230,2021,26243
1230,2022,26779
1230,2023,27152
1230,2024,27303
1230,2025,27482
1231,2006,15658
1231,2007,15947
1231,2008,16227
1231,2009,16506
1231,2010,16698
1231,2011,16841
1231,2012,17010
1231,2013,17113
1231,2014,17210
1231,2015,17429
1231,2016,17646
1231,2017,18071
1231,2018,18359
1231,2019,19111
1231,2020,19312
1231,2021,19753
1231,2022,19882
1231,2023,19844
1231,2024,20101
1231,2025,20445
1233,2006,32270
1233,2007,32565
1233,2008,32843
1233,2009,33162
1233,2010,33303
1233,2011,33510
1233,2012,33615
1233,2013,33807
1233,2014,34110
1233,2015,34667
1233,2016,35257
1233,2017,35790
1233,2018,36499
1233,2019,36628
1233,2020,36915
1233,2021,37452
1233,2022,37821
1233,2023,37738
1233,2024,37816
1233,2025,37833
1256,2006,13886
1256,2007,13827
1256,2008,13662
1256,2009,13526
1256,2010,13590
1256,2011,13603
1256,2012,13620
1256,2013,13687
1256,2014,13864
1256,2015,14100
1256,2016,14404
1256,2017,14713
1256,2018,14912
1256,2019,15004
1256,2020,15015
1256,2021,14939
1256,2022,14575
1256,2023,14329
1256,2024,13976
1256,2025,13716
1257,2006,9529
1257,2007,9577
1257,2008,9592
1257,2009,9637
1257,2010,9630
1257,2011,9662
1257,2012,9654
1257,2013,9652
1257,2014,9732
1257,2015,9826
1257,2016,9955
1257,2017,10045
1257,2018,10172
1257,2019,10278
1257,2020,10448
1257,2021,10496
1257,2022,10453
1257,2023,10427
1257,2024,10272
1257,2025,10289
1260,2006,14196
1260,2007,14468
1260,2008,14612
1260,2009,14812
1260,2010,14839
1260,2011,14849
1260,2012,14865
1260,2013,14799
1260,2014,14892
1260,2015,14960
1260,2016,15200
1260,2017,15428
1260,2018,15500
1260,2019,15714
1260,2020,15697
1260,2021,15842
1260,2022,16062
1260,2023,15968
1260,2024,15985
1260,2025,16053
1261,2006,27367
1261,2007,27746
1261,2008,28254
1261,2009,28638
1261,2010,29013
1261,2011,29261
1261,2012,29427
1261,2013,29600
1261,2014,29808
1261,2015,30104
1261,2016,30532
1261,2017,30959
1261,2018,31491
1261,2019,31705
1261,2020,32020
1261,2021,32341
1261,2022,32470
1261,2023,32430
1261,2024,32477
1261,2025,32656
1262,2006,19433
1262,2007,20022
1262,2008,20448
1262,2009,21064
1262,2010,21558
1262,2011,22016
1262,2012,22298
1262,2013,22496
1262,2014,22946
1262,2015,23325
1262,2016,23888
1262,2017,24265
1262,2018,24764
1262,2019,24834
1262,2020,24875
1262,2021,24637
1262,2022,24720
1262,2023,24627
1262,2024,24716
1262,2025,24681
1263,2006,18987
1263,2007,19148
1263,2008,19390
1263,2009,19624
1263,2010,19821
1263,2011,19804
1263,2012,19970
1263,2013,20066
1263,2014,20247
1263,2015,20460
1263,2016,20770
1263,2017,21073
1263,2018,21575
1263,2019,22228
1263,2020,22664
1263,2021,23221
1263,2022,23287
1263,2023,23469
1263,2024,23579
1263,2025,23715
1264,2006,14701
1264,2007,14786
1264,2008,14784
1264,2009,14865
1264,2010,14979
1264,2011,14946
1264,2012,14955
1264,2013,15025
1264,2014,15167
1264,2015,15149
1264,2016,15408
1264,2017,15642
1264,2018,15758
1264,2019,15888
1264,2020,16041
1264,2021,16419
1264,2022,16731
1264,2023,16861
1264,2024,17099
1264,2025,17138
1265,2006,17720
1265,2007,18015
1265,2008,18093
1265,2009,18153
1265,2010,18112
1265,2011,18143
1265,2012,18290
1265,2013,18401
1265,2014,18415
1265,2015,18514
1265,2016,18742
1265,2017,19071
1265,2018,19153
1265,2019,19226
1265,2020,19412
1265,2021,19497
1265,2022,19547
1265,2023,19437
1265,2024,19337
1265,2025,19396
1266,2006,14536
1266,2007,14580
1266,2008,14752
1266,2009,14760
1266,2010,14839
1266,2011,14901
1266,2012,14958
1266,2013,14917
1266,2014,14927
1266,2015,15020
1266,2016,15283
1266,2017,15552
1266,2018,15635
1266,2019,15631
1266,2020,15653
1266,2021,15745
1266,2022,15718
1266,2023,15585
1266,2024,15562
1266,2025,15558
1267,2006,14777
1267,2007,14924
1267,2008,15038
1267,2009,15260
1267,2010,15459
1267,2011,15492
1267,2012,15526
1267,2013,15637
1267,2014,15770
1267,2015,15970
1267,2016,16192
1267,2017,16478
1267,2018,16637
1267,2019,16713
1267,2020,16830
1267,2021,16954
1267,2022,17297
1267,2023,17376
1267,2024,17518
1267,2025,17683
1270,2006,12719
1270,2007,12772
1270,2008,12816
1270,2009,12936
1270,2010,12914
1270,2011,12929
1270,2012,12917
1270,2013,12891
1270,2014,13007
1270,2015,13129
1270,2016,13327
1270,2017,13412
1270,2018,13553
1270,2019,13613
1270,2020,13659
1270,2021,13706
1270,2022,13807
1270,2023,13655
1270,2024,13636
1270,2025,13668
1272,2006,12145
1272,2007,12181
1272,2008,12200
1272,2009,12285
1272,2010,12272
1272,2011,12366
1272,2012,12250
1272,2013,12336
1272,2014,12400
1272,2015,12513
1272,2016,12625
1272,2017,12699
1272,2018,12876
1272,2019,12870
1272,2020,12759
1272,2021,12650
1272,2022,12633
1272,2023,12498
1272,2024,12470
1272,2025,12497
1273,2006,12634
1273,2007,12623
1273,2008,12647
1273,2009,12655
1273,2010,12723
1273,2011,12699
1273,2012,12637
1273,2013,12713
1273,2014,12828
1273,2015,12954
1273,2016,13149
1273,2017,13182
1273,2018,13266
1273,2019,13207
1273,2020,13197
1273,2021,13266
1273,2022,13237
1273,2023,13105
1273,2024,12946
1273,2025,12858
1275,2006,6896
1275,2007,6928
1275,2008,6969
1275,2009,6980
1275,2010,7058
1275,2011,7158
1275,2012,7096
1275,2013,7138
1275,2014,7174
1275,2015,7211
1275,2016,7338
1275,2017,7335
1275,2018,7479
1275,2019,7492
1275,2020,7475
1275,2021,7564
1275,2022,7442
1275,2023,7323
1275,2024,7235
1275,2025,7115
1276,2006,16104
1276,2007,16252
1276,2008,16335
1276,2009,16381
1276,2010,16514
1276,2011,16600
1276,2012,16660
1276,2013,16715
1276,2014,16733
1276,2015,16917
1276,2016,17219
1276,2017,17462
1276,2018,17600
1276,2019,17756
1276,2020,17738
1276,2021,17783
1276,2022,17865
1276,2023,17727
1276,2024,17718
1276,2025,17715
1277,2006,13881
1277,2007,14228
1277,2008,14529
1277,2009,14665
1277,2010,14737
1277,2011,14789
1277,2012,14806
1277,2013,14927
1277,2014,15061
1277,2015,15196
1277,2016,15531
1277,2017,15831
1277,2018,15990
1277,2019,15943
1277,2020,16066
1277,2021,16311
1277,2022,16344
1277,2023,16461
1277,2024,16452
1277,2025,16496
1278,2006,14167
1278,2007,14239
1278,2008,14200
1278,2009,14268
1278,2010,14277
1278,2011,14229
1278,2012,14262
1278,2013,14275
1278,2014,14419
1278,2015,14373
1278,2016,14613
1278,2017,14795
1278,2018,14947
1278,2019,15127
1278,2020,15412
1278,2021,15635
1278,2022,15824
1278,2023,15912
1278,2024,16026
1278,2025,16048
1280,2006,276134
1280,2007,280683
1280,2008,286418
1280,2009,293822
1280,2010,298917
1280,2011,302816
1280,2012,307739
1280,2013,312976
1280,2014,318089
1280,2015,322554
1280,2016,328481
1280,2017,333619
1280,2018,339302
1280,2019,344157
1280,2020,347943
1280,2021,351741
1280,2022,357374
1280,2023,362131
1280,2024,365641
1280,2025,367922
1281,2006,103267
1281,2007,105265
1281,2008,107337
1281,2009,109138
1281,2010,110480
1281,2011,111662
1281,2012,112950
1281,2013,114291
1281,2014,115968
1281,2015,116832
1281,2016,118540
1281,2017,121270
1281,2018,122945
1281,2019,124931
1281,2020,125937
1281,2021,127372
1281,2022,128381
1281,2023,130284
1281,2024,131586
1281,2025,132329
1282,2006,40008
1282,2007,40407
1282,2008,40841
1282,2009,41218
1282,2010,41722
1282,2011,42188
1282,2012,42560
1282,2013,43072
1282,2014,43573
1282,2015,43961
1282,2016,44611
1282,2017,45286
1282,2018,45775
1282,2019,46090
1282,2020,46304
1282,2021,46487
1282,2022,47004
1282,2023,47134
1282,2024,47309
1282,2025,47570
1283,2006,123356
1283,2007,124947
1283,2008,126718
1283,2009,128338
1283,2010,129169
1283,2011,130618
1283,2012,132006
1283,2013,132984
1283,2014,135340
1283,2015,137905
1283,2016,140541
1283,2017,143300
1283,2018,145412
1283,2019,147729
1283,2020,149276
1283,2021,150106
1283,2022,150972
1283,2023,151305
1283,2024,152090
1283,2025,152776
1284,2006,23852
1284,2007,24062
1284,2008,24247
1284,2009,24479
1284,2010,24636
1284,2011,24698
1284,2012,24863
1284,2013,25084
1284,2014,25298
1284,2015,25610
1284,2016,25847
1284,2017,26193
1284,2018,26566
1284,2019,26942
1284,2020,27168
1284,2021,27589
1284,2022,28103
1284,2023,28193
1284,2024,28430
1284,2025,28489
1285,2006,30428
1285,2007,30762
1285,2008,31110
1285,2009,31259
1285,2010,31581
1285,2011,31726
1285,2012,31743
1285,2013,31919
1285,2014,32178
1285,2015,32437
1285,2016,32876
1285,2017,33235
1285,2018,33556
1285,2019,33791
1285,2020,34122
1285,2021,34591
1285,2022,34701
1285,2023,34775
1285,2024,34922
1285,2025,35127
1286,2006,27396
1286,2007,27717
1286,2008,27869
1286,2009,28109
1286,2010,28338
1286,2011,28427
1286,2012,28558
1286,2013,28623
1286,2014,28771
1286,2015,28985
1286,2016,29448
1286,2017,29848
1286,2018,30226
1286,2019,30541
1286,2020,30970
1286,2021,31560
1286,2022,31714
1286,2023,31911
1286,2024,32106
1286,2025,32187
1287,2006,40313
1287,2007,41012
1287,2008,41549
1287,2009,41887
1287,2010,42217
1287,2011,42542
1287,2012,42604
1287,2013,42834
1287,2014,42970
1287,2015,43358
1287,2016,43913
1287,2017,44595
1287,2018,44902
1287,2019,45439
1287,2020,45876
1287,2021,46231
1287,2022,46649
1287,2023,46936
1287,2024,47267
1287,2025,47404
1290,2006,76529
1290,2007,77229
1290,2008,77965
1290,2009,78780
1290,2010,79539
1290,2011,79927
1290,2012,80504
1290,2013,81007
1290,2014,81824
1290,2015,82513
1290,2016,83194
1290,2017,84155
1290,2018,84912
1290,2019,85751
1290,2020,86221
1290,2021,86647
1290,2022,86745
1290,2023,86567
1290,2024,86384
1290,2025,85912
1291,2006,19418
1291,2007,19306
1291,2008,19356
1291,2009,19328
1291,2010,19297
1291,2011,19147
1291,2012,18997
1291,2013,18951
1291,2014,18905
1291,2015,19064
1291,2016,19485
1291,2017,19376
1291,2018,19278
1291,2019,19174
1291,2020,19227
1291,2021,19267
1291,2022,19074
1291,2023,18962
1291,2024,18890
1291,2025,18776
1292,2006,38680
1292,2007,38747
1292,2008,38852
1292,2009,39081
1292,2010,39387
1292,2011,39621
1292,2012,39740
1292,2013,39863
1292,2014,40226
1292,2015,40729
1292,2016,41330
1292,2017,41780
1292,2018,42125
1292,2019,42472
1292,2020,42907
1292,2021,43630
1292,2022,44264
1292,2023,44862
1292,2024,45106
1292,2025,45152
1293,2006,49379
1293,2007,49776
1293,2008,49997
1293,2009,50030
1293,2010,50106
1293,2011,50164
1293,2012,50163
1293,2013,50227
1293,2014,50565
1293,2015,51046
1293,2016,51667
1293,2017,52003
1293,2018,52121
1293,2019,52145
1293,2020,52010
1293,2021,52309
1293,2022,52369
1293,2023,52241
1293,2024,52114
1293,2025,51915
1315,2006,10371
1315,2007,10257
1315,2008,10273
1315,2009,10277
1315,2010,10177
1315,2011,10126
1315,2012,10032
1315,2013,10001
1315,2014,10277
1315,2015,10514
1315,2016,10954
1315,2017,10990
1315,2018,10914
1315,2019,10815
1315,2020,10649
1315,2021,10619
1315,2022,10464
1315,2023,10299
1315,2024,10196
1315,2025,10094
1380,2006,88948
1380,2007,89719
1380,2008,90232
1380,2009,91084
1380,2010,91798
1380,2011,92292
1380,2012,93229
1380,2013,94082
1380,2014,95528
1380,2015,96950
1380,2016,98536
1380,2017,99746
1380,2018,101257
1380,2019,102758
1380,2020,103746
1380,2021,104567
1380,2022,105143
1380,2023,105790
1380,2024,106083
1380,2025,106315
1381,2006,23151
1381,2007,23187
1381,2008,23256
1381,2009,23345
1381,2010,23390
1381,2011,23470
1381,2012,23458
1381,2013,23517
1381,2014,23781
1381,2015,24195
1381,2016,24664
1381,2017,25147
1381,2018,25491
1381,2019,25903
1381,2020,25967
1381,2021,26319
1381,2022,26575
1381,2023,26565
1381,2024,26595
1381,2025,26564
1382,2006,39868
1382,2007,40158
1382,2008,40449
1382,2009,40737
1382,2010,41006
1382,2011,41302
1382,2012,41421
1382,2013,41910
1382,2014,42432
1382,2015,42947
1382,2016,43864
1382,2017,44192
1382,2018,44700
1382,2019,45365
1382,2020,46049
1382,2021,46770
1382,2022,47016
1382,2023,47107
1382,2024,47336
1382,2025,47322
1383,2006,55448
1383,2007,56103
1383,2008,56665
1383,2009,57435
1383,2010,58082
1383,2011,58575
1383,2012,59185
1383,2013,59936
1383,2014,60422
1383,2015,61030
1383,2016,61866
1383,2017,62752
1383,2018,63629
1383,2019,64600
1383,2020,65396
1383,2021,66658
1383,2022,67800
1383,2023,68325
1383,2024,69070
1383,2025,69462
1384,2006,71042
1384,2007,71939
1384,2008,72672
1384,2009,73936
1384,2010,75024
1384,2011,75954
1384,2012,76786
1384,2013,77390
1384,2014,78219
1384,2015,79144
1384,2016,80439
1384,2017,81985
1384,2018,83347
1384,2019,84392
1384,2020,84929
1384,2021,85300
1384,2022,85800
1384,2023,85652
1384,2024,85791
1384,2025,86331
1401,2006,32393
1401,2007,32967
1401,2008,33579
1401,2009,34006
1401,2010,34463
1401,2011,34854
1401,2012,35223
1401,2013,35732
1401,2014,36290
1401,2015,36650
1401,2016,37107
1401,2017,37411
1401,2018,37801
1401,2019,37976
1401,2020,38245
1401,2021,39005
1401,2022,39762
1401,2023,39875
1401,2024,40003
1401,2025,40008
1402,2006,33606
1402,2007,33692
1402,2008,33796
1402,2009,34380
1402,2010,35083
1402,2011,35517
1402,2012,35836
1402,2013,36146
1402,2014,36528
1402,2015,36977
1402,2016,37315
1402,2017,37879
1402,2018,38441
1402,2019,39288
1402,2020,39511
1402,2021,39528
1402,2022,39851
1402,2023,40730
1402,2024,41060
1402,2025,41165
1407,2006,12229
1407,2007,12255
1407,2008,12250
1407,2009,12292
1407,2010,12449
1407,2011,12487
1407,2012,12539
1407,2013,12574
1407,2014,12645
1407,2015,12682
1407,2016,12773
1407,2017,12923
1407,2018,12945
1407,2019,12916
1407,2020,12934
1407,2021,12902
1407,2022,12800
1407,2023,12819
1407,2024,12771
1407,2025,12865
1415,2006,23189
1415,2007,23388
1415,2008,23656
1415,2009,23982
1415,2010,24291
1415,2011,24600
1415,2012,24867
1415,2013,24931
1415,2014,25274
1415,2015,25506
1415,2016,25813
1415,2017,26222
1415,2018,26501
1415,2019,26776
1415,2020,27043
1415,2021,27555
1415,2022,27869
1415,2023,27861
1415,2024,27849
1415,2025,27851
1419,2006,14953
1419,2007,14943
1419,2008,14962
1419,2009,14960
1419,2010,14955
1419,2011,14959
1419,2012,14974
1419,2013,15050
1419,2014,15135
1419,2015,15315
1419,2016,15584
1419,2017,15790
1419,2018,15922
1419,2019,16016
1419,2020,16147
1419,2021,16312
1419,2022,16275
1419,2023,16146
1419,2024,16092
1419,2025,16002
1421,2006,15185
1421,2007,15373
1421,2008,15327
1421,2009,15308
1421,2010,15221
1421,2011,15129
1421,2012,15083
1421,2013,15036
1421,2014,15054
1421,2015,15010
1421,2016,15093
1421,2017,15108
1421,2018,15110
1421,2019,15218
1421,2020,15315
1421,2021,15345
1421,2022,15415
1421,2023,15333
1421,2024,15352
1421,2025,15362
1427,2006,9282
1427,2007,9279
1427,2008,9169
1427,2009,9111
1427,2010,9051
1427,2011,9007
1427,2012,9004
1427,2013,8928
1427,2014,8931
1427,2015,9006
1427,2016,9065
1427,2017,9073
1427,2018,9030
1427,2019,9061
1427,2020,9100
1427,2021,9125
1427,2022,9160
1427,2023,9052
1427,2024,9104
1427,2025,9034
1430,2006,10244
1430,2007,10254
1430,2008,10245
1430,2009,10246
1430,2010,10181
1430,2011,10223
1430,2012,10173
1430,2013,10205
1430,2014,10243
1430,2015,10205
1430,2016,10361
1430,2017,10423
1430,2018,10503
1430,2019,10513
1430,2020,10582
1430,2021,10588
1430,2022,10578
1430,2023,10502
1430,2024,10354
1430,2025,10275
1435,2006,12253
1435,2007,12241
1435,2008,12270
1435,2009,12253
1435,2010,12370
1435,2011,12320
1435,2012,12270
1435,2013,12303
1435,2014,12346
1435,2015,12455
1435,2016,12606
1435,2017,12763
1435,2018,12873
1435,2019,12841
1435,2020,12912
1435,2021,12965
1435,2022,13013
1435,2023,12865
1435,2024,12773
1435,2025,12679
1438,2006,4899
1438,2007,4834
1438,2008,4787
1438,2009,4728
1438,2010,4692
1438,2011,4679
1438,2012,4664
1438,2013,4739
1438,2014,4764
1438,2015,4799
1438,2016,4777
1438,2017,4763
1438,2018,4806
1438,2019,4813
1438,2020,4761
1438,2021,4756
1438,2022,4650
1438,2023,4606
1438,2024,4606
1438,2025,4570
1439,2006,6777
1439,2007,6768
1439,2008,6743
1439,2009,6689
1439,2010,6653
1439,2011,6605
1439,2012,6548
1439,2013,6519
1439,2014,6501
1439,2015,6499
1439,2016,6631
1439,2017,6596
1439,2018,6606
1439,2019,6643
1439,2020,6664
1439,2021,6583
1439,2022,6520
1439,2023,6442
1439,2024,6384
1439,2025,6297
1440,2006,26795
1440,2007,27087
1440,2008,27319
1440,2009,27392
1440,2010,27442
1440,2011,27577
1440,2012,27842
1440,2013,28074
1440,2014,28423
1440,2015,28869
1440,2016,29556
1440,2017,30230
1440,2018,30931
1440,2019,31409
1440,2020,31876
1440,2021,32157
1440,2022,32403
1440,2023,32456
1440,2024,32586
1440,2025,32632
1441,2006,37087
1441,2007,37706
1441,2008,38081
1441,2009,38301
1441,2010,38580
1441,2011,38788
1441,2012,39070
1441,2013,39319
1441,2014,39771
1441,2015,40174
1441,2016,40686
1441,2017,41502
1441,2018,42129
1441,2019,42568
1441,2020,43020
1441,2021,43399
1441,2022,43536
1441,2023,43697
1441,2024,43563
1441,2025,43744
1442,2006,10894
1442,2007,10986
1442,2008,10974
1442,2009,10966
1442,2010,10942
1442,2011,10993
1442,2012,11029
1442,2013,11064
1442,2014,11088
1442,2015,11165
1442,2016,11295
1442,2017,11490
1442,2018,11658
1442,2019,11810
1442,2020,11946
1442,2021,12180
1442,2022,12268
1442,2023,12384
1442,2024,12474
1442,2025,12472
1443,2006,8178
1443,2007,8192
1443,2008,8231
1443,2009,8253
1443,2010,8375
1443,2011,8356
1443,2012,8507
1443,2013,8562
1443,2014,8652
1443,2015,8799
1443,2016,9102
1443,2017,9262
1443,2018,9427
1443,2019,9495
1443,2020,9544
1443,2021,9634
1443,2022,9703
1443,2023,9733
1443,2024,9802
1443,2025,9786
1444,2006,5809
1444,2007,5831
1444,2008,5850
1444,2009,5856
1444,2010,5775
1444,2011,5672
1444,2012,5639
1444,2013,5641
1444,2014,5630
1444,2015,5644
1444,2016,5721
1444,2017,5750
1444,2018,5731
1444,2019,5693
1444,2020,5685
1444,2021,5730
1444,2022,5646
1444,2023,5563
1444,2024,5555
1444,2025,5602
1445,2006,5650
1445,2007,5637
1445,2008,5625
1445,2009,5601
1445,2010,5564
1445,2011,5493
1445,2012,5502
1445,2013,5494
1445,2014,5538
1445,2015,5587
1445,2016,5617
1445,2017,5642
1445,2018,5666
1445,2019,5651
1445,2020,5683
1445,2021,5694
1445,2022,5714
1445,2023,5653
1445,2024,5556
1445,2025,5556
1446,2006,6880
1446,2007,6850
1446,2008,6790
1446,2009,6784
1446,2010,6752
1446,2011,6722
1446,2012,6699
1446,2013,6757
1446,2014,6786
1446,2015,6764
1446,2016,6913
1446,2017,6954
1446,2018,6940
1446,2019,6940
1446,2020,6962
1446,2021,6965
1446,2022,7057
1446,2023,7061
1446,2024,7023
1446,2025,7046
1447,2006,5505
1447,2007,5424
1447,2008,5371
1447,2009,5335
1447,2010,5291
1447,2011,5251
1447,2012,5221
1447,2013,5185
1447,2014,5240
1447,2015,5229
1447,2016,5307
1447,2017,5280
1447,2018,5291
1447,2019,5278
1447,2020,5167
1447,2021,5204
1447,2022,5192
1447,2023,5119
1447,2024,5031
1447,2025,4947
1452,2006,11740
1452,2007,11749
1452,2008,11718
1452,2009,11620
1452,2010,11587
1452,2011,11606
1452,2012,11572
1452,2013,11531
1452,2014,11639
1452,2015,11618
1452,2016,11775
1452,2017,11841
1452,2018,11874
1452,2019,11936
1452,2020,11885
1452,2021,11937
1452,2022,11940
1452,2023,11883
1452,2024,11839
1452,2025,11874
1460,2006,10079
1460,2007,9957
1460,2008,9897
1460,2009,9841
1460,2010,9791
1460,2011,9680
1460,2012,9588
1460,2013,9550
1460,2014,9556
1460,2015,9620
1460,2016,9934
1460,2017,9899
1460,2018,9840
1460,2019,9742
1460,2020,9584
1460,2021,9401
1460,2022,9247
1460,2023,9130
1460,2024,9068
1460,2025,8949
1461,2006,9618
1461,2007,9552
1461,2008,9441
1461,2009,9260
1461,2010,9178
1461,2011,9068
1461,2012,8946
1461,2013,8892
1461,2014,8936
1461,2015,9172
1461,2016,9326
1461,2017,9380
1461,2018,9355
1461,2019,9312
1461,2020,9316
1461,2021,9272
1461,2022,9267
1461,2023,9169
1461,2024,9056
1461,2025,9044
1462,2006,12824
1462,2007,12824
1462,2008,12825
1462,2009,12770
1462,2010,12577
1462,2011,12540
1462,2012,12580
1462,2013,12829
1462,2014,13031
1462,2015,13169
1462,2016,13719
1462,2017,13953
1462,2018,14038
1462,2019,14099
1462,2020,14278
1462,2021,14505
1462,2022,14425
1462,2023,14422
1462,2024,14438
1462,2025,14396
1463,2006,33593
1463,2007,33728
1463,2008,33805
1463,2009,33820
1463,2010,33844
1463,2011,33791
1463,2012,33763
1463,2013,33753
1463,2014,33886
1463,2015,33904
1463,2016,34216
1463,2017,34483
1463,2018,34780
1463,2019,34753
1463,2020,34894
1463,2021,35199
1463,2022,35327
1463,2023,35284
1463,2024,35151
1463,2025,35130
1465,2006,10404
1465,2007,10430
1465,2008,10313
1465,2009,10290
1465,2010,10285
1465,2011,10280
1465,2012,10237
1465,2013,10297
1465,2014,10365
1465,2015,10505
1465,2016,10678
1465,2017,10658
1465,2018,10682
1465,2019,10779
1465,2020,10751
1465,2021,10864
1465,2022,10816
1465,2023,10755
1465,2024,10743
1465,2025,10611
1466,2006,9243
1466,2007,9304
1466,2008,9280
1466,2009,9348
1466,2010,9314
1466,2011,9284
1466,2012,9282
1466,2013,9274
1466,2014,9376
1466,2015,9349
1466,2016,9486
1466,2017,9485
1466,2018,9494
1466,2019,9464
1466,2020,9444
1466,2021,9501
1466,2022,9517
1466,2023,9441
1466,2024,9497
1466,2025,9509
1470,2006,15961
1470,2007,16008
1470,2008,15868
1470,2009,15771
1470,2010,15762
1470,2011,15694
1470,2012,15557
1470,2013,15609
1470,2014,15597
1470,2015,15665
1470,2016,15791
1470,2017,15946
1470,2018,15956
1470,2019,16027
1470,2020,16100
1470,2021,16166
1470,2022,16166
1470,2023,16069
1470,2024,16092
1470,2025,16015
1471,2006,12958
1471,2007,13056
1471,2008,13085
1471,2009,13186
1471,2010,13223
1471,2011,13133
1471,2012,13091
1471,2013,13027
1471,2014,13079
1471,2015,13164
1471,2016,13280
1471,2017,13249
1471,2018,13238
1471,2019,13214
1471,2020,13200
1471,2021,13268
1471,2022,13279
1471,2023,13222
1471,2024,13289
1471,2025,13227
1472,2006,10670
1472,2007,10611
1472,2008,10662
1472,2009,10611
1472,2010,10560
1472,2011,10625
1472,2012,10673
1472,2013,10754
1472,2014,10864
1472,2015,10979
1472,2016,11069
1472,2017,11108
1472,2018,11165
1472,2019,11236
1472,2020,11293
1472,2021,11276
1472,2022,11393
1472,2023,11326
1472,2024,11332
1472,2025,11324
1473,2006,9367
1473,2007,9375
1473,2008,9255
1473,2009,9255
1473,2010,9112
1473,2011,9062
1473,2012,9009
1473,2013,8992
1473,2014,9072
1473,2015,9293
1473,2016,9435
1473,2017,9414
1473,2018,9312
1473,2019,9293
1473,2020,9281
1473,2021,9207
1473,2022,9186
1473,2023,9141
1473,2024,9043
1473,2025,9092
1480,2006,489622
1480,2007,493348
1480,2008,500050
1480,2009,507232
1480,2010,513687
1480,2011,520334
1480,2012,526046
1480,2013,533232
1480,2014,541114
1480,2015,548170
1480,2016,556625
1480,2017,564022
1480,2018,571850
1480,2019,579254
1480,2020,583036
1480,2021,587529
1480,2022,596831
1480,2023,604615
1480,2024,608994
1480,2025,613279
1481,2006,58930
1481,2007,59420
1481,2008,59803
1481,2009,60377
1481,2010,60972
1481,2011,61337
1481,2012,61659
1481,2013,61978
1481,2014,62926
1481,2015,63339
1481,2016,64464
1481,2017,66117
1481,2018,68149
1481,2019,69361
1481,2020,69899
1481,2021,69942
1481,2022,70108
1481,2023,70534
1481,2024,71420
1481,2025,72130
1482,2006,38896
1482,2007,39646
1482,2008,40266
1482,2009,40725
1482,2010,41238
1482,2011,41536
1482,2012,41751
1482,2013,42107
1482,2014,42332
1482,2015,42730
1482,2016,43290
1482,2017,44111
1482,2018,45087
1482,2019,46335
1482,2020,47049
1482,2021,48270
1482,2022,49069
1482,2023,49786
1482,2024,50315
1482,2025,50495
1484,2006,14627
1484,2007,14630
1484,2008,14656
1484,2009,14534
1484,2010,14519
1484,2011,14398
1484,2012,14396
1484,2013,14369
1484,2014,14299
1484,2015,14464
1484,2016,14570
1484,2017,14621
1484,2018,14611
1484,2019,14555
1484,2020,14366
1484,2021,14266
1484,2022,14170
1484,2023,13969
1484,2024,13907
1484,2025,13794
1485,2006,50494
1485,2007,50908
1485,2008,51176
1485,2009,51517
1485,2010,51868
1485,2011,52156
1485,2012,52530
1485,2013,53025
1485,2014,53517
1485,2015,54180
1485,2016,55163
1485,2017,55763
1485,2018,56259
1485,2019,56703
1485,2020,56787
1485,2021,57122
1485,2022,57282
1485,2023,57045
1485,2024,57010
1485,2025,56745
1486,2006,11569
1486,2007,11557
1486,2008,11606
1486,2009,11690
1486,2010,11808
1486,2011,12010
1486,2012,12295
1486,2013,12480
1486,2014,12694
1486,2015,12854
1486,2016,13078
1486,2017,13217
1486,2018,13252
1486,2019,13218
1486,2020,13244
1486,2021,13277
1486,2022,13290
1486,2023,13476
1486,2024,13482
1486,2025,13557
1487,2006,37019
1487,2007,36938
1487,2008,36984
1487,2009,36865
1487,2010,36853
1487,2011,36962
1487,2012,36968
1487,2013,37369
1487,2014,37889
1487,2015,38377
1487,2016,38951
1487,2017,39146
1487,2018,39408
1487,2019,39587
1487,2020,39618
1487,2021,39631
1487,2022,39898
1487,2023,40006
1487,2024,40035
1487,2025,40076
1488,2006,53805
1488,2007,54271
1488,2008,54465
1488,2009,54862
1488,2010,55243
1488,2011,55497
1488,2012,55747
1488,2013,56571
1488,2014,56928
1488,2015,57090
1488,2016,57751
1488,2017,58236
1488,2018,58726
1488,2019,59057
1488,2020,59247
1488,2021,59152
1488,2022,59272
1488,2023,59071
1488,2024,59001
1488,2025,59266
1489,2006,36476
1489,2007,36734
1489,2008,37242
1489,2009,37513
1489,2010,37795
1489,2011,38053
1489,2012,38355
1489,2013,38619
1489,2014,39187
1489,2015,39602
1489,2016,40045
1489,2017,40389
1489,2018,41069
1489,2019,41420
1489,2020,41595
1489,2021,41846
1489,2022,42194
1489,2023,42377
1489,2024,42717
1489,2025,42857
1490,2006,100203
1490,2007,100962
1490,2008,101472
1490,2009,102450
1490,2010,103287
1490,2011,104101
1490,2012,104865
1490,2013,105992
1490,2014,107019
1490,2015,108482
1490,2016,109872
1490,2017,111018
1490,2018,112173
1490,2019,113174
1490,2020,113710
1490,2021,114087
1490,2022,114443
1490,2023,114594
1490,2024,114875
1490,2025,115240
1491,2006,22431
1491,2007,22537
1491,2008,22701
1491,2009,22750
1491,2010,22836
1491,2011,22996
1491,2012,23015
1491,2013,23210
1491,2014,23244
1491,2015,23498
1491,2016,23891
1491,2017,24298
1491,2018,24447
1491,2019,24670
1491,2020,24707
1491,2021,24901
1491,2022,25111
1491,2023,25090
1491,2024,24988
1491,2025,24958
1492,2006,12716
1492,2007,12589
1492,2008,12545
1492,2009,12434
1492,2010,12295
1492,2011,12226
1492,2012,12211
1492,2013,12229
1492,2014,12326
1492,2015,12601
1492,2016,12801
1492,2017,12711
1492,2018,12720
1492,2019,12610
1492,2020,12441
1492,2021,12318
1492,2022,12216
1492,2023,12006
1492,2024,11906
1492,2025,11680
1493,2006,23926
1493,2007,23864
1493,2008,23820
1493,2009,23796
1493,2010,23741
1493,2011,23732
1493,2012,23739
1493,2013,23870
1493,2014,23921
1493,2015,24040
1493,2016,24212
1493,2017,24285
1493,2018,24368
1493,2019,24532
1493,2020,24513
1493,2021,24724
1493,2022,24770
1493,2023,24649
1493,2024,24586
1493,2025,24423
1494,2006,37520
1494,2007,37763
1494,2008,37912
1494,2009,37983
1494,2010,38045
1494,2011,38182
1494,2012,38253
1494,2013,38413
1494,2014,38760
1494,2015,39008
1494,2016,39234
1494,2017,39504
1494,2018,39878
1494,2019,40088
1494,2020,40326
1494,2021,40458
1494,2022,40457
1494,2023,40539
1494,2024,40425
1494,2025,40359
1495,2006,18594
1495,2007,18543
1495,2008,18517
1495,2009,18454
1495,2010,18314
1495,2011,18220
1495,2012,18280
1495,2013,18579
1495,2014,18747
1495,2015,18711
1495,2016,18979
1495,2017,18843
1495,2018,18829
1495,2019,18837
1495,2020,18694
1495,2021,18731
1495,2022,18755
1495,2023,18654
1495,2024,18707
1495,2025,18752
1496,2006,50141
1496,2007,50187
1496,2008,50602
1496,2009,50980
1496,2010,51398
1496,2011,51758
1496,2012,52212
1496,2013,52859
1496,2014,53134
1496,2015,53549
1496,2016,54128
1496,2017,54970
1496,2018,55727
1496,2019,56365
1496,2020,56786
1496,2021,57011
1496,2022,57459
1496,2023,57759
1496,2024,57991
1496,2025,58264
1497,2006,8853
1497,2007,8809
1497,2008,8809
1497,2009,8859
1497,2010,8841
1497,2011,8790
1497,2012,8832
1497,2013,8805
1497,2014,8885
1497,2015,8983
1497,2016,9048
1497,2017,9093
1497,2018,9176
1497,2019,9210
1497,2020,9229
1497,2021,9233
1497,2022,9243
1497,2023,9258
1497,2024,9350
1497,2025,9321
1498,2006,12652
1498,2007,12651
1498,2008,12693
1498,2009,12632
1498,2010,12572
1498,2011,12569
1498,2012,12556
1498,2013,12565
1498,2014,12617
1498,2015,12669
1498,2016,12797
1498,2017,12827
1498,2018,12828
1498,2019,12845
1498,2020,12790
1498,2021,12825
1498,2022,12839
1498,2023,12839
1498,2024,12805
1498,2025,12738
1499,2006,31237
1499,2007,31304
1499,2008,31342
1499,2009,31415
1499,2010,31512
1499,2011,31689
1499,2012,31689
1499,2013,31988
1499,2014,32185
1499,2015,32516
1499,2016,32810
1499,2017,33081
1499,2018,33158
1499,2019,33249
1499,2020,33241
1499,2021,33274
1499,2022,33256
1499,2023,32995
1499,2024,32810
1499,2025,32797
1715,2006,11802
1715,2007,11747
1715,2008,11673
1715,2009,11717
1715,2010,11706
1715,2011,11682
1715,2012,11782
1715,2013,11810
1715,2014,11885
1715,2015,11805
1715,2016,11803
1715,2017,11913
1715,2018,11965
1715,2019,12090
1715,2020,12118
1715,2021,12137
1715,2022,12118
1715,2023,12088
1715,2024,12064
1715,2025,12030
1730,2006,8669
1730,2007,8647
1730,2008,8652
1730,2009,8576
1730,2010,8523
1730,2011,8459
1730,2012,8495
1730,2013,8425
1730,2014,8452
1730,2015,8504
1730,2016,8525
1730,2017,8617
1730,2018,8575
1730,2019,8564
1730,2020,8550
1730,2021,8490
1730,2022,8535
1730,2023,8499
1730,2024,8412
1730,2025,8291
1737,2006,12945
1737,2007,12877
1737,2008,12706
1737,2009,12508
1737,2010,12414
1737,2011,12312
1737,2012,12219
1737,2013,12013
1737,2014,11992
1737,2015,11910
1737,2016,12169
1737,2017,11890
1737,2018,11719
1737,2019,11616
1737,2020,11549
1737,2021,11472
1737,2022,11411
1737,2023,11387
1737,2024,11321
1737,2025,11280
1760,2006,4523
1760,2007,4492
1760,2008,4380
1760,2009,4362
1760,2010,4273
1760,2011,4218
1760,2012,4150
1760,2013,4131
1760,2014,4106
1760,2015,4032
1760,2016,4046
1760,2017,4123
1760,2018,4055
1760,2019,4014
1760,2020,3990
1760,2021,3948
1760,2022,3882
1760,2023,3801
1760,2024,3788
1760,2025,3777
1761,2006,14485
1761,2007,14547
1761,2008,14655
1761,2009,14833
1761,2010,14926
1761,2011,14943
1761,2012,15061
1761,2013,15136
1761,2014,15256
1761,2015,15420
1761,2016,15725
1761,2017,16174
1761,2018,16483
1761,2019,16568
1761,2020,16668
1761,2021,16765
1761,2022,16820
1761,2023,16940
1761,2024,16992
1761,2025,16930
1762,2006,3936
1762,2007,3880
1762,2008,3814
1762,2009,3793
1762,2010,3771
1762,2011,3702
1762,2012,3642
1762,2013,3656
1762,2014,3656
1762,2015,3661
1762,2016,3736
1762,2017,3761
1762,2018,3783
1762,2019,3737
1762,2020,3722
1762,2021,3676
1762,2022,3697
1762,2023,3665
1762,2024,3620
1762,2025,3633
1763,2006,11466
1763,2007,11444
1763,2008,11415
1763,2009,11401
1763,2010,11266
1763,2011,11229
1763,2012,11311
1763,2013,11292
1763,2014,11379
1763,2015,11381
1763,2016,11453
1763,2017,11511
1763,2018,11524
1763,2019,11502
1763,2020,11527
1763,2021,11610
1763,2022,11582
1763,2023,11542
1763,2024,11525
1763,2025,11446
1764,2006,9332
1764,2007,9302
1764,2008,9249
1764,2009,9142
1764,2010,9091
1764,2011,9017
1764,2012,8939
1764,2013,8925
1764,2014,8958
1764,2015,8945
1764,2016,9063
1764,2017,9011
1764,2018,9016
1764,2019,9047
1764,2020,9043
1764,2021,9091
1764,2022,9105
1764,2023,9057
1764,2024,9004
1764,2025,8855
1765,2006,9821
1765,2007,9877
1765,2008,9952
1765,2009,9915
1765,2010,9855
1765,2011,9827
1765,2012,9864
1765,2013,9951
1765,2014,9804
1765,2015,9869
1765,2016,9958
1765,2017,9948
1765,2018,10011
1765,2019,10070
1765,2020,9996
1765,2021,9942
1765,2022,9914
1765,2023,9893
1765,2024,9825
1765,2025,9735
1766,2006,13590
1766,2007,13566
1766,2008,13473
1766,2009,13345
1766,2010,13255
1766,2011,13142
1766,2012,13102
1766,2013,13011
1766,2014,13099
1766,2015,13208
1766,2016,13425
1766,2017,13331
1766,2018,13261
1766,2019,13306
1766,2020,13335
1766,2021,13355
1766,2022,13418
1766,2023,13366
1766,2024,13356
1766,2025,13352
1780,2006,82870
1780,2007,83633
1780,2008,83986
1780,2009,84732
1780,2010,85750
1780,2011,86407
1780,2012,86927
1780,2013,87784
1780,2014,88349
1780,2015,89242
1780,2016,90195
1780,2017,91117
1780,2018,92494
1780,2019,93895
1780,2020,94824
1780,2021,95405
1780,2022,96463
1780,2023,97230
1780,2024,98081
1780,2025,99005
1781,2006,23846
1781,2007,23904
1781,2008,23956
1781,2009,23959
1781,2010,23805
1781,2011,23698
1781,2012,23729
1781,2013,23949
1781,2014,24114
1781,2015,24269
1781,2016,24670
1781,2017,24648
1781,2018,24336
1781,2019,24255
1781,2020,24190
1781,2021,24099
1781,2022,24052
1781,2023,23817
1781,2024,23756
1781,2025,23591
1782,2006,10950
1782,2007,10780
1782,2008,10680
1782,2009,10625
1782,2010,10561
1782,2011,10514
1782,2012,10548
1782,2013,10563
1782,2014,10613
1782,2015,10624
1782,2016,10960
1782,2017,10783
1782,2018,10837
1782,2019,10644
1782,2020,10503
1782,2021,10403
1782,2022,10315
1782,2023,10034
1782,2024,9776
1782,2025,9624
1783,2006,13127
1783,2007,12992
1783,2008,12804
1783,2009,12635
1783,2010,12480
1783,2011,12282
1783,2012,12170
1783,2013,12070
1783,2014,11921
1783,2015,11824
1783,2016,11917
1783,2017,11782
1783,2018,11698
1783,2019,11606
1783,2020,11517
1783,2021,11553
1783,2022,11589
1783,2023,11536
1783,2024,11418
1783,2025,11323
1784,2006,26131
1784,2007,26249
1784,2008,26175
1784,2009,26098
1784,2010,26033
1784,2011,25906
1784,2012,25828
1784,2013,25816
1784,2014,25770
1784,2015,25840
1784,2016,26053
1784,2017,26060
1784,2018,26082
1784,2019,26045
1784,2020,25932
1784,2021,25854
1784,2022,25831
1784,2023,25682
1784,2024,25547
1784,2025,25407
1785,2006,15972
1785,2007,15866
1785,2008,15782
1785,2009,15602
1785,2010,15546
1785,2011,15393
1785,2012,15308
1785,2013,15275
1785,2014,15334
1785,2015,15366
1785,2016,15633
1785,2017,15727
1785,2018,15643
1785,2019,15455
1785,2020,15420
1785,2021,15396
1785,2022,15242
1785,2023,15011
1785,2024,14899
1785,2025,14756
1814,2006,7095
1814,2007,7096
1814,2008,7111
1814,2009,7123
1814,2010,7134
1814,2011,7223
1814,2012,7298
1814,2013,7289
1814,2014,7363
1814,2015,7459
1814,2016,7601
1814,2017,7831
1814,2018,8080
1814,2019,8196
1814,2020,8432
1814,2021,8562
1814,2022,8713
1814,2023,8565
1814,2024,8564
1814,2025,8565
1860,2006,6045
1860,2007,5921
1860,2008,5869
1860,2009,5785
1860,2010,5685
1860,2011,5622
1860,2012,5552
1860,2013,5580
1860,2014,5664
1860,2015,5656
1860,2016,5709
1860,2017,5643
1860,2018,5637
1860,2019,5683
1860,2020,5659
1860,2021,5582
1860,2022,5576
1860,2023,5497
1860,2024,5423
1860,2025,5396
1861,2006,15286
1861,2007,15267
1861,2008,15256
1861,2009,15235
1861,2010,15275
1861,2011,15248
1861,2012,15283
1861,2013,15267
1861,2014,15314
1861,2015,15512
1861,2016,15652
1861,2017,15934
1861,2018,15959
1861,2019,15932
1861,2020,15990
1861,2021,16196
1861,2022,16290
1861,2023,16236
1861,2024,16124
1861,2025,16086
1862,2006,10014
1862,2007,9903
1862,2008,9839
1862,2009,9709
1862,2010,9640
1862,2011,9550
1862,2012,9477
1862,2013,9500
1862,2014,9531
1862,2015,9543
1862,2016,9609
1862,2017,9668
1862,2018,9664
1862,2019,9666
1862,2020,9630
1862,2021,9533
1862,2022,9530
1862,2023,9357
1862,2024,9278
1862,2025,9239
1863,2006,7539
1863,2007,7472
1863,2008,7358
1863,2009,7330
1863,2010,7220
1863,2011,7140
1863,2012,6988
1863,2013,6982
1863,2014,6936
1863,2015,7032
1863,2016,7138
1863,2017,7109
1863,2018,6983
1863,2019,7013
1863,2020,6896
1863,2021,6849
1863,2022,6656
1863,2023,6495
1863,2024,6321
1863,2025,6269
1864,2006,5243
1864,2007,5186
1864,2008,5127
1864,2009,5053
1864,2010,4930
1864,2011,4870
1864,2012,4847
1864,2013,4874
1864,2014,4913
1864,2015,4928
1864,2016,5006
1864,2017,4942
1864,2018,4846
1864,2019,4771
1864,2020,4674
1864,2021,4604
1864,2022,4517
1864,2023,4407
1864,2024,4369
1864,2025,4290
1880,2006,128939
1880,2007,130388
1880,2008,132243
1880,2009,133980
1880,2010,135446
1880,2011,137112
1880,2012,138947
1880,2013,140593
1880,2014,142616
1880,2015,144229
1880,2016,146664
1880,2017,150328
1880,2018,153396
1880,2019,155726
1880,2020,156412
1880,2021,157018
1880,2022,158093
1880,2023,159384
1880,2024,160181
1880,2025,160728
1881,2006,19642
1881,2007,19851
1881,2008,20156
1881,2009,20213
1881,2010,20456
1881,2011,20510
1881,2012,20738
1881,2013,20904
1881,2014,21015
1881,2015,21150
1881,2016,21330
1881,2017,21503
1881,2018,21635
1881,2019,21738
1881,2020,21862
1881,2021,22144
1881,2022,22479
1881,2023,22512
1881,2024,22677
1881,2025,22660
1882,2006,11469
1882,2007,11393
1882,2008,11386
1882,2009,11307
1882,2010,11275
1882,2011,11134
1882,2012,11011
1882,2013,11096
1882,2014,11119
1882,2015,11151
1882,2016,11281
1882,2017,11175
1882,2018,11313
1882,2019,11377
1882,2020,11471
1882,2021,11534
1882,2022,11497
1882,2023,11478
1882,2024,11477
1882,2025,11381
1883,2006,30155
1883,2007,29984
1883,2008,29870
1883,2009,29740
1883,2010,29666
1883,2011,29615
1883,2012,29630
1883,2013,29727
1883,2014,30053
1883,2015,30281
1883,2016,30537
1883,2017,30412
1883,2018,30418
1883,2019,30379
1883,2020,30262
1883,2021,30437
1883,2022,30278
1883,2023,30261
1883,2024,30180
1883,2025,30125
1884,2006,10482
1884,2007,10447
1884,2008,10374
1884,2009,10342
1884,2010,10447
1884,2011,10429
1884,2012,10355
1884,2013,10398
1884,2014,10351
1884,2015,10502
1884,2016,10665
1884,2017,10747
1884,2018,10737
1884,2019,10726
1884,2020,10686
1884,2021,10721
1884,2022,10701
1884,2023,10627
1884,2024,10639
1884,2025,10602
1885,2006,23070
1885,2007,23101
1885,2008,23097
1885,2009,23028
1885,2010,23034
1885,2011,23108
1885,2012,22979
1885,2013,23175
1885,2014,23269
1885,2015,23559
1885,2016,23741
1885,2017,23610
1885,2018,23573
1885,2019,23586
1885,2020,23656
1885,2021,23599
1885,2022,23432
1885,2023,23289
1885,2024,23138
1885,2025,23014
1904,2006,4752
1904,2007,4686
1904,2008,4622
1904,2009,4567
1904,2010,4445
1904,2011,4412
1904,2012,4392
1904,2013,4411
1904,2014,4434
1904,2015,4472
1904,2016,4427
1904,2017,4431
1904,2018,4429
1904,2019,4393
1904,2020,4366
1904,2021,4371
1904,2022,4402
1904,2023,4348
1904,2024,4256
1904,2025,4233
1907,2006,10105
1907,2007,10119
1907,2008,10061
1907,2009,9980
1907,2010,9949
1907,2011,9871
1907,2012,9890
1907,2013,9834
1907,2014,9918
1907,2015,9983
1907,2016,10057
1907,2017,10036
1907,2018,10087
1907,2019,10105
1907,2020,10091
1907,2021,10098
1907,2022,10033
1907,2023,9934
1907,2024,9845
1907,2025,9731
1960,2006,8211
1960,2007,8219
1960,2008,8169
1960,2009,8115
1960,2010,8089
1960,2011,8086
1960,2012,8030
1960,2013,8175
1960,2014,8269
1960,2015,8343
1960,2016,8432
1960,2017,8603
1960,2018,8667
1960,2019,8675
1960,2020,8745
1960,2021,8787
1960,2022,8762
1960,2023,8643
1960,2024,8694
1960,2025,8552
1961,2006,15041
1961,2007,15038
1961,2008,15013
1961,2009,15124
1961,2010,15171
1961,2011,15223
1961,2012,15346
1961,2013,15524
1961,2014,15596
1961,2015,15645
1961,2016,15843
1961,2017,15997
1961,2018,16186
1961,2019,16345
1961,2020,16400
1961,2021,16608
1961,2022,16711
1961,2023,16654
1961,2024,16653
1961,2025,16598
1962,2006,5843
1962,2007,5788
1962,2008,5749
1962,2009,5730
1962,2010,5723
1962,2011,5725
1962,2012,5630
1962,2013,5608
1962,2014,5719
1962,2015,5800
1962,2016,5790
1962,2017,5792
1962,2018,5792
1962,2019,5687
1962,2020,5726
1962,2021,5711
1962,2022,5624
1962,2023,5514
1962,2024,5449
1962,2025,5348
1980,2006,132888
1980,2007,133691
1980,2008,134656
1980,2009,135919
1980,2010,137197
1980,2011,138700
1980,2012,140490
1980,2013,142126
1980,2014,143694
1980,2015,145213
1980,2016,147419
1980,2017,150130
1980,2018,152073
1980,2019,154045
1980,2020,155548
1980,2021,156835
1980,2022,158652
1980,2023,159661
1980,2024,160633
1980,2025,161239
1981,2006,21354
1981,2007,21405
1981,2008,21360
1981,2009,21497
1981,2010,21535
1981,2011,21567
1981,2012,21595
1981,2013,21768
1981,2014,21924
1981,2015,22112
1981,2016,22356
1981,2017,22634
1981,2018,22817
1981,2019,22895
1981,2020,22868
1981,2021,22998
1981,2022,22983
1981,2023,22854
1981,2024,22844
1981,2025,22600
1982,2006,12202
1982,2007,12183
1982,2008,12266
1982,2009,12248
1982,2010,12442
1982,2011,12553
1982,2012,12634
1982,2013,12872
1982,2014,13133
1982,2015,13286
1982,2016,13445
1982,2017,13413
1982,2018,13463
1982,2019,13390
1982,2020,13266
1982,2021,13319
1982,2022,13341
1982,2023,13222
1982,2024,13072
1982,2025,12917
1983,2006,24656
1983,2007,24643
1983,2008,24737
1983,2009,24846
1983,2010,24904
1983,2011,24807
1983,2012,24854
1983,2013,25237
1983,2014,25376
1983,2015,25559
1983,2016,25952
1983,2017,26117
1983,2018,26269
1983,2019,26215
1983,2020,26086
1983,2021,26134
1983,2022,26120
1983,2023,25978
1983,2024,25729
1983,2025,25608
1984,2006,13391
1984,2007,13369
1984,2008,13301
1984,2009,13302
1984,2010,13285
1984,2011,13302
1984,2012,13352
1984,2013,13493
1984,2014,13630
1984,2015,13857
1984,2016,13902
1984,2017,13933
1984,2018,14137
1984,2019,14086
1984,2020,14038
1984,2021,14099
1984,2022,14082
1984,2023,14001
1984,2024,13979
1984,2025,13927
2021,2006,6983
2021,2007,6958
2021,2008,6916
2021,2009,6876
2021,2010,6805
2021,2011,6818
2021,2012,6779
2021,2013,6730
2021,2014,6694
2021,2015,6715
2021,2016,6884
2021,2017,6837
2021,2018,6807
2021,2019,6805
2021,2020,6801
2021,2021,6776
2021,2022,6800
2021,2023,6728
2021,2024,6752
2021,2025,6740
2023,2006,10515
2023,2007,10427
2023,2008,10384
2023,2009,10407
2023,2010,10355
2023,2011,10262
2023,2012,10178
2023,2013,10061
2023,2014,9969
2023,2015,10036
2023,2016,10091
2023,2017,10114
2023,2018,10106
2023,2019,10138
2023,2020,10177
2023,2021,10217
2023,2022,10257
2023,2023,10260
2023,2024,10254
2023,2025,10188
2026,2006,10080
2026,2007,10111
2026,2008,10107
2026,2009,10071
2026,2010,10097
2026,2011,10069
2026,2012,10012
2026,2013,10023
2026,2014,10024
2026,2015,10079
2026,2016,10175
2026,2017,10241
2026,2018,10271
2026,2019,10304
2026,2020,10378
2026,2021,10502
2026,2022,10499
2026,2023,10430
2026,2024,10384
2026,2025,10304
2029,2006,15450
2029,2007,15337
2029,2008,15287
2029,2009,15303
2029,2010,15289
2029,2011,15238
2029,2012,15146
2029,2013,15157
2029,2014,15252
2029,2015,15370
2029,2016,15556
2029,2017,15686
2029,2018,15855
2029,2019,15860
2029,2020,15859
2029,2021,16069
2029,2022,16168
2029,2023,16098
2029,2024,16195
2029,2025,16223
2031,2006,10884
2031,2007,10883
2031,2008,10850
2031,2009,10797
2031,2010,10811
2031,2011,10858
2031,2012,10798
2031,2013,10765
2031,2014,10747
2031,2015,10755
2031,2016,10848
2031,2017,10832
2031,2018,10902
2031,2019,10945
2031,2020,11044
2031,2021,11101
2031,2022,11090
2031,2023,11040
2031,2024,10996
2031,2025,10977
2034,2006,7025
2034,2007,7090
2034,2008,6990
2034,2009,6934
2034,2010,6922
2034,2011,6867
2034,2012,6835
2034,2013,6849
2034,2014,6812
2034,2015,6750
2034,2016,6861
2034,2017,6886
2034,2018,6892
2034,2019,6911
2034,2020,6877
2034,2021,6918
2034,2022,6934
2034,2023,6908
2034,2024,6851
2034,2025,6904
2039,2006,7419
2039,2007,7362
2039,2008,7287
2039,2009,7288
2039,2010,7207
2039,2011,7183
2039,2012,7138
2039,2013,7095
2039,2014,7051
2039,2015,7034
2039,2016,7039
2039,2017,7068
2039,2018,7121
2039,2019,7031
2039,2020,7033
2039,2021,7042
2039,2022,7018
2039,2023,6929
2039,2024,6882
2039,2025,6829
2061,2006,10715
2061,2007,10715
2061,2008,10734
2061,2009,10758
2061,2010,10715
2061,2011,10662
2061,2012,10650
2061,2013,10691
2061,2014,10712
2061,2015,10788
2061,2016,10907
2061,2017,10892
2061,2018,10895
2061,2019,10890
2061,2020,10851
2061,2021,10931
2061,2022,10919
2061,2023,10910
2061,2024,10821
2061,2025,10755
2062,2006,20158
2062,2007,20143
2062,2008,20152
2062,2009,20145
2062,2010,20153
2062,2011,20107
2062,2012,20082
2062,2013,19998
2062,2014,20006
2062,2015,20101
2062,2016,20279
2062,2017,20369
2062,2018,20390
2062,2019,20470
2062,2020,20492
2062,2021,20670
2062,2022,20679
2062,2023,20536
2062,2024,20540
2062,2025,20419
2080,2006,55262
2080,2007,55214
2080,2008,55291
2080,2009,55681
2080,2010,56041
2080,2011,56123
2080,2012,56431
2080,2013,56766
2080,2014,56895
2080,2015,57020
2080,2016,57639
2080,2017,58294
2080,2018,58872
2080,2019,59354
2080,2020,59471
2080,2021,59781
2080,2022,59764
2080,2023,59932
2080,2024,59888
2080,2025,59922
2081,2006,47382
2081,2007,47735
2081,2008,48172
2081,2009,48674
2081,2010,49243
2081,2011,49320
2081,2012,49479
2081,2013,50017
2081,2014,50708
2081,2015,50989
2081,2016,51607
2081,2017,51967
2081,2018,52227
2081,2019,52594
2081,2020,52398
2081,2021,52258
2081,2022,52182
2081,2023,51738
2081,2024,51428
2081,2025,51357
2082,2006,10991
2082,2007,11000
2082,2008,10956
2082,2009,10899
2082,2010,10840
2082,2011,10860
2082,2012,10851
2082,2013,10872
2082,2014,10886
2082,2015,11009
2082,2016,11086
2082,2017,11160
2082,2018,11123
2082,2019,11093
2082,2020,11161
2082,2021,11242
2082,2022,11271
2082,2023,11244
2082,2024,11224
2082,2025,11224
2083,2006,15380
2083,2007,15299
2083,2008,15258
2083,2009,15193
2083,2010,15163
2083,2011,15119
2083,2012,15064
2083,2013,15021
2083,2014,15085
2083,2015,15234
2083,2016,15461
2083,2017,15565
2083,2018,15456
2083,2019,15490
2083,2020,15461
2083,2021,15457
2083,2022,15443
2083,2023,15345
2083,2024,15281
2083,2025,15024
2084,2006,21952
2084,2007,21879
2084,2008,21936
2084,2009,21761
2084,2010,21583
2084,2011,21486
2084,2012,21466
2084,2013,21582
2084,2014,22022
2084,2015,22781
2084,2016,23161
2084,2017,23256
2084,2018,23323
2084,2019,23177
2084,2020,23066
2084,2021,22924
2084,2022,22932
2084,2023,22753
2084,2024,22417
2084,2025,22365
2085,2006,25475
2085,2007,25421
2085,2008,25519
2085,2009,25649
2085,2010,25809
2085,2011,25585
2085,2012,25639
2085,2013,25712
2085,2014,26028
2085,2015,26354
2085,2016,26927
2085,2017,26986
2085,2018,26940
2085,2019,26893
2085,2020,26598
2085,2021,26490
2085,2022,26351
2085,2023,26400
2085,2024,26631
2085,2025,26809
2101,2006,6038
2101,2007,5985
2101,2008,6025
2101,2009,5981
2101,2010,5935
2101,2011,5906
2101,2012,5850
2101,2013,5785
2101,2014,5765
2101,2015,5843
2101,2016,5850
2101,2017,5890
2101,2018,5900
2101,2019,5902
2101,2020,5879
2101,2021,5861
2101,2022,5819
2101,2023,5754
2101,2024,5711
2101,2025,5712
2104,2006,10091
2104,2007,10039
2104,2008,9896
2104,2009,9873
2104,2010,9741
2104,2011,9578
2104,2012,9521
2104,2013,9511
2104,2014,9430
2104,2015,9434
2104,2016,9563
2104,2017,9659
2104,2018,9601
2104,2019,9587
2104,2020,9569
2104,2021,9577
2104,2022,9471
2104,2023,9373
2104,2024,9280
2104,2025,9135
2121,2006,11815
2121,2007,11794
2121,2008,11646
2121,2009,11530
2121,2010,11440
2121,2011,11404
2121,2012,11391
2121,2013,11353
2121,2014,11432
2121,2015,11468
2121,2016,11630
2121,2017,11608
2121,2018,11683
2121,2019,11669
2121,2020,11671
2121,2021,11710
2121,2022,11621
2121,2023,11524
2121,2024,11340
2121,2025,11270
2132,2006,9810
2132,2007,9813
2132,2008,9736
2132,2009,9646
2132,2010,9611
2132,2011,9533
2132,2012,9533
2132,2013,9491
2132,2014,9493
2132,2015,9490
2132,2016,9511
2132,2017,9481
2132,2018,9517
2132,2019,9477
2132,2020,9483
2132,2021,9480
2132,2022,9487
2132,2023,9370
2132,2024,9262
2132,2025,9285
2161,2006,19243
2161,2007,19174
2161,2008,19130
2161,2009,19075
2161,2010,19064
2161,2011,18972
2161,2012,18877
2161,2013,18931
2161,2014,18949
2161,2015,19027
2161,2016,19067
2161,2017,19027
2161,2018,19033
2161,2019,18949
2161,2020,18867
2161,2021,18804
2161,2022,18771
2161,2023,18538
2161,2024,18445
2161,2025,18377
2180,2006,92401
2180,2007,92662
2180,2008,93497
2180,2009,94344
2180,2010,95051
2180,2011,95428
2180,2012,96167
2180,2013,97234
2180,2014,98309
2180,2015,98874
2180,2016,99785
2180,2017,100598
2180,2018,101450
2180,2019,102413
2180,2020,102900
2180,2021,103131
2180,2022,103490
2180,2023,103529
2180,2024,103836
2180,2025,104108
2181,2006,36744
2181,2007,36800
2181,2008,36873
2181,2009,36974
2181,2010,36914
2181,2011,36992
2181,2012,37087
2181,2013,37248
2181,2014,37831
2181,2015,38316
2181,2016,38952
2181,2017,39263
2181,2018,39210
2181,2019,39237
2181,2020,39290
2181,2021,39250
2181,2022,39099
2181,2023,38631
2181,2024,38363
2181,2025,38032
2182,2006,26256
2182,2007,26118
2182,2008,25984
2182,2009,25755
2182,2010,25644
2182,2011,25333
2182,2012,25222
2182,2013,25441
2182,2014,25455
2182,2015,25780
2182,2016,25991
2182,2017,25780
2182,2018,25719
2182,2019,25641
2182,2020,25491
2182,2021,25445
2182,2022,25258
2182,2023,24858
2182,2024,24545
2182,2025,24166
2183,2006,26275
2183,2007,26215
2183,2008,26188
2183,2009,26173
2183,2010,26247
2183,2011,26193
2183,2012,26158
2183,2013,26141
2183,2014,26392
2183,2015,26593
2183,2016,26929
2183,2017,26917
2183,2018,26989
2183,2019,26887
2183,2020,26808
2183,2021,26753
2183,2022,26624
2183,2023,26414
2183,2024,26243
2183,2025,26019
2184,2006,36952
2184,2007,36923
2184,2008,36904
2184,2009,36847
2184,2010,36849
2184,2011,36784
2184,2012,36821
2184,2013,36829
2184,2014,36924
2184,2015,36975
2184,2016,37299
2184,2017,37401
2184,2018,37430
2184,2019,37607
2184,2020,37530
2184,2021,37743
2184,2022,37687
2184,2023,37645
2184,2024,37528
2184,2025,37342
2260,2006,10604
2260,2007,10442
2260,2008,10323
2260,2009,10148
2260,2010,10053
2260,2011,9839
2260,2012,9639
2260,2013,9548
2260,2014,9484
2260,2015,9493
2260,2016,9493
2260,2017,9480
2260,2018,9413
2260,2019,9316
2260,2020,9226
2260,2021,9233
2260,2022,9143
2260,2023,9109
2260,2024,9044
2260,2025,9000
2262,2006,17869
2262,2007,17881
2262,2008,17977
2262,2009,17901
2262,2010,17989
2262,2011,18025
2262,2012,17995
2262,2013,18058
2262,2014,18023
2262,2015,17985
2262,2016,17990
2262,2017,18028
2262,2018,18058
2262,2019,17977
2262,2020,17961
2262,2021,17921
2262,2022,17753
2262,2023,17539
2262,2024,17520
2262,2025,17462
2280,2006,25076
2280,2007,24914
2280,2008,24709
2280,2009,24673
2280,2010,24610
2280,2011,24541
2280,2012,24398
2280,2013,24507
2280,2014,24753
2280,2015,25064
2280,2016,25267
2280,2017,25188
2280,2018,25118
2280,2019,25182
2280,2020,25113
2280,2021,25010
2280,2022,24878
2280,2023,24653
2280,2024,24515
2280,2025,24347
2281,2006,94502
2281,2007,94564
2281,2008,94937
2281,2009,95518
2281,2010,95723
2281,2011,96109
2281,2012,96682
2281,2013,96972
2281,2014,97331
2281,2015,97628
2281,2016,98321
2281,2017,98806
2281,2018,98847
2281,2019,99447
2281,2020,99437
2281,2021,99381
2281,2022,99361
2281,2023,99213
2281,2024,99048
2281,2025,98962
2282,2006,19816
2282,2007,19663
2282,2008,19473
2282,2009,19214
2282,2010,18911
2282,2011,18742
2282,2012,18516
2282,2013,18449
2282,2014,18434
2282,2015,18358
2282,2016,18680
2282,2017,18609
2282,2018,18422
2282,2019,18280
2282,2020,18131
2282,2021,18003
2282,2022,17902
2282,2023,17629
2282,2024,17489
2282,2025,17390
2283,2006,20845
2283,2007,20673
2283,2008,20533
2283,2009,20441
2283,2010,20254
2283,2011,19962
2283,2012,19734
2283,2013,19621
2283,2014,19774
2283,2015,19781
2283,2016,19843
2283,2017,19707
2283,2018,19498
2283,2019,19139
2283,2020,18871
2283,2021,18815
2283,2022,18668
2283,2023,18523
2283,2024,18396
2283,2025,18138
2284,2006,55235
2284,2007,55275
2284,2008,55381
2284,2009,55126
2284,2010,55071
2284,2011,54930
2284,2012,55008
2284,2013,54986
2284,2014,55246
2284,2015,55576
2284,2016,55964
2284,2017,56139
2284,2018,56089
2284,2019,55998
2284,2020,55807
2284,2021,55823
2284,2022,55557
2284,2023,55478
2284,2024,55443
2284,2025,55338
2303,2006,5806
2303,2007,5747
2303,2008,5681
2303,2009,5609
2303,2010,5590
2303,2011,5501
2303,2012,5466
2303,2013,5458
2303,2014,5440
2303,2015,5387
2303,2016,5415
2303,2017,5444
2303,2018,5343
2303,2019,5284
2303,2020,5208
2303,2021,5210
2303,2022,5174
2303,2023,5135
2303,2024,5146
2303,2025,5152
2305,2006,7201
2305,2007,7109
2305,2008,7009
2305,2009,6865
2305,2010,6885
2305,2011,6750
2305,2012,6655
2305,2013,6559
2305,2014,6463
2305,2015,6455
2305,2016,6492
2305,2017,6501
2305,2018,6374
2305,2019,6297
2305,2020,6180
2305,2021,6175
2305,2022,6162
2305,2023,6099
2305,2024,6035
2305,2025,5951
2309,2006,14267
2309,2007,14301
2309,2008,14321
2309,2009,14459
2309,2010,14535
2309,2011,14559
2309,2012,14590
2309,2013,14643
2309,2014,14648
2309,2015,14786
2309,2016,14844
2309,2017,14926
2309,2018,14862
2309,2019,14967
2309,2020,15060
2309,2021,15358
2309,2022,15538
2309,2023,15601
2309,2024,15686
2309,2025,15803
2313,2006,12780
2313,2007,12677
2313,2008,12531
2313,2009,12286
2313,2010,12185
2313,2011,12171
2313,2012,12138
2313,2013,11984
2313,2014,11873
2313,2015,11711
2313,2016,11808
2313,2017,11790
2313,2018,11702
2313,2019,11604
2313,2020,11486
2313,2021,11471
2313,2022,11395
2313,2023,11111
2313,2024,11021
2313,2025,10901
2321,2006,10021
2321,2007,10127
2321,2008,10259
2321,2009,10278
2321,2010,10274
2321,2011,10259
2321,2012,10406
2321,2013,10420
2321,2014,10555
2321,2015,10677
2321,2016,11088
2321,2017,11268
2321,2018,11529
2321,2019,11727
2321,2020,12049
2321,2021,12271
2321,2022,12330
2321,2023,12464
2321,2024,12693
2321,2025,12767
2326,2006,7592
2326,2007,7586
2326,2008,7533
2326,2009,7447
2326,2010,7352
2326,2011,7345
2326,2012,7215
2326,2013,7160
2326,2014,7067
2326,2015,7032
2326,2016,7081
2326,2017,7122
2326,2018,7097
2326,2019,7061
2326,2020,7120
2326,2021,7135
2326,2022,7176
2326,2023,7140
2326,2024,7108
2326,2025,7083
2361,2006,10764
2361,2007,10699
2361,2008,10645
2361,2009,10585
2361,2010,10454
2361,2011,10341
2361,2012,10246
2361,2013,10281
2361,2014,10224
2361,2015,10262
2361,2016,10200
2361,2017,10154
2361,2018,10147
2361,2019,10090
2361,2020,10070
2361,2021,10114
2361,2022,10185
2361,2023,10145
2361,2024,10175
2361,2025,10117
2380,2006,58570
2380,2007,58669
2380,2008,58907
2380,2009,59133
2380,2010,59415
2380,2011,59373
2380,2012,59484
2380,2013,59956
2380,2014,60495
2380,2015,61066
2380,2016,61744
2380,2017,62598
2380,2018,63223
2380,2019,63777
2380,2020,63979
2380,2021,64316
2380,2022,64706
2380,2023,64873
2380,2024,64971
2380,2025,64959
2401,2006,7426
2401,2007,7389
2401,2008,7275
2401,2009,7204
2401,2010,7098
2401,2011,7048
2401,2012,7039
2401,2013,7006
2401,2014,7085
2401,2015,7060
2401,2016,7132
2401,2017,7103
2401,2018,7118
2401,2019,7143
2401,2020,7108
2401,2021,7100
2401,2022,7066
2401,2023,7033
2401,2024,6942
2401,2025,6902
2403,2006,2541
2403,2007,2549
2403,2008,2516
2403,2009,2500
2403,2010,2460
2403,2011,2431
2403,2012,2421
2403,2013,2436
2403,2014,2451
2403,2015,2453
2403,2016,2454
2403,2017,2451
2403,2018,2450
2403,2019,2408
2403,2020,2387
2403,2021,2395
2403,2022,2372
2403,2023,2348
2403,2024,2359
2403,2025,2326
2404,2006,5665
2404,2007,5640
2404,2008,5612
2404,2009,5519
2404,2010,5507
2404,2011,5434
2404,2012,5359
2404,2013,5344
2404,2014,5383
2404,2015,5371
2404,2016,5413
2404,2017,5412
2404,2018,5436
2404,2019,5423
2404,2020,5485
2404,2021,5550
2404,2022,5504
2404,2023,5461
2404,2024,5417
2404,2025,5422
2409,2006,6996
2409,2007,6909
2409,2008,6900
2409,2009,6880
2409,2010,6831
2409,2011,6762
2409,2012,6717
2409,2013,6738
2409,2014,6724
2409,2015,6771
2409,2016,6784
2409,2017,6784
2409,2018,6762
2409,2019,6747
2409,2020,6748
2409,2021,6786
2409,2022,6759
2409,2023,6740
2409,2024,6690
2409,2025,6597
2417,2006,4437
2417,2007,4380
2417,2008,4363
2417,2009,4361
2417,2010,4304
2417,2011,4237
2417,2012,4172
2417,2013,4175
2417,2014,4180
2417,2015,4176
2417,2016,4125
2417,2017,4086
2417,2018,4094
2417,2019,3986
2417,2020,3945
2417,2021,3971
2417,2022,3947
2417,2023,3924
2417,2024,3968
2417,2025,3810
2418,2006,3348
2418,2007,3338
2418,2008,3369
2418,2009,3295
2418,2010,3274
2418,2011,3230
2418,2012,3196
2418,2013,3155
2418,2014,3115
2418,2015,3109
2418,2016,3100
2418,2017,3133
2418,2018,3122
2418,2019,3068
2418,2020,3024
2418,2021,3034
2418,2022,3033
2418,2023,2990
2418,2024,2962
2418,2025,2902
2421,2006,6432
2421,2007,6383
2421,2008,6304
2421,2009,6227
2421,2010,6120
2421,2011,6026
2421,2012,6006
2421,2013,5954
2421,2014,5955
2421,2015,5943
2421,2016,5899
2421,2017,5902
2421,2018,5912
2421,2019,5851
2421,2020,5825
2421,2021,5807
2421,2022,5746
2421,2023,5620
2421,2024,5577
2421,2025,5544
2422,2006,2867
2422,2007,2811
2422,2008,2733
2422,2009,2743
2422,2010,2736
2422,2011,2729
2422,2012,2673
2422,2013,2595
2422,2014,2565
2422,2015,2516
2422,2016,2536
2422,2017,2517
2422,2018,2522
2422,2019,2489
2422,2020,2442
2422,2021,2460
2422,2022,2436
2422,2023,2387
2422,2024,2357
2422,2025,2364
2425,2006,3067
2425,2007,2991
2425,2008,2913
2425,2009,2899
2425,2010,2878
2425,2011,2862
2425,2012,2794
2425,2013,2757
2425,2014,2757
2425,2015,2740
2425,2016,2719
2425,2017,2646
2425,2018,2568
2425,2019,2551
2425,2020,2498
2425,2021,2459
2425,2022,2413
2425,2023,2339
2425,2024,2294
2425,2025,2240
2460,2006,8435
2460,2007,8351
2460,2008,8357
2460,2009,8357
2460,2010,8414
2460,2011,8465
2460,2012,8522
2460,2013,8583
2460,2014,8616
2460,2015,8593
2460,2016,8695
2460,2017,8776
2460,2018,8785
2460,2019,8872
2460,2020,8997
2460,2021,9054
2460,2022,8963
2460,2023,9059
2460,2024,9132
2460,2025,9227
2462,2006,7280
2462,2007,7220
2462,2008,7220
2462,2009,7156
2462,2010,7135
2462,2011,7048
2462,2012,6941
2462,2013,6887
2462,2014,6848
2462,2015,6829
2462,2016,6805
2462,2017,6787
2462,2018,6752
2462,2019,6668
2462,2020,6539
2462,2021,6485
2462,2022,6393
2462,2023,6263
2462,2024,6229
2462,2025,6173
2463,2006,3271
2463,2007,3265
2463,2008,3180
2463,2009,3133
2463,2010,3039
2463,2011,3007
2463,2012,2958
2463,2013,2875
2463,2014,2838
2463,2015,2832
2463,2016,2875
2463,2017,2808
2463,2018,2819
2463,2019,2794
2463,2020,2805
2463,2021,2807
2463,2022,2782
2463,2023,2718
2463,2024,2694
2463,2025,2682
2480,2006,111220
2480,2007,111751
2480,2008,112713
2480,2009,114067
2480,2010,115470
2480,2011,116463
2480,2012,117293
2480,2013,118347
2480,2014,119609
2480,2015,120772
2480,2016,122885
2480,2017,125073
2480,2018,127115
2480,2019,128897
2480,2020,130220
2480,2021,130994
2480,2022,132235
2480,2023,133089
2480,2024,134249
2480,2025,135273
2481,2006,12612
2481,2007,12502
2481,2008,12476
2481,2009,12427
2481,2010,12376
2481,2011,12343
2481,2012,12351
2481,2013,12270
2481,2014,12208
2481,2015,12177
2481,2016,12187
2481,2017,12257
2481,2018,12228
2481,2019,12245
2481,2020,12324
2481,2021,12264
2481,2022,12243
2481,2023,12213
2481,2024,12118
2481,2025,12159
2482,2006,71959
2482,2007,72080
2482,2008,71853
2482,2009,71764
2482,2010,71638
2482,2011,71579
2482,2012,71771
2482,2013,71985
2482,2014,72021
2482,2015,72028
2482,2016,72262
2482,2017,72719
2482,2018,72462
2482,2019,72584
2482,2020,72835
2482,2021,73389
2482,2022,74400
2482,2023,76541
2482,2024,78149
2482,2025,75404
2505,2006,6788
2505,2007,6748
2505,2008,6662
2505,2009,6619
2505,2010,6529
2505,2011,6494
2505,2012,6466
2505,2013,6470
2505,2014,6483
2505,2015,6470
2505,2016,6441
2505,2017,6440
2505,2018,6333
2505,2019,6219
2505,2020,6144
2505,2021,6143
2505,2022,6111
2505,2023,6113
2505,2024,6089
2505,2025,6025
2506,2006,3151
2506,2007,3089
2506,2008,3146
2506,2009,3143
2506,2010,3161
2506,2011,3114
2506,2012,3054
2506,2013,2980
2506,2014,2907
2506,2015,2887
2506,2016,2875
2506,2017,2819
2506,2018,2793
2506,2019,2784
2506,2020,2718
2506,2021,2707
2506,2022,2667
2506,2023,2609
2506,2024,2599
2506,2025,2571
2510,2006,5491
2510,2007,5406
2510,2008,5305
2510,2009,5210
2510,2010,5170
2510,2011,5119
2510,2012,5085
2510,2013,5066
2510,2014,5086
2510,2015,5072
2510,2016,5105
2510,2017,5081
2510,2018,5001
2510,2019,4923
2510,2020,4851
2510,2021,4780
2510,2022,4760
2510,2023,4728
2510,2024,4700
2510,2025,4693
2513,2006,3859
2513,2007,3795
2513,2008,3715
2513,2009,3670
2513,2010,3611
2513,2011,3549
2513,2012,3497
2513,2013,3436
2513,2014,3409
2513,2015,3395
2513,2016,3378
2513,2017,3367
2513,2018,3302
2513,2019,3315
2513,2020,3289
2513,2021,3252
2513,2022,3160
2513,2023,3162
2513,2024,3201
2513,2025,3182
2514,2006,17396
2514,2007,17281
2514,2008,17160
2514,2009,16926
2514,2010,16740
2514,2011,16591
2514,2012,16518
2514,2013,16387
2514,2014,16307
2514,2015,16247
2514,2016,16223
2514,2017,16169
2514,2018,16058
2514,2019,15886
2514,2020,15812
2514,2021,15768
2514,2022,15729
2514,2023,15547
2514,2024,15391
2514,2025,15255
2518,2006,5168
2518,2007,5092
2518,2008,4972
2518,2009,4920
2518,2010,4812
2518,2011,4810
2518,2012,4772
2518,2013,4709
2518,2014,4711
2518,2015,4604
2518,2016,4534
2518,2017,4461
2518,2018,4410
2518,2019,4299
2518,2020,4217
2518,2021,4211
2518,2022,4119
2518,2023,4088
2518,2024,4057
2518,2025,3997
2521,2006,6688
2521,2007,6522
2521,2008,6429
2521,2009,6309
2521,2010,6282
2521,2011,6270
2521,2012,6279
2521,2013,6299
2521,2014,6303
2521,2015,6193
2521,2016,6116
2521,2017,6101
2521,2018,6039
2521,2019,6052
2521,2020,5966
2521,2021,5973
2521,2022,5883
2521,2023,5871
2521,2024,5857
2521,2025,5706
2523,2006,18954
2523,2007,18856
2523,2008,18699
2523,2009,18532
2523,2010,18425
2523,2011,18326
2523,2012,18307
2523,2013,18339
2523,2014,18230
2523,2015,18120
2523,2016,17954
2523,2017,17823
2523,2018,17629
2523,2019,17528
2523,2020,17461
2523,2021,17448
2523,2022,17419
2523,2023,17329
2523,2024,17232
2523,2025,17135
2560,2006,8653
2560,2007,8545
2560,2008,8464
2560,2009,8387
2560,2010,8335
2560,2011,8253
2560,2012,8200
2560,2013,8167
2560,2014,8171
2560,2015,8183
2560,2016,8193
2560,2017,8274
2560,2018,8140
2560,2019,8066
2560,2020,8054
2560,2021,8009
2560,2022,7911
2560,2023,7783
2560,2024,7774
2560,2025,7817
2580,2006,73300
2580,2007,73133
2580,2008,73393
2580,2009,73944
2580,2010,74175
2580,2011,74426
2580,2012,74904
2580,2013,75381
2580,2014,75963
2580,2015,76085
2580,2016,76768
2580,2017,77468
2580,2018,77830
2580,2019,78103
2580,2020,78547
2580,2021,78865
2580,2022,79243
2580,2023,79352
2580,2024,79644
2580,2025,80306
2581,2006,40942
2581,2007,40960
2581,2008,40900
2581,2009,40859
2581,2010,40892
2581,2011,40942
2581,2012,41078
2581,2013,41278
2581,2014,41508
2581,2015,41548
2581,2016,41904
2581,2017,42182
2581,2018,42116
2581,2019,42281
2581,2020,42226
2581,2021,42323
2581,2022,42362
2581,2023,42344
2581,2024,42447
2581,2025,42185
2582,2006,27996
2582,2007,27834
2582,2008,27532
2582,2009,27404
2582,2010,27468
2582,2011,27639
2582,2012,27594
2582,2013,27835
2582,2014,27885
2582,2015,27909
2582,2016,28038
2582,2017,28177
2582,2018,28062
2582,2019,28078
2582,2020,28058
2582,2021,28158
2582,2022,28048
2582,2023,27943
2582,2024,28048
2582,2025,28627
2583,2006,10214
2583,2007,10191
2583,2008,10172
2583,2009,10112
2583,2010,10059
2583,2011,10041
2583,2012,9904
2583,2013,9886
2583,2014,9776
2583,2015,9831
2583,2016,9864
2583,2017,9805
2583,2018,9785
2583,2019,9685
2583,2020,9601
2583,2021,9496
2583,2022,9340
2583,2023,9177
2583,2024,9151
2583,2025,9025
2584,2006,23254
2584,2007,23118
2584,2008,23097
2584,2009,22968
2584,2010,22943
2584,2011,22966
2584,2012,22971
2584,2013,23196
2584,2014,23241
2584,2015,23179
2584,2016,23167
2584,2017,23117
2584,2018,22992
2584,2019,22867
2584,2020,22664
2584,2021,22555
2584,2022,22423
2584,2023,22433
2584,2024,22426
2584,2025,22402
